Frame,root_translateX,root_translateY,root_translateZ,root_rotateX,root_rotateY,root_rotateZ,left_hip_pitch_joint_dof,left_hip_roll_joint_dof,left_hip_yaw_joint_dof,left_knee_joint_dof,left_ankle_pitch_joint_dof,left_ankle_roll_joint_dof,right_hip_pitch_joint_dof,right_hip_roll_joint_dof,right_hip_yaw_joint_dof,right_knee_joint_dof,right_ankle_pitch_joint_dof,right_ankle_roll_joint_dof,waist_yaw_joint_dof,left_shoulder_pitch_joint_dof,left_shoulder_roll_joint_dof,left_shoulder_yaw_joint_dof,left_elbow_joint_dof,right_shoulder_pitch_joint_dof,right_shoulder_roll_joint_dof,right_shoulder_yaw_joint_dof,right_elbow_joint_dof
0,0.4877775013446808,1.6829960346221924,64.14778900146484,-1.2040504313020037,1.8455165028686251,-103.3392936858651,-8.595787,6.8531165,20.444178,23.13672,-16.223986,-4.311187,1.5959003,1.3843707,-9.842959,9.081489,-14.267162,-0.013356618,2.7325354,0.6011424,22.772816,-30.812538,57.83677,-2.8921325,-23.513645,43.060066,47.56136
1,0.5014269351959229,1.6469250917434692,64.13374328613281,-1.218118116947814,1.8634093571110564,-103.3404278220997,-8.69572,6.884536,20.429085,23.420815,-16.3338,-4.2656875,1.7458011,1.3903102,-9.875441,8.763542,-14.225444,0.2218146,2.7350492,0.6020027,22.853004,-30.812532,57.836952,-2.8962665,-23.581213,43.063637,47.55686
2,0.5280356407165527,1.5933043956756592,64.12063598632812,-1.237986410160973,1.8889694667359842,-103.34390290237027,-8.8112,6.920893,20.415133,23.75939,-16.484306,-4.217529,1.9111513,1.3943356,-9.907554,8.418488,-14.17991,0.4687614,2.7457106,0.6053705,22.984991,-30.80603,57.836613,-2.9122787,-23.692457,43.064964,47.53858
3,0.5738784670829773,1.5215654373168945,64.04639434814453,-1.5712604046015723,2.0601307104432385,-103.56086021728574,-9.369046,7.456752,20.503098,25.072268,-17.27402,-4.212437,1.8209164,1.6642549,-9.745242,8.343082,-14.284569,0.7318467,3.0021436,1.2391555,23.526941,-30.42987,57.149864,-2.9249318,-24.17229,42.930527,45.90244
4,0.6002033948898315,1.473149299621582,64.02981567382812,-1.590246482839207,2.082189400868196,-103.56227253150051,-9.466805,7.4897103,20.487196,25.358341,-17.427721,-4.151435,1.9583052,1.6665066,-9.776671,8.057372,-14.2518015,0.9743425,3.004821,1.2420458,23.581898,-30.423197,57.151184,-2.9290419,-24.221771,42.926315,45.898006
5,0.6443214416503906,1.3753364086151123,63.968994140625,-1.872473180176921,2.1676566607338095,-103.76211015550228,-9.800041,7.9046817,20.578604,26.329594,-18.096813,-4.0978894,2.0172958,1.880436,-9.620747,7.8452163,-14.261075,1.2626641,3.1351442,1.9060812,23.997942,-29.977654,56.903427,-2.869585,-24.60403,42.66807,44.796604
6,0.6696516871452332,1.3197351694107056,63.951534271240234,-1.8982253899224872,2.198774810040017,-103.76689037821006,-9.864628,7.9237447,20.564075,26.554459,-18.30043,-3.9967895,2.1544755,1.871854,-9.649737,7.5733647,-14.230724,1.5407841,3.1371033,1.915144,24.078028,-29.967447,56.91064,-2.877546,-24.676754,42.657524,44.78984
7,0.7230290770530701,1.218153715133667,63.90237045288086,-2.126698368805688,2.19450006385186,-103.99843251287973,-10.009553,8.243018,20.706015,27.293556,-18.885654,-3.9200037,2.2571099,2.008163,-9.458967,7.4579935,-14.269216,1.8346442,3.214426,2.5117292,24.410202,-29.634304,57.13861,-2.9257896,-24.98918,42.44467,44.00296
8,0.7595508098602295,1.1371299028396606,63.884578704833984,-2.1605058518496003,2.236102676227636,-104.00621124375283,-10.049977,8.251221,20.69805,27.471329,-19.105461,-3.8390763,2.380045,1.9927211,-9.477277,7.2249217,-14.243709,2.0779703,3.2181382,2.5307057,24.516846,-29.621529,57.15462,-2.9396036,-25.086208,42.42815,43.990242
9,0.8132038712501526,1.023186206817627,63.843177795410156,-2.34040784150696,2.244740984260981,-104.18371376115401,-10.126918,8.469213,20.809683,27.994864,-19.586344,-3.7967298,2.4624276,2.0736663,-9.325846,7.164244,-14.292239,2.3013592,3.28722,3.087927,24.77861,-29.37501,57.44337,-2.9384825,-25.33901,42.252018,43.263733
10,0.8579570055007935,0.9225890040397644,63.82434844970703,-2.3800103518758515,2.300528219861922,-104.19374747035144,-10.137453,8.458533,20.810976,28.11249,-19.815777,-3.7513714,2.5489824,2.0421667,-9.328053,7.026096,-14.299261,2.4849355,3.3086545,3.1529675,24.935766,-29.34551,57.4913,-2.970265,-25.484098,42.213924,43.214787
11,0.9155266284942627,0.804070770740509,63.7880973815918,-2.514979788951527,2.33115718031038,-104.31318798659187,-10.167228,8.58489,20.884562,28.439632,-20.20233,-3.729782,2.622668,2.0799432,-9.226271,6.962814,-14.332584,2.6624124,3.35781,3.7055972,25.1336,-29.171078,57.724472,-2.8663127,-25.682459,42.065666,42.517487
12,0.9768648147583008,0.6859872937202454,63.75926208496094,-2.6017506090000495,2.367038222000412,-104.40289965578455,-10.15866,8.636489,20.949383,28.6284,-20.503187,-3.713937,2.7015228,2.0762174,-9.155565,6.872358,-14.34855,2.833042,3.3775554,4.0987206,25.305494,-29.044306,57.844116,-2.7786965,-25.85674,41.932255,42.12824
13,1.0327574014663696,0.563580334186554,63.73207473754883,-2.676404688767688,2.4012293374028997,-104.52780172289629,-10.123027,8.6727705,21.054838,28.772972,-20.787037,-3.7186694,2.7658153,2.0547028,-9.059084,6.802731,-14.373934,3.0133324,3.3844523,4.451424,25.455591,-28.962662,58.028984,-2.748454,-26.009338,41.79736,41.828808
14,1.0925849676132202,0.43122583627700806,63.705955505371094,-2.746283884839572,2.4346696485396437,-104.67822369111268,-10.064948,8.699786,21.189335,28.881012,-21.060589,-3.7419603,2.8196542,2.0230958,-8.941543,6.7497563,-14.404298,3.1932242,3.3887324,4.7756414,25.587423,-28.921782,58.26917,-2.7474632,-26.14253,41.652996,41.586384
15,1.155423879623413,0.33032840490341187,63.682891845703125,-2.8100900298104894,2.46741376138974,-104.83144392213391,-9.994684,8.71283,21.330296,28.967657,-21.324776,-3.763148,2.8684824,1.9805751,-8.821689,6.7117987,-14.43323,3.354979,3.3993492,5.0744085,25.703566,-28.918797,58.546303,-2.7538426,-26.259068,41.502373,41.386307
16,1.2272539138793945,0.20891092717647552,63.666526794433594,-2.86540845856178,2.500333142896371,-104.96391510713006,-9.917634,8.702042,21.451702,29.032438,-21.571354,-3.7590952,2.9128714,1.9244729,-8.7163315,6.7009096,-14.465904,3.4778821,3.4240446,5.348883,25.805824,-28.951487,58.84261,-2.7549834,-26.362104,41.357433,41.220036
17,1.3047343492507935,0.0707067996263504,63.64833068847656,-2.913969420248545,2.531094575398061,-105.06835858000994,-9.837446,8.670186,21.545866,29.088636,-21.806593,-3.726005,2.954393,1.8569689,-8.632904,6.7226014,-14.499881,3.5486078,3.461155,5.6056247,25.895699,-29.019012,59.158,-2.7500808,-26.454632,41.23086,41.082306
18,1.3790967464447021,-0.07209771871566772,63.63039779663086,-2.9555768998983436,2.5592368709353472,-105.15601554899155,-9.74681,8.617659,21.623764,29.123491,-22.027046,-3.6740768,2.9897594,1.7778614,-8.5612545,6.780362,-14.541762,3.5790899,3.5012193,5.84944,25.974537,-29.118055,59.495438,-2.7455904,-26.53861,41.124886,40.974716
19,1.4565329551696777,-0.217482328414917,63.617767333984375,-2.9861622073512186,2.5887009498830156,-105.2311034335197,-9.647778,8.54109,21.693613,29.133791,-22.231327,-3.6072373,3.0242553,1.6827967,-8.499184,6.8487887,-14.582144,3.5941784,3.5413513,6.076601,26.043114,-29.24138,59.843765,-2.7448545,-26.615221,41.03586,40.902905
20,1.5373040437698364,-0.3711152970790863,63.60759735107422,-3.000363880722132,2.6243647281406868,-105.29808992520499,-9.542654,8.434978,21.763046,29.114601,-22.417513,-3.5288212,3.0598536,1.5661557,-8.44499,6.91039,-14.618083,3.6186297,3.5779097,6.2843976,26.10192,-29.379654,60.189617,-2.748345,-26.68508,40.955345,40.871338
21,1.6264647245407104,-0.5308374166488647,63.59648132324219,-2.9971311579553483,2.666719610899942,-105.35563205359264,-9.435459,8.298211,21.833021,29.07413,-22.58805,-3.429177,3.1010427,1.4273623,-8.400416,6.954349,-14.650736,3.6695056,3.6085172,6.4763236,26.151436,-29.526329,60.534817,-2.7544534,-26.748528,40.875645,40.8846
22,1.719153881072998,-0.6967921257019043,63.58858871459961,-2.978798967627706,2.71474286023911,-105.40239140158316,-9.324665,8.132831,21.899864,29.011223,-22.74292,-3.309869,3.1446984,1.2692792,-8.367721,6.992301,-14.681209,3.7320426,3.6341274,6.6575913,26.192238,-29.679045,60.878914,-2.759053,-26.806202,40.79547,40.9352
23,1.81537926197052,-0.865326464176178,63.58180618286133,-2.946672629766267,2.7714904716930593,-105.44193265045215,-9.204434,7.939359,21.964708,28.905104,-22.874851,-3.190831,3.1804116,1.0926039,-8.340467,7.0395145,-14.705874,3.777738,3.658457,6.828108,26.224667,-29.835722,61.20612,-2.7602773,-26.859043,40.71773,41.00902
24,1.922879934310913,-1.039864182472229,63.57789611816406,-2.902447127665243,2.8402810729579224,-105.47840837832169,-9.068315,7.7180963,22.029821,28.733955,-22.975866,-3.091904,3.1977768,0.8986804,-8.314351,7.110026,-14.719595,3.7808442,3.680737,6.986785,26.248852,-29.993496,61.5015,-2.7558522,-26.908228,40.647602,41.090694
25,2.0235164165496826,-1.2196444272994995,63.579345703125,-2.858455283413679,2.919822755554624,-105.51144535039106,-8.909729,7.480463,22.09512,28.487629,-23.040222,-3.0215182,3.1857522,0.6976373,-8.28436,7.234801,-14.7380905,3.7082849,3.695145,7.1302223,26.264866,-30.148382,61.793087,-2.7316837,-26.954678,40.590736,41.147823
26,2.132509231567383,-1.4053038358688354,63.58818817138672,-2.8153119583686537,3.0088712787151923,-105.53941809387682,-8.730807,7.226115,22.159815,28.172192,-23.069588,-2.9673722,3.1515791,0.4911886,-8.255041,7.3995233,-14.759428,3.5835166,3.6967168,7.2572346,26.272783,-30.296986,62.085625,-2.6880157,-26.999075,40.54928,41.186962
27,2.246860980987549,-1.5947794914245605,63.60471725463867,-2.756293078750787,3.112670061195343,-105.56284207602843,-8.535206,6.9344826,22.224112,27.776592,-23.059505,-2.917892,3.1163216,0.2662892,-8.239047,7.5396643,-14.745816,3.4641333,3.6877475,7.3720326,26.272861,-30.43721,62.324535,-2.648561,-27.04242,40.52221,41.252003
28,2.365325450897217,-1.7807977199554443,63.607627868652344,-2.6351472862913425,3.2359359552728404,-105.58549367858582,-8.352869,6.5718794,22.292006,27.361631,-23.044786,-2.8662488,2.9245558,-0.047676276,-8.249319,8.027189,-14.918092,3.408182,3.6830704,7.5033226,26.264818,-30.569279,62.4177,-2.6572511,-27.08604,40.50823,41.422237
29,2.475878953933716,-1.9668629169464111,63.602386474609375,-2.4438097478752385,3.3884020934403427,-105.60232193658469,-8.183332,6.123066,22.366287,26.908974,-23.016548,-2.816665,2.4891284,-0.4761996,-8.304162,9.061691,-15.435419,3.4129486,3.6830401,7.6655655,26.248543,-30.690443,62.344242,-2.747079,-27.130732,40.501972,41.744053
30,2.5946314334869385,-2.1496307849884033,63.5904541015625,-2.1057998852370483,3.585833672614765,-105.6213917594628,-7.990783,5.4817595,22.470695,26.290905,-22.903769,-2.7619298,1.7725247,-1.1104155,-8.385095,10.6989975,-16.320904,3.461453,3.7535048,7.9039636,26.203262,-30.882381,62.01079,-3.0071762,-27.216421,40.499763,42.315403
31,2.7266957759857178,-2.3321964740753174,63.57876205444336,-1.7625479828810626,3.7864522835701613,-105.63685278060358,-7.7952046,4.827287,22.56467,25.646534,-22.780352,-2.7019503,1.0541679,-1.7541795,-8.468503,12.328764,-17.1295,3.560248,3.8342993,8.032008,26.096611,-31.149271,61.69265,-3.1931903,-27.381184,40.49091,42.79775
32,2.8743841648101807,-2.5197067260742188,63.55826187133789,-1.4128070554731167,3.980735307774376,-105.66763474102838,-7.5999885,4.1679363,22.655542,25.003706,-22.66214,-2.6251214,0.2701406,-2.4200084,-8.51514,14.115526,-17.8761,3.7333457,3.8674245,8.175214,25.990845,-31.328451,61.26514,-3.320984,-27.539112,40.548332,43.204662
33,3.0117547512054443,-2.6905276775360107,63.531105041503906,-1.010062321038031,4.179625655073874,-105.72417159598541,-7.397822,3.4448829,22.753342,24.315062,-22.525078,-2.5221589,-0.6258519,-3.1728144,-8.543,16.154066,-18.678577,4.008682,3.9085891,8.448993,25.941404,-31.450195,60.552288,-3.5084565,-27.620724,40.711132,43.68128
34,3.141383171081543,-2.8552193641662598,63.49993896484375,-0.5612531682157738,4.38725578370761,-105.79743073554157,-7.1944103,2.6659167,22.858995,23.597452,-22.376463,-2.404404,-1.6372397,-4.0081525,-8.5636015,18.442322,-19.551125,4.359997,3.9614856,8.749587,25.904554,-31.57247,59.66982,-3.7039018,-27.687649,40.935104,44.174652
35,3.2691385746002197,-3.0254855155944824,63.471187591552734,-0.09297628677763242,4.579438933170073,-105.87223067808291,-6.9553266,1.8544645,22.963915,22.82534,-22.199848,-2.2768745,-2.755003,-4.8869486,-8.523639,20.994669,-20.35661,4.7287135,3.939042,9.02987,25.836594,-31.674683,58.73308,-3.9762251,-27.817875,41.362648,44.686314
36,3.4006543159484863,-3.1935219764709473,63.442325592041016,0.27218088116120814,4.729954198496097,-105.93634056409238,-6.7175136,1.1747446,23.048853,22.165228,-22.083485,-2.157525,-3.897794,-5.6491685,-8.378199,23.648323,-20.851194,5.0499773,3.9660401,9.236888,25.820244,-31.738989,57.79921,-4.069163,-27.856245,41.541195,45.170475
37,3.524578094482422,-3.373204469680786,63.42020034790039,0.60611639262908,4.82319216310184,-105.99221043897593,-6.4207463,0.5273993,23.125246,21.483385,-21.95585,-2.036494,-5.0980096,-6.3821607,-8.073255,26.537348,-21.0154,5.408475,3.9886408,9.447169,25.805565,-31.808847,56.79864,-4.233162,-27.9003,41.7806,45.793198
38,3.6438095569610596,-3.530214309692383,63.39543914794922,0.909342361066046,4.875915292400752,-106.04627121412706,-6.095719,-0.08100063,23.19467,20.820683,-21.842043,-1.9131286,-6.352361,-7.085755,-7.648406,29.611143,-20.918777,5.7928843,4.000489,9.637937,25.794065,-31.861795,55.745716,-4.409556,-27.945536,42.05626,46.47583
39,3.755276679992676,-3.692026138305664,63.36782455444336,1.1891831871583887,4.909414073813892,-106.08599953284642,-5.761846,-0.6569295,23.245878,20.178486,-21.72904,-1.7882899,-7.65797,-7.745266,-7.18197,32.78181,-20.656208,6.0264535,3.9658966,9.790563,25.786695,-31.889854,54.67136,-4.5580153,-27.988846,42.349205,47.140877
40,3.864241123199463,-3.878035306930542,63.34060287475586,1.4536279906580172,4.944663384815973,-106.0980291264104,-5.442094,-1.2055066,23.267384,19.56726,-21.610102,-1.6627017,-9.003683,-8.346926,-6.7580805,35.95173,-20.31532,5.942825,3.8519485,9.880947,25.783747,-31.89116,53.609814,-4.643063,-28.028276,42.6411,47.71625
41,3.9701647758483887,-4.076377868652344,63.31672668457031,1.700608444556772,4.988998292817006,-106.0811241171009,-5.1764035,-1.7056758,23.248558,19.062544,-21.51062,-1.5297865,-10.416264,-8.89984,-6.4402475,39.208466,-19.785246,5.4327865,3.660314,9.895541,25.784246,-31.85889,52.56868,-4.6472845,-28.062805,42.91913,48.168976
42,4.063992500305176,-4.2488861083984375,63.29368209838867,1.9270221957390385,5.030487725135041,-106.040027510203,-4.936165,-2.165133,23.193613,18.615234,-21.414457,-1.3863477,-11.873371,-9.410232,-6.190722,42.53509,-19.041824,4.612345,3.4066498,9.849766,25.787764,-31.793173,51.528225,-4.584491,-28.092516,43.17932,48.53918
43,4.149267673492432,-4.394418239593506,63.26298522949219,2.1379300379227417,5.060695006716966,-105.97167193379507,-4.6788096,-2.6080642,23.123074,18.149805,-21.30802,-1.252003,-13.295709,-9.852522,-5.9389744,45.696484,-18.308765,3.6735747,3.0865176,9.755421,25.796211,-31.71194,50.484344,-4.4725585,-28.117683,43.419704,48.86661
44,4.2398858070373535,-4.566765308380127,63.23754119873047,2.272710466382896,5.051334392125548,-105.86932017468557,-4.392494,-2.9632263,23.051329,17.724918,-21.25257,-1.1535465,-14.57368,-10.114269,-5.6258125,48.432602,-17.788292,2.8159683,2.756658,9.552014,25.806606,-31.684925,49.552246,-4.2751412,-28.128267,43.538345,49.145824
45,4.33100700378418,-4.762171745300293,63.21774673461914,2.4555215952040403,5.028274513415925,-105.74206149661764,-3.9842446,-3.4259634,23.012772,17.034681,-21.097765,-1.0960021,-15.777547,-10.298968,-5.1297674,50.85114,-17.648853,1.9997555,2.333982,9.33946,25.824144,-31.676622,48.515892,-4.05428,-28.136942,43.64697,49.447617
46,4.409904479980469,-4.957773208618164,63.20056915283203,2.637468275597101,4.97978542535971,-105.58799619364693,-3.501407,-3.9112952,22.984058,16.223534,-20.90352,-1.0712641,-16.90964,-10.3615465,-4.5223417,53.021576,-17.720795,1.1708232,1.8427635,9.0983715,25.850082,-31.685465,47.442497,-3.802247,-28.14313,43.73188,49.740925
47,4.478768825531006,-5.1889472007751465,63.189476013183594,2.8019705005441193,4.921894731371877,-105.4140610129295,-2.9944022,-4.378988,22.933187,15.38484,-20.694166,-1.0474125,-17.958065,-10.296717,-3.8692038,54.851013,-17.84132,0.5511686,1.3235693,8.793903,25.886282,-31.719639,46.39238,-3.5254815,-28.147501,43.802746,50.049706
48,4.546510219573975,-5.407586097717285,63.187164306640625,2.93395647910154,4.872174396504598,-105.22462037528845,-2.4994833,-4.7958994,22.82558,14.56968,-20.468771,-0.9906069,-18.909285,-10.114558,-3.2385828,56.23482,-17.858704,0.35396764,0.8111795,8.383897,25.933393,-31.792042,45.43077,-3.2421923,-28.1511,43.885075,50.404736
49,4.619332790374756,-5.621517181396484,63.1894416809082,3.0235864802066375,4.8340922381563995,-105.00281816353584,-2.040719,-5.1379595,22.628223,13.83287,-20.241804,-0.86058164,-19.754835,-9.77963,-2.564269,57.114967,-17.757092,0.7602139,0.29597044,7.823084,25.993484,-31.923141,44.598156,-2.976278,-28.155048,44.011612,50.835266
50,4.681039810180664,-5.859449863433838,63.19881057739258,3.074671881323232,4.799908180365464,-104.75105470966722,-1.5995535,-5.418229,22.366106,13.14795,-20.018898,-0.68460757,-20.509844,-9.304984,-1.8315922,57.569607,-17.637342,1.6057159,-0.23826276,7.1071653,26.067146,-32.11984,43.88706,-2.7292848,-28.158817,44.190624,51.324474
51,4.731459140777588,-6.098547458648682,63.2100715637207,3.099587600034814,4.77003349749235,-104.50236096638176,-1.1572508,-5.6606755,22.09341,12.469603,-19.794209,-0.5312449,-21.200895,-8.784858,-1.185548,57.703613,-17.525248,2.5771449,-0.76693887,6.26859,26.152063,-32.367527,43.279236,-2.4843137,-28.160837,44.405525,51.83666
52,4.775522708892822,-6.335266590118408,63.22011947631836,3.1099627440349553,4.744426398818471,-104.28812115564482,-0.69560564,-5.888852,21.862568,11.752529,-19.568033,-0.46873814,-21.857578,-8.314251,-0.77351546,57.625668,-17.430859,3.3628194,-1.2661399,5.356781,26.244272,-32.636986,42.745296,-2.2134638,-28.159014,44.621716,52.32843
53,4.825941562652588,-6.576670169830322,63.22500228881836,3.111389842784092,4.721432052800998,-104.12185466665308,-0.19141263,-6.118435,21.688759,10.942441,-19.318073,-0.5280419,-22.489414,-7.9161205,-0.63950306,57.339443,-17.342775,3.8935158,-1.7428372,4.38622,26.341158,-32.907864,42.30473,-1.8953291,-28.151735,44.80783,52.78242
54,4.8680949211120605,-6.823611259460449,63.227970123291016,3.097569542367882,4.70003980042081,-103.98398765854593,0.34636787,-6.3368206,21.541327,10.062843,-19.044668,-0.66723025,-23.083666,-7.5510445,-0.7039846,56.79777,-17.252981,4.322367,-2.2066164,3.348579,26.442162,-33.178135,41.955513,-1.5236636,-28.138823,44.95628,53.209442
55,4.9043869972229,-7.0792131423950195,63.227874755859375,3.0621966892941366,4.682076622921473,-103.85640106728351,0.8847177,-6.5254097,21.404978,9.189793,-18.784286,-0.84653175,-23.635962,-7.211285,-0.9301885,56.030903,-17.164549,4.6780033,-2.6346385,2.2669952,26.546131,-33.44615,41.625122,-1.1024097,-28.12106,45.07226,53.61518
56,4.92857551574707,-7.34649133682251,63.226829528808594,3.002736988872689,4.669901139054759,-103.72116743183933,1.398339,-6.672965,21.264551,8.377975,-18.55978,-1.0265007,-24.140318,-6.890601,-1.280628,55.066326,-17.081171,4.990926,-3.003633,1.1813276,26.651419,-33.70787,41.22225,-0.6404623,-28.099775,45.168846,54.007065
57,4.969740867614746,-7.608514308929443,63.22603225708008,2.91492230968748,4.666564044038116,-103.58103283140423,1.8564026,-6.765409,21.14054,7.68988,-18.406275,-1.2134132,-24.595448,-6.589987,-1.7828016,53.88965,-17.025557,5.282451,-3.2943664,0.12239408,26.758352,-33.952374,40.686836,-0.13802902,-28.075457,45.255234,54.39008
58,5.005712509155273,-7.875331401824951,63.22288513183594,2.803794928423815,4.670424409613663,-103.44314623012795,2.3044858,-6.8271685,21.031254,7.0158677,-18.26382,-1.4223776,-24.998909,-6.3063016,-2.4473085,52.48371,-16.979748,5.540552,-3.5272894,-0.90786856,26.865545,-34.172134,40.050224,0.4019203,-28.048615,45.334187,54.760395
59,5.021857261657715,-8.15230655670166,63.20712661743164,2.6808980534871907,4.677230104289806,-103.29615707617698,2.6657085,-6.8299813,20.91023,6.5855975,-18.268093,-1.6374911,-25.362461,-6.029396,-3.2082305,50.915565,-16.913141,5.743237,-3.7385952,-1.9197379,26.975378,-34.373253,39.363655,0.9620388,-28.019537,45.413895,55.1183
60,5.039526462554932,-8.423572540283203,63.183753967285156,2.558453731938901,4.682145803032957,-103.1275402174592,2.8910937,-6.7590947,20.748503,6.553818,-18.503643,-1.8430232,-25.694752,-5.7548227,-3.999651,49.243366,-16.792583,5.864401,-3.961017,-2.9271605,27.087555,-34.56992,38.678688,1.5201253,-27.989452,45.504436,55.468136
61,5.062558174133301,-8.704706192016602,63.15940475463867,2.4388107405147013,4.683365030318369,-102.92564614610221,3.1352751,-6.6793227,20.488758,6.535501,-18.752344,-2.0347228,-25.99341,-5.4872413,-4.844881,47.461517,-16.634928,5.885782,-4.2032895,-3.943214,27.206259,-34.77687,37.998573,2.0745664,-27.958212,45.619434,55.81687
62,5.065850734710693,-8.98482894897461,63.1190299987793,2.315690263525604,4.683284851544584,-102.69780628718874,3.390555,-6.585952,20.159786,6.5296454,-19.011084,-2.220483,-26.251163,-5.221007,-5.7700944,45.539673,-16.449308,5.8322873,-4.449797,-4.963917,27.327652,-34.995796,37.30058,2.625287,-27.927052,45.763233,56.16684
63,5.074387073516846,-9.283360481262207,63.087379455566406,2.131766245749119,4.695254263122391,-102.45310123696576,3.6327255,-6.4200187,19.816315,6.5405216,-19.270508,-2.3851917,-26.44141,-4.8815923,-6.749025,43.413937,-16.139874,5.7314706,-4.724829,-6.260586,27.54056,-35.401726,36.757835,3.1945229,-27.870996,46.011868,56.46443
64,5.088171482086182,-9.580161094665527,63.04922866821289,2.0107430997705094,4.715454069128021,-102.24385117442682,3.8701339,-6.3288755,19.54362,6.546299,-19.51759,-2.501626,-26.661003,-4.5684805,-7.6111474,41.31755,-15.7804575,5.6208987,-4.9311743,-7.316505,27.733082,-35.72175,36.064915,3.6493642,-27.816484,46.20494,56.841625
65,5.094388484954834,-9.888541221618652,63.00751495361328,1.9097301251665153,4.755582441305113,-102.05824356889553,4.083542,-6.2652717,19.348309,6.5493817,-19.744707,-2.5504234,-26.881289,-4.238192,-8.379034,39.14707,-15.34148,5.4747677,-5.1240997,-8.326922,27.914068,-35.990543,35.35372,4.072727,-27.763973,46.371635,57.19781
66,5.104465484619141,-10.197936058044434,62.959075927734375,1.819915995309814,4.810865455877443,-101.88701006297168,4.2813177,-6.215928,19.197687,6.5534225,-19.958897,-2.5486588,-27.09219,-3.8872905,-9.094258,36.88795,-14.833548,5.2877417,-5.3061695,-9.318117,28.087753,-36.233276,34.6384,4.4725323,-27.714277,46.528828,57.53464
67,5.11461067199707,-10.515788078308105,62.91040802001953,1.739801367669833,4.869370839147552,-101.73488019395988,4.4818296,-6.1782804,19.077324,6.558002,-20.167614,-2.5346255,-27.296324,-3.5178583,-9.761251,34.61175,-14.223959,5.109822,-5.479532,-10.294174,28.256493,-36.462193,33.955917,4.846749,-27.66701,46.67248,57.87465
68,5.118352890014648,-10.844880104064941,62.858009338378906,1.6687727224284636,4.919536089356904,-101.60643178523348,4.703094,-6.151461,18.972525,6.563008,-20.3785,-2.54624,-27.495394,-3.1354856,-10.382625,32.385017,-13.47669,4.9884715,-5.6439843,-11.256684,28.422066,-36.68557,33.339386,5.195671,-27.621037,46.790615,58.241314
69,5.116246700286865,-11.184466361999512,62.79814147949219,1.6069420135193702,4.959121143766397,-101.50615592165755,4.947611,-6.134224,18.884804,6.570389,-20.59097,-2.5944855,-27.68888,-2.741315,-10.9869175,30.188126,-12.515708,4.9122477,-5.7920513,-12.219907,28.585833,-36.91288,32.798237,5.522588,-27.574965,46.868,58.652298
70,5.123806476593018,-11.532299041748047,62.72930908203125,1.5523653521047303,4.994478087304869,-101.4319632519268,5.206616,-6.1263676,18.822056,6.5781136,-20.80166,-2.6587229,-27.878637,-2.3301742,-11.559939,27.999506,-11.383844,4.8595896,-5.914651,-13.188542,28.748941,-37.152554,32.316174,5.83336,-27.528057,46.900845,59.089336
71,5.124935150146484,-11.895437240600586,62.65770721435547,1.5020870408902198,5.025684355294407,-101.3778221459231,5.479794,-6.128154,18.778229,6.586297,-21.016193,-2.7292206,-28.06872,-1.9057014,-12.039006,25.88279,-10.219875,4.859246,-6.0105925,-14.134488,28.910328,-37.400757,31.879448,6.1347284,-27.480543,46.893127,59.52114
72,5.117141246795654,-12.26721477508545,62.58500671386719,1.430272222199174,5.057973096671157,-101.34407131376813,5.762074,-6.1153073,18.756191,6.59613,-21.241888,-2.7985587,-28.240408,-1.4441643,-12.367091,23.835777,-9.125066,4.936979,-6.038571,-15.076924,29.132612,-37.738777,31.461727,6.4502664,-27.412912,46.822994,59.91168
73,5.122365474700928,-12.645310401916504,62.50098419189453,1.4097135775051248,5.079387567279314,-101.30601164006913,6.0657496,-6.1621623,18.721176,6.5998282,-21.476452,-2.8541737,-28.430964,-1.0421903,-12.53564,21.95737,-8.142136,5.123997,-6.107743,-15.835222,29.271597,-37.914497,31.035465,6.709599,-27.371935,46.763187,60.301563
74,5.123933792114258,-13.036748886108398,62.416786193847656,1.353760607742125,5.101029428052838,-101.30010336934632,6.379423,-6.1816425,18.720734,6.604911,-21.723785,-2.909924,-28.561636,-0.58327216,-12.579828,20.009296,-7.0918894,5.3855796,-6.133798,-16.613132,29.465025,-38.14561,30.672066,6.9769754,-27.317297,46.671448,60.639755
75,5.1273884773254395,-13.439851760864258,62.31689453125,1.3556162820932267,5.112022640433252,-101.28335962525006,6.713673,-6.26026,18.704035,6.607832,-21.967705,-2.9705236,-28.744474,-0.21245289,-12.45141,18.359608,-6.253461,5.683459,-6.2100215,-17.260351,29.589157,-38.260204,30.336575,7.1898274,-27.28456,46.606194,60.99639
76,5.131371021270752,-13.852007865905762,62.21034622192383,1.3503989850603482,5.116451352863356,-101.28596386796228,7.0640483,-6.33306,18.712383,6.614705,-22.205515,-3.0520356,-28.921669,0.15072045,-12.119395,16.917023,-5.633145,5.959521,-6.281774,-17.887768,29.709057,-38.375877,30.089977,7.4101186,-27.253578,46.53697,61.309906
77,5.122455596923828,-14.277013778686523,62.09614944458008,1.3438358274845215,5.117885841239699,-101.31755785148924,7.4290657,-6.4082375,18.757927,6.625427,-22.436386,-3.1674297,-29.101583,0.50071114,-11.511732,15.681505,-5.307255,6.206653,-6.2988214,-18.49252,29.873764,-38.54395,29.877876,7.658718,-27.20936,46.40825,61.59508
78,5.120481014251709,-14.711830139160156,61.97211837768555,1.3824314091717607,5.115648155671809,-101.34979581169314,7.8082275,-6.5304575,18.803432,6.6386814,-22.661875,-3.3032293,-29.336582,0.7666404,-10.671309,14.765659,-5.290873,6.4491644,-6.309011,-19.001032,30.019783,-38.671688,29.6723,7.8789234,-27.168224,46.250137,61.900005
79,5.118111610412598,-15.159398078918457,61.843116760253906,1.4267574244215064,5.112273574279636,-101.36975697485806,8.198384,-6.6560216,18.835653,6.6532726,-22.883238,-3.439258,-29.587875,0.9840106,-9.7464075,14.122719,-5.431647,6.6744256,-6.3073893,-19.447384,30.186214,-38.804394,29.482841,8.10606,-27.119932,46.043198,62.170135
80,5.115285873413086,-15.620589256286621,61.70629119873047,1.4766236939599997,5.097958984066931,-101.3527871844469,8.605292,-6.7784066,18.82421,6.672341,-23.101639,-3.552434,-29.855917,1.1385022,-8.875448,13.827782,-5.6433086,6.879299,-6.3816996,-19.832846,30.296713,-38.879734,29.392443,8.309151,-27.087862,45.89429,62.387264
81,5.113997459411621,-16.094465255737305,61.56996536254883,1.5281389529071634,5.069100297427618,-101.29549145491846,8.969899,-6.870734,18.771687,6.8589697,-23.422642,-3.6302466,-30.117334,1.2401372,-8.05942,13.835502,-5.9079394,7.1221275,-6.5272727,-20.169456,30.366907,-38.92346,29.406397,8.496369,-27.067324,45.796227,62.54851
82,5.100613594055176,-16.582969665527344,61.43290328979492,1.5795699623154986,5.033195531187534,-101.21227068021874,9.294188,-6.935566,18.69472,7.192175,-23.831133,-3.6885371,-30.3823,1.302979,-7.236891,14.125524,-6.2656612,7.3893228,-6.700962,-20.466024,30.433836,-38.964638,29.487352,8.682962,-27.047544,45.699326,62.66132
83,5.09135103225708,-17.07844352722168,61.29319763183594,1.6231115427612233,4.99880698393658,-101.09802164577486,9.606734,-6.9711676,18.587585,7.5741515,-24.249453,-3.7507725,-30.672039,1.3346199,-6.4613204,14.733414,-6.6878614,7.5747595,-6.9053025,-20.723087,30.500242,-39.003242,29.632727,8.858348,-27.028011,45.605164,62.720184
84,5.068517208099365,-17.58174705505371,61.157352447509766,1.6458647175898706,4.97568095225825,-100.94972873481834,9.898934,-6.957571,18.452118,8.000475,-24.65534,-3.8423083,-30.996124,1.348759,-5.785065,15.662842,-7.1219754,7.5716248,-7.1416326,-20.955172,30.561478,-39.044983,29.851252,9.016059,-27.00993,45.514397,62.71588
85,5.050077438354492,-18.09601402282715,61.01931381225586,1.658590640181883,4.973429363266765,-100.74494029418557,10.169158,-6.903805,18.268415,8.453268,-25.065464,-3.9716172,-31.391466,1.3139614,-5.2078886,17.04719,-7.5801086,7.388836,-7.4069076,-21.186417,30.643284,-39.125916,30.123434,9.161065,-26.98752,45.402462,62.64068
86,5.019750118255615,-18.622400283813477,60.88945770263672,1.6253786244982735,4.966112198725221,-100.52740253971496,10.444017,-6.7876434,18.083115,8.927192,-25.478354,-4.1269064,-31.731647,1.3013642,-4.6925373,18.607483,-7.936273,7.068929,-7.7130375,-21.397577,30.696678,-39.1993,30.53213,9.30482,-26.972876,45.339954,62.46905
87,4.983823776245117,-19.15242576599121,60.77101135253906,1.6012506503991224,4.982613053042845,-100.25488697297224,10.663317,-6.6394415,17.842056,9.503007,-25.873941,-4.296117,-32.116318,1.2497438,-4.2878013,20.407633,-8.347852,6.574664,-8.044799,-21.594501,30.767736,-39.304405,30.971922,9.415709,-26.95346,45.23928,62.27941
88,4.938254356384277,-19.68987274169922,60.66426086425781,1.5515149969516517,5.013259378176633,-99.978443757839,10.835501,-6.435154,17.593992,10.178629,-26.195278,-4.4715576,-32.45596,1.2402678,-4.006796,22.118734,-8.729119,5.8517585,-8.3422785,-21.702875,30.85844,-39.398834,31.40335,9.52018,-26.924793,45.05587,62.074055
89,4.887111663818359,-20.255380630493164,60.567508697509766,1.493329665078453,5.060725879958792,-99.67530491666939,10.955987,-6.1880345,17.327995,10.964901,-26.453886,-4.6448913,-32.79247,1.2433947,-3.8997316,23.854218,-9.168083,4.747911,-8.660197,-21.694485,30.942472,-39.414146,31.836754,9.595966,-26.890781,44.812927,61.865685
90,4.830676078796387,-20.8331356048584,60.48052978515625,1.4266297334273834,5.12422453105052,-99.34083590175493,11.033167,-5.902556,17.03758,11.841923,-26.662888,-4.824109,-33.12611,1.2446983,-3.9390724,25.66404,-9.633642,3.331994,-9.006114,-21.596361,31.015984,-39.370747,32.295055,9.639692,-26.851967,44.535286,61.646423
91,4.7696919441223145,-21.41318702697754,60.41524887084961,1.3399429561039655,5.192318364431697,-99.00166842734832,11.068073,-5.5691824,16.722305,12.8192625,-26.789179,-5.0241027,-33.39783,1.2654457,-4.044267,27.355377,-10.013751,1.8881716,-9.361199,-21.474697,31.06365,-39.32316,32.85158,9.673285,-26.808458,44.248573,61.408504
92,4.690470218658447,-21.990144729614258,60.37991714477539,1.2182951531718385,5.254890467933549,-98.68789272592778,11.057113,-5.1747684,16.385777,13.91592,-26.80573,-5.2600827,-33.56222,1.3285494,-4.136868,28.76599,-10.216225,0.6999914,-9.684758,-21.407919,31.066483,-39.350224,33.574474,9.737669,-26.759912,43.9468,61.134956
93,4.599629878997803,-22.577367782592773,60.365028381347656,1.0383435757326593,5.316419416803003,-98.39062432750003,10.998577,-4.689288,16.004955,15.121285,-26.73018,-5.5440197,-33.619503,1.4447297,-4.2154555,29.85649,-10.14713,-0.1712098,-9.968242,-21.426598,31.049768,-39.510345,34.46556,9.867666,-26.697989,43.578526,60.79327
94,4.5041184425354,-23.181095123291016,60.3626708984375,0.8127628834387491,5.381209241487895,-98.10079724966926,10.895256,-4.131754,15.588325,16.427214,-26.56823,-5.8699083,-33.599472,1.5934082,-4.320511,30.742086,-9.902269,-0.8784393,-10.222061,-21.473972,31.021536,-39.75339,35.475796,10.046055,-26.622772,43.14732,60.397705
95,4.408155918121338,-23.804725646972656,60.37505340576172,0.5781806437837194,5.439952967919104,-97.84852086723808,10.745976,-3.5578134,15.187029,17.861242,-26.276714,-6.224395,-33.50717,1.7540376,-4.4328585,31.501917,-9.679653,-1.457083,-10.432588,-21.461937,30.974302,-39.977337,36.54761,10.226293,-26.543423,42.730637,60.006664
96,4.302243709564209,-24.43693733215332,60.39763259887695,0.3714574920565542,5.481388231407713,-97.66429810634236,10.550843,-3.0198789,14.850577,19.448765,-25.811056,-6.5901775,-33.347954,1.9078828,-4.528171,32.215523,-9.675839,-1.9380438,-10.581529,-21.298298,30.89911,-40.07531,37.61923,10.362689,-26.469294,42.400112,59.67419
97,4.195197105407715,-25.084880828857422,60.42814254760742,0.20087243210556677,5.4988087187830645,-97.56399811199948,10.3269825,-2.528309,14.6049385,21.192675,-25.198076,-6.9367685,-33.11537,2.0456939,-4.609018,32.90794,-9.989143,-2.2524693,-10.663201,-20.962376,30.796267,-40.019424,38.68584,10.437632,-26.404026,42.167862,59.42079
98,4.089674949645996,-25.736595153808594,60.463218688964844,0.046027214315201175,5.497862050918347,-97.52969933913471,10.069197,-2.0504847,14.416928,23.079924,-24.44786,-7.274293,-32.812965,2.1751454,-4.679131,33.548363,-10.50504,-2.4051218,-10.686778,-20.498291,30.673664,-39.86143,39.76964,10.472791,-26.343287,41.998917,59.21374
99,4.011224746704102,-26.391828536987305,60.5135383605957,-0.10006793162322233,5.486392681017185,-97.54106002485892,9.740849,-1.572758,14.245493,25.120367,-23.49149,-7.645346,-32.459076,2.3083959,-4.7146897,34.121613,-11.094952,-2.533572,-10.656484,-19.927137,30.533485,-39.623146,40.858543,10.4782915,-26.28473,41.89406,59.028057
100,3.911482572555542,-27.069210052490234,60.57307052612305,-0.2428960647656463,5.472440170578944,-97.57715057521601,9.304452,-1.0874782,14.048164,27.329124,-22.262146,-8.097734,-32.069942,2.46369,-4.6924596,34.60277,-11.626783,-2.7766905,-10.577093,-19.267443,30.377735,-39.322784,41.938774,10.465655,-26.226057,41.854366,58.84024
101,3.8272342681884766,-27.743545532226562,60.64491271972656,-0.3795507280890891,5.4516112214315156,-97.65682567463605,8.767636,-0.6050733,13.823898,29.723387,-20.688578,-8.763533,-31.650993,2.66796,-4.5761924,34.994164,-12.069204,-3.2174478,-10.423682,-18.50512,30.205816,-38.939217,43.000538,10.444944,-26.16381,41.874817,58.681362
102,3.7462432384490967,-28.410497665405273,60.7241096496582,-0.5066259979422878,5.421646803918389,-97.78348863840455,8.136917,-0.12980147,13.578685,32.312763,-18.836327,-9.576815,-31.193483,2.911444,-4.3865066,35.302036,-12.486502,-3.7646763,-10.19716,-17.639174,30.019218,-38.47324,44.04662,10.408383,-26.100344,41.953114,58.55115
103,3.6484570503234863,-29.08426284790039,60.80863571166992,-0.629832403688706,5.3947804363053775,-97.91296969192788,7.3809624,0.35092047,13.28929,35.078598,-16.83521,-10.302287,-30.690378,3.1609585,-4.187673,35.50177,-12.88728,-4.297577,-9.945625,-16.718363,29.82278,-37.98213,45.093502,10.336861,-26.043188,42.09675,58.385334
104,3.5542283058166504,-29.752531051635742,60.90919876098633,-0.7564715424856858,5.3836531674382275,-98.00047240725542,6.472908,0.8519308,12.949704,37.991314,-14.802803,-10.714256,-30.141117,3.380141,-4.0489793,35.58559,-13.295296,-4.696165,-9.718426,-15.79188,29.620571,-37.522842,46.161648,10.214203,-25.999104,42.313072,58.11451
105,3.462690830230713,-30.415958404541016,61.018306732177734,-0.8848524755893424,5.393959580389426,-98.02104867772354,5.3812847,1.3738711,12.540227,41.126423,-12.756691,-10.681854,-29.532875,3.5528398,-4.0002737,35.527367,-13.72053,-4.929015,-9.546959,-14.863017,29.408712,-37.090008,47.28222,10.018053,-25.970615,42.628746,57.74449
106,3.3662400245666504,-31.07907485961914,61.13580322265625,-1.014928481709957,5.417884296678907,-98.00254127103031,4.1369853,1.9056833,12.091173,44.451008,-10.616437,-10.370149,-28.87113,3.7033257,-4.0059586,35.342094,-14.152403,-5.061136,-9.397653,-13.914802,29.187473,-36.66285,48.440445,9.763466,-25.953808,43.03058,57.30339
107,3.2647392749786377,-31.743907928466797,61.26055145263672,-1.1562957037456139,5.447876834517413,-97.979329653623,2.8077874,2.449194,11.670131,47.773388,-8.347871,-9.992171,-28.165422,3.8560364,-4.0323477,35.04265,-14.554542,-5.115689,-9.22451,-12.962215,28.967709,-36.27128,49.5877,9.489917,-25.94542,43.463215,56.756374
108,3.1680386066436768,-32.39741897583008,61.39118576049805,-1.3168528384333815,5.476533113822023,-97.98618625873036,1.4552314,3.009861,11.329605,50.921097,-5.9324503,-9.751559,-27.427711,4.034411,-4.0440207,34.64569,-14.892991,-5.1166725,-8.97798,-12.019505,28.760265,-35.94817,50.672783,9.233342,-25.9429,43.871124,56.072056
109,3.085491180419922,-33.03068923950195,61.53134536743164,-1.4971200474523692,5.509543132910826,-98.02291081416624,0.024036802,3.590423,11.021265,53.982246,-3.1163588,-9.647977,-26.660046,4.236994,-4.0489397,34.140446,-15.164373,-5.0476775,-8.6436405,-11.085804,28.566523,-35.70102,51.675644,9.022811,-25.943197,44.23617,55.21943
110,2.9943060874938965,-33.670352935791016,61.66996383666992,-1.6924158713314505,5.547015833777781,-98.07363703951756,-1.4973174,4.1860957,10.721829,57.018257,0.0041867625,-9.600845,-25.854647,4.454986,-4.0621057,33.51816,-15.382715,-4.90765,-8.245106,-10.159824,28.382526,-35.515957,52.629875,8.826605,-25.949263,44.58885,54.228893
111,2.892091989517212,-34.3162727355957,61.80645751953125,-1.9039012023388755,5.573021951812955,-98.14920230205882,-2.9908602,4.802912,10.5108385,59.84876,2.8974605,-9.666878,-25.015175,4.6972775,-4.0600314,32.815567,-15.551309,-4.742365,-7.795695,-9.253871,28.210564,-35.39204,53.565975,8.595198,-25.966526,44.94733,53.150738
112,2.8017685413360596,-34.949867248535156,61.94113540649414,-2.1265753325553196,5.572030707884792,-98.26327552737634,-4.331715,5.4503217,10.474475,62.279472,5.033749,-9.884482,-24.13225,4.9684253,-4.0086894,32.041798,-15.653659,-4.5950246,-7.306942,-8.36587,28.05185,-35.318935,54.499847,8.2782,-26.00002,45.32605,52.038208
113,2.712387800216675,-35.57918167114258,62.07612228393555,-2.370974750277788,5.539007411364728,-98.44019369664727,-5.460168,6.1954465,10.739561,64.26386,6.307622,-10.400613,-23.201237,5.284519,-3.8857853,31.192505,-15.67985,-4.455482,-6.7727876,-7.482729,27.903725,-35.267708,55.442604,7.857679,-26.054628,45.761436,50.866955
114,2.6227715015411377,-36.205596923828125,62.21407699584961,-2.6322696372880383,5.480651044609411,-98.66643193234259,-6.4492006,7.0283165,11.230621,65.92292,6.981562,-11.118612,-22.224792,5.6321316,-3.7079802,30.263712,-15.638834,-4.3069873,-6.196063,-6.6001854,27.765284,-35.239246,56.378605,7.35879,-26.126612,46.235493,49.62119
115,2.5370490550994873,-36.83506393432617,62.351341247558594,-2.8802117435353476,5.416447094647662,-98.89479058509748,-7.3928127,7.8480363,11.747317,67.31213,7.0749207,-11.695823,-21.23262,5.966968,-3.5070183,29.2969,-15.563591,-4.1793876,-5.4751406,-5.6698155,27.73523,-35.32552,57.11692,6.8793626,-26.150751,46.43995,48.38102
116,2.4436862468719482,-37.46714401245117,62.485015869140625,-3.097146431155755,5.323612582136969,-99.08606794271599,-8.346287,8.557157,12.093406,68.475204,6.6085534,-11.801023,-20.204191,6.2609653,-3.309495,28.303806,-15.464845,-4.101439,-4.8407364,-4.7260947,27.692757,-35.45374,57.84078,6.2956743,-26.189672,46.702106,47.212326
117,2.3478665351867676,-38.099700927734375,62.62349319458008,-3.259899593307765,5.205719800308217,-99.22221531591947,-9.349331,9.049237,12.105616,69.3903,5.3203354,-11.228575,-19.151953,6.4855657,-3.1198204,27.318132,-15.36789,-4.0864825,-4.3129215,-3.755987,27.643713,-35.651978,58.52778,5.6129775,-26.239513,46.981808,46.11851
118,2.250666618347168,-38.738014221191406,62.76112365722656,-3.384119435638331,5.064514624504103,-99.32567924260788,-10.3652,9.379799,11.902513,70.04002,3.2968652,-10.213151,-18.073013,6.6612024,-2.9254682,26.324207,-15.259075,-4.112119,-3.840686,-2.7637286,27.591112,-35.929897,59.173237,4.849312,-26.298395,47.257374,45.064342
119,2.1854686737060547,-39.36011505126953,62.90040588378906,-3.4913216563022234,4.910714123501828,-99.40558105753932,-11.366099,9.680485,11.706868,70.46429,1.080784,-9.079641,-16.968695,6.8100495,-2.736361,25.296373,-15.117495,-4.1524277,-3.3816018,-1.7948265,27.53522,-36.242577,59.79221,4.0382957,-26.36289,47.486576,44.062683
120,2.11611270904541,-39.97446060180664,63.03786087036133,-3.6014641795746822,4.755677805258459,-99.47116538145583,-12.316881,10.107627,11.777681,70.696205,-0.79156566,-8.136906,-15.840126,6.9533978,-2.5607803,24.2074,-14.92164,-4.182637,-2.8994553,-0.8859462,27.474335,-36.520084,60.396984,3.2126727,-26.429598,47.626457,43.12653
121,2.0430808067321777,-40.59451675415039,63.166954040527344,-3.7174921667460668,4.581878115164568,-99.52232699055143,-13.186259,10.734982,12.242421,70.73058,-2.2044148,-7.4649105,-14.664888,7.094316,-2.397494,23.03993,-14.652488,-4.201228,-2.1811974,-0.4544082,27.162886,-37.182114,61.355434,2.5956206,-26.70011,47.406406,42.056538
122,1.9619590044021606,-41.23291778564453,63.295108795166016,-3.839852784983162,4.413004749048592,-99.54962909960602,-14.0215645,11.4799,12.941421,70.56236,-3.448877,-6.9121146,-13.468662,7.2329183,-2.2523847,21.8098,-14.331111,-4.2181525,-1.707859,0.45491976,27.137009,-37.21675,61.839027,1.6776121,-26.725975,47.3873,41.330276
123,1.8896032571792603,-41.860191345214844,63.425880432128906,-3.9459918705046513,4.251036660619695,-99.57013233965243,-14.819098,12.240326,13.778086,70.186676,-4.5743065,-6.413448,-12.2704525,7.3469634,-2.1110246,20.5581,-13.9856615,-4.224823,-1.2276074,1.3639728,27.10369,-37.21318,62.276424,0.75308025,-26.759636,47.289448,40.64365
124,1.8155287504196167,-42.48388671875,63.547061920166016,-4.024261328138528,4.1229447627663465,-99.59033459763738,-15.606981,12.924609,14.633353,69.61034,-5.6382484,-5.9049106,-11.112054,7.4242334,-1.9746253,19.326956,-13.652056,-4.217705,-0.73669213,2.2586353,27.052746,-37.156944,62.684647,-0.06817432,-26.808882,47.007023,39.900097
125,1.7487999200820923,-43.11362075805664,63.643409729003906,-4.078827315069653,4.037338751908532,-99.60643556082933,-16.396479,13.538608,15.518261,68.8342,-6.660558,-5.406612,-9.994904,7.469176,-1.8502253,18.101423,-13.329696,-4.209153,-0.27885973,3.0934436,26.99954,-37.059505,63.091965,-0.7195557,-26.855436,46.53547,39.04475
126,1.6676530838012695,-43.72996520996094,63.727783203125,-4.1158955674234745,3.9841111707666426,-99.60982083483836,-17.177267,14.112586,16.48165,67.85591,-7.6094546,-4.949729,-8.9072485,7.4874287,-1.7449067,16.875036,-13.010182,-4.2023478,0.22471441,3.8753192,26.936443,-36.957424,63.479446,-1.1986091,-26.910133,45.768826,38.107445
127,1.6213061809539795,-44.36492156982422,63.81916427612305,-4.147707433343337,3.9493723930378275,-99.62129558139011,-17.938488,14.623976,17.464815,66.69643,-8.479558,-4.4866223,-7.8542237,7.4937844,-1.6413581,15.683682,-12.701815,-4.184019,0.76259065,4.57854,26.87773,-36.861725,63.878616,-1.6159117,-26.959621,44.902573,37.152752
128,1.574915885925293,-44.994625091552734,63.896297454833984,-4.182345527525201,3.92266724961419,-99.65925153372939,-18.673046,15.051414,18.40682,65.3748,-9.26634,-3.962293,-6.844926,7.498002,-1.5229481,14.566515,-12.415634,-4.138413,1.3671695,5.217258,26.82135,-36.747105,64.28673,-1.999281,-27.007908,43.982113,36.198044
129,1.525753140449524,-45.61638641357422,63.94734191894531,-4.216728411540042,3.908278080674613,-99.73194733303819,-19.397448,15.391627,19.296213,63.9086,-9.980532,-3.2675061,-5.8857284,7.4967504,-1.3831295,13.522515,-12.139404,-4.046954,2.0333297,5.796104,26.764315,-36.57401,64.70717,-2.3445768,-27.057205,43.01366,35.231907
130,1.4693138599395752,-46.23940658569336,63.98163986206055,-4.2473008442456655,3.9087562941368987,-99.8280055316947,-20.111225,15.657428,20.165653,62.287872,-10.6274605,-2.4588542,-4.965279,7.485962,-1.2303382,12.523759,-11.870346,-3.9248903,2.729573,6.329163,26.706251,-36.329838,65.13147,-2.6431663,-27.106209,41.99583,34.240276
131,1.416374683380127,-46.86439514160156,64.00725555419922,-4.28296961120929,3.909955487548116,-99.93682839829684,-20.785372,15.85956,21.018946,60.49723,-11.1945095,-1.7242167,-4.079271,7.4754086,-1.0727803,11.601806,-11.640085,-3.8053825,3.439062,6.82462,26.648703,-36.04468,65.55775,-2.9282618,-27.15847,40.98156,33.24683
132,1.3612830638885498,-47.48539733886719,64.01805114746094,-4.332875606581775,3.898387379601143,-100.04802718391056,-21.388605,16.007519,21.862617,58.51037,-11.658303,-1.2514228,-3.2184918,7.475966,-0.91756725,10.775738,-11.478877,-3.721328,4.1399083,7.286718,26.594,-35.74941,65.98887,-3.23145,-27.216978,40.02988,32.270878
133,1.317918062210083,-48.10725784301758,64.01642608642578,-4.3970148211167785,3.8696340863087957,-100.17029126874446,-21.900946,16.114685,22.73407,56.29114,-12.012317,-1.1166258,-2.395846,7.4897127,-0.75580084,10.080039,-11.397009,-3.7041626,4.8016467,7.694377,26.547907,-35.42884,66.453186,-3.648843,-27.26571,39.27513,31.3691
134,1.2738381624221802,-48.72907638549805,63.99224853515625,-4.474568927748283,3.8355977984905016,-100.30530501741445,-22.348675,16.176937,23.621023,53.860435,-12.261271,-1.2086642,-1.6151968,7.5155497,-0.5872752,9.495242,-11.378138,-3.7304182,5.475632,8.08477,26.499247,-35.03596,66.91269,-4.0300717,-27.320217,38.50535,30.441154
135,1.2268987894058228,-49.356910705566406,63.9576301574707,-4.563371320983537,3.7956950552448667,-100.43076018260597,-22.759567,16.170515,24.459507,51.274765,-12.394391,-1.4281744,-0.86121374,7.5490823,-0.4353244,9.002724,-11.438463,-3.7500207,6.121333,8.452433,26.453045,-34.639973,67.36456,-4.429406,-27.383823,37.79353,29.534071
136,1.1700665950775146,-49.98473358154297,63.89170455932617,-4.633852308075009,3.741723345754858,-100.52798166327086,-23.166254,16.063486,25.192997,48.629665,-12.42896,-1.671417,-0.19640115,7.560441,-0.33026755,8.788804,-11.709033,-3.7137678,6.686432,8.778558,26.420416,-34.353115,67.80846,-4.993499,-27.436047,37.322803,28.791384
137,1.123992681503296,-50.621360778808594,63.81027603149414,-4.701358727264133,3.682015003254398,-100.59359837059402,-23.565516,15.877202,25.824738,45.886612,-12.349712,-1.8502845,0.34598792,7.5606008,-0.28598318,8.92438,-12.254716,-3.582889,7.20665,9.162366,26.390032,-34.112537,68.155685,-5.617115,-27.500925,36.90639,28.128927
138,1.0738029479980469,-51.25331115722656,63.713096618652344,-4.778772931044338,3.613309714926109,-100.63532236587493,-23.943136,15.638274,26.37209,43.026493,-12.166474,-2.0260663,0.9078209,7.566034,-0.27430758,9.059474,-12.8504715,-3.3917735,7.6868796,9.536052,26.36557,-33.944824,68.472885,-6.2911243,-27.579342,36.578114,27.524355
139,1.0154554843902588,-51.891815185546875,63.60390090942383,-4.863905739964677,3.5457492737470395,-100.64950598468184,-24.31037,15.333654,26.799059,40.079308,-11.885147,-2.3069787,1.4735293,7.5786767,-0.2924422,9.201566,-13.470854,-3.1913817,8.130003,9.859662,26.346195,-33.821976,68.80294,-7.0234265,-27.66998,36.32476,26.990063
140,0.9653217196464539,-52.531402587890625,63.48715591430664,-4.951743993453557,3.4910202256791067,-100.63307782138835,-24.67857,14.9485,27.070772,37.069324,-11.508553,-2.799141,2.0226476,7.5972695,-0.33652526,9.366502,-14.093749,-3.0309389,8.53726,10.112042,26.328695,-33.69279,69.17482,-7.8118544,-27.770449,36.117027,26.531912
141,0.9222593903541565,-53.17560577392578,63.362979888916016,-5.044632901116819,3.450917129264474,-100.57442991873944,-25.04787,14.4722595,27.195948,33.935196,-10.964462,-3.5468416,2.5517585,7.6272845,-0.41772142,9.562488,-14.71907,-2.9217649,8.887258,10.286222,26.3106,-33.520683,69.61796,-8.649237,-27.879593,35.939663,26.136633
142,0.8704100847244263,-53.82159423828125,63.226295471191406,-5.139845376288934,3.4218911298194534,-100.47624260483136,-25.412632,13.930309,27.17826,30.689842,-10.29006,-4.4685917,3.0766916,7.663667,-0.5359353,9.762059,-15.345001,-2.8341272,9.173417,10.412931,26.291313,-33.309074,70.09715,-9.5352955,-27.997892,35.80744,25.799936
143,0.8248405456542969,-54.46638488769531,63.08819580078125,-5.22241096562074,3.4046390367145443,-100.3570091749745,-25.764439,13.3510895,26.983747,27.44524,-9.638302,-5.4820485,3.594304,7.686186,-0.6708095,9.965228,-15.9705305,-2.7554536,9.413702,10.531955,26.270067,-33.065945,70.54485,-10.4640875,-28.125454,35.734215,25.536858
144,0.7974220514297485,-55.11716079711914,62.951786041259766,-5.279304065982157,3.4005398535401796,-100.23645357650194,-26.091545,12.756147,26.58702,24.303253,-9.15102,-6.507651,4.1042504,7.6771903,-0.8002019,10.162693,-16.589048,-2.6746764,9.632633,10.681033,26.2463,-32.804173,70.89329,-11.436854,-28.26196,35.73356,25.367407
145,0.7680661082267761,-55.7626838684082,62.811546325683594,-5.291661656388192,3.4154907635659733,-100.10368739251567,-26.386223,12.089122,25.877827,21.143986,-8.809581,-7.513931,4.6091743,7.619413,-0.93542296,10.336409,-17.211802,-2.595056,9.82196,10.879655,26.21958,-32.53344,71.09748,-12.47373,-28.408344,35.820145,25.312826
146,0.7475122809410095,-56.41416931152344,62.68231964111328,-5.195927332501601,3.452090771008167,-99.91945604079358,-26.5427,11.226828,24.936195,17.676723,-8.403945,-8.507365,5.0868855,7.4533668,-1.1263652,10.543165,-17.870428,-2.5165024,9.902077,11.242822,26.17701,-32.159145,71.07899,-13.689324,-28.628874,36.11248,25.426847
147,0.7355883717536926,-57.07286071777344,62.55995559692383,-5.03275943821307,3.4920460154058666,-99.72560336140295,-26.447762,10.246373,24.01492,13.8795395,-7.8595247,-9.506522,5.53935,7.2138996,-1.3294817,10.809707,-18.533737,-2.4287255,9.814118,11.738513,26.106749,-31.602798,70.95005,-14.941323,-28.946125,36.668983,25.528719
148,0.7339287400245667,-57.74752426147461,62.430519104003906,-4.9304116617715765,3.614429802164094,-99.76643776507376,-23.556725,8.102591,23.889101,3.070673,-3.2266772,-10.417381,5.8633833,6.982846,-1.3026607,11.19255,-19.185719,-2.3158681,9.636005,12.361152,25.979156,-30.600988,70.763756,-16.050838,-29.492325,37.447666,25.205189
149,0.7224117517471313,-58.4416389465332,62.20500564575195,-5.489623499461203,3.7296247900734194,-100.09442427717498,-22.290668,7.670378,23.652132,-3.0241277,-1.3664936,-11.737402,6.218985,7.386477,-0.9158262,11.487261,-19.689827,-2.227113,10.110384,11.972706,25.978416,-30.25107,71.455185,-16.695946,-29.568737,37.383602,24.751081
150,0.7161147594451904,-59.1440544128418,61.979759216308594,-6.048713842117994,3.8169141695163535,-100.4327642888636,-21.912764,7.7325363,23.420511,-6.3522906,-1.1746488,-13.2915945,6.5799203,7.772399,-0.5116679,11.827305,-20.165182,-2.1281219,10.585001,11.5942135,25.980843,-29.87668,72.1345,-17.276808,-29.630066,37.31341,24.349943
151,0.7224063873291016,-59.84402847290039,61.78814697265625,-6.418188124067362,3.8474608576251166,-100.6031652247537,-22.38364,7.9519544,23.093138,-6.877175,-2.439102,-14.323944,6.9877114,7.9700055,-0.26898336,12.20121,-20.595127,-1.987872,10.89352,11.405402,25.976507,-29.450783,72.63554,-17.864578,-29.702568,37.291473,24.174383
152,0.7413583993911743,-60.54252243041992,61.60318374633789,-6.711085675730971,3.8696245852762865,-100.61504438564968,-22.761286,7.9486065,22.721287,-7.1512237,-3.4196193,-14.323944,7.3752728,8.093497,-0.1579928,12.674381,-20.998293,-1.7916825,10.924878,11.399506,25.963383,-28.871878,72.998245,-18.389034,-29.813326,37.346237,24.012993
153,0.7572474479675293,-61.23896789550781,61.42992401123047,-7.0111987229155455,3.863296280465593,-100.61315036015903,-22.879805,7.943097,22.615166,-7.3035936,-4.0152855,-14.323944,7.7604556,8.223062,-0.013366612,13.220792,-21.35405,-1.5545757,10.9060755,11.348485,25.950811,-28.37212,73.41127,-18.800106,-29.912706,37.380848,23.878468
154,0.7719769477844238,-61.93075180053711,61.26088333129883,-7.289588326807309,3.820805391223028,-100.59560868592104,-22.835007,7.9166446,22.749481,-7.170766,-4.4414268,-14.323944,8.067666,8.326395,0.13780108,14.039692,-21.786512,-1.2841938,10.928545,11.26493,25.942926,-28.040134,73.82842,-19.135464,-29.972736,37.34987,23.880033
155,0.7752973437309265,-62.63290786743164,61.114837646484375,-7.33419533626455,3.7449869897331522,-100.47084823489952,-23.398014,8.007751,22.921486,-4.8895864,-5.7383137,-14.323944,8.299638,8.212059,0.16331713,15.140365,-22.282633,-0.99367785,10.808616,11.4936495,25.91392,-27.589281,73.94129,-19.4646,-30.079044,37.399,24.067398
156,0.7667573690414429,-63.362491607666016,60.99301528930664,-7.202433404096425,3.6831736619796747,-100.33318625412983,-24.091314,8.106271,23.159426,-2.031527,-6.920778,-14.323944,8.50276,7.932185,0.1598218,16.286987,-22.663412,-0.7104318,10.650482,11.86596,25.847712,-27.166174,73.82971,-19.834518,-30.252249,37.606987,24.398373
157,0.7618041634559631,-64.06867218017578,60.94399642944336,-6.826624805824703,3.607317210294465,-100.11913968943591,-25.481976,8.481865,23.385216,3.071905,-8.766845,-14.323944,8.719272,7.4403415,0.064911574,17.453022,-22.934423,-0.4434962,10.565885,12.284581,25.743551,-27.02222,73.52629,-20.281525,-30.424444,37.86434,25.090925
158,0.7126431465148926,-64.80401611328125,60.89004898071289,-6.385424341538917,3.523253923732005,-99.87231013361833,-26.954044,9.036085,23.616549,8.823228,-10.429519,-14.323944,8.946454,6.9065824,-0.05240192,18.63535,-23.100807,-0.18779892,10.526373,12.664835,25.644745,-27.063295,73.162125,-20.711935,-30.521402,38.08302,25.993307
159,0.6608484983444214,-65.56642150878906,60.80976104736328,-6.196351054309442,3.5306977113563254,-99.90060940539406,-28.119825,9.860794,23.852448,13.711387,-11.408711,-14.323944,9.046621,6.571003,0.12552293,19.881971,-23.127186,0.06613934,10.672649,12.791095,25.596918,-27.088545,72.93308,-20.923971,-30.558687,38.096184,26.630875
160,0.6766624450683594,-66.32179260253906,60.76719284057617,-5.909842982398064,3.574473413283587,-99.8338180628976,-28.77496,9.96082,23.792484,16.824123,-11.549696,-12.672898,9.057367,6.1068316,0.17077045,21.26095,-23.030815,0.37958062,10.721984,12.988757,25.537445,-27.151781,72.54711,-21.122288,-30.603806,38.114502,27.367735
161,0.7144947052001953,-67.0824203491211,60.75706481933594,-5.527175606291747,3.662022464898491,-99.82803977387728,-29.222406,9.744755,23.58152,19.066092,-11.366386,-10.620574,8.987666,5.517286,0.22892688,22.708649,-22.798183,0.7187002,10.788167,13.284948,25.465496,-27.243984,71.96847,-21.313536,-30.655346,38.145344,28.192108
162,0.7453837394714355,-67.86649322509766,60.76707077026367,-5.059661000903366,3.7939276924268928,-99.8654697516541,-29.601631,9.362587,23.284334,20.958302,-10.983724,-8.377061,8.841837,4.826497,0.2951453,24.227306,-22.438957,1.0756725,10.90878,13.627886,25.388195,-27.423328,71.22626,-21.562714,-30.70083,38.197273,29.180004
163,0.7886027097702026,-68.67823028564453,60.782814025878906,-4.565023947939137,3.9361117797471272,-99.93093710819979,-29.867046,8.901812,23.028126,22.536646,-10.499072,-6.3233886,8.61539,4.096803,0.37768698,25.878708,-21.898415,1.4497424,11.037678,13.977372,25.310223,-27.60394,70.4168,-21.753344,-30.736683,38.244656,30.215687
164,0.8286752700805664,-69.496826171875,60.80258560180664,-4.097528313616555,4.0566898611004625,-100.00893538909277,-29.967176,8.453264,22.9098,23.833967,-10.027567,-4.8312635,8.301944,3.3877406,0.4846089,27.723139,-21.11463,1.8403693,11.146258,14.287978,25.235416,-27.717512,69.6319,-21.793522,-30.759438,38.260033,31.20762
165,0.8831702470779419,-70.31902313232422,60.82835388183594,-3.6599073788988776,4.1546902653999265,-100.12765881929,-29.872042,8.059327,22.965803,24.840706,-9.561336,-4.172706,7.904521,2.6860585,0.64200515,29.778322,-20.06393,2.3152456,11.264442,14.558922,25.163338,-27.735659,68.86773,-21.684586,-30.768347,38.23845,32.150356
166,0.936257541179657,-71.15758514404297,60.857200622558594,-3.2247116482141416,4.243519630533146,-100.28177145059473,-29.62998,7.6945143,23.10812,25.63237,-9.106073,-4.0754223,7.428382,1.9718554,0.83766425,32.008377,-18.781748,2.8536632,11.392642,14.816447,25.090977,-27.69675,68.08213,-21.46289,-30.765093,38.186523,33.0854
167,0.9968926906585693,-71.98706817626953,60.880462646484375,-2.8003760495280385,4.314345675404022,-100.40577543219636,-29.306885,7.3380866,23.237051,26.345753,-8.791884,-4.104949,6.8688836,1.2912341,1.0191776,34.39513,-17.290741,3.3242865,11.473988,15.052612,25.02107,-27.644718,67.302795,-21.136597,-30.74141,38.11412,34.03444
168,1.0440386533737183,-72.8240737915039,60.915557861328125,-2.394772632135541,4.357492997800246,-100.43432423430463,-28.967903,6.9486446,23.258512,27.083256,-8.742446,-3.8456178,6.2269006,0.6859208,1.127687,36.907776,-15.605633,3.5969212,11.450429,15.259427,24.9567,-27.620644,66.555176,-20.714573,-30.6852,38.03011,35.020084
169,1.0658756494522095,-73.66107177734375,60.96271896362305,-2.014815273993115,4.358199316668173,-100.33696494248724,-28.641897,6.501644,23.115583,27.905039,-9.065301,-3.1748981,5.5203843,0.17902671,1.130639,39.55816,-13.6584,3.65563,11.282819,15.449021,24.895632,-27.589382,65.84899,-20.150888,-30.588396,37.9108,36.033585
170,1.0919581651687622,-74.48709869384766,61.017642974853516,-1.6531616841478822,4.3293458516019285,-100.15217482831476,-28.307003,5.998942,22.858883,28.737404,-9.659178,-2.33627,4.744899,-0.26343593,1.0492392,42.341084,-11.452536,3.5653808,11.033067,15.609569,24.839386,-27.56651,65.16173,-19.543287,-30.450375,37.80137,37.133358
171,1.1045862436294556,-75.3005599975586,61.08323287963867,-1.2975880063556389,4.2838596424879665,-99.91948819064389,-27.930082,5.436928,22.562052,29.46264,-10.32772,-1.4664881,3.8831651,-0.68761796,0.9007067,45.205822,-9.105472,3.3179133,10.703062,15.740391,24.788033,-27.576033,64.479645,-18.848293,-30.287935,37.683723,38.228325
172,1.1300235986709595,-76.11783599853516,61.15779113769531,-0.9350346881470499,4.243460295074442,-99.67813438512354,-27.476599,4.828203,22.306343,29.964157,-10.890123,-0.699025,2.911004,-1.1395726,0.70435125,48.104298,-6.7346907,2.9069998,10.334918,15.820372,24.746166,-27.682806,63.78766,-18.129208,-30.118687,37.593296,39.312588
173,1.1710708141326904,-76.93079376220703,61.23960494995117,-0.5562766779436762,4.2026650519412785,-99.39821956334336,-26.918589,4.158882,22.086367,30.192665,-11.31149,-0.051827412,1.7772793,-1.6107486,0.4798701,51.168285,-4.2635517,2.1512523,9.905385,15.855229,24.712297,-27.899773,63.093143,-17.348045,-29.948025,37.493336,40.37564
174,1.2102566957473755,-77.7289810180664,61.32451248168945,-0.16776729737778096,4.154067695000684,-99.07271377304832,-26.276655,3.4338126,21.868872,30.216024,-11.6874695,0.53992563,0.5158955,-2.0991967,0.18440415,54.360214,-1.6431746,1.1153225,9.407431,15.852064,24.68543,-28.197155,62.395462,-16.499447,-29.774988,37.384342,41.427917
175,1.2406567335128784,-78.5132827758789,61.411643981933594,0.21812432083058317,4.115259483245175,-98.77717542753648,-25.584364,2.704788,21.697742,30.09972,-12.041899,1.0666564,-0.7805933,-2.6589906,-0.22330438,57.420372,0.93053615,0.14706467,8.892328,15.796375,24.669493,-28.558168,61.67459,-15.643147,-29.603733,37.330532,42.45965
176,1.2946093082427979,-79.2839584350586,61.507057189941406,0.5899238489561515,4.10495681341185,-98.58788744555203,-24.877953,2.0197923,21.619719,29.906797,-12.396033,1.5198139,-2.030535,-3.3413389,-0.74607295,60.121693,3.2251937,-0.41827095,8.414776,15.671021,24.668356,-28.9679,60.914726,-14.837064,-29.437515,37.39841,43.46365
177,1.365788221359253,-80.0413589477539,61.608306884765625,0.9453225704549426,4.141496437310884,-98.54401103991691,-24.179293,1.3909559,21.672739,29.65043,-12.768431,1.894476,-3.238708,-4.205661,-1.392852,62.444626,5.359661,-0.3316452,8.003693,15.473603,24.683228,-29.447847,60.10151,-14.092273,-29.27259,37.598083,44.44348
178,1.4445196390151978,-80.78465270996094,61.71364212036133,1.2896122517702673,4.212079982966004,-98.59953225387599,-23.45918,0.7895579,21.82426,29.28286,-13.136872,2.1934144,-4.4469748,-5.2111573,-2.1119456,64.53469,7.3725195,0.15526135,7.6270065,15.201567,24.711958,-29.997599,59.2599,-13.376456,-29.10755,37.8985,45.405064
179,1.5182833671569824,-81.51521301269531,61.820518493652344,1.6238609328171696,4.28755979828072,-98.69366060125449,-22.699629,0.19715527,22.007992,28.804855,-13.466897,2.4253721,-5.646673,-6.2524605,-2.826806,66.44691,8.889488,0.63110757,7.2389903,14.839072,24.752914,-30.568739,58.432373,-12.680115,-28.950605,38.30498,46.34558
180,1.5923662185668945,-82.2352523803711,61.93716049194336,1.9147580385131002,4.354326486604946,-98.76829993438473,-21.91825,-0.3589406,22.148159,28.27067,-13.755407,2.5988848,-6.8341646,-7.1946964,-3.496605,68.19643,9.551484,0.68051875,6.750789,14.468365,24.779898,-30.889069,57.618687,-11.717046,-28.930304,38.593742,46.941437
181,1.663411021232605,-82.94513702392578,62.06242370605469,2.224477857086901,4.378753071274819,-98.83198577155605,-21.04659,-0.9566025,22.276152,27.581032,-13.939578,2.7063653,-7.9935894,-8.101576,-4.134952,69.82681,9.008007,0.13336954,6.265271,13.924387,24.824774,-31.353794,56.885605,-10.803013,-28.905731,39.04358,47.59675
182,1.724531650543213,-83.65845489501953,62.183815002441406,2.555794928953267,4.372191403048153,-98.9102858087222,-20.08837,-1.5978314,22.420033,26.721203,-14.029651,2.7516983,-9.1280365,-8.999851,-4.7372117,71.31259,7.5341225,-0.73689526,5.7990003,13.171632,24.899437,-32.035717,56.240444,-10.050545,-28.863325,39.76118,48.40218
183,1.765770435333252,-84.35112762451172,62.30961608886719,2.871234781133352,4.332187929794915,-98.97427901854314,-19.077038,-2.2384377,22.535904,25.771582,-14.060913,2.7673192,-10.228416,-9.784534,-5.2237663,72.60464,5.6877875,-1.6694757,5.259141,12.349371,25.031202,-32.739166,55.6087,-9.868318,-28.547003,40.9947,49.75397
184,1.7991254329681396,-85.07637786865234,62.441837310791016,3.068088049787344,4.289726697775897,-98.98118565614992,-18.110855,-2.7560918,22.550447,24.906841,-14.126444,2.7793286,-11.299141,-10.306353,-5.586024,73.61665,4.052512,-2.4454563,4.7495513,11.560463,25.076414,-33.077477,55.01646,-8.871657,-28.532667,41.436687,50.340767
185,1.8266946077346802,-85.76473236083984,62.570072174072266,3.217692044177834,4.207321478623441,-98.90626761604854,-17.114248,-3.2432952,22.463417,24.004642,-14.146858,2.7917354,-12.330093,-10.611769,-5.7900324,74.37178,2.6458542,-3.0667243,4.18121,10.592862,25.14232,-33.50687,54.552593,-7.977014,-28.517872,42.072704,51.01343
186,1.8589953184127808,-86.44174194335938,62.693870544433594,3.31889017146606,4.092734659536876,-98.77844927148335,-16.089443,-3.6914332,22.302855,23.06694,-14.129967,2.7883012,-13.333439,-10.718673,-5.8594513,74.89043,1.2178593,-3.630325,3.570712,9.507742,25.221762,-33.951885,54.17114,-7.1449237,-28.498974,42.83364,51.7303
187,1.8746134042739868,-87.10572052001953,62.80568313598633,3.396324228423683,3.9524960539792984,-98.62524428175928,-15.027516,-4.122065,22.099178,22.07789,-14.0730295,2.779637,-14.294486,-10.714549,-5.85531,75.18824,-0.11859748,-4.0743985,2.8831737,8.300289,25.331013,-34.406116,53.87283,-6.4971776,-28.45833,43.89124,52.562737
188,1.884382724761963,-87.82005310058594,62.93344497680664,3.4713504305668215,3.818372718210853,-98.47687456444179,-13.953713,-4.5470576,21.886854,21.053024,-13.9946,2.774736,-15.223161,-10.685421,-5.836596,75.28661,-1.256706,-4.337728,1.6693002,7.543982,25.513605,-34.01752,53.316334,-6.605852,-28.119751,45.908974,53.853184
189,1.889522910118103,-88.53102111816406,63.05387496948242,3.499837631706354,3.658091101292789,-98.33926353518193,-12.861817,-4.911645,21.660542,20.064363,-13.935346,2.7733312,-16.074623,-10.603546,-5.84288,75.15252,-2.119779,-4.3609824,1.2351208,6.472517,25.557116,-34.144882,52.889835,-5.615955,-28.103111,46.310776,54.55306
190,1.9096981287002563,-89.22529602050781,63.15771484375,3.5102662310126047,3.4780317073501834,-98.1936324771407,-11.736027,-5.2570224,21.409897,19.039516,-13.848991,2.7704728,-16.871166,-10.471855,-5.8415103,74.79355,-2.7854655,-4.198411,0.77574044,5.313992,25.614424,-34.22712,52.520878,-4.693258,-28.08293,46.85709,55.29743
191,1.9084970951080322,-89.91585540771484,63.265655517578125,3.5236760778318468,3.31250436841786,-98.03940572785342,-10.605822,-5.6019883,21.141174,17.969446,-13.733639,2.7643025,-17.652267,-10.309547,-5.8193808,74.24526,-3.3437438,-3.9672704,-0.5193009,4.627634,25.77823,-33.26426,51.955666,-4.611887,-27.85571,48.78226,56.35789
192,1.9259989261627197,-90.59612274169922,63.34383010864258,3.5197957199462304,3.1338848035168088,-97.88617355473596,-9.482273,-5.907426,20.863457,16.949972,-13.647764,2.7543879,-18.398863,-10.091797,-5.7701316,73.53763,-3.8743136,-3.787147,-0.88698584,3.5686374,25.816332,-33.23102,51.410793,-3.6074965,-27.838537,49.055794,57.015167
193,1.9414461851119995,-91.27667236328125,63.433258056640625,3.5089405944913605,2.9580389971736074,-97.7298373578768,-8.361701,-6.1957717,20.566713,15.931928,-13.558179,2.770237,-19.130274,-9.827565,-5.6921835,72.67085,-4.3740406,-3.7204368,-1.3258362,2.5574543,25.867058,-33.086674,50.77111,-2.621775,-27.814808,49.389503,57.59794
194,1.9368770122528076,-91.96966552734375,63.49984359741211,3.4928253266466354,2.7840569134524547,-97.56920354047702,-7.24728,-6.465628,20.25293,14.928477,-13.47364,2.804353,-19.841484,-9.520834,-5.589734,71.63427,-4.808675,-3.6949978,-1.8001752,1.6412896,25.925053,-32.80167,50.00258,-1.6496766,-27.783678,49.72119,58.135902
195,1.9339218139648438,-92.64545440673828,63.544742584228516,3.4722908992733035,2.621752773040211,-97.40393586636844,-6.1516795,-6.7155657,19.94056,13.949148,-13.4112,2.805198,-20.528238,-9.183525,-5.4637747,70.42538,-5.2126436,-3.6285083,-2.3221319,0.7969444,25.990992,-32.410492,49.15512,-0.71877843,-27.746784,50.041103,58.63564
196,1.9136570692062378,-93.35028076171875,63.589508056640625,3.4514396468641864,2.4809803286680054,-97.23296004700113,-5.0866303,-6.942136,19.647825,13.000122,-13.381608,2.7219012,-21.18582,-8.827983,-5.3173475,69.039734,-5.6188884,-3.4404042,-2.901318,-0.025434958,26.068176,-31.975101,48.298637,0.13113233,-27.706846,50.359325,59.111576
197,1.9059244394302368,-94.0296401977539,63.61839294433594,3.4217060394269256,2.369039397162793,-97.05017668437739,-4.049347,-7.1412034,19.38149,12.053508,-13.384996,2.5140054,-21.82056,-8.435763,-5.1290517,67.46297,-6.054098,-3.0681996,-3.5266812,-0.8673486,26.158932,-31.535131,47.450256,0.89774585,-27.66575,50.673565,59.55966
198,1.9001431465148926,-94.69257354736328,63.63178634643555,3.3807966093678004,2.2787338999045015,-96.85678147435262,-3.0323553,-7.316102,19.131409,11.108622,-13.41339,2.2221687,-22.430706,-8.01341,-4.910324,65.70025,-6.496096,-2.5775182,-4.1759124,-1.7224767,26.263372,-31.09828,46.58908,1.6088654,-27.623726,50.964077,59.9734
199,1.8865233659744263,-95.373779296875,63.628395080566406,3.341463370960953,2.196546387576958,-96.6632188686426,-2.0407712,-7.473456,18.889988,10.215209,-13.470376,1.9154701,-23.00065,-7.606648,-4.7116685,63.777832,-6.903431,-2.0747888,-4.8418994,-2.5718093,26.381327,-30.681204,45.732025,2.2641249,-27.581331,51.217888,60.371746
200,1.8770949840545654,-96.05223846435547,63.602264404296875,3.3346243246435145,2.1071547320623827,-96.47441998133881,-1.1635019,-7.6149483,18.654991,9.636127,-13.681175,1.6582913,-23.537964,-7.2801437,-4.5706058,61.779358,-7.2683983,-1.6575865,-5.3721585,-3.3548076,26.46718,-30.465015,44.83889,2.826063,-27.552588,51.321068,60.82504
201,1.8701471090316772,-96.72528839111328,63.572025299072266,3.3239354305449096,2.005737713919686,-96.30369297709186,-0.2585541,-7.753026,18.412735,9.028057,-13.835298,1.4792947,-23.995777,-7.001262,-4.5233965,59.599327,-7.5292764,-1.3461217,-5.986055,-4.2106037,26.568087,-30.254059,44.04828,3.3897278,-27.521713,51.395245,61.24924
202,1.8696370124816895,-97.4052734375,63.52836990356445,3.307556603459543,1.898915728812,-96.13739188082917,0.6053901,-7.8634634,18.170559,8.544149,-14.039172,1.3389264,-24.400917,-6.7499084,-4.539972,57.27727,-7.734429,-1.0790138,-6.642686,-5.0785866,26.682756,-30.064367,43.31237,3.9031444,-27.489841,51.43726,61.66209
203,1.8607840538024902,-98.08756256103516,63.46051025390625,3.2940487033798016,1.795090404213351,-95.98433143295816,1.4238071,-7.959372,17.94236,8.178888,-14.302102,1.208668,-24.76649,-6.510667,-4.585491,54.833366,-7.8706717,-0.8437371,-7.302722,-5.9565578,26.811123,-29.90497,42.628147,4.3689437,-27.457373,51.444935,62.05561
204,1.8598523139953613,-98.77935028076172,63.381351470947266,3.2983544477462083,1.7024278407048488,-95.8548286410464,2.1843925,-8.053497,17.745165,7.946804,-14.6510935,1.0580356,-25.097359,-6.2749414,-4.6218214,52.26558,-7.9140034,-0.6325246,-7.929822,-6.853962,26.951962,-29.779419,42.00324,4.7953353,-27.425034,51.417267,62.419292
205,1.8608626127243042,-99.46378326416016,63.29061508178711,3.3230931523488434,1.6216627614555101,-95.75243832652049,2.8811085,-8.148879,17.582247,7.8576865,-15.097583,0.8822167,-25.399052,-6.053153,-4.651055,49.568962,-7.8598413,-0.4734348,-8.525115,-7.7890677,27.12118,-29.690678,41.447926,5.180189,-27.390446,51.351017,62.735687
206,1.8628736734390259,-100.14442443847656,63.18498229980469,3.358639956995394,1.5502020893764008,-95.6714527906548,3.5440185,-8.244454,17.443176,7.8391256,-15.589218,0.6956566,-25.66794,-5.841056,-4.6896677,46.744175,-7.723383,-0.36033797,-9.0911255,-8.746962,27.301352,-29.646881,40.946636,5.5175934,-27.35798,51.2429,63.015266
207,1.8614596128463745,-100.8222427368164,63.08738708496094,3.3372975509762988,1.4985246503324041,-95.62478189325152,4.2400494,-8.30074,17.339745,7.6950674,-16.004715,0.49634063,-25.854292,-5.547832,-4.7383475,43.67695,-7.4351,-0.24362624,-9.619075,-9.92032,27.56598,-29.689932,40.619297,5.943791,-27.31663,51.001526,63.18592
208,1.8670982122421265,-101.50748443603516,62.9681396484375,3.3828403942792313,1.4695636801709695,-95.60206409055779,4.8635383,-8.40756,17.27577,7.7078953,-16.51003,0.2798635,-26.061909,-5.290553,-4.7088485,40.63754,-7.1629887,-0.062196594,-9.999913,-10.905546,27.824291,-29.805616,40.160015,6.281261,-27.279612,50.696583,63.444393
209,1.8712360858917236,-102.2027359008789,62.836910247802734,3.4494632305667197,1.4652710724070201,-95.6164171036792,5.485379,-8.542801,17.260717,7.6877346,-16.99103,0.03423119,-26.246222,-5.0210233,-4.634549,37.46852,-6.7894797,0.15121387,-10.296431,-11.891237,28.081146,-29.975536,39.73386,6.596809,-27.243544,50.313805,63.738323
210,1.8766306638717651,-102.89752197265625,62.69216537475586,3.5297939631962714,1.482845656798167,-95.6669285276039,6.104989,-8.699951,17.291815,7.6389565,-17.451683,-0.23761936,-26.41062,-4.745406,-4.5227833,34.18547,-6.334709,0.37512422,-10.51949,-12.906995,28.338156,-30.203218,39.36827,6.8946643,-27.207312,49.854298,64.039795
211,1.8787721395492554,-103.59990692138672,62.541954040527344,3.575375804840979,1.5298600119595218,-95.7482723311762,6.671042,-8.811743,17.369198,7.675933,-17.959082,-0.5179375,-26.545444,-4.4203477,-4.3542686,30.839231,-5.8839507,0.6664429,-10.538816,-13.975935,28.698936,-30.613295,38.981014,7.323671,-27.155882,49.131443,64.24298
212,1.8821852207183838,-104.31181335449219,62.38047409057617,3.6230937331817206,1.5729733874988125,-95.83585556724022,7.2324305,-8.922455,17.451853,7.750108,-18.47936,-0.7783254,-26.645899,-4.0921063,-4.0881534,27.576996,-5.5765624,1.0895673,-10.516662,-14.967705,29.023306,-30.985928,38.618603,7.7533555,-27.108692,48.407345,64.40562
213,1.879499077796936,-105.02978515625,62.21322250366211,3.6464802309276987,1.6276637391300146,-95.94287638165368,7.750789,-8.998532,17.564102,7.929064,-19.059896,-1.0126069,-26.679535,-3.711858,-3.669201,24.227749,-5.3736715,1.6816559,-10.357865,-15.910664,29.394114,-31.390736,38.222748,8.28918,-27.055141,47.524387,64.45413
214,1.8731422424316406,-105.7477798461914,62.040771484375,3.6822362316444974,1.6700323868070859,-96.06746986506828,8.292328,-9.097643,17.692623,8.0932455,-19.6247,-1.2289172,-26.635923,-3.3369799,-3.1217496,20.786554,-5.2346416,2.3914735,-10.326066,-16.80635,29.640656,-31.583223,38.021576,8.695134,-27.018076,46.874496,64.51405
215,1.862260341644287,-106.47608184814453,61.86815643310547,3.679747996256178,1.7234715714851359,-96.203397304544,8.8032255,-9.14704,17.836416,8.324042,-20.217873,-1.4432927,-26.501211,-2.94671,-2.5830426,17.313583,-5.0954185,3.1499412,-10.189217,-17.667286,29.936628,-31.827833,37.807255,9.21323,-26.974054,46.090736,64.45727
216,1.8489601612091064,-107.20091247558594,61.69364547729492,3.66914509627659,1.7759334851911395,-96.31761329386649,9.316889,-9.175388,17.944338,8.56004,-20.792227,-1.6623917,-26.296965,-2.6011508,-2.1737094,14.027309,-4.977065,3.9136431,-10.0995455,-18.492674,30.201378,-32.03903,37.676327,9.697545,-26.934809,45.403027,64.371445
217,1.8323801755905151,-107.93907928466797,61.51338195800781,3.646243560580065,1.8418216364092972,-96.3895235008289,9.8143635,-9.174761,18.001125,8.820187,-21.398579,-1.8833907,-25.949574,-2.2890558,-1.8962204,10.666582,-4.821103,4.7279205,-10.000191,-19.291695,30.495148,-32.300068,37.545628,10.221888,-26.891907,44.67383,64.21003
218,1.7995678186416626,-108.686767578125,61.320472717285156,3.733427996745309,1.9391736610626737,-96.34169889754776,10.288894,-9.256729,17.911705,9.086306,-22.011023,-2.096091,-25.701769,-2.1482098,-1.723208,7.73737,-4.9451547,5.6346173,-10.028155,-19.99652,30.750067,-32.460014,37.371277,10.63348,-26.856821,44.010246,64.10682
219,1.7626606225967407,-109.45166015625,61.10354232788086,3.9702788831628175,2.0696646349084125,-96.18019063841062,10.735462,-9.455071,17.665964,9.366734,-22.555338,-2.3108249,-24.606945,-2.1788197,-1.754361,3.0295064,-3.7977984,6.570896,-10.174454,-20.55621,30.930574,-32.449276,37.134705,10.83057,-26.834497,43.47654,64.1635
220,1.739278793334961,-110.21150207519531,60.88453674316406,4.18535704550244,2.1893581245572484,-96.05142963645447,11.1748,-9.614572,17.43314,9.690846,-22.974371,-2.5506759,-23.684532,-2.1753435,-1.9750003,-0.70195735,-2.7785518,7.4386945,-10.306186,-21.05484,31.057493,-32.362087,37.017765,10.964938,-26.819572,43.090298,64.23903
221,1.7101459503173828,-110.97750854492188,60.69179916381836,4.346617470737389,2.295129316292918,-95.97178311135278,11.600022,-9.7028055,17.242832,10.075579,-23.272999,-2.8149395,-23.485825,-2.0986943,-2.5236974,-1.9901506,-2.7874343,8.466217,-10.387939,-21.527567,31.139723,-32.256016,37.05445,11.06535,-26.809261,42.85744,64.317184
222,1.6711605787277222,-111.74748992919922,60.51960754394531,4.430705753694942,2.3957724963643128,-95.91684533308506,11.84768,-9.641222,17.108221,10.920538,-23.72382,-3.108992,-23.845728,-1.9474345,-3.348751,-1.3586859,-3.6068661,9.607922,-10.422855,-21.982426,31.219765,-32.139034,37.211468,11.204185,-26.797705,42.680645,64.32732
223,1.6252336502075195,-112.52039337158203,60.377437591552734,4.382615446227233,2.4728470478441524,-95.91549087268396,12.032548,-9.42077,17.039902,11.980042,-24.166227,-3.442417,-24.392439,-1.688491,-4.1477194,0.18204473,-4.5098805,10.351515,-10.423608,-22.443735,31.29993,-32.04183,37.553146,11.414618,-26.782568,42.58064,64.20788
224,1.5506260395050049,-113.26622772216797,60.296810150146484,4.1267104521568685,2.5207154532089016,-96.01320300636311,12.191752,-8.985614,17.081942,13.181217,-24.548658,-3.8312125,-24.991922,-1.2523634,-4.5970883,2.1921515,-5.125352,10.185978,-10.3724,-22.874043,31.512873,-31.976604,38.023247,11.756989,-26.73626,42.544167,63.87727
225,1.4650858640670776,-114.00534057617188,60.25418472290039,3.596335715037079,2.5011312589574324,-96.29388647000263,12.387992,-8.297868,17.310732,14.466029,-24.87828,-4.290745,-25.871037,-0.56477344,-4.5653048,5.4122806,-5.639357,8.599748,-10.244319,-23.305485,31.830723,-31.973825,38.748066,12.18644,-26.648682,42.73279,63.354298
226,1.3980066776275635,-114.77311706542969,60.201866149902344,2.920563583391572,2.4328343817170426,-96.69691364672894,12.611704,-7.474495,17.649866,15.817619,-25.136686,-4.8017755,-26.511618,0.3213317,-4.27193,8.498335,-5.341756,6.0281153,-10.050552,-23.797367,32.11592,-32.012867,39.748955,12.655538,-26.549095,43.07382,62.719227
227,1.3346070051193237,-115.58683013916016,60.129302978515625,2.4250442944499997,2.400714792038408,-96.94160273829077,12.763954,-6.7667637,17.782846,17.267498,-25.237074,-5.3210163,-27.506987,0.9710408,-3.9361796,12.445344,-5.255718,3.372072,-9.965908,-24.116997,32.287514,-31.889578,40.635693,12.943038,-26.4736,43.371685,62.225662
228,1.24056875705719,-116.402099609375,60.077171325683594,2.0141277485733564,2.4088174579078996,-97.00171081877741,12.7882,-6.051968,17.733685,18.91831,-25.148592,-5.8322196,-28.22148,1.5110765,-3.6755025,15.471054,-4.8237424,1.4337915,-10.024946,-24.305382,32.40436,-31.68152,41.445187,13.133536,-26.406487,43.554573,61.770313
229,1.1193153858184814,-117.21360778808594,60.06550216674805,1.5340011936533327,2.4372720350897397,-96.95129659615883,12.711467,-5.197857,17.636316,20.776575,-24.926907,-6.331781,-28.516556,2.0935254,-3.3545558,17.242283,-3.8317087,0.42094573,-10.161022,-24.506681,32.506958,-31.541388,42.34013,13.354089,-26.327652,43.612034,61.219475
230,1.0076062679290771,-118.03841400146484,60.071529388427734,0.9759125790899479,2.474436719135024,-96.84164575193675,12.56152,-4.2202306,17.522408,22.809305,-24.58031,-6.8410845,-28.594622,2.7198203,-2.9321647,18.455263,-2.5018575,-0.14378181,-10.332928,-24.748354,32.584503,-31.484222,43.371025,13.614304,-26.239744,43.590675,60.57079
231,0.9077551960945129,-118.8969497680664,60.078948974609375,0.41587886398808477,2.503297746855592,-96.70902512491732,12.321833,-3.2064962,17.361702,25.039904,-24.005695,-7.3838363,-28.553097,3.3217273,-2.5536525,19.476059,-1.2901753,-0.50839764,-10.512942,-24.879179,32.626972,-31.39866,44.423584,13.878004,-26.149992,43.503002,59.886814
232,0.8127318024635315,-119.76597595214844,60.08158493041992,-0.07024778441151085,2.506287999703497,-96.58894688724415,11.971839,-2.2400966,17.118992,27.495262,-23.09947,-7.9797153,-28.48453,3.8318615,-2.3677783,20.628103,-0.62954885,-0.9087612,-10.675132,-24.786745,32.614876,-31.194414,45.412327,14.106514,-26.069002,43.359425,59.2288
233,0.713088870048523,-120.63213348388672,60.082740783691406,-0.47135676154010037,2.476008010846406,-96.46775769222756,11.51566,-1.3212969,16.757513,30.194717,-21.76898,-8.764812,-28.417494,4.208228,-2.458498,22.02014,-0.72928643,-1.3151523,-10.832102,-24.42689,32.542133,-30.821354,46.307243,14.308791,-25.99613,43.11683,58.603004
234,0.6051941514015198,-121.48482513427734,60.100608825683594,-0.8282742231427677,2.4202405121562696,-96.34087782353971,10.955892,-0.41454235,16.298626,33.127693,-20.096527,-9.683484,-28.316969,4.4763727,-2.7078316,23.516588,-1.3577695,-1.6320934,-10.987927,-23.871107,32.418,-30.334818,47.161083,14.502006,-25.926508,42.78752,57.977913
235,0.5081550478935242,-122.3292236328125,60.124755859375,-1.1448113543361846,2.341448195384306,-96.25486376131916,10.28003,0.451125,15.798641,36.252705,-18.227957,-10.470833,-28.163622,4.687719,-2.9665523,25.002836,-2.2463348,-1.9802876,-11.096721,-23.170948,32.242584,-29.798407,48.00134,14.666886,-25.863287,42.45185,57.34887
236,0.41399332880973816,-123.16754150390625,60.15991973876953,-1.422852501485702,2.243008879167092,-96.25135493782858,9.483344,1.2479484,15.326643,39.51525,-16.291882,-10.871223,-27.934216,4.9133897,-3.0943606,26.34333,-3.1121716,-2.4745538,-11.115179,-22.388779,32.0142,-29.285248,48.863808,14.77717,-25.811293,42.190647,56.717457
237,0.3274035155773163,-124.00587463378906,60.2078742980957,-1.648323353861405,2.106755847175155,-96.38421874545459,8.570608,1.9488337,14.925777,42.990875,-14.317477,-10.750093,-27.623241,5.206556,-3.0160294,27.527948,-3.9233992,-3.2012134,-11.000207,-21.510542,31.722572,-28.777775,49.780136,14.844396,-25.77033,41.996063,56.093597
238,0.24132011830806732,-124.834228515625,60.26198959350586,-1.8244581496116272,1.9366614339469772,-96.61482904341496,7.5547795,2.5775893,14.576813,46.651897,-12.207266,-10.279497,-27.248543,5.543346,-2.813846,28.616522,-4.8050623,-4.0629,-10.782083,-20.525568,31.372871,-28.263016,50.726753,14.879008,-25.738096,41.82995,55.46835
239,0.15109184384346008,-125.65690612792969,60.321533203125,-1.980202609546932,1.770367448777034,-96.84418420750997,6.44009,3.1890535,14.255329,50.297962,-9.900317,-9.659617,-26.811153,5.8846564,-2.5934222,29.551718,-5.701247,-4.903112,-10.52843,-19.47789,30.992758,-27.805637,51.63894,14.859047,-25.715878,41.72357,54.809612
240,0.05980851128697395,-126.47588348388672,60.396812438964844,-2.142968233219674,1.6467641826929973,-96.97444249680186,5.2217255,3.838032,13.918967,53.75019,-7.35245,-9.082605,-26.31345,6.177565,-2.4646735,30.282331,-6.5652723,-5.5690966,-10.309659,-18.399914,30.61336,-27.461128,52.444572,14.760091,-25.705296,41.71014,54.087242
241,-0.04606447368860245,-127.28235626220703,60.48365783691406,-2.3218567931324463,1.5778424942362463,-96.97577016557796,3.833825,4.52718,13.4482565,57.08001,-4.4098806,-8.507538,-25.740156,6.40908,-2.4684246,30.762056,-7.4052615,-6.011582,-10.147447,-17.264524,30.245708,-27.215818,53.102253,14.56995,-25.708847,41.818443,53.291435
242,-0.1479126363992691,-128.077880859375,60.57782745361328,-2.4994257659608095,1.5440176527629712,-96.90213832884983,2.2945535,5.233369,12.898243,60.35375,-1.1411875,-7.858219,-25.096275,6.6043496,-2.5459485,31.027557,-8.237926,-6.312096,-10.003704,-16.048481,29.887243,-27.042604,53.640625,14.303058,-25.725145,42.022045,52.43951
243,-0.24366232752799988,-128.85879516601562,60.673683166503906,-2.6728947039761284,1.5368758381906615,-96.77892316370036,0.7128142,5.989441,12.464038,63.42528,2.1340654,-7.24536,-24.416077,6.764855,-2.6660678,31.152697,-9.03141,-6.517104,-9.857501,-14.796106,29.544466,-26.982231,54.09784,13.959745,-25.751614,42.27281,51.557312
244,-0.34157246351242065,-129.63568115234375,60.77869415283203,-2.8355834902967127,1.5479872366165994,-96.63585123605216,-0.7988714,6.843325,12.339679,66.14992,5.0844884,-6.752034,-23.730276,6.8962255,-2.7926307,31.202639,-9.748959,-6.6776233,-9.685552,-13.541927,29.221521,-27.06661,54.503643,13.542626,-25.785137,42.52034,50.667763
245,-0.4362163543701172,-130.4009246826172,60.894798278808594,-2.985743441316285,1.5947068666583637,-96.44265201771402,-2.2426443,7.919902,12.688039,68.5382,7.8977523,-6.395781,-23.049732,6.9939737,-2.960188,31.169197,-10.379067,-6.798208,-9.510623,-12.258148,28.914621,-27.288422,54.813892,13.040164,-25.826385,42.762756,49.75799
246,-0.5250932574272156,-131.15565490722656,61.01942825317383,-3.1276268519286368,1.6755955080310518,-96.20439016272445,-3.6693387,9.202981,13.363435,70.69561,10.627472,-6.0731235,-22.359327,7.0737286,-3.1733298,31.021826,-10.934327,-6.86217,-9.327039,-10.949952,28.625244,-27.644133,55.039692,12.452151,-25.876568,43.020126,48.82234
247,-0.610409140586853,-131.8959197998047,61.14389419555664,-3.257329821995973,1.7526387685671503,-95.9981789963902,-5.0321984,10.494345,14.090304,72.59232,12.75082,-5.7260847,-21.646257,7.1575723,-3.3523993,30.79505,-11.420811,-6.8885937,-9.073017,-9.678042,28.361132,-28.157541,55.271893,11.785975,-25.934883,43.276016,47.911175
248,-0.6899532675743103,-132.62794494628906,61.26364517211914,-3.367489367726561,1.7858073833726886,-95.88695943644036,-6.283536,11.554033,14.598844,74.16113,13.770284,-5.3318605,-20.89078,7.2492714,-3.4241073,30.522905,-11.849215,-6.8908606,-8.699966,-8.484544,28.125717,-28.84349,55.5858,11.052331,-26.00008,43.51273,47.076244
249,-0.7559858560562134,-133.3673095703125,61.395137786865234,-3.4531409663648245,1.7588759054571097,-95.88423908810083,-7.4098516,12.25572,14.789241,75.347824,13.318829,-4.905263,-20.085596,7.338213,-3.374252,30.214375,-12.212528,-6.8500795,-8.192111,-7.38073,27.918747,-29.797945,56.004757,10.2220335,-26.07529,43.75291,46.341515
250,-0.8081573247909546,-134.08619689941406,61.52116775512695,-3.5112042475276164,1.690910578807386,-95.94592179637496,-8.441298,12.69989,14.806295,76.18795,11.762233,-4.4925785,-19.23784,7.4122214,-3.2493825,29.857487,-12.51514,-6.76589,-7.5873227,-6.325901,27.732958,-30.97732,56.47432,9.296122,-26.160696,43.998653,45.684666
251,-0.8518533706665039,-134.81536865234375,61.64614486694336,-3.5402954128084905,1.594059676446842,-96.05244148077749,-9.398726,12.990988,14.770883,76.74448,9.705209,-4.1048403,-18.358454,7.4684854,-3.0655267,29.469212,-12.788813,-6.674737,-6.9149747,-5.2825046,27.561312,-32.18991,56.950077,8.327827,-26.250889,44.207043,45.08815
252,-0.8815851807594299,-135.5355224609375,61.76554489135742,-3.536478000297383,1.4819777656077444,-96.18574763886912,-10.298911,13.254715,14.827056,77.083534,7.746817,-3.727719,-17.458242,7.5034924,-2.835324,29.063929,-13.062418,-6.6095343,-6.2038126,-4.2178764,27.39865,-33.244076,57.39247,7.3701725,-26.34072,44.3384,44.536156
253,-0.9151312708854675,-136.27679443359375,61.88954162597656,-3.48329070180918,1.3458448957265077,-96.35509945587908,-11.132369,13.46388,14.971379,77.18603,5.8953195,-3.3597872,-16.535425,7.4955993,-2.5417993,28.66063,-13.353105,-6.569758,-5.446659,-3.1151497,27.24197,-34.124912,57.79146,6.4049006,-26.432903,44.427017,44.060326
254,-0.956933319568634,-137.00503540039062,62.01344680786133,-3.389424847843749,1.1816831271233268,-96.56594130516699,-11.896044,13.573051,15.134936,77.02712,3.8837914,-3.0138955,-15.585786,7.4475365,-2.1846392,28.248718,-13.643273,-6.5346074,-4.636032,-1.9940444,27.093063,-34.926468,58.171654,5.4132695,-26.529572,44.491455,43.658558
255,-0.9887905716896057,-137.732421875,62.13454055786133,-3.2912624561949047,1.0113574331861637,-96.79485220542593,-12.61193,13.692756,15.387761,76.6636,1.8969135,-2.6788883,-14.619194,7.392346,-1.7996811,27.798388,-13.907907,-6.50459,-3.797532,-0.88502115,26.954031,-35.62288,58.549603,4.4467545,-26.625048,44.464252,43.265667
256,-1.0208765268325806,-138.4633026123047,62.254913330078125,-3.2291778283750014,0.8576649560627501,-97.0175603052243,-13.301103,13.931554,15.804557,76.1534,0.115486726,-2.3449187,-13.643603,7.36534,-1.4236959,27.277124,-14.121296,-6.4820747,-2.9597633,0.18333618,26.82702,-36.179863,58.94022,3.5589087,-26.712996,44.275135,42.810646
257,-1.0638844966888428,-139.19129943847656,62.37467956542969,-3.215882081676522,0.7206398134933598,-97.23407317615238,-13.954318,14.347307,16.459518,75.506004,-1.4227126,-2.026412,-12.651308,7.3839855,-1.0531818,26.669523,-14.267677,-6.4763894,-2.1181223,1.198245,26.711885,-36.5855,59.359066,2.788869,-26.78834,43.85405,42.27027
258,-1.1028019189834595,-139.92013549804688,62.48822021484375,-3.2315658886418523,0.5908482070765348,-97.45440800461665,-14.56318,14.866573,17.30067,74.69203,-2.8122149,-1.73441,-11.640593,7.4257283,-0.6738937,25.995787,-14.364206,-6.4787245,-1.2604034,2.174908,26.604895,-36.85763,59.79678,2.1052163,-26.855349,43.25078,41.67896
259,-1.1414129734039307,-140.64073181152344,62.58356475830078,-3.264159780578246,0.478053649640323,-97.66836592990812,-15.150175,15.400307,18.216274,73.71218,-4.0723186,-1.4508318,-10.630935,7.4691715,-0.30887944,25.28375,-14.437067,-6.4697003,-0.4406156,3.1599414,26.510437,-36.94819,60.2148,1.4191122,-26.913094,42.62462,41.07462
260,-1.165037751197815,-141.36627197265625,62.680564880371094,-3.301975245401977,0.3912432074317486,-97.86555244870337,-15.741567,15.864077,19.092224,72.5704,-5.223218,-1.1512136,-9.638776,7.4961963,0.019098565,24.54981,-14.51094,-6.4355135,0.33559465,4.154628,26.42279,-36.883038,60.59556,0.6769918,-26.969175,42.066406,40.48206
261,-1.1825364828109741,-142.09226989746094,62.76832962036133,-3.351197950000853,0.3363544659695322,-98.04621596031463,-16.347939,16.271837,19.947817,71.2808,-6.2788935,-0.80444705,-8.664811,7.5148377,0.29631805,23.778782,-14.584118,-6.3805194,1.0989665,5.118231,26.33091,-36.684166,60.970734,-0.1030562,-27.035683,41.54974,39.87332
262,-1.210819125175476,-142.80682373046875,62.84727478027344,-3.414374436658317,0.30698339616878195,-98.21378579726733,-16.956606,16.65137,20.82985,69.841705,-7.230262,-0.43560448,-7.7012053,7.533822,0.535781,22.967648,-14.6478,-6.3159475,1.8521848,6.0474353,26.233227,-36.347828,61.349987,-0.8869534,-27.11196,41.021107,39.235123
263,-1.2344779968261719,-143.5159912109375,62.916587829589844,-3.483948337083474,0.29397257832577994,-98.36732668798477,-17.558762,16.955559,21.665741,68.22874,-8.061934,-0.094588496,-6.7503567,7.546341,0.75839716,22.146015,-14.706155,-6.2418528,2.5847204,6.950157,26.134947,-35.917812,61.71514,-1.675003,-27.19474,40.489136,38.598488
264,-1.2501517534255981,-144.22837829589844,62.976139068603516,-3.550598901756995,0.28790469373374716,-98.5053452836013,-18.146025,17.142944,22.383423,66.41744,-8.757127,0.17633069,-5.8141775,7.5441537,0.9849324,21.342539,-14.762753,-6.157404,3.2907326,7.8283424,26.04308,-35.45926,62.043545,-2.5020947,-27.27649,39.986332,38.029995
265,-1.2602612972259521,-144.94979858398438,63.02701950073242,-3.608442101171735,0.29214548232744375,-98.62289670380673,-18.732334,17.199686,22.949997,64.39897,-9.297609,0.428734,-4.895356,7.5193753,1.2319998,20.554253,-14.810668,-6.0632114,3.9833686,8.688807,25.946964,-34.928535,62.32398,-3.3404877,-27.36857,39.46201,37.521183
266,-1.2766988277435303,-145.64915466308594,63.06610870361328,-3.665226663085072,0.3092747784349423,-98.722358802583,-19.317795,17.159006,23.412195,62.194027,-9.7029,0.6769875,-3.991296,7.4804807,1.485652,19.768589,-14.851107,-5.9646535,4.6610594,9.520342,25.849243,-34.320705,62.576378,-4.1947985,-27.468819,38.932552,37.05482
267,-1.300238013267517,-146.34764099121094,63.08602523803711,-3.7293036109133944,0.3304590938334499,-98.81492322327014,-19.873718,17.051226,23.82064,59.81724,-10.009355,0.82676786,-3.1027231,7.441,1.7214575,19.010065,-14.9065485,-5.866385,5.30393,10.306373,25.755417,-33.708874,62.833893,-5.070016,-27.575317,38.434948,36.61706
268,-1.3051233291625977,-147.0574188232422,63.096954345703125,-3.811537558725548,0.34748519901549496,-98.90957940132682,-20.372877,16.909103,24.222437,57.276676,-10.248005,0.7814525,-2.2297058,7.4187694,1.9123899,18.301054,-14.996536,-5.7717857,5.9030957,11.043175,25.680964,-33.199696,63.10673,-5.949838,-27.669802,38.006775,36.172768
269,-1.320112943649292,-147.7613983154297,63.08993148803711,-3.9118170741063785,0.36063546130511415,-99.01454425314597,-20.800707,16.751333,24.65479,54.54558,-10.443358,0.5022192,-1.3731662,7.4184475,2.043494,17.638525,-15.127879,-5.689123,6.4650483,11.701686,25.623983,-32.81366,63.425488,-6.8515897,-27.751177,37.64532,35.74055
270,-1.3335847854614258,-148.47012329101562,63.06433868408203,-4.026789941091912,0.3784268652795948,-99.12185299389547,-21.178984,16.561678,25.08456,51.626564,-10.572132,0.05069047,-0.537955,7.43188,2.129991,17.013968,-15.293298,-5.617422,6.9959846,12.339361,25.571173,-32.45993,63.735184,-7.7237515,-27.842333,37.2779,35.275
271,-1.3538086414337158,-149.18287658691406,63.025630950927734,-4.160126315540837,0.38971566346941267,-99.22221588116415,-21.518673,16.32933,25.45744,48.571117,-10.597072,-0.5171283,0.27641642,7.461621,2.1963792,16.458813,-15.492181,-5.5435824,7.482062,12.866694,25.535164,-32.211678,64.106384,-8.618392,-27.913216,36.99399,34.838062
272,-1.3751012086868286,-149.885986328125,62.971431732177734,-4.290476709435323,0.4047191063798176,-99.30352792402918,-21.840893,16.020994,25.7248,45.41228,-10.4724455,-1.1391507,1.0543143,7.4874578,2.2635806,16.000048,-15.728173,-5.451153,7.9296613,13.402202,25.500252,-31.9637,64.43487,-9.519646,-27.99378,36.69268,34.426167
273,-1.393884539604187,-150.60472106933594,62.90431594848633,-4.430053439507968,0.4125861139007611,-99.36210709289158,-22.145844,15.652419,25.863802,42.138546,-10.172607,-1.7291044,1.8086524,7.518844,2.3330746,15.633831,-15.992763,-5.3336716,8.320451,13.909527,25.470222,-31.747284,64.76129,-10.415271,-28.085066,36.411148,34.013287
274,-1.404893159866333,-151.32374572753906,62.82643508911133,-4.574551491885365,0.4168871253594565,-99.40229725130608,-22.424988,15.240567,25.89878,38.74306,-9.738221,-2.3271954,2.5383675,7.555366,2.39195,15.349423,-16.288527,-5.1993012,8.653626,14.383978,25.446447,-31.570768,65.087036,-11.304011,-28.186693,36.15861,33.59519
275,-1.4279345273971558,-152.04083251953125,62.732242584228516,-4.7127670904131245,0.4323360121422626,-99.42692465237837,-22.67987,14.784534,25.843248,35.28078,-9.237277,-3.0603635,3.2283742,7.5863547,2.4440606,15.145764,-16.621445,-5.052592,8.943677,14.824829,25.42775,-31.417963,65.39461,-12.1880045,-28.296724,35.919426,33.193687
276,-1.450488567352295,-152.76068115234375,62.63090515136719,-4.839381974735611,0.47427194478529616,-99.44052732404224,-22.907486,14.280571,25.714067,31.784143,-8.726205,-4.056521,3.86918,7.60209,2.49565,15.006391,-16.989754,-4.8970847,9.208958,15.23345,25.412012,-31.266596,65.66517,-13.070465,-28.41143,35.671284,32.83012
277,-1.4732894897460938,-153.4808349609375,62.51692199707031,-4.951048020489483,0.551163141675897,-99.43686757508154,-23.098072,13.70532,25.476442,28.131512,-8.1299715,-5.402793,4.4580708,7.601335,2.5476582,14.922585,-17.395466,-4.7276325,9.437581,15.620022,25.397848,-31.105867,65.88155,-13.943318,-28.528732,35.396114,32.496643
278,-1.491061806678772,-154.19891357421875,62.38999938964844,-5.040625386602568,0.6529243662889436,-99.4184442074156,-23.240364,13.07288,25.136913,24.311077,-7.4432535,-6.9921217,5.0032,7.579008,2.5979676,14.898848,-17.835344,-4.542119,9.63271,15.997627,25.385128,-30.943668,66.04053,-14.807323,-28.648428,35.10058,32.194683
279,-1.5035368204116821,-154.91712951660156,62.2558479309082,-5.114030456845244,0.7714360082872601,-99.40113569430223,-23.310217,12.421475,24.782694,20.446825,-6.7831774,-8.670995,5.5029674,7.536186,2.6478136,14.95171,-18.30121,-4.345719,9.839706,16.350084,25.374287,-30.792048,66.1648,-15.704272,-28.771576,34.80984,31.97168
280,-1.5144685506820679,-155.63189697265625,62.11146545410156,-5.167521305719652,0.8856268185450494,-99.4051150785009,-23.270504,11.763152,24.519075,16.649675,-6.2367716,-10.300097,5.9351735,7.4656343,2.698767,15.176669,-18.830439,-4.1435447,10.04945,16.685028,25.362669,-30.628557,66.27876,-16.556345,-28.897442,34.52303,31.7862
281,-1.5175989866256714,-156.35081481933594,61.97528076171875,-5.155794180231373,1.0093896261339963,-99.41494965399497,-22.959965,10.915025,24.359398,12.380701,-5.563215,-11.820337,6.357664,7.313272,2.7288,15.403532,-19.340086,-3.918243,10.281028,17.08918,25.344988,-30.407509,66.27803,-17.378744,-29.085546,34.200336,31.647621
282,-1.5150986909866333,-157.08145141601562,61.81941604614258,-5.247289266454331,1.1784999260026274,-99.53163667701467,-22.564598,10.156189,24.274181,7.989736,-4.932826,-13.343433,6.734691,7.241671,2.8627129,15.637942,-19.830486,-3.67282,10.541986,17.350954,25.32664,-30.11781,66.37695,-18.063961,-29.319798,33.85455,31.315098
283,-1.4957178831100464,-157.8280029296875,61.608089447021484,-5.653073536241735,1.4014594469345032,-99.81390199208933,-21.054754,9.151709,24.481304,0.77913755,-2.6147778,-14.323944,6.994401,7.458198,3.1890202,16.035202,-20.354094,-3.433529,10.837286,17.23402,25.323044,-29.78259,66.844025,-18.594503,-29.474586,33.45522,30.711142
284,-1.4521572589874268,-158.5786590576172,61.36981964111328,-6.110776848094203,1.586203947560852,-100.00527883395321,-19.972803,8.295747,24.58306,-4.8666835,-1.0257368,-14.323944,7.202742,7.7220416,3.4414632,16.65725,-20.924007,-3.2018895,10.9952135,17.046417,25.327082,-29.47112,67.41625,-19.01424,-29.566893,33.05178,30.105331
285,-1.3919756412506104,-159.3143768310547,61.1358642578125,-6.521042074860963,1.7292149512677137,-100.12424439842324,-20.514027,8.1551,24.578043,-5.6172743,-2.3071296,-14.323944,7.3685513,7.9396086,3.6248145,17.475971,-21.525156,-3.0040393,11.068332,16.895355,25.334631,-29.140556,67.96759,-19.314247,-29.650208,32.57262,29.512772
286,-1.3238272666931152,-160.05224609375,60.895530700683594,-6.992192582398226,1.8691622425659877,-100.26515218641944,-21.107431,8.058227,24.67561,-5.8505726,-3.9025965,-14.323944,7.4628024,8.212115,3.839544,18.467325,-22.151072,-2.833352,11.129363,16.68495,25.349003,-28.806293,68.57169,-19.481829,-29.72199,32.023254,28.841467
287,-1.2748736143112183,-160.7895050048828,60.663902282714844,-7.395252524121884,1.9878080688066824,-100.40140456279751,-21.48691,7.909423,24.849104,-6.096727,-5.055589,-14.323944,7.546959,8.428479,4.062406,19.525236,-22.714144,-2.6711874,11.183649,16.506788,25.366646,-28.503242,69.13272,-19.57085,-29.786842,31.451168,28.250298
288,-1.265711784362793,-161.5338592529297,60.46305465698242,-7.599971339471057,2.0504495992578433,-100.47405501723223,-21.580227,7.7065635,25.08145,-6.3070116,-5.3320255,-14.323944,7.717931,8.475111,4.2408996,20.50166,-23.100664,-2.4964697,11.201324,16.480942,25.374115,-28.359058,69.54113,-19.80956,-29.8204,31.145409,28.059345
289,-1.2911832332611084,-162.259765625,60.32206344604492,-7.486230449624598,2.053660662679897,-100.46187591810074,-21.687521,7.5807576,25.411486,-5.4146557,-4.980352,-14.323944,7.9196243,8.250729,4.34311,21.529388,-23.40836,-2.3061068,11.271802,16.661625,25.375889,-28.222101,69.74267,-20.13231,-29.897655,30.708433,28.288418
290,-1.3035821914672852,-162.96083068847656,60.27687072753906,-7.122757847908373,1.9709636153793006,-100.33611510562896,-21.950336,7.5628204,25.74637,-3.1079621,-4.5025187,-14.323944,8.214173,7.8093486,4.3426533,22.537966,-23.60765,-2.1053848,11.288653,17.082735,25.363121,-28.248154,69.721756,-20.559347,-29.99141,30.498272,28.91559
291,-1.347318172454834,-163.714599609375,60.23968505859375,-6.542698204812824,1.8644497560022457,-100.15487035588666,-22.628525,7.679212,25.907011,0.7107201,-4.5143576,-14.323944,8.4795065,7.165412,4.2603545,23.673998,-23.729761,-1.891372,11.337787,17.642128,25.326221,-28.463503,69.51178,-21.172857,-30.14471,30.479223,29.91561
292,-1.4058878421783447,-164.4990692138672,60.19070816040039,-5.854466496383506,1.8121678033812259,-99.96662185747107,-23.741472,7.8878255,25.79304,5.4466815,-5.2307997,-14.323944,8.642091,6.409533,4.1264315,24.94637,-23.733667,-1.6611583,11.41926,18.013556,25.22456,-28.957975,69.35162,-21.775972,-30.4985,30.591648,30.928219
293,-1.4669991731643677,-165.2894287109375,60.14994430541992,-5.272933284681275,1.8555347295777427,-99.8775088874667,-25.007402,8.290022,25.424814,10.180376,-6.1513586,-14.323944,8.712202,5.7513256,4.067336,26.248837,-23.597,-1.4307092,11.460491,18.305609,25.141592,-29.320528,69.213066,-22.254934,-30.744596,30.659222,31.805088
294,-1.4865968227386475,-166.07679748535156,60.111366271972656,-4.760038414881591,1.9749470063361085,-99.76600182287376,-26.373823,8.536741,24.771717,14.782515,-6.9665174,-12.662956,8.687243,5.145211,3.971461,27.654148,-23.383595,-1.1576595,11.435043,18.478287,25.072035,-29.681538,69.12224,-22.65424,-30.934082,30.68122,32.636143
295,-1.4572491645812988,-166.87405395507812,60.08570861816406,-4.184552484527873,2.098377716527665,-99.51729754721121,-27.321356,8.129198,24.107796,17.989845,-7.0695124,-9.324343,8.5918665,4.4665246,3.7222586,29.23374,-23.014297,-0.81694317,11.26951,18.675156,24.999247,-30.081429,68.9433,-22.98711,-31.108149,30.72644,33.522213
296,-1.4208195209503174,-167.7000274658203,60.06721115112305,-3.644727038869143,2.2159834203161237,-99.36629077904247,-27.96101,7.6618657,23.62694,20.466955,-6.973416,-6.7375693,8.379891,3.8063886,3.5716393,31.020533,-22.355587,-0.44214752,11.164192,18.85342,24.937582,-30.465097,68.70218,-23.209257,-31.227333,30.751225,34.382366
297,-1.3787121772766113,-168.54379272460938,60.04800796508789,-3.125323412745455,2.3270134789443646,-99.34171834481876,-28.287264,7.196878,23.290941,22.30123,-6.742198,-5.214233,8.058287,3.1389344,3.5526028,33.03119,-21.410337,0.0055289418,11.143363,19.046795,24.880966,-30.84067,68.37104,-23.284792,-31.304182,30.728863,35.186882
298,-1.3309088945388794,-169.3917236328125,60.03361511230469,-2.5879562220654573,2.441142589408791,-99.39147267446967,-28.40298,6.7359085,23.015785,23.771559,-6.486482,-4.320353,7.6393127,2.4368029,3.605096,35.23276,-20.22625,0.508284,11.184,19.251137,24.826574,-31.249268,67.94716,-23.284391,-31.350891,30.693365,36.019836
299,-1.2797945737838745,-170.238037109375,60.03693771362305,-2.0437786655652226,2.5330535643904013,-99.44654925827874,-28.371975,6.270628,22.783096,25.05488,-6.3541913,-3.6401846,7.1124544,1.7308214,3.6597505,37.625004,-18.765663,0.9861701,11.213993,19.442879,24.776562,-31.663256,67.46808,-23.169958,-31.368816,30.649971,36.870186
300,-1.2393434047698975,-171.0892333984375,60.0391731262207,-1.5051206312783563,2.580729963023511,-99.43883033327323,-28.254667,5.759917,22.578636,26.259953,-6.463966,-2.7827537,6.4730153,1.0533459,3.6436949,40.192963,-16.985271,1.3673732,11.177561,19.589628,24.735819,-32.067535,66.9684,-22.973234,-31.343546,30.633806,37.78856
301,-1.201695442199707,-171.93753051757812,60.05418395996094,-0.9677391910475809,2.5655240617994792,-99.33677592286969,-28.07622,5.1576223,22.3695,27.431593,-6.907411,-1.6620303,5.7273073,0.40955883,3.5042217,42.986446,-14.769999,1.6549742,11.051124,19.7007,24.70257,-32.454147,66.45579,-22.675894,-31.271694,30.629684,38.790615
302,-1.1583458185195923,-172.78042602539062,60.08756637573242,-0.42777282233738023,2.501498341438567,-99.17989523940265,-27.816587,4.4879947,22.1471,28.519363,-7.6001267,-0.5103177,4.886484,-0.21445686,3.2831242,45.982033,-12.166608,1.8960493,10.869055,19.787256,24.674702,-32.832478,65.90926,-22.28226,-31.160948,30.62753,39.858162
303,-1.1156468391418457,-173.6208953857422,60.135013580322266,0.10092959989370238,2.4129968017284407,-99.00784401647482,-27.462776,3.790548,21.940693,29.444063,-8.378898,0.57676876,3.9560864,-0.81777024,3.0486078,49.05289,-9.36591,2.0866382,10.651093,19.826345,24.653751,-33.2012,65.31947,-21.804459,-31.018675,30.642939,40.942745
304,-1.0883504152297974,-174.44642639160156,60.18937301635742,0.6071932991693169,2.32958414372497,-98.86207282853445,-27.011007,3.109676,21.793615,30.14055,-9.083683,1.5083021,2.9278634,-1.4035536,2.8738413,52.091373,-6.5662656,2.2148087,10.433877,19.787376,24.642658,-33.575497,64.67854,-21.315771,-30.848787,30.729908,42.05141
305,-1.0565006732940674,-175.26731872558594,60.249488830566406,1.0966378587899843,2.24205549474071,-98.71683653919489,-26.441933,2.4161923,21.707123,30.55688,-9.66759,2.2686367,1.7756767,-1.9597965,2.815515,55.18516,-3.7653072,2.20265,10.198242,19.681429,24.643272,-33.985336,63.971985,-20.763296,-30.646753,30.835014,43.180927
306,-1.0137526988983154,-176.08285522460938,60.32064437866211,1.5711278844127703,2.1422016203705443,-98.56184591906636,-25.774199,1.6925625,21.661377,30.742334,-10.208769,2.8963046,0.5122333,-2.48562,2.818555,58.348362,-0.863485,2.0927536,9.937531,19.514862,24.653933,-34.41825,63.210243,-20.13105,-30.416876,30.948187,44.329376
307,-0.9632534384727478,-176.88612365722656,60.402435302734375,2.0141327577685764,2.0582293669716423,-98.46233836514001,-25.050491,0.9988132,21.679707,30.765858,-10.729832,3.3874235,-0.81725645,-3.013047,2.7997715,61.378345,2.0729914,2.0233486,9.682919,19.267996,24.669336,-34.796783,62.421486,-19.468231,-30.177795,31.153337,45.443836
308,-0.9070076942443848,-177.6633758544922,60.49509048461914,2.4117126951105283,2.0186621914491925,-98.47913614019141,-24.318644,0.39561504,21.785076,30.702013,-11.25544,3.7409127,-2.1806445,-3.586929,2.681404,64.100105,4.961117,2.1034229,9.457917,18.926102,24.683455,-35.03712,61.63277,-18.806929,-29.946356,31.527908,46.45951
309,-0.8400644063949585,-178.42178344726562,60.6058464050293,2.758820150565547,2.047198765230924,-98.67988137086222,-23.585995,-0.094107,22.04242,30.536333,-11.802719,3.9201775,-3.620038,-4.2706184,2.4541888,66.4963,8.08594,2.4141746,9.31232,18.4821,24.693151,-35.09614,60.837914,-18.1623,-29.727604,32.11187,47.359818
310,-0.7708589434623718,-179.16558837890625,60.72563552856445,3.0596821267334278,2.1250323167822356,-99.01490889815551,-22.828068,-0.51538676,22.427847,30.225927,-12.344355,3.939007,-5.1488295,-5.041403,2.1772466,68.679695,11.378727,2.8365817,9.217143,17.95244,24.701353,-35.01823,60.0271,-17.50782,-29.516016,32.85978,48.175987
311,-0.7140428423881531,-179.8925018310547,60.848487854003906,3.3273283645901928,2.2180225625865293,-99.36953087985898,-22.042671,-0.9147243,22.831799,29.798294,-12.836828,3.8736515,-6.685731,-5.8209424,1.8658477,70.65989,14.21894,3.1790514,9.087887,17.35251,24.711967,-34.858757,59.22284,-16.845154,-29.313517,33.744305,48.939735
312,-0.6616206169128418,-180.61325073242188,60.98139953613281,3.5690989252128382,2.289856338704851,-99.6316293392511,-21.229301,-1.3285885,23.144445,29.290161,-13.2442665,3.8018222,-8.139496,-6.532904,1.5095532,72.427666,15.990026,3.2579498,8.840423,16.695683,24.729044,-34.673004,58.447857,-16.15743,-29.120838,34.724663,49.667923
313,-0.6226653456687927,-181.3154296875,61.11391830444336,3.791725660649763,2.3394684044113725,-99.7989156694175,-20.386995,-1.7650812,23.371735,28.696045,-13.555816,3.728736,-9.503659,-7.201289,1.0482478,73.992714,16.397705,2.958789,8.472122,15.97635,24.753067,-34.475624,57.698185,-15.441795,-28.937624,35.816833,50.36669
314,-0.5875298380851746,-182.01991271972656,61.258995056152344,3.9888236058649706,2.380924366896836,-99.92437272131019,-19.51795,-2.2066603,23.56446,28.003763,-13.794857,3.6264486,-10.8155775,-7.853712,0.48935017,75.35473,15.814578,2.3973398,8.024967,15.186607,24.783182,-34.239994,56.969257,-14.708512,-28.764694,37.03421,51.0282
315,-0.5657297372817993,-182.723388671875,61.409515380859375,4.146161651129103,2.399483655358821,-99.98223715054482,-18.626417,-2.6398516,23.678612,27.253107,-13.981526,3.5190916,-12.045054,-8.416458,-0.08997617,76.47525,14.633619,1.7372112,7.4833813,14.331805,24.821634,-33.963413,56.287304,-13.958046,-28.603828,38.334633,51.643745
316,-0.5531452894210815,-183.42323303222656,61.560638427734375,4.250379293929243,2.37915287600067,-99.94680164874588,-17.709835,-3.0483806,23.669777,26.475813,-14.133602,3.4250238,-13.166013,-8.814571,-0.6132394,77.31973,13.252251,1.1403008,6.833337,13.418909,24.871181,-33.647366,55.674885,-13.189024,-28.458025,39.67915,52.204716
317,-0.5484907031059265,-184.11915588378906,61.707393646240234,4.264341577713444,2.292003537959061,-99.80024453808237,-16.755507,-3.388641,23.507309,25.706873,-14.263755,3.3346407,-14.145549,-8.954714,-1.0413393,77.84287,11.593411,0.61630225,6.522774,12.22996,24.916033,-33.767113,55.23482,-11.861001,-28.447319,40.226814,52.49898
318,-0.5515655875205994,-184.81666564941406,61.85472106933594,4.265604442277105,2.1922524092490723,-99.54803017766687,-15.770682,-3.7516263,23.226978,24.836422,-14.313172,3.2423637,-15.051436,-8.942273,-1.3908714,78.09188,9.496968,0.121672235,5.18449,11.3205805,25.022198,-32.994076,54.73868,-11.535065,-28.242712,42.581577,53.117016
319,-0.5615153908729553,-185.5075225830078,61.999088287353516,4.199084385048118,2.031685760539627,-99.25575147136823,-14.749714,-4.041253,22.86929,24.002472,-14.360873,3.156697,-15.852613,-8.788966,-1.7067466,78.09278,7.3134375,-0.2938091,4.7557774,10.025108,25.075134,-33.118404,54.390507,-10.186141,-28.231419,43.18219,53.37467
320,-0.5709728002548218,-186.20755004882812,62.147151947021484,4.160858969219758,1.889097020568356,-98.94006521501827,-13.729164,-4.3615527,22.472788,23.11547,-14.359981,3.0922546,-16.637089,-8.68711,-2.0559046,77.91903,5.3351307,-0.5988235,3.28457,9.142192,25.203783,-32.202465,53.919468,-9.872919,-28.036102,45.565792,53.920837
321,-0.5811983942985535,-186.91087341308594,62.284027099609375,4.097376731091674,1.694862843395545,-98.61984138188114,-12.678994,-4.6415067,22.02601,22.273884,-14.353013,3.0562294,-17.338064,-8.597718,-2.4598095,77.55234,3.578375,-0.765542,2.8450642,7.909729,25.252502,-32.26571,53.511707,-8.580303,-28.023764,46.084248,54.186638
322,-0.5990146398544312,-187.6041259765625,62.41082000732422,4.031181574083439,1.500148918846862,-98.2533154880052,-11.627606,-4.914906,21.501822,21.412802,-14.304625,3.03532,-17.99499,-8.517267,-2.908853,76.97343,1.8915241,-0.83275986,1.3515216,7.0735006,25.388777,-31.251703,53.034798,-8.166672,-27.861967,48.278286,54.627598
323,-0.6091351509094238,-188.30078125,62.53443908691406,3.954377856780581,1.2793684568498151,-97.8888731051776,-10.552988,-5.1575766,20.974041,20.560259,-14.255033,3.0063431,-18.599247,-8.432229,-3.3710506,76.210335,0.39003435,-0.8611515,0.87218213,5.8734407,25.436182,-31.273863,52.59122,-6.898768,-27.849916,48.728863,54.867817
324,-0.615135133266449,-188.9966278076172,62.65034484863281,3.8761689962806196,1.0809510239000528,-97.53584863851819,-9.489413,-5.3752956,20.48584,19.695513,-14.216878,2.951943,-19.198149,-8.356045,-3.85062,75.28184,-0.81870925,-0.9136005,0.25935936,4.670792,25.499182,-31.216982,52.169968,-5.7247653,-27.834368,49.317146,55.06085
325,-0.6307902932167053,-189.68495178222656,62.74956512451172,3.8043209674299163,0.940754467297739,-97.19090107261582,-8.455968,-5.5876145,20.0482,18.784279,-14.182123,2.8829515,-19.832035,-8.3108835,-4.3725514,74.202255,-1.6482904,-1.0232102,-1.4288296,4.134526,25.690113,-29.804438,51.493298,-5.388014,-27.66267,51.37954,55.392246
326,-0.6540125608444214,-190.3862762451172,62.840694427490234,3.7415471511796583,0.7850946940093386,-96.86363554739951,-7.3952556,-5.793802,19.650728,17.853216,-14.153766,2.8085854,-20.43512,-8.284252,-4.918315,72.97071,-2.1786609,-1.1497079,-1.9608486,3.0586784,25.731071,-29.724756,50.92186,-4.180961,-27.643667,51.605225,55.53902
327,-0.6853384971618652,-191.08360290527344,62.91707229614258,3.673589095592608,0.6480999727117226,-96.5448444121381,-6.35187,-5.9748225,19.273611,16.933615,-14.13842,2.7089221,-21.016241,-8.24095,-5.4551225,71.56103,-2.5554311,-1.2417463,-2.5996013,1.9764366,25.788717,-29.563267,50.37832,-3.0298066,-27.619991,51.889706,55.628075
328,-0.7117140293121338,-191.78111267089844,62.98213577270508,3.6130500328122785,0.5358097164022431,-96.24414364420429,-5.33843,-6.1382957,18.91783,16.04323,-14.140128,2.5658805,-21.574352,-8.168427,-5.9173284,69.973015,-2.9340384,-1.2461916,-3.2911224,0.9435961,25.858562,-29.337738,49.801353,-1.9762201,-27.593124,52.19342,55.703903
329,-0.7374047040939331,-192.46694946289062,63.03622055053711,3.5602922173842058,0.45569137758439027,-95.95973519993198,-4.353121,-6.2842646,18.586977,15.159172,-14.150335,2.3613276,-22.118155,-8.056944,-6.283234,68.19606,-3.3212357,-1.1369768,-4.0275965,-0.04102945,25.938467,-29.062654,49.183743,-1.0108919,-27.564024,52.479977,55.74896
330,-0.7670940160751343,-193.15464782714844,63.0780029296875,3.515264866279134,0.4025607176687764,-95.68923275266854,-3.3899329,-6.415796,18.282427,14.277766,-14.170325,2.1150713,-22.647604,-7.922459,-6.587908,66.23816,-3.6485515,-0.95034236,-4.793679,-0.9838995,26.027294,-28.749668,48.528065,-0.107865885,-27.533283,52.72149,55.763474
331,-0.7949021458625793,-193.84323120117188,63.10615539550781,3.484002082869343,0.3599660725017067,-95.43922842815202,-2.442234,-6.5464096,17.996347,13.423346,-14.208434,1.8633709,-23.14006,-7.785081,-6.857476,64.11632,-3.9541402,-0.7283197,-5.553465,-1.8939245,26.125547,-28.425253,47.84693,0.74109244,-27.502295,52.92181,55.785027
332,-0.8276116251945496,-194.5347900390625,63.10292434692383,3.4992999157059606,0.31225833976229916,-95.23110555754737,-1.5719004,-6.6892166,17.745317,12.790076,-14.370282,1.6370798,-23.60645,-7.6820993,-7.082186,61.911488,-4.3117285,-0.50521225,-6.1084647,-2.6875198,26.197906,-28.2476,47.04466,1.4635835,-27.48006,53.008022,55.93544
333,-0.8587614893913269,-195.22769165039062,63.099037170410156,3.514067251636865,0.2503951693469107,-95.03590034033357,-0.661347,-6.8385844,17.475204,12.095806,-14.483016,1.4501897,-23.975922,-7.582783,-7.3345947,59.49703,-4.6959934,-0.28979924,-6.7178016,-3.5762005,26.28351,-28.062075,46.329433,2.2301712,-27.456558,53.08264,56.054436
334,-0.8864503502845764,-195.9285430908203,63.077205657958984,3.541086270026939,0.18437473862584375,-94.86300537907151,0.23245406,-6.9824963,17.212702,11.46172,-14.622393,1.2799417,-24.28317,-7.4833403,-7.5770135,56.911064,-5.1008735,-0.05923785,-7.3275094,-4.4776454,26.38,-27.877243,45.63915,2.956308,-27.433247,53.14159,56.184708
335,-0.9164338111877441,-196.62368774414062,63.04208755493164,3.584398523780607,0.12277772755720752,-94.7154473153067,1.1020155,-7.1300416,16.973438,10.892338,-14.797128,1.1091571,-24.54127,-7.3852477,-7.8008814,54.17211,-5.460903,0.17906402,-7.914927,-5.374587,26.486597,-27.70169,44.9646,3.632451,-27.410648,53.184692,56.34127
336,-0.9335386753082275,-197.31365966796875,62.985557556152344,3.632965093556757,0.07217164797479193,-94.59266234807173,1.933025,-7.272536,16.770466,10.411431,-15.030376,0.9225274,-24.766376,-7.2782016,-8.005543,51.308178,-5.7176485,0.41818625,-8.471444,-6.2791724,26.603966,-27.545908,44.333412,4.2664924,-27.388878,53.21543,56.518383
337,-0.9496428966522217,-198.00828552246094,62.910884857177734,3.6917502656289902,0.0333109924776688,-94.49688931628508,2.747516,-7.423497,16.607473,9.96056,-15.283657,0.71948045,-24.954403,-7.1733775,-8.21823,48.293568,-5.8599415,0.6352202,-8.997774,-7.2082705,26.746035,-27.418932,43.756992,4.8533373,-27.36634,53.23924,56.722256
338,-0.9601759910583496,-198.7027587890625,62.81407928466797,3.756644896321079,0.002818871761868915,-94.42932630626221,3.4222746,-7.535527,16.497026,9.85886,-15.743281,0.49985263,-25.100073,-7.0582247,-8.430205,45.123596,-5.917214,0.8453052,-9.486833,-8.149975,26.898499,-27.329529,43.21738,5.3858624,-27.345415,53.2534,56.952713
339,-0.9741231799125671,-199.4053192138672,62.72568130493164,3.7522187644604457,-0.016727312123665853,-94.39852776193833,4.1067295,-7.5786786,16.429796,9.715027,-16.179207,0.26295358,-25.143139,-6.8213944,-8.616623,41.672077,-5.790827,1.0831912,-10.014169,-9.30698,27.122038,-27.259617,42.896908,5.984506,-27.319578,53.26435,57.08915
340,-0.9893679022789001,-200.111083984375,62.58637237548828,3.886364711041184,-0.010534606138571068,-94.36271821721391,4.6510205,-7.719023,16.369864,9.897778,-16.817348,0.006716696,-25.298697,-6.6962442,-8.616869,38.450005,-5.7679625,1.4075724,-10.3683405,-10.10511,27.278627,-27.231085,42.284306,6.3949723,-27.301268,53.22294,57.39116
341,-1.0054254531860352,-200.8135986328125,62.4715576171875,3.920111565008769,0.018802852742975672,-94.39776039060041,5.314877,-7.803979,16.37414,9.729903,-17.259426,-0.27540356,-25.309048,-6.3787527,-8.498577,34.771717,-5.408683,1.7844403,-10.7164755,-11.2056,27.50993,-27.222713,41.916286,6.987666,-27.27412,53.07026,57.526165
342,-1.026031494140625,-201.52377319335938,62.329978942871094,4.021150256292713,0.07734631515189853,-94.44631458436439,5.901848,-7.9379334,16.40365,9.71652,-17.804918,-0.5823013,-25.365751,-6.1076837,-8.233783,31.113245,-5.0279536,2.206104,-10.954325,-12.152233,27.736694,-27.238739,41.42138,7.519051,-27.247004,52.832256,57.70807
343,-1.045755386352539,-202.23651123046875,62.174720764160156,4.12526473195099,0.14352353384034358,-94.51557292977613,6.48606,-8.074699,16.453722,9.703914,-18.34737,-0.89634776,-25.404898,-5.8298197,-7.866692,27.468163,-4.670626,2.6607325,-11.125081,-13.068888,27.961828,-27.276375,40.93812,8.05534,-27.219406,52.528297,57.875057
344,-1.0667493343353271,-202.9550323486328,62.01274871826172,4.214894890989908,0.20176861748820987,-94.59342070771052,7.0607185,-8.191575,16.50876,9.740395,-18.901346,-1.2027699,-25.415852,-5.5465384,-7.4316783,23.94947,-4.45373,3.1489048,-11.245592,-13.955516,28.185266,-27.34432,40.501247,8.591786,-27.192287,52.19494,58.022358
345,-1.093953013420105,-203.6725311279297,61.84701919555664,4.288238793972494,0.24622637739473127,-94.68376942802688,7.6285815,-8.289897,16.57052,9.833957,-19.470467,-1.5069462,-25.389643,-5.2504325,-6.863044,20.48836,-4.42572,3.5969195,-11.327182,-14.820571,28.406631,-27.447926,40.128273,9.112791,-27.166676,51.861786,58.158714
346,-1.1162207126617432,-204.39195251464844,61.6734619140625,4.352339632811781,0.2856629934362087,-94.79074207394386,8.189231,-8.375233,16.647192,9.966739,-20.04933,-1.8154317,-25.309761,-4.939964,-6.173751,16.991974,-4.4845924,4.0216866,-11.376424,-15.682114,28.625744,-27.581991,39.826347,9.613373,-27.142626,51.534435,58.284836
347,-1.142975091934204,-205.11074829101562,61.50267791748047,4.401566325589079,0.32890984881100527,-94.8964695006388,8.736316,-8.438244,16.722527,10.135927,-20.63508,-2.1145885,-25.140572,-4.6304326,-5.519632,13.496512,-4.492841,4.575611,-11.4034195,-16.530207,28.840618,-27.729225,39.582172,10.097414,-27.11955,51.206703,58.39366
348,-1.1776492595672607,-205.8438262939453,61.33182144165039,4.400449552694713,0.39965115654763395,-94.97534677005429,9.22549,-8.42758,16.783108,10.401979,-21.264057,-2.3940368,-24.719185,-4.284304,-5.0887637,9.701131,-4.11669,5.4182973,-11.35549,-17.365538,29.13693,-27.944464,39.317314,10.659143,-27.088854,50.743732,58.411297
349,-1.2175935506820679,-206.5906982421875,61.125450134277344,4.586294700483451,0.530258272971622,-94.88069044663622,9.656872,-8.567481,16.646784,10.692196,-21.907686,-2.6254122,-24.528233,-4.232395,-4.8986754,6.6648254,-4.01036,6.735161,-11.42517,-17.995747,29.392273,-28.005487,38.824276,11.020673,-27.063084,50.25853,58.609898
350,-1.262778401374817,-207.35618591308594,60.887168884277344,4.955898525799699,0.693528763945458,-94.66714945485857,10.0619,-8.86814,16.35895,10.996606,-22.557463,-2.8186839,-23.033667,-4.2908235,-4.9572353,0.5692864,-1.9490752,8.408414,-11.629488,-18.479233,29.543394,-27.883389,38.24892,11.147106,-27.048586,49.863968,59.01008
351,-1.3072305917739868,-208.1165313720703,60.65169143676758,5.249243266301515,0.8409653977848089,-94.5207105548477,10.492112,-9.094528,16.13408,11.290178,-23.159485,-3.0169694,-22.985039,-4.375592,-5.018398,-1.5450827,-2.0058548,10.194931,-11.756647,-18.876799,29.684362,-27.680302,37.74041,11.320119,-27.035185,49.457474,59.328873
352,-1.3577830791473389,-208.87857055664062,60.42756271362305,5.438841791960001,0.946948282312583,-94.47250395080454,10.956413,-9.226784,15.998817,11.604602,-23.686497,-3.2426941,-23.464916,-4.3764586,-5.1367517,-1.7585214,-2.847172,11.836184,-11.805629,-19.243057,29.757183,-27.53427,37.441765,11.496504,-27.027618,49.25242,59.57034
353,-1.4110605716705322,-209.635498046875,60.21128845214844,5.609071233201467,1.0764015691863558,-94.43507272184542,11.355173,-9.321807,15.85915,12.027779,-24.207977,-3.488913,-23.960903,-4.356119,-5.504252,-1.4099276,-3.7630293,13.574032,-11.795691,-19.622404,29.827478,-27.351982,37.211273,11.699379,-27.020702,49.065266,59.74752
354,-1.4800537824630737,-210.39012145996094,59.992469787597656,5.713432557576721,1.2451319951640802,-94.4293651914494,11.561166,-9.274911,15.775294,12.853908,-24.910337,-3.7775538,-24.476313,-4.1127114,-5.999517,-0.64931124,-4.7012877,14.323944,-11.719416,-19.908657,29.956587,-27.015188,36.953995,11.984264,-27.012774,48.82463,59.786488
355,-1.559103012084961,-211.15977478027344,59.797977447509766,5.749840362116629,1.3739976439434662,-94.53236068245143,11.832933,-9.173024,15.786196,13.620368,-25.461044,-4.100799,-24.597948,-3.6898472,-6.427316,-0.4151665,-4.9302115,14.323944,-11.541238,-20.146883,30.01983,-26.825256,36.864132,12.20618,-27.00926,48.761345,59.832657
356,-1.6352945566177368,-211.912353515625,59.66342544555664,5.598447220487602,1.4729357717299023,-94.6846142330552,12.089676,-8.893739,15.8631735,14.476383,-25.8853,-4.4470115,-24.573298,-3.2215106,-6.7886133,-0.16380349,-4.5914173,14.323944,-11.3751,-20.444386,30.088232,-26.627327,37.037014,12.48507,-27.003025,48.733185,59.744843
357,-1.7068698406219482,-212.63343811035156,59.60850524902344,5.099643621646061,1.495893255594746,-94.98329225665321,12.339338,-8.294289,16.142015,15.540269,-26.27862,-4.835934,-24.719162,-2.6407201,-7.065434,1.1610225,-4.0590425,14.323944,-11.225435,-20.855734,30.224264,-26.397232,37.66555,12.998477,-26.986698,48.798832,59.33779
358,-1.742244005203247,-213.392333984375,59.56413269042969,4.401361313127854,1.4555805645296926,-95.41923185031959,12.666973,-7.5434985,16.571817,16.556341,-26.505531,-5.254309,-25.17907,-2.0076935,-7.173573,3.8261318,-3.6283107,14.143845,-10.969452,-21.31633,30.36931,-26.324957,38.565563,13.544248,-26.962994,48.973606,58.83528
359,-1.8196651935577393,-214.16616821289062,59.518951416015625,3.5202050838882237,1.4184063771516582,-96.00224782570444,12.877187,-6.539862,17.19665,17.904829,-26.745337,-5.753016,-25.374832,-0.83041275,-6.987374,5.8433256,-2.5373886,11.719699,-10.734584,-21.822292,30.803556,-26.32939,39.626545,13.959812,-26.879198,49.458755,58.29536
360,-1.9238280057907104,-214.93527221679688,59.494178771972656,2.7182985086209492,1.4149191876359062,-96.43128928663336,12.998189,-5.539373,17.652477,19.374485,-26.797138,-6.2444525,-25.519201,0.25359988,-6.6729574,7.466917,-1.3634814,9.609863,-10.581768,-21.951714,31.260698,-26.13088,40.36325,14.254128,-26.770262,49.78906,57.841015
361,-2.055870532989502,-215.70933532714844,59.49681854248047,1.9894399285539308,1.459606951145226,-96.63643268746603,13.022339,-4.516335,17.894192,20.97803,-26.72939,-6.7441163,-26.079458,1.1761109,-6.1116276,9.779316,-0.72890705,7.808298,-10.5727215,-22.027708,31.59617,-25.895489,41.07791,14.488176,-26.678204,49.96246,57.398617
362,-2.1948297023773193,-216.5018310546875,59.509613037109375,1.2655307635679507,1.5368800195399641,-96.70405421273996,12.965448,-3.4290528,18.012913,22.72275,-26.552628,-7.266824,-26.61988,2.0831409,-5.3795824,11.913423,0.05576901,6.0036273,-10.659569,-22.06298,31.88508,-25.65145,41.82044,14.683139,-26.584429,50.05152,56.94207
363,-2.3263087272644043,-217.32223510742188,59.517723083496094,0.5938377688741604,1.6216859675138282,-96.68169671834592,12.806786,-2.3403103,18.004848,24.667992,-26.167822,-7.783879,-27.065325,2.9155483,-4.731863,13.843769,0.7871722,4.4034967,-10.8091755,-22.018806,32.10745,-25.395378,42.59729,14.826605,-26.49443,50.03318,56.5207
364,-2.454162120819092,-218.1477813720703,59.52345275878906,0.03152629928050281,1.6877928695214186,-96.61281859447183,12.523537,-1.3161384,17.859179,26.870035,-25.469376,-8.264802,-27.380331,3.5848327,-4.387985,15.634849,1.1959355,3.2139893,-10.992977,-21.849152,32.242844,-25.11128,43.405186,14.903165,-26.412083,49.882874,56.184902
365,-2.5814998149871826,-218.97718811035156,59.537654876708984,-0.4261256731415183,1.729871780414069,-96.46677286258044,12.116016,-0.34326708,17.527857,29.346539,-24.386374,-8.809027,-27.550907,4.024508,-4.458268,17.32111,1.1409447,2.6638837,-11.237479,-21.55995,32.28862,-24.80284,44.255035,14.931998,-26.333841,49.532543,55.92419
366,-2.714909076690674,-219.79901123046875,59.560646057128906,-0.8335789313261602,1.753220283179022,-96.2582637475003,11.600788,0.61955464,17.058163,32.05821,-22.989147,-9.407372,-27.600365,4.296174,-4.7631583,18.910564,0.75696194,2.5639434,-11.521645,-21.206633,32.259094,-24.51252,45.18787,14.944194,-26.255585,49.014652,55.69262
367,-2.844309091567993,-220.62010192871094,59.59871292114258,-1.2008736684678636,1.7473865037510212,-96.08887395249916,10.982129,1.5426311,16.575924,34.969494,-21.36836,-9.865412,-27.558846,4.4983664,-5.080705,20.427694,0.1836212,2.5108683,-11.760154,-20.803686,32.16222,-24.262913,46.2263,14.922894,-26.179394,48.45895,55.49962
368,-2.9631950855255127,-221.44651794433594,59.65376663208008,-1.5311709580643607,1.7016948550022712,-96.0523554896625,10.2707615,2.397687,16.20909,38.03666,-19.604122,-9.988382,-27.446218,4.752243,-5.191126,21.847746,-0.42267618,2.120012,-11.866678,-20.362919,31.995424,-24.073957,47.387817,14.848223,-26.110178,47.987785,55.354923
369,-3.0698866844177246,-222.26731872558594,59.7236328125,-1.807764526737713,1.5895319138433508,-96.21797505966902,9.486752,3.159709,16.029608,41.321983,-17.671867,-9.67846,-27.27503,5.1291766,-4.9732137,23.204735,-1.0650101,1.2357172,-11.7853155,-19.853193,31.749435,-23.902727,48.696556,14.70808,-26.04857,47.633617,55.314674
370,-3.166398763656616,-223.07965087890625,59.80775451660156,-2.0332224385555526,1.4222866611670857,-96.51869821666133,8.632125,3.8578713,15.983442,44.79873,-15.515696,-9.061346,-27.03918,5.580097,-4.555835,24.493158,-1.8000485,0.10374974,-11.570309,-19.266483,31.436821,-23.747328,50.118244,14.510892,-25.992022,47.32991,55.351894
371,-3.2650628089904785,-223.88771057128906,59.89995574951172,-2.2353816973271865,1.250073714087636,-96.84121990840623,7.684548,4.5512605,16.004976,48.3059,-13.172491,-8.267532,-26.725992,6.0527415,-4.0985236,25.60884,-2.5510774,-1.0555842,-11.3089905,-18.652733,31.087221,-23.688807,51.586365,14.260998,-25.942024,47.05623,55.35644
372,-3.362431287765503,-224.69618225097656,60.005802154541016,-2.4453533554340563,1.1249133475137842,-97.07310908073079,6.611933,5.298889,16.013515,51.702843,-10.693295,-7.42159,-26.322308,6.477783,-3.766527,26.449123,-3.2555575,-2.0285804,-11.091372,-18.051065,30.729343,-23.798885,53.02924,13.961172,-25.900496,46.793888,55.224022
373,-3.4745969772338867,-225.49090576171875,60.12324142456055,-2.6591030388918506,1.0626019945467164,-97.2043639830237,5.337168,6.0990047,15.914926,55.096947,-8.085928,-6.338585,-25.819405,6.830138,-3.5969145,26.98,-3.9276903,-2.7792587,-10.9337015,-17.446367,30.367487,-24.066523,54.44998,13.598484,-25.868292,46.540707,54.94611
374,-3.59314227104187,-226.28314208984375,60.25459671020508,-2.8670880012672337,1.037809505148747,-97.28984412503948,3.8958077,6.9428325,15.793498,58.523777,-5.319028,-5.008188,-25.229883,7.148833,-3.5056038,27.260603,-4.5941706,-3.415474,-10.789891,-16.790932,29.99972,-24.443304,55.849026,13.178146,-25.844566,46.303646,54.571533
375,-3.712536334991455,-227.06642150878906,60.390220642089844,-3.080389428560168,1.042630606867063,-97.31455531243837,2.4133089,7.882894,15.798524,61.76804,-2.4219167,-3.7941542,-24.578922,7.446465,-3.4811258,27.346392,-5.224383,-3.9410403,-10.660412,-16.072659,29.642296,-24.938728,57.151535,12.727229,-25.829176,46.08344,54.081467
376,-3.833462953567505,-227.82540893554688,60.52161407470703,-3.314166134033995,1.0695157197747915,-97.2622772710619,1.0059054,8.978569,16.044962,64.64541,0.550362,-3.0460448,-23.893238,7.73535,-3.5142636,27.294798,-5.7883005,-4.359027,-10.548801,-15.284223,29.31044,-25.563148,58.28737,12.271271,-25.822262,45.880394,53.45626
377,-3.966373920440674,-228.58514404296875,60.659175872802734,-3.585473397330978,1.1395045509402273,-97.07720207565886,-0.31678528,10.387383,16.687998,67.16017,3.8848052,-2.9363122,-23.172697,8.013106,-3.6581655,27.070984,-6.2794333,-4.6371274,-10.509627,-14.427189,29.006405,-26.338213,59.250645,11.816958,-25.824327,45.699482,52.64906
378,-4.104664325714111,-229.33352661132812,60.809326171875,-3.8795903762897526,1.2531501298492222,-96.79183328518594,-1.6186116,12.049432,17.56896,69.447464,7.480649,-3.2088425,-22.401161,8.279553,-3.896376,26.64618,-6.704524,-4.7833576,-10.520293,-13.508818,28.726418,-27.248333,60.080498,11.35008,-25.835546,45.53665,51.68281
379,-4.235192775726318,-230.07638549804688,60.96693420410156,-4.170047414336421,1.367570640912137,-96.51905528659199,-2.8993545,13.647452,18.304178,71.495804,10.702361,-3.6532767,-21.586378,8.544893,-4.117188,26.102219,-7.0613337,-4.8614917,-10.471127,-12.525893,28.471964,-28.24845,60.770607,10.855579,-25.856447,45.3831,50.65604
380,-4.35157585144043,-230.80093383789062,61.120967864990234,-4.419799742640619,1.4353602462026396,-96.3663890648894,-4.163659,14.837958,18.552595,73.26594,12.926759,-4.0956388,-20.749207,8.807643,-4.2131243,25.54924,-7.359613,-4.9376965,-10.257112,-11.463471,28.242435,-29.291391,61.30225,10.316721,-25.887342,45.23148,49.671005
381,-4.451115131378174,-231.52513122558594,61.27602005004883,-4.622407542713999,1.4374123597603976,-96.33165969130255,-5.415892,15.483657,18.205442,74.69856,13.963669,-4.536525,-19.871515,9.058441,-4.184858,24.986107,-7.5900526,-5.021548,-9.876004,-10.284896,28.032597,-30.413273,61.637325,9.718238,-25.932074,45.115097,48.735256
382,-4.535212516784668,-232.23831176757812,61.43291091918945,-4.789665111881958,1.3966469758190831,-96.35651641031825,-6.650318,15.748663,17.502535,75.8165,14.168701,-5.0547166,-18.955824,9.287659,-4.090692,24.385355,-7.7617598,-5.082559,-9.387525,-9.01746,27.84122,-31.631908,61.803284,9.061733,-25.990541,45.030632,47.812992
383,-4.608822822570801,-232.94393920898438,61.584983825683594,-4.907807957603075,1.327554142335627,-96.44261321133537,-7.83554,15.751594,16.662655,76.65251,13.768244,-5.559189,-18.024843,9.477846,-3.9215183,23.780582,-7.9111223,-5.1245413,-8.795504,-7.72968,27.671179,-32.87533,61.861664,8.351488,-26.057215,44.91878,46.94771
384,-4.671597003936768,-233.6425018310547,61.73316955566406,-4.967307358145873,1.244074004093439,-96.59436529749537,-8.942477,15.6171255,15.882556,77.23578,12.989278,-5.9716163,-17.101963,9.612981,-3.666206,23.208414,-8.07133,-5.148915,-8.101828,-6.484938,27.524326,-34.0697,61.87128,7.593902,-26.126612,44.722412,46.184517
385,-4.722226619720459,-234.33819580078125,61.87649917602539,-4.948231971901578,1.1374188055166798,-96.833655666788,-9.970468,15.247751,15.053087,77.52799,11.723089,-6.3202853,-16.187323,9.674632,-3.2977772,22.688347,-8.251996,-5.146119,-7.278064,-5.28165,27.400572,-35.263187,61.81396,6.769629,-26.199884,44.436295,45.558243
386,-4.769101619720459,-235.0327911376953,62.01703643798828,-4.867108989615879,1.0023590894369976,-97.15305065764912,-10.927847,14.6430235,14.120387,77.53469,9.899117,-6.6154437,-15.267975,9.680137,-2.832269,22.19788,-8.43504,-5.1201167,-6.3326507,-4.106707,27.295906,-36.48985,61.684597,5.8843527,-26.280203,44.09871,45.03704
387,-4.809997081756592,-235.72744750976562,62.151771545410156,-4.763921325375716,0.8583052578404435,-97.51298622853295,-11.81076,14.071071,13.353755,77.3476,7.8174424,-6.761716,-14.3462925,9.66353,-2.3212285,21.708054,-8.611262,-5.089373,-5.3255534,-2.9904556,27.204313,-37.642,61.548866,4.9879518,-26.363745,43.71519,44.55845
388,-4.850966453552246,-236.423828125,62.28191375732422,-4.675035340740857,0.7222463035733916,-97.87018822121394,-12.620801,13.777341,13.01671,77.048935,5.790569,-6.6850424,-13.4262295,9.648954,-1.8165083,21.19787,-8.775534,-5.0699906,-4.6584096,-1.6324793,27.177864,-38.060356,61.332546,3.902118,-26.401361,43.710014,44.149826
389,-4.891541004180908,-237.11578369140625,62.40520477294922,-4.611257916307882,0.6016038893080407,-98.2255880688936,-13.352172,13.826186,13.203903,76.64136,3.7964067,-6.404953,-12.507553,9.645662,-1.3179523,20.649784,-8.917019,-5.0649586,-3.349326,-0.954707,27.047668,-39.284107,61.40769,3.278801,-26.52283,42.854225,43.56122
390,-4.933263301849365,-237.80491638183594,62.521087646484375,-4.538003790792934,0.4776297636368507,-98.59559299410684,-14.000821,14.051119,13.749348,76.07337,1.7172376,-5.9853315,-11.5890665,9.621507,-0.80216897,20.101063,-9.053916,-5.063019,-2.5237198,0.12849115,27.006186,-39.55677,61.315723,2.2957802,-26.565987,42.618484,43.14604
391,-4.9785847663879395,-238.48846435546875,62.62593078613281,-4.4778356481471056,0.36464992488707204,-98.96263496705272,-14.612624,14.396759,14.508648,75.370094,-0.30563864,-5.437363,-10.678034,9.593863,-0.29296538,19.537678,-9.183356,-5.058205,-1.5961307,1.079958,26.951298,-39.822773,61.269703,1.3958527,-26.622416,42.226192,42.700375
392,-5.022872447967529,-239.17864990234375,62.72618103027344,-4.437273204271166,0.26899465530661454,-99.30856502382515,-15.226135,14.805025,15.347054,74.55489,-2.127898,-4.7562284,-9.779447,9.571669,0.18684033,18.959263,-9.309933,-5.046532,-0.6719841,1.9796028,26.89479,-39.973526,61.243584,0.5131632,-26.678577,41.817047,42.237797
393,-5.065376281738281,-239.861083984375,62.81635665893555,-4.427415968432298,0.19357783249967658,-99.63037965281744,-15.84988,15.307107,16.313993,73.65473,-3.7411706,-3.8656182,-8.889441,9.563166,0.6320415,18.348476,-9.426961,-5.0341606,0.277695,2.8120716,26.829105,-40.018414,61.253647,-0.3242572,-26.743038,41.34158,41.740295
394,-5.107585430145264,-240.5373992919922,62.89009475708008,-4.438997865080195,0.13320854302284857,-99.93546531805303,-16.458895,15.895442,17.450226,72.650475,-5.226902,-2.817361,-8.007253,9.5603485,1.0532855,17.71506,-9.537088,-5.0211234,1.2373742,3.5938127,26.756262,-39.924015,61.290844,-1.1431832,-26.814043,40.8277,41.2304
395,-5.148802757263184,-241.20730590820312,62.95499038696289,-4.460744773048801,0.08515695863364703,-100.22229418531826,-17.051226,16.475206,18.617632,71.505714,-6.5712175,-1.7738925,-7.140811,9.553432,1.4514246,17.087364,-9.651895,-4.996876,2.1738696,4.3449388,26.67929,-39.69968,61.32996,-1.9464966,-26.891106,40.305397,40.70492
396,-5.180308818817139,-241.88160705566406,63.01567077636719,-4.484812214416784,0.04356377896359272,-100.493256277023,-17.622599,16.962612,19.688543,70.17911,-7.7514157,-0.8819848,-6.2979417,9.532283,1.8304398,16.498566,-9.785072,-4.951972,3.0634193,5.078198,26.613546,-39.392612,61.339035,-2.7724757,-26.95713,39.848278,40.193638
397,-5.210133075714111,-242.55123901367188,63.065425872802734,-4.499608847542433,0.015023745217053984,-100.74499747617507,-18.184412,17.35352,20.675093,68.66523,-8.744514,-0.13487914,-5.4852214,9.4845705,2.186924,15.948935,-9.937724,-4.8753033,3.9462943,5.8210373,26.54312,-38.948456,61.270668,-3.5692964,-27.030403,39.3357,39.66988
398,-5.2458672523498535,-243.21827697753906,63.10462951660156,-4.515656518534726,-0.0013812781959707475,-100.97838492299404,-18.735792,17.690945,21.643127,66.98738,-9.56942,0.53691775,-4.6927977,9.423818,2.5208466,15.416142,-10.098679,-4.777524,4.816447,6.5526648,26.470774,-38.37261,61.160374,-4.3362465,-27.110617,38.79308,39.124477
399,-5.274866580963135,-243.8850860595703,63.13256072998047,-4.541552280506758,-0.012525621018170124,-101.1972308511287,-19.266056,17.955053,22.548323,65.13933,-10.250866,1.0982021,-3.922726,9.361817,2.8364778,14.922772,-10.281534,-4.68084,5.641432,7.283101,26.399174,-37.72546,61.04779,-5.1006145,-27.199812,38.2721,38.57083
400,-5.304043769836426,-244.54812622070312,63.146263122558594,-4.582780629565871,-0.024355156726518983,-101.4054892226682,-19.764626,18.130075,23.345034,63.11246,-10.811572,1.5178031,-3.1821766,9.309599,3.138207,14.502008,-10.500513,-4.6068068,6.3956614,8.010094,26.33092,-37.085808,60.97688,-5.8928123,-27.29956,37.824272,38.027405
401,-5.3360419273376465,-245.21026611328125,63.15270233154297,-4.6419407753158985,-0.04070049347612914,-101.6066441452977,-20.23222,18.226713,24.030476,60.905018,-11.246349,1.8202193,-2.4727185,9.271689,3.4323196,14.160893,-10.751036,-4.573212,7.095971,8.688945,26.264957,-36.49158,60.98826,-6.73623,-27.40862,37.465794,37.51432
402,-5.366250991821289,-245.87384033203125,63.14751434326172,-4.715373380730039,-0.05887944969351597,-101.79856624942771,-20.673517,18.256363,24.630745,58.52569,-11.546814,2.0229516,-1.789199,9.242958,3.7165294,13.883579,-11.0279255,-4.5660458,7.7660007,9.314742,26.199833,-35.94026,61.052826,-7.621468,-27.523762,37.17666,37.03569
403,-5.395255088806152,-246.5427703857422,63.12836456298828,-4.7995885991288585,-0.07268470261958943,-101.97438640992972,-21.088942,18.210354,25.138926,55.978405,-11.728135,2.0886688,-1.128475,9.222617,3.9796658,13.655991,-11.340181,-4.5582824,8.379877,9.912396,26.151978,-35.47772,61.136024,-8.517218,-27.61235,36.95674,36.569004
404,-5.4273505210876465,-247.20506286621094,63.093196868896484,-4.887715972272474,-0.07793289813812064,-102.12495261753467,-21.47502,18.073275,25.548773,53.25822,-11.801629,1.9815532,-0.4852418,9.2025385,4.207629,13.464661,-11.698279,-4.5216928,8.917971,10.500226,26.103395,-35.0156,61.248722,-9.448265,-27.710552,36.756138,36.148148
405,-5.458197593688965,-247.86843872070312,63.044654846191406,-4.982029328374221,-0.07712910033038517,-102.2501808706086,-21.819323,17.856684,25.863434,50.33091,-11.7819805,1.6991053,0.14849865,9.1845255,4.397266,13.295736,-12.103849,-4.442733,9.363611,11.061732,26.057493,-34.598248,61.40421,-10.382173,-27.817822,36.596478,35.730637
406,-5.495419979095459,-248.53541564941406,62.98543167114258,-5.08109561820143,-0.0705156446326183,-102.35305778373605,-22.126865,17.567446,26.08324,47.210045,-11.658652,1.2684385,0.76871395,9.168945,4.554033,13.156084,-12.550047,-4.3369184,9.738612,11.585239,26.016253,-34.238987,61.602715,-11.329922,-27.931343,36.48034,35.326492
407,-5.527127265930176,-249.20713806152344,62.91730880737305,-5.184408770018918,-0.05059876194497187,-102.42920048878197,-22.419672,17.1994,26.192177,43.961014,-11.415104,0.703118,1.3683431,9.155312,4.677694,13.048472,-13.025477,-4.219442,10.049957,12.075545,25.978838,-33.932728,61.823162,-12.291335,-28.050154,36.394924,34.944218
408,-5.562564373016357,-249.87840270996094,62.83628463745117,-5.286952584887618,-0.010444180572136497,-102.47377742945969,-22.718477,16.754267,26.173254,40.648838,-11.038186,0.023350252,1.9435166,9.143604,4.768781,12.970388,-13.514873,-4.1062717,10.295147,12.543961,25.943542,-33.661846,62.043884,-13.241783,-28.171385,36.315388,34.573673
409,-5.601115703582764,-250.5514373779297,62.74578094482422,-5.393743472109685,0.054711701696886085,-102.47920064803328,-23.049852,16.247416,25.94769,37.25777,-10.476653,-0.6835399,2.4941049,9.139207,4.8181944,12.912692,-14.01453,-4.005312,10.463894,12.9958515,25.910095,-33.428192,62.26258,-14.178644,-28.29351,36.231655,34.206955
410,-5.639693737030029,-251.23239135742188,62.649261474609375,-5.499831853193247,0.1394582222500604,-102.44674484465125,-23.395191,15.700886,25.537853,33.78638,-9.782186,-1.4282134,3.0284252,9.137784,4.826139,12.86533,-14.526031,-3.9067621,10.560128,13.430731,25.878656,-33.23742,62.483864,-15.100164,-28.415993,36.142365,33.848503
411,-5.677902698516846,-251.90213012695312,62.54800033569336,-5.594108562353898,0.23741271316349277,-102.38806879878625,-23.709393,15.120508,25.083897,30.302149,-9.085165,-2.3411782,3.539014,9.124451,4.806546,12.858077,-15.056381,-3.801174,10.619197,13.853542,25.848057,-33.081,62.688553,-16.01599,-28.538536,36.045673,33.529327
412,-5.713315486907959,-252.57859802246094,62.44280242919922,-5.668457992846405,0.34173073573958546,-102.31688838984,-23.937866,14.498063,24.734568,26.826345,-8.485554,-3.5635598,4.026639,9.088053,4.777625,12.902517,-15.607284,-3.6786103,10.668069,14.271188,25.816223,-32.938427,62.861794,-16.919973,-28.661293,35.93668,33.2632
413,-5.7520551681518555,-253.25830078125,62.32754135131836,-5.716098165087,0.45793904741561,-102.22307891843914,-24.035929,13.776725,24.535608,23.154978,-7.8875303,-5.193317,4.5051627,9.0250225,4.731607,12.957349,-16.167013,-3.5301871,10.691098,14.692011,25.781353,-32.78677,62.998356,-17.805182,-28.78263,35.805023,33.041157
414,-5.786343097686768,-253.9406280517578,62.215553283691406,-5.692729363080155,0.5906818352509706,-102.07821107761774,-23.93262,12.862573,24.431074,19.024067,-7.106659,-7.1094856,4.9666348,8.89048,4.6318502,13.035102,-16.746597,-3.3611498,10.657199,15.212439,25.729252,-32.591274,63.011963,-18.676977,-28.956566,35.645332,32.860035
415,-5.81194543838501,-254.63035583496094,62.0971794128418,-5.660038821319726,0.7239259254541169,-101.94858681922113,-23.593002,11.8751545,24.42341,14.531133,-6.2055154,-9.164977,5.404203,8.742019,4.5478272,13.173699,-17.334402,-3.1859481,10.605212,15.718039,25.667902,-32.40004,63.018524,-19.442846,-29.166046,35.473843,32.619766
416,-5.825962543487549,-255.33111572265625,61.975406646728516,-5.635621643545851,0.8723793015630724,-101.91773100622771,-22.829607,10.774529,24.59137,9.313316,-4.9666696,-11.20668,5.764365,8.58394,4.557082,13.45965,-17.953066,-3.013477,10.624693,16.172422,25.59457,-32.237072,63.021893,-20.052092,-29.463026,35.250053,32.243355
417,-5.839193344116211,-256.0675048828125,61.7598876953125,-6.174940805215058,1.109274480575107,-102.2626443946592,-20.766352,9.704018,25.121801,0.7170501,-1.9626039,-13.429163,5.997029,8.951983,4.984333,13.850477,-18.572147,-2.865728,10.840712,16.063143,25.577852,-32.02396,63.568233,-20.400293,-29.587482,34.82786,31.383595
418,-5.810493469238281,-256.8059997558594,61.52622604370117,-6.737898659078908,1.303932309355642,-102.48934902691089,-19.903772,9.015398,25.264717,-4.5770483,-1.057519,-14.323944,6.192212,9.318761,5.292071,14.444584,-19.291338,-2.6858954,10.922685,15.952324,25.576614,-31.85042,64.12826,-20.734337,-29.639013,34.450535,30.621265
419,-5.761170864105225,-257.53057861328125,61.306148529052734,-7.114480591889746,1.4505558075157277,-102.51398838999026,-20.340023,8.698885,24.967684,-5.9589677,-2.282117,-14.323944,6.3946114,9.5022,5.392105,15.147724,-20.027075,-2.4841835,10.858971,15.995604,25.572515,-31.697727,64.512924,-21.019302,-29.68994,34.032425,30.055668
420,-5.735080242156982,-258.2434387207031,61.097782135009766,-7.415918523033955,1.5764613054714174,-102.52730458816836,-20.962124,8.5868435,24.679949,-6.126319,-3.7292962,-14.323944,6.5902615,9.633055,5.4976497,15.899276,-20.684456,-2.2998583,10.806681,16.07738,25.567991,-31.580074,64.82147,-21.252361,-29.740685,33.609123,29.605
421,-5.722352027893066,-258.9540710449219,60.89240264892578,-7.715973168730177,1.6810777432963226,-102.55741406894906,-21.327541,8.526266,24.540815,-6.149208,-4.8108945,-14.323944,6.7615333,9.777769,5.648401,16.737087,-21.288542,-2.1391206,10.768709,16.118399,25.565737,-31.493122,65.148476,-21.394527,-29.786324,33.168953,29.194632
422,-5.716804027557373,-259.6661071777344,60.6959228515625,-8.022582298560465,1.7677452361327954,-102.60953785298123,-21.470743,8.474872,24.55764,-6.086923,-5.629727,-14.323944,6.9000688,9.935503,5.842535,17.676405,-21.861206,-1.9954885,10.746361,16.11268,25.566612,-31.436203,65.49881,-21.44496,-29.824215,32.70432,28.809223
423,-5.726183891296387,-260.38702392578125,60.520023345947266,-8.234592516644735,1.8385073344974854,-102.65147264371514,-21.43358,8.3633585,24.76535,-5.9995937,-5.9668536,-14.323944,7.047408,10.014437,6.034738,18.621061,-22.331045,-1.8616841,10.739335,16.127796,25.568,-31.423029,65.774734,-21.462694,-29.857222,32.246265,28.554087
424,-5.735922336578369,-261.07696533203125,60.42679977416992,-8.138635791575176,1.8633743715404203,-102.57249724519427,-21.867826,8.33863,25.04629,-4.1956644,-6.61374,-14.323944,7.257679,9.815125,6.086413,19.53662,-22.6758,-1.721906,10.7079525,16.344471,25.561237,-31.497099,65.77409,-21.584677,-29.896563,31.890923,28.683542
425,-5.787599086761475,-261.7786865234375,60.381717681884766,-7.774377449956994,1.8588095384571415,-102.42863159514403,-22.214415,8.2695,25.631742,-2.0977185,-6.4134703,-14.323944,7.521353,9.385845,6.061617,20.404978,-22.899826,-1.5938191,10.680444,16.718739,25.544086,-31.661703,65.52991,-21.861933,-29.948547,31.676376,29.187681
426,-5.868898391723633,-262.5068359375,60.36292266845703,-7.123830922011245,1.808788034444688,-102.21298067588016,-23.102533,8.457566,26.26381,2.0827956,-6.6010337,-14.323944,7.7962055,8.703797,5.9418216,21.356684,-23.081583,-1.4752364,10.808907,17.129057,25.490046,-32.203407,65.11604,-22.28611,-30.115498,31.53187,30.117619
427,-5.943614959716797,-263.2356262207031,60.3680534362793,-6.436390023942656,1.7775067395197404,-101.99550750191426,-24.812004,9.167199,26.521801,8.596119,-7.869433,-14.323944,8.026862,7.9883037,5.801531,22.374407,-23.162573,-1.3482382,10.831773,17.484732,25.418848,-32.66487,64.71198,-22.719181,-30.302347,31.562006,31.064379
428,-5.968923091888428,-263.9751892089844,60.334110260009766,-6.064102954353577,1.8406419419204576,-101.87943781520914,-26.148434,9.661115,26.337118,13.447177,-8.47371,-12.910747,8.107834,7.531813,5.761738,23.54587,-23.15084,-1.1643591,10.776632,17.57639,25.371666,-32.867996,64.55384,-22.836075,-30.415585,31.453491,31.579802
429,-5.9520583152771,-264.72625732421875,60.30930709838867,-5.657119410521793,1.953409377361757,-101.74116066736828,-26.970846,9.512643,25.8407,16.412313,-8.333759,-10.4763,8.112443,7.005114,5.6435876,24.811989,-23.067083,-0.9223156,10.69609,17.641819,25.32671,-33.02471,64.33797,-22.8345,-30.518383,31.309072,32.060123
430,-5.934719562530518,-265.5047302246094,60.295684814453125,-5.163253239835721,2.0944382023453,-101.62522113366612,-27.574562,9.129632,25.221348,18.692446,-7.873655,-8.093208,8.062832,6.3823733,5.4992704,26.15988,-22.900818,-0.65265274,10.619669,17.72865,25.274633,-33.15448,64.02086,-22.856327,-30.622742,31.260344,32.644783
431,-5.920044898986816,-266.29827880859375,60.285003662109375,-4.633859799184084,2.2357540395409408,-101.54178843757467,-28.007458,8.634892,24.65984,20.560333,-7.352588,-5.9236197,7.934327,5.71748,5.373788,27.667273,-22.566593,-0.34524387,10.55448,17.817696,25.21592,-33.232227,63.649445,-22.818434,-30.721195,31.260231,33.268543
432,-5.8964009284973145,-267.1063232421875,60.28208923339844,-4.12243161974674,2.3482750150490537,-101.50499276237791,-28.282078,8.143656,24.315475,22.194687,-6.9852705,-4.1270437,7.707472,5.064247,5.31784,29.399004,-21.972456,0.010349156,10.517828,17.892889,25.160984,-33.241776,63.26316,-22.668102,-30.782032,31.270527,33.907154
433,-5.861761569976807,-267.91778564453125,60.28229522705078,-3.6370800344559115,2.4278621424384523,-101.54596081469421,-28.405603,7.7276354,24.220665,23.695402,-6.874014,-2.8594701,7.379515,4.4288716,5.366037,31.401636,-21.123518,0.42354915,10.54169,17.953062,25.108631,-33.151897,62.863815,-22.381102,-30.795406,31.258478,34.544357
434,-5.815634727478027,-268.7330322265625,60.290016174316406,-3.1465818451068954,2.4868348375942646,-101.64208849172356,-28.391655,7.355491,24.246239,25.06676,-6.968402,-1.9865158,6.9667397,3.786279,5.4779887,33.624844,-20.060156,0.89251995,10.608868,18.012321,25.05561,-32.98772,62.429783,-21.992083,-30.771725,31.245699,35.213028
435,-5.777880668640137,-269.54461669921875,60.30165481567383,-2.645898347727749,2.5211673899849765,-101.72990050340564,-28.257025,6.97197,24.304073,26.293808,-7.212727,-1.2479016,6.4712214,3.1445127,5.5969176,36.00395,-18.739573,1.4115087,10.664103,18.066668,25.003418,-32.81861,61.97408,-21.539728,-30.720716,31.280987,35.957424
436,-5.744782447814941,-270.3575439453125,60.32445526123047,-2.1336111838756504,2.524693694765062,-101.74820193780302,-28.01903,6.4965124,24.312399,27.329063,-7.532368,-0.40027025,5.8990097,2.5128746,5.670081,38.469685,-17.119617,1.9763522,10.643238,18.114555,24.954826,-32.70172,61.50829,-21.037693,-30.643526,31.398409,36.800694
437,-5.708174705505371,-271.16790771484375,60.36874771118164,-1.5996531161838665,2.482238601369005,-101.65654077255711,-27.682884,5.8614306,24.217192,28.160173,-7.9337654,0.62721235,5.2644305,1.8923213,5.6617355,41.038918,-15.096645,2.645317,10.536101,18.161402,24.911148,-32.65763,61.030674,-20.529346,-30.534523,31.625677,37.819916
438,-5.671710014343262,-271.9739074707031,60.42462158203125,-1.050884004545752,2.3970819714522746,-101.49621537783436,-27.251463,5.1103578,24.059248,28.818571,-8.436601,1.6782522,4.5694766,1.2906996,5.61775,43.733173,-12.723695,3.4201126,10.357398,18.212358,24.86943,-32.634956,60.53328,-19.939943,-30.397633,31.905935,38.931656
439,-5.639679908752441,-272.77044677734375,60.49327850341797,-0.5093895280981748,2.3054370322150564,-101.32865187565835,-26.749706,4.315321,23.906296,29.304409,-8.9808855,2.6537776,3.7858346,0.7220373,5.605693,46.496304,-10.191139,4.2084885,10.148435,18.222958,24.833326,-32.65477,60.022736,-19.339767,-30.241655,32.269863,40.110714
440,-5.605745315551758,-273.5611572265625,60.570682525634766,0.003763589299189271,2.2431243998908346,-101.216280559535,-26.19565,3.5558302,23.832647,29.618479,-9.513051,3.4577796,2.8807955,0.19278106,5.686859,49.28037,-7.689027,4.9084315,9.939566,18.157476,24.805353,-32.725327,59.50675,-18.75563,-30.074554,32.72939,41.3002
441,-5.560869216918945,-274.3464050292969,60.652076721191406,0.4940782280994333,2.222440908306985,-101.15578323886795,-25.587315,2.8230026,23.85555,29.727098,-10.031456,4.0581594,1.8102496,-0.2885854,5.9257693,52.178158,-5.2637954,5.4672394,9.73195,18.011152,24.786789,-32.870785,58.980007,-18.214304,-29.89817,33.29055,42.53963
442,-5.51732873916626,-275.11700439453125,60.74415969848633,0.966982688564743,2.225389973080018,-101.11983562059235,-24.915127,2.0830076,23.935844,29.634027,-10.553569,4.500652,0.6041536,-0.7186153,6.2727847,55.179848,-2.8095944,5.96339,9.508595,17.799738,24.776411,-33.076027,58.443924,-17.680878,-29.712729,33.943317,43.83065
443,-5.463400363922119,-275.8685607910156,60.84687042236328,1.4125028124166674,2.2447284822400833,-101.13691446230432,-24.190556,1.3755316,24.073645,29.39607,-11.055621,4.810612,-0.67591584,-1.1211412,6.6173253,58.105946,-0.29803205,6.458916,9.283772,17.517412,24.773365,-33.30103,57.914074,-17.120155,-29.523775,34.695896,45.0884
444,-5.405004024505615,-276.6084289550781,60.961204528808594,1.8176451896601102,2.2737425955123376,-101.23591646461023,-23.432531,0.73714495,24.271597,29.07483,-11.516507,5.0200715,-1.977153,-1.538101,6.850231,60.78818,2.2993095,6.9851823,9.075838,17.15992,24.776646,-33.508488,57.404274,-16.510334,-29.337553,35.563805,46.23887
445,-5.341612339019775,-277.33111572265625,61.085975646972656,2.177367674030858,2.323719215982671,-101.46766290473879,-22.658176,0.18305252,24.582403,28.676285,-11.944136,5.112581,-3.340952,-1.9945912,7.0013204,63.22267,5.242844,7.599135,8.926212,16.721653,24.785961,-33.71001,56.91384,-15.836132,-29.152575,36.548073,47.264835
446,-5.28105354309082,-278.0393981933594,61.21202850341797,2.498099033799264,2.395336760931941,-101.80424070576832,-21.85678,-0.31908482,24.995369,28.160315,-12.337707,5.085267,-4.788615,-2.4847765,7.113479,65.498795,8.438382,8.218889,8.817263,16.204391,24.802004,-33.919903,56.44086,-15.12804,-28.970871,37.653053,48.2193
447,-5.2316718101501465,-278.7351989746094,61.34602355957031,2.7896741187775986,2.463302198441285,-102.14606281456811,-21.021002,-0.8142824,25.410763,27.53485,-12.666432,4.999553,-6.246771,-3.0318582,7.0666037,67.60503,11.366739,8.6394415,8.664919,15.620017,24.824558,-34.10046,55.99322,-14.407049,-28.801008,38.87791,49.113834
448,-5.191391944885254,-279.4203186035156,61.484153747558594,3.062148559327316,2.5004971125374547,-102.39242204893434,-20.144978,-1.3397479,25.726143,26.817842,-12.904898,4.917295,-7.636823,-3.6775055,6.721405,69.522736,13.505097,8.651887,8.384768,14.98366,24.853422,-34.215195,55.574913,-13.690131,-28.650778,40.22266,49.95807
449,-5.149286270141602,-280.1088562011719,61.631168365478516,3.3301252511760566,2.498502952549311,-102.53303349159549,-19.209587,-1.9232779,25.939043,25.973537,-13.0252,4.8489676,-8.9548235,-4.5277057,5.934249,71.26602,14.712809,8.0751915,7.9709287,14.29301,24.890142,-34.27435,55.177944,-12.979623,-28.520401,41.735806,50.76759
450,-5.111398696899414,-280.7926330566406,61.77853775024414,3.5860549320206037,2.4699560206045015,-102.61309042837597,-18.225977,-2.5435882,26.09365,25.006752,-13.052475,4.7760806,-10.226206,-5.572826,4.797669,72.84,15.253104,7.0325055,7.464739,13.543938,24.934826,-34.296513,54.79905,-12.269365,-28.404383,43.39987,51.5388
451,-5.079228401184082,-281.4689025878906,61.92335510253906,3.8098489714256543,2.417712481092623,-102.61759951761258,-17.22548,-3.1651301,26.156149,23.992306,-13.036077,4.709665,-11.409962,-6.6529903,3.5424957,74.20012,15.221887,5.815716,6.854958,12.7472315,24.985773,-34.261364,54.45209,-11.566206,-28.30251,45.124893,52.25408
452,-5.055087566375732,-282.138427734375,62.064754486083984,3.978676514842004,2.3440062461115962,-102.53524755147126,-16.235521,-3.7443914,26.0963,23.006845,-13.022071,4.650839,-12.475525,-7.578871,2.404522,75.300446,14.734944,4.7347827,6.136037,11.909698,25.041874,-34.152256,54.156845,-10.8722,-28.215387,46.82277,52.887333
453,-5.040494918823242,-282.80859375,62.19776153564453,4.073340700166089,2.241042685760348,-102.34754126676509,-15.258505,-4.2551613,25.885279,22.078901,-13.020935,4.588006,-13.400123,-8.266225,1.4280188,76.10581,13.660041,3.8910787,5.2816935,11.004964,25.106945,-33.98038,53.954845,-10.194495,-28.146229,48.538574,53.417515
454,-5.029865264892578,-283.47088623046875,62.3239631652832,4.106745570930579,2.1067718826215334,-102.07108586346735,-14.27369,-4.708775,25.549538,21.1716,-13.009193,4.516364,-14.205189,-8.77561,0.52328956,76.64648,12.0068865,3.1692476,4.3228397,10.028375,25.183386,-33.775364,53.83308,-9.51603,-28.09237,50.28403,53.857
455,-5.023870944976807,-284.1377258300781,62.44757080078125,4.0880515515002145,1.9325162120860466,-101.75157996500484,-13.270508,-5.0999074,25.142675,20.299139,-12.998559,4.440706,-14.916048,-9.127298,-0.2934005,76.95995,10.125841,2.5353591,3.7798064,8.811482,25.24508,-34.007217,53.808887,-8.389814,-28.098715,51.16726,54.145092
456,-5.021815776824951,-284.79498291015625,62.564002990722656,4.0930990139017105,1.7904432559821846,-101.41925034285192,-12.276694,-5.511159,24.720963,19.36866,-12.944849,4.3701606,-15.636106,-9.42373,-1.0023495,77.109245,8.333989,1.9437132,2.4243355,8.010717,25.35442,-33.31962,53.588116,-8.022915,-28.02239,53.300064,54.568974
457,-5.028519153594971,-285.4493103027344,62.673641204833984,4.069495939350149,1.6062586925210778,-101.09245597592553,-11.258218,-5.8642693,24.284275,18.480637,-12.894532,4.2986236,-16.300905,-9.59535,-1.5976717,77.07287,6.6452985,1.3580729,1.9436735,6.896092,25.399532,-33.416805,53.407276,-6.8767557,-28.019487,53.810093,54.844894
458,-5.030980110168457,-286.1078186035156,62.779296875,4.042410587711727,1.4289198640870278,-100.71526732247749,-10.2359495,-6.2110295,23.782715,17.552011,-12.797391,4.223135,-16.937561,-9.672678,-2.1113534,76.8355,4.905137,0.81089,0.6458456,6.0642447,25.532251,-32.696133,53.155853,-6.365237,-27.949604,55.523033,55.180122
459,-5.039499282836914,-286.76141357421875,62.87208938598633,3.9983623095611653,1.2305124321398286,-100.35683069565482,-9.207842,-6.511127,23.295399,16.670132,-12.725935,4.1436596,-17.541195,-9.662844,-2.5302668,76.42815,3.2448373,0.32802778,0.11669088,4.959373,25.574148,-32.699265,52.91949,-5.2551894,-27.94308,55.87153,55.410618
460,-5.05329704284668,-287.40960693359375,62.95901107788086,3.952427128610766,1.0473049773839824,-100.00444508425063,-8.189901,-6.795452,22.82576,15.784737,-12.667684,4.0707006,-18.140427,-9.634174,-2.9262536,75.86665,1.7908864,-0.07408984,-0.535048,3.8425357,25.62986,-32.602436,52.684055,-4.230832,-27.93375,56.266167,55.60479
461,-5.065387725830078,-288.0564270019531,63.03520202636719,3.9090094650390443,0.8864174218853381,-99.67029767741614,-7.176947,-7.0732503,22.391047,14.868792,-12.6247835,4.0236073,-18.753937,-9.595221,-3.301324,75.16396,0.5810723,-0.41071135,-1.2577598,2.7821305,25.692802,-32.367905,52.372936,-3.26298,-27.918407,56.576973,55.765697
462,-5.081370830535889,-288.70086669921875,63.09846496582031,3.8638893803711385,0.7395196790278258,-99.3444974614451,-6.1721253,-7.338569,21.974178,13.9463,-12.594756,3.9938228,-19.369337,-9.526699,-3.6442802,74.30769,-0.45513037,-0.694681,-2.0279052,1.7817532,25.76156,-32.00485,51.98465,-2.3191748,-27.89661,56.76351,55.891617
463,-5.098299503326416,-289.3431091308594,63.15264129638672,3.815866354267845,0.6061069908461231,-99.02778423972451,-5.1989446,-7.572918,21.572397,13.0817585,-12.599001,3.947817,-19.97058,-9.430693,-3.9582028,73.28969,-1.357003,-0.8992901,-2.8247824,0.8323636,25.83684,-31.551992,51.54481,-1.4018319,-27.869799,56.83947,55.99561
464,-5.120429992675781,-289.9819641113281,63.19229507446289,3.760834618050326,0.4858550613494948,-98.72124962356372,-4.2793355,-7.760346,21.183418,12.329897,-12.651153,3.8517163,-20.541952,-9.3064575,-4.2463746,72.10046,-2.162452,-0.99754435,-3.6332412,-0.08499592,25.920078,-31.05734,51.086395,-0.5276418,-27.840214,56.841656,56.096447
465,-5.14621639251709,-290.62127685546875,63.21143341064453,3.714723700982086,0.3750624158423398,-98.47242421957534,-3.4489717,-7.896851,20.862982,11.79591,-12.817172,3.6745303,-21.10752,-9.1511345,-4.4545174,70.77684,-2.87772,-0.93905556,-4.261019,-0.9310307,25.97421,-30.749804,50.53761,0.17896003,-27.819626,56.770786,56.281372
466,-5.171292304992676,-291.26300048828125,63.239227294921875,3.611028173959819,0.27508797241048205,-98.14140241907607,-2.5805397,-7.9789166,20.450794,11.133739,-12.887979,3.4481375,-21.581078,-8.959752,-4.7774897,69.184875,-3.4262674,-0.76921517,-5.2350063,-1.9716505,26.081575,-30.116405,50.219547,1.0890085,-27.782665,56.567013,56.26067
467,-5.195375442504883,-291.8804931640625,63.234596252441406,3.560461886453176,0.18163055632505187,-97.9050192817395,-1.8326255,-8.051524,20.156454,10.7738495,-13.130504,3.2107723,-22.087605,-8.758373,-4.954499,67.52963,-3.9329538,-0.5548946,-5.9040275,-2.7971745,26.15078,-29.763681,49.667187,1.7088678,-27.758682,56.395973,56.44689
468,-5.220512866973877,-292.5087585449219,63.23332977294922,3.5016815041489635,0.09726957374530627,-97.641014441035,-1.1000894,-8.105106,19.835665,10.429905,-13.360389,3.0162752,-22.54026,-8.538826,-5.146124,65.68671,-4.374091,-0.39384177,-6.6522455,-3.731084,26.231728,-29.381659,49.22503,2.4004703,-27.731161,56.16331,56.6077
469,-5.250706672668457,-293.1318664550781,63.22178649902344,3.452567670862993,0.026700341675275185,-97.36969785625168,-0.430291,-8.138166,19.517078,10.209451,-13.636151,2.8801692,-22.973421,-8.301488,-5.301498,63.701054,-4.7821355,-0.32014555,-7.412154,-4.6875052,26.324425,-29.00622,48.813457,3.0903707,-27.701328,55.891327,56.789486
470,-5.284806251525879,-293.7518615722656,63.19785690307617,3.4109015885839566,-0.03174413255240099,-97.10000807211317,0.17822911,-8.150681,19.209734,10.115673,-13.962497,2.776589,-23.386189,-8.048675,-5.421621,61.57088,-5.140137,-0.28702226,-8.167279,-5.6471395,26.428888,-28.652313,48.40414,3.751544,-27.669327,55.580917,56.99991
471,-5.318115711212158,-294.37554931640625,63.16437530517578,3.381632291126204,-0.0783032061013325,-96.83844132659793,0.75699764,-8.166714,18.914785,10.07453,-14.313744,2.6901274,-23.76338,-7.793038,-5.524992,59.287228,-5.4391737,-0.24777639,-8.887901,-6.6005144,26.554071,-28.328314,47.989292,4.3780746,-27.63297,55.238228,57.250957
472,-5.344069957733154,-294.9964294433594,63.12211608886719,3.3676813729833075,-0.11330052969764363,-96.59135066163432,1.3115708,-8.193253,18.636543,10.076069,-14.700286,2.6036038,-24.09322,-7.5444217,-5.6330338,56.84219,-5.6706705,-0.15696198,-9.542033,-7.529985,26.68965,-28.049826,47.556202,4.960552,-27.595997,54.88546,57.550713
473,-5.368570804595947,-295.6152038574219,63.070159912109375,3.3720857644522337,-0.13918567022064254,-96.3548078423193,1.8497314,-8.234912,18.372082,10.102142,-15.109648,2.527504,-24.372652,-7.3215184,-5.763847,54.226288,-5.857206,-0.024829116,-10.129439,-8.442149,26.83532,-27.823957,47.103798,5.4841495,-27.5593,54.536278,57.91437
474,-5.38859224319458,-296.24835205078125,63.00807189941406,3.3952320875767894,-0.15442017269562053,-96.12707258589661,2.3765626,-8.293477,18.118422,10.135102,-15.524938,2.4656928,-24.609037,-7.1170354,-5.901239,51.446594,-5.9973555,0.13132912,-10.665695,-9.347921,27.006641,-27.647463,46.637558,5.950029,-27.519135,54.184135,58.33463
475,-5.409726619720459,-296.8699951171875,62.95337677001953,3.3714024347999003,-0.1327997372508485,-95.88870235387861,2.8958743,-8.310184,17.851469,10.10162,-15.907259,2.389072,-24.772673,-6.8558726,-6.0753274,48.411964,-5.991488,0.34083316,-11.145136,-10.339595,27.256165,-27.494844,46.18102,6.5325265,-27.465492,53.629856,58.689137
476,-5.424415588378906,-297.4913024902344,62.87630081176758,3.4062237002136477,-0.10423775916263203,-95.73889040624148,3.3991315,-8.384435,17.668488,10.122709,-16.34993,2.2687852,-24.93327,-6.585564,-6.1085215,45.32041,-5.88999,0.63376576,-11.447607,-11.165524,27.498062,-27.4461,45.61506,6.9886007,-27.415842,53.145462,59.13146
477,-5.433507442474365,-298.12042236328125,62.788814544677734,3.452513945084689,-0.054073906679369704,-95.64776593626402,3.918922,-8.484805,17.532156,10.071041,-16.780302,2.084983,-25.053722,-6.2866063,-6.061152,42.042606,-5.594047,0.9945453,-11.668455,-12.003292,27.733265,-27.439808,45.095943,7.400519,-27.366837,52.667866,59.60059
478,-5.44379186630249,-298.75738525390625,62.69423294067383,3.511158751245829,0.01727218752404164,-95.60330554256893,4.4424596,-8.601588,17.436491,9.9761095,-17.207247,1.8545166,-25.136963,-5.973207,-5.9497395,38.5907,-5.148195,1.4066745,-11.817224,-12.855675,27.963192,-27.46491,44.61929,7.7763023,-27.31765,52.1833,60.09197
479,-5.449487686157227,-299.39892578125,62.588130950927734,3.5723974157694363,0.10040668204634783,-95.59763936160837,4.972039,-8.726836,17.378534,9.8602295,-17.631153,1.6067915,-25.181908,-5.634165,-5.7583637,35.043564,-4.6526284,1.8894161,-11.894862,-13.697586,28.188046,-27.518068,44.17057,8.145544,-27.268152,51.694443,60.566772
480,-5.45982027053833,-300.0391540527344,62.47513961791992,3.63461106513639,0.18573055757039503,-95.6228545667085,5.5034885,-8.853654,17.355858,9.761299,-18.06255,1.3728418,-25.185087,-5.2626276,-5.473523,31.468042,-4.2014575,2.4587204,-11.906837,-14.506124,28.407711,-27.596718,43.73899,8.5354,-27.218653,51.210865,60.985348
481,-5.4687042236328125,-300.6939392089844,62.35173416137695,3.703986553468106,0.2759715054739457,-95.68515990084033,6.047455,-8.998387,17.374548,9.651457,-18.48635,1.168321,-25.125252,-4.8552117,-5.067123,27.751204,-3.7492242,3.1406794,-11.851926,-15.2764635,28.621471,-27.69166,43.31958,8.947399,-27.169441,50.730663,61.3573
482,-5.478806972503662,-301.35394287109375,62.22257614135742,3.7479501755780817,0.38785359013992177,-95.80250815985843,6.57645,-9.124667,17.456694,9.556283,-18.925392,0.97196513,-24.982697,-4.397782,-4.555427,23.7946,-3.2186053,3.892392,-11.623215,-16.01211,28.91749,-27.878464,42.82963,9.473584,-27.101479,50.086044,61.63468
483,-5.492557525634766,-302.0230712890625,62.08635711669922,3.7936709456441475,0.49107795551775,-95.93202364367527,7.0764613,-9.237061,17.556482,9.576514,-19.430958,0.768737,-24.794518,-3.9751904,-3.9979045,19.87852,-2.7635996,4.649446,-11.387989,-16.681896,29.182795,-28.049244,42.36749,9.961982,-27.041668,49.537018,61.874893
484,-5.507618427276611,-302.6971435546875,61.946590423583984,3.8127108518891246,0.5820018514673887,-96.06493440138281,7.5735292,-9.313887,17.658735,9.646687,-19.960754,0.5421981,-24.552025,-3.576362,-3.4551187,16.104336,-2.423876,5.3594894,-11.156352,-17.318144,29.424791,-28.212944,41.968544,10.434169,-26.98964,49.089058,62.02707
485,-5.523826599121094,-303.3788146972656,61.79570007324219,3.806647016904785,0.6554180313876564,-96.20050670585323,8.085217,-9.35971,17.759062,9.741693,-20.514965,0.28192207,-24.22316,-3.1804721,-2.8410103,12.336471,-2.1932094,5.999994,-10.92738,-17.91943,29.647718,-28.375725,41.629364,10.886487,-26.946215,48.75554,62.09253
486,-5.547400951385498,-304.06488037109375,61.63526916503906,3.8268905367032304,0.7305952446493138,-96.30778735538522,8.592808,-9.422245,17.824026,9.866421,-21.092035,0.0023187464,-23.837437,-2.842687,-2.176584,8.570724,-2.0580387,6.6171436,-10.724094,-18.461145,29.852024,-28.512583,41.2936,11.2815275,-26.91183,48.519966,62.12394
487,-5.572041034698486,-304.76483154296875,61.447505950927734,3.9636113134352473,0.8429837225572675,-96.30847057968272,9.05857,-9.57879,17.763992,10.026402,-21.661856,-0.27496257,-23.788181,-2.701107,-1.676327,5.8578258,-2.4776938,7.290602,-10.601868,-18.875092,30.033825,-28.564497,40.838455,11.539205,-26.887709,48.348923,62.208508
488,-5.601292610168457,-305.47271728515625,61.23583221435547,4.206137008555893,0.9838721493994267,-96.23110983209553,9.4989605,-9.825425,17.604836,10.1848345,-22.174246,-0.5331695,-22.970095,-2.694737,-1.5680274,1.6380297,-1.7492906,8.101179,-10.555779,-19.172678,30.142231,-28.508673,40.33078,11.663271,-26.877596,48.25617,62.342014
489,-5.643716812133789,-306.17852783203125,61.02573776245117,4.458062261334796,1.117976152821969,-96.14999737435198,9.925036,-10.062535,17.445623,10.403735,-22.69289,-0.7704359,-23.000816,-2.7041717,-1.9102335,0.0048384108,-2.4461935,9.337098,-10.507287,-19.397146,30.195292,-28.437521,39.869976,11.767731,-26.874567,48.223442,62.41865
490,-5.681440353393555,-306.8773193359375,60.81829833984375,4.740372961773355,1.287162070193807,-96.03038893290716,10.317345,-10.316739,17.241753,10.6235,-23.182915,-0.99400824,-23.374214,-2.7397125,-2.6263616,-0.47789583,-3.7282386,10.895705,-10.461507,-19.591814,30.24456,-28.331192,39.374874,11.841042,-26.874296,48.207058,62.43725
491,-5.718437194824219,-307.57537841796875,60.63319396972656,4.948168656875079,1.4603151877185734,-95.92527345661907,10.622139,-10.460311,17.066925,11.0379,-23.706768,-1.2323493,-23.80401,-2.7111976,-3.4609578,-0.423236,-4.8712463,12.215765,-10.403058,-19.751562,30.29228,-28.207083,38.9561,11.915643,-26.875921,48.21941,62.35685
492,-5.749476909637451,-308.2749938964844,60.470699310302734,4.979327114798196,1.6079907675357867,-95.90047741681028,10.904314,-10.4146385,16.986,11.537106,-24.150555,-1.5088176,-24.054138,-2.5216138,-4.1177998,-0.3136791,-5.2599864,12.708945,-10.307372,-19.919024,30.342447,-28.094572,38.745533,12.042158,-26.877382,48.27252,62.125027
493,-5.783455848693848,-308.9445495605469,60.36049270629883,4.789206817420368,1.7187290543549998,-96.01571202784336,11.179292,-10.1524515,17.059105,12.0983095,-24.503021,-1.834237,-23.98494,-2.109543,-4.551097,-0.3120091,-4.5307765,12.038627,-10.119959,-20.133614,30.399267,-28.028584,38.801285,12.266762,-26.876823,48.38546,61.695538
494,-5.849392890930176,-309.5834045410156,60.315608978271484,4.361655930184075,1.8105384953193369,-96.27228202297867,11.368961,-9.642303,17.314997,12.905472,-24.909672,-2.2036855,-23.637869,-1.4205824,-4.889069,-0.43759885,-2.9007282,10.575795,-9.902817,-20.512539,30.521088,-28.035923,39.21546,12.5966425,-26.873806,48.69472,60.992016
495,-5.922091960906982,-310.237060546875,60.28496170043945,3.7465401442173136,1.8328459780334683,-96.63446613796984,11.57933,-8.934926,17.707294,13.836388,-25.272457,-2.6080148,-24.345804,-0.6093744,-5.033026,2.4105577,-2.6431653,8.797182,-9.683316,-21.005219,30.704554,-28.193819,39.964787,12.903544,-26.860435,49.162186,60.217457
496,-5.97450590133667,-310.9363098144531,60.2292366027832,3.088456247171801,1.8448940162537162,-96.95053772295746,11.739712,-8.140404,18.074352,14.942831,-25.592985,-3.0245378,-25.516066,0.19217849,-5.01105,6.318275,-3.08111,7.1539264,-9.547824,-21.497944,30.966341,-28.411127,40.821552,13.084758,-26.822874,49.660995,59.495323
497,-6.025362491607666,-311.6595153808594,60.1732063293457,2.42640622573938,1.8569609805313974,-97.20247797474485,11.887136,-7.3080535,18.384613,16.128431,-25.85116,-3.4505901,-25.8811,1.0657337,-4.6991277,8.105368,-2.3582854,5.5136065,-9.450858,-21.760101,31.305983,-28.515013,41.554104,13.196037,-26.75131,50.031727,58.833366
498,-6.10394811630249,-312.3741760253906,60.14866256713867,1.7987543832767743,1.869782594606531,-97.38517417580701,12.023692,-6.477654,18.619465,17.371237,-26.027908,-3.8873887,-26.472652,1.8733925,-4.1863775,10.469511,-1.8607217,3.7274113,-9.382741,-21.920452,31.570236,-28.547699,42.3076,13.268039,-26.685522,50.25353,58.205647
499,-6.2078399658203125,-313.08624267578125,60.14863204956055,1.243693099094649,1.8973281106705713,-97.44471145470767,12.09504,-5.6625433,18.722593,18.747423,-26.085718,-4.327548,-27.050089,2.5663915,-3.7047195,12.804478,-1.3591492,2.141788,-9.424137,-21.928326,31.79284,-28.476364,43.025723,13.254081,-26.61968,50.34609,57.65499
500,-6.329875946044922,-313.82440185546875,60.155113220214844,0.7588123979432928,1.9348862231506567,-97.38040776256925,12.075085,-4.8515606,18.695148,20.304115,-25.975393,-4.7662797,-27.425491,3.1280692,-3.425136,14.671859,-0.73041326,1.089136,-9.569495,-21.821655,31.94397,-28.344904,43.756073,13.20205,-26.55712,50.25322,57.153755
501,-6.4423441886901855,-314.59002685546875,60.15655517578125,0.316039274865436,1.9826872856570585,-97.15965086677004,11.971854,-4.0087533,18.526457,22.038826,-25.735394,-5.213622,-27.532547,3.5293145,-3.380928,15.932476,0.17590415,0.8333497,-9.8434515,-21.592728,32.047577,-28.164104,44.49013,13.138481,-26.48513,49.924274,56.688816
502,-6.547135353088379,-315.36907958984375,60.163734436035156,-0.12078647279812611,2.0312737505610046,-96.83076486173243,11.805643,-3.114898,18.263763,23.924755,-25.37536,-5.6722364,-27.446707,3.821985,-3.4430227,16.817339,1.26685,1.0979382,-10.198453,-21.35162,32.077946,-28.013329,45.344727,13.094503,-26.408634,49.394623,56.222607
503,-6.6520256996154785,-316.15472412109375,60.1817741394043,-0.5455239392354034,2.070559058161094,-96.50058111901946,11.557303,-2.205288,17.977041,25.986784,-24.800926,-6.12507,-27.282846,4.073211,-3.5358024,17.630598,2.1755388,1.4267231,-10.539863,-21.069464,32.04703,-27.875492,46.302235,13.068532,-26.328108,48.7436,55.758686
504,-6.757274150848389,-316.92816162109375,60.21747589111328,-0.9504520008717371,2.088807357340598,-96.27375875644243,11.209629,-1.3146541,17.733097,28.249134,-23.916603,-6.5539937,-27.130478,4.3591266,-3.5941577,18.594217,2.5580914,1.3950837,-10.7765255,-20.739521,31.956873,-27.743279,47.36326,13.053038,-26.247913,48.05255,55.29684
505,-6.857112884521484,-317.70135498046875,60.268836975097656,-1.3400897685168756,2.076410229845202,-96.17674889772617,10.772627,-0.4419928,17.541735,30.732752,-22.637554,-7.049491,-27.028484,4.7154384,-3.6061351,19.818762,2.1861897,0.888834,-10.891295,-20.35265,31.807413,-27.589003,48.54767,13.060452,-26.165552,47.2847,54.835377
506,-6.95114803314209,-318.474853515625,60.32577133178711,-1.7165087798067722,2.039878887094614,-96.15619520606957,10.248585,0.42761534,17.368221,33.42698,-21.03736,-7.585876,-26.922913,5.110854,-3.5880246,21.147932,1.2958803,0.16419148,-10.930461,-19.903362,31.6072,-27.411352,49.83221,13.085966,-26.078415,46.418766,54.373547
507,-7.044590950012207,-319.24853515625,60.400474548339844,-2.066536011480655,1.9902777262700353,-96.19365950147603,9.619784,1.2797074,17.216482,36.29085,-19.25029,-7.9758096,-26.76157,5.5238066,-3.5262866,22.392159,0.23828922,-0.6371801,-10.898553,-19.390972,31.366112,-27.243238,51.152115,13.090305,-25.993326,45.557423,53.914936
508,-7.135459899902344,-320.0159606933594,60.493343353271484,-2.378260363918864,1.9394393891596453,-96.26932351429728,8.871483,2.101542,17.100176,39.278996,-17.401525,-8.038873,-26.49578,5.920847,-3.4237306,23.37658,-0.6462514,-1.3814864,-10.802147,-18.80774,31.094854,-27.115015,52.439877,13.036838,-25.917814,44.805332,53.45651
509,-7.220670700073242,-320.7829284667969,60.596378326416016,-2.6382683311013695,1.8784538429321913,-96.42402930394361,7.99859,2.8766716,17.052223,42.458115,-15.514354,-7.642225,-26.104053,6.3026624,-3.248847,24.059525,-1.2904581,-2.0771325,-10.612459,-18.124018,30.793076,-26.990534,53.70788,12.916933,-25.853449,44.166466,53.019714
510,-7.30535888671875,-321.5380554199219,60.70400619506836,-2.858443497729596,1.8047087035929485,-96.65198724181909,7.020152,3.6245024,17.081923,45.807,-13.503581,-6.917708,-25.618702,6.684041,-3.0127738,24.540684,-1.8730536,-2.7773268,-10.335571,-17.336695,30.466345,-26.86164,54.963665,12.749081,-25.796919,43.595062,52.59234
511,-7.395526885986328,-322.2846374511719,60.822601318359375,-3.06020485481106,1.742056670050845,-96.86289025672505,5.95239,4.391817,17.162004,49.157963,-11.334376,-6.076338,-25.07188,7.0426607,-2.794211,24.860363,-2.4285579,-3.4192572,-10.035129,-16.480434,30.13452,-26.802473,56.139076,12.537725,-25.749695,43.119858,52.123993
512,-7.4952473640441895,-323.024169921875,60.94961166381836,-3.2669169394715234,1.7152148973297539,-96.96707940976314,4.803025,5.224934,17.247316,52.364532,-8.989186,-5.3193808,-24.493969,7.3571386,-2.6711364,25.051203,-2.986658,-3.9408329,-9.774599,-15.5830965,29.817057,-26.882212,57.162354,12.281537,-25.714268,42.77024,51.572647
513,-7.603714466094971,-323.7549133300781,61.077720642089844,-3.4788024316044845,1.7417065845830333,-96.92366237496482,3.5051641,6.135369,17.233955,55.49346,-6.372351,-4.6050587,-23.88614,7.61961,-2.68332,25.089231,-3.5647829,-4.3147693,-9.590902,-14.646521,29.517174,-27.10476,58.030445,11.972211,-25.6924,42.579655,50.92515
514,-7.710481643676758,-324.4832458496094,61.212547302246094,-3.684803969965457,1.8065482906768244,-96.78734425533762,2.0708969,7.109932,17.172852,58.60543,-3.5306559,-3.8408396,-23.232378,7.843881,-2.7827187,24.95672,-4.1356235,-4.573363,-9.44029,-13.6541605,29.231354,-27.440754,58.773495,11.607872,-25.68375,42.522404,50.210236
515,-7.827439308166504,-325.1951599121094,61.3482780456543,-3.8898936918842617,1.8858104478474484,-96.6108164007216,0.62003773,8.163645,17.229671,61.567986,-0.68477917,-3.133961,-22.544943,8.044337,-2.9207225,24.713451,-4.6711636,-4.7489023,-9.270354,-12.6129675,28.966738,-27.909254,59.37897,11.200463,-25.686651,42.537655,49.44189
516,-7.937285900115967,-325.8896789550781,61.47657775878906,-4.095809509762612,1.9554785221065363,-96.44820265929079,-0.72429144,9.3188925,17.565252,64.25373,1.939922,-2.579832,-21.83592,8.239082,-3.0478795,24.41506,-5.1394334,-4.880812,-9.025984,-11.525814,28.729025,-28.526382,59.82963,10.762318,-25.699219,42.5642,48.633636
517,-8.040603637695312,-326.57452392578125,61.60547637939453,-4.312854035766494,2.022344299038329,-96.27996050195604,-1.9331868,10.691004,18.341286,66.663635,4.531223,-2.2673674,-21.105173,8.440851,-3.1949842,24.042772,-5.5228195,-4.977164,-8.720895,-10.384126,28.517166,-29.315079,60.100956,10.288649,-25.722412,42.612186,47.76589
518,-8.143745422363281,-327.26275634765625,61.738525390625,-4.5344547449945045,2.0951486843133083,-96.09424567437674,-3.062068,12.261404,19.422062,68.89028,7.102087,-2.0816252,-20.349098,8.651379,-3.373421,23.57563,-5.8379564,-5.028301,-8.370891,-9.206745,28.32965,-30.268835,60.227184,9.767472,-25.757584,42.70638,46.843708
519,-8.232407569885254,-327.93975830078125,61.86537170410156,-4.740482767687343,2.1503185766253696,-95.95575379066324,-4.116753,13.816453,20.519379,70.919075,9.178313,-1.8596984,-19.574303,8.862024,-3.5037317,23.068232,-6.105268,-5.0494986,-7.927931,-8.022629,28.167395,-31.350119,60.264614,9.198164,-25.8036,42.80878,45.92241
520,-8.311370849609375,-328.608154296875,61.986000061035156,-4.905821634828017,2.161578764148209,-95.91887635809356,-5.107187,15.108796,21.352406,72.69918,10.306984,-1.4740598,-18.785387,9.050418,-3.5134375,22.584606,-6.353543,-5.0500374,-7.350466,-6.8500667,28.028982,-32.51994,60.257614,8.58045,-25.85949,42.881416,45.063545
521,-8.37741756439209,-329.28131103515625,62.10513687133789,-5.0134707118598465,2.1097244589810487,-95.99818909132546,-6.036027,16.01499,21.838604,74.18647,10.234885,-0.85906845,-17.972729,9.195706,-3.3827307,22.14474,-6.587248,-5.0167756,-6.617574,-5.665889,27.913439,-33.83492,60.172066,7.8962517,-25.929556,42.95395,44.28648
522,-8.430463790893555,-329.9441833496094,62.21882629394531,-5.052091861474477,2.008361437015831,-96.15385510581407,-6.905898,16.612314,22.128294,75.389175,9.284492,-0.13494101,-17.148853,9.284155,-3.1571064,21.758862,-6.821733,-4.9517765,-6.078891,-3.9899952,27.899363,-34.629406,59.729385,6.9900537,-25.9787,43.327843,43.634014
523,-8.474176406860352,-330.5967712402344,62.329864501953125,-5.095887441822158,1.878025202094658,-96.34979984065883,-7.7445908,17.049826,22.27348,76.36494,7.8416,0.5448543,-16.291424,9.38391,-2.8848789,21.331291,-7.0177383,-4.8812237,-4.893648,-3.286141,27.752962,-36.732677,59.814007,6.3414006,-26.103918,43.13821,42.901283
524,-8.517672538757324,-331.25152587890625,62.439571380615234,-5.088630839897304,1.7572819583514208,-96.54931932838734,-8.568559,17.355844,22.365229,77.10719,6.332663,1.0495309,-15.46341,9.434608,-2.589143,20.95015,-7.244666,-4.8243523,-4.375636,-1.7581261,27.74038,-37.319046,59.50397,5.4294653,-26.143322,43.396976,42.278408
525,-8.561017036437988,-331.9056396484375,62.546844482421875,-5.058143514981484,1.603203376670733,-96.77603076077233,-9.335848,17.541763,22.39532,77.611465,4.6698895,1.32471,-14.607998,9.459883,-2.243926,20.561775,-7.4637213,-4.771534,-3.0584168,-1.2041438,27.610756,-39.4017,59.65805,4.768796,-26.281128,42.96879,41.676197
526,-8.59931468963623,-332.55487060546875,62.646995544433594,-4.9939337756610485,1.4550836566531553,-97.0159620163563,-10.102365,17.551983,22.28435,77.866455,2.7063363,1.4312638,-13.76813,9.441239,-1.867555,20.190847,-7.6921687,-4.710776,-2.5180786,0.16016391,27.599138,-39.90668,59.464203,3.8151343,-26.318077,43.129246,41.143143
527,-8.638517379760742,-333.20343017578125,62.74400329589844,-4.912794461773778,1.2865504904126581,-97.27909913054307,-10.824048,17.515982,22.205631,77.93021,0.7177567,1.490564,-12.920384,9.400644,-1.4591008,19.83344,-7.920024,-4.6554976,-1.1286832,0.66041803,27.488873,-41.803616,59.6398,3.1828866,-26.462942,42.48797,40.604294
528,-8.676973342895508,-333.8504638671875,62.83633804321289,-4.862321351226091,1.151837327947595,-97.50918553552262,-11.565829,17.569494,22.213037,77.872284,-1.022694,1.5842854,-12.08894,9.381081,-1.0908021,19.438972,-8.12979,-4.623534,-0.55303675,1.8165498,27.47172,-42.124866,59.644062,2.2478864,-26.495289,42.532684,40.10486
529,-8.715808868408203,-334.49481201171875,62.924320220947266,-4.820096877475633,1.0274656647123555,-97.73162997805818,-12.285495,17.73119,22.409756,77.69116,-2.4671893,1.7251374,-11.269907,9.3669405,-0.73247707,19.045265,-8.336347,-4.6281524,0.12669028,2.8261833,27.445187,-42.460457,59.769413,1.3068727,-26.536886,42.480312,39.658875
530,-8.755844116210938,-335.1313171386719,63.00619888305664,-4.784002634389619,0.9186294353637317,-97.95958040340686,-12.990655,17.944405,22.728382,77.358955,-3.7568617,1.863447,-10.466168,9.352315,-0.36754492,18.643549,-8.533495,-4.6536193,1.5023414,3.1458483,27.26233,-43.662746,60.278774,0.87954825,-26.723715,41.442703,39.01813
531,-8.790578842163086,-335.7641296386719,63.07977294921875,-4.760411047754762,0.8218276751379174,-98.16138080991038,-13.697814,18.17099,23.073225,76.88131,-4.88394,2.0199704,-9.670357,9.334795,-0.031199636,18.231977,-8.726114,-4.6752996,2.226073,4.015209,27.209276,-43.701874,60.560936,0.019824391,-26.769218,41.16997,38.57154
532,-8.829121589660645,-336.39910888671875,63.146339416503906,-4.7371032628013445,0.7348567195609135,-98.33782856964432,-14.407899,18.361877,23.395151,76.25239,-5.836455,2.224199,-8.889263,9.300563,0.2739649,17.833004,-8.928106,-4.67017,2.9878044,4.8248553,27.138182,-43.64213,60.866318,-0.79166985,-26.830154,40.801727,38.128506
533,-8.863831520080566,-337.02703857421875,63.2054443359375,-4.716062644270637,0.6576695498867262,-98.48785328174878,-15.129551,18.533424,23.717184,75.488396,-6.560873,2.5331366,-8.122924,9.253063,0.54576385,17.443811,-9.134348,-4.63857,3.7656598,5.592629,27.0516,-43.400963,61.194965,-1.5562837,-26.902802,40.36539,37.684326
534,-8.891639709472656,-337.6571960449219,63.257198333740234,-4.699070780026404,0.5905327766420205,-98.61428878974287,-15.856671,18.695225,24.0633,74.58642,-7.082592,2.915219,-7.369759,9.196679,0.7889744,17.061008,-9.342954,-4.5933475,4.531439,6.3367214,26.95214,-42.948753,61.55244,-2.306103,-26.985071,39.89363,37.253075
535,-8.915409088134766,-338.2872314453125,63.30403518676758,-4.686699336015445,0.5302429562265976,-98.72046704248913,-16.576105,18.806427,24.3714,73.522285,-7.512979,3.2673666,-6.6240287,9.133975,1.0070493,16.678955,-9.558545,-4.534066,5.2523975,7.068629,26.845455,-42.348885,61.92457,-3.06363,-27.076662,39.438904,36.83856
536,-8.937372207641602,-338.91748046875,63.34052276611328,-4.678950992367045,0.47504198039330187,-98.80901219179971,-17.27578,18.83049,24.577374,72.27181,-7.9579153,3.4881945,-5.8860297,9.067489,1.202374,16.306381,-9.787385,-4.4585443,5.9138947,7.7864785,26.741108,-41.694294,62.297707,-3.8493364,-27.173635,39.041183,36.4471
537,-8.95362377166748,-339.5480041503906,63.367431640625,-4.676732977001578,0.42271650864826177,-98.87513772034043,-17.955889,18.755775,24.657616,70.828995,-8.451076,3.5712063,-5.1477604,8.99402,1.3722942,15.927735,-10.025921,-4.3536243,6.530078,8.4811945,26.637901,-40.98862,62.672283,-4.666255,-27.27784,38.69062,36.089024
538,-8.97204303741455,-340.17376708984375,63.389007568359375,-4.678728127557708,0.37459672172765934,-98.91956645178094,-18.619774,18.607727,24.65191,69.208694,-8.934934,3.5699432,-4.411931,8.916033,1.5166205,15.547034,-10.273712,-4.2261095,7.110587,9.1456585,26.534716,-40.20394,63.058617,-5.503755,-27.388021,38.367397,35.76094
539,-8.99083137512207,-340.7935791015625,63.40104293823242,-4.6887373423696195,0.3356647728379533,-98.95353721791469,-19.259499,18.40755,24.592762,67.41289,-9.378331,3.476765,-3.692032,8.842389,1.6416872,15.184905,-10.5349045,-4.1039677,7.642242,9.782812,26.433355,-39.390133,63.4484,-6.362458,-27.504152,38.083065,35.45321
540,-9.004918098449707,-341.41839599609375,63.40456771850586,-4.7116307751690565,0.31074437881573796,-98.98845914808656,-19.869349,18.177124,24.511173,65.4458,-9.752276,3.2830796,-3.0004513,8.782144,1.7540512,14.859877,-10.814721,-4.0147924,8.119166,10.390102,26.33675,-38.61123,63.834515,-7.2337976,-27.623749,37.83696,35.152683
541,-9.021933555603027,-342.0375671386719,63.39704895019531,-4.747326875833079,0.3022200477978019,-99.02889659760835,-20.454397,17.917376,24.394451,63.297573,-10.068198,2.965373,-2.3484013,8.737309,1.8550812,14.59006,-11.115677,-3.980655,8.557509,10.955657,26.245562,-37.887722,64.22191,-8.117935,-27.744972,37.615395,34.86328
542,-9.037712097167969,-342.654052734375,63.37906265258789,-4.795778158411022,0.3079493317627052,-99.06849255464883,-21.013361,17.626062,24.234795,60.971737,-10.339262,2.5425549,-1.723998,8.7054,1.9427638,14.354856,-11.432028,-3.9831398,8.966841,11.465474,26.158525,-37.205544,64.62348,-9.010728,-27.867207,37.40442,34.588863
543,-9.05148983001709,-343.2752685546875,63.35111999511719,-4.8528424305540545,0.3255316236644391,-99.10176429629472,-21.533827,17.312593,24.070736,58.486607,-10.533625,2.0672944,-1.1185414,8.683076,2.0165641,14.141653,-11.763309,-3.9877374,9.34699,11.944144,26.076796,-36.579926,65.00662,-9.911677,-27.989624,37.20046,34.340534
544,-9.06787109375,-343.89654541015625,63.31516647338867,-4.920143921141985,0.35189702566138775,-99.11998583120675,-22.00597,16.987654,23.933695,55.86117,-10.620793,1.5880334,-0.51708657,8.671232,2.0731041,13.925533,-12.102576,-3.959243,9.702252,12.384479,26.010107,-36.067104,65.35972,-10.805559,-28.093006,36.990223,34.121727
545,-9.084169387817383,-344.5204772949219,63.27071762084961,-4.993700990625409,0.38905882647589096,-99.12803639230097,-22.42617,16.657862,23.846905,53.083027,-10.605923,1.124459,0.07933702,8.663785,2.111506,13.69906,-12.453313,-3.8790913,10.000227,12.8139305,25.946207,-35.59751,65.68085,-11.669182,-28.199163,36.770016,33.891262
546,-9.105997085571289,-345.1430358886719,63.215972900390625,-5.0709803974255205,0.4368986491763847,-99.12640520890709,-22.80122,16.314772,23.784542,50.1529,-10.507756,0.64754635,0.6658058,8.660421,2.1314807,13.476555,-12.819034,-3.767956,10.2695875,13.20231,25.886293,-35.206535,65.987114,-12.543293,-28.307312,36.550705,33.69686
547,-9.129531860351562,-345.7696533203125,63.15409469604492,-5.1636530768732385,0.4970101324818741,-99.10649654258424,-23.145294,15.950492,23.706493,47.105476,-10.31278,0.13137175,1.2443168,8.672072,2.1351447,13.255702,-13.184559,-3.6489532,10.494028,13.573306,25.840261,-34.89487,66.245636,-13.3802595,-28.393932,36.32602,33.49508
548,-9.15715217590332,-346.3962707519531,63.08452606201172,-5.272417085614838,0.5713222217944806,-99.06186048014797,-23.466097,15.554194,23.578127,43.965,-10.009552,-0.4460998,1.8102696,8.70363,2.12629,13.051326,-13.54548,-3.5453923,10.670994,13.930757,25.795956,-34.606045,66.45396,-14.1944,-28.48482,36.078022,33.303066
549,-9.181991577148438,-347.0272216796875,63.007781982421875,-5.408830205686566,0.6523685097616432,-98.99200255366026,-23.768246,15.143857,23.371515,40.709835,-9.553895,-1.0192034,2.3705788,8.7688675,2.1098514,12.86469,-13.898372,-3.4695141,10.785817,14.24168,25.755573,-34.37196,66.64943,-14.969493,-28.575306,35.814743,33.10544
550,-9.205320358276367,-347.6654052734375,62.92390823364258,-5.566841791900229,0.7520036219423903,-98.89176478939845,-24.06268,14.72469,23.094942,37.352417,-8.983007,-1.5907876,2.91856,8.85973,2.0729966,12.68244,-14.244177,-3.4064612,10.831366,14.548049,25.729893,-34.198578,66.77585,-15.715407,-28.639317,35.56199,32.898228
551,-9.229532241821289,-348.3065490722656,62.83815383911133,-5.718918834801761,0.8655922923427543,-98.76768181829837,-24.322226,14.273426,22.795504,33.94821,-8.3958435,-2.2861476,3.4500206,8.945032,2.0152936,12.522782,-14.594797,-3.3393183,10.846275,14.858418,25.705503,-34.03799,66.832924,-16.448296,-28.706171,35.27422,32.731373
552,-9.252447128295898,-348.93927001953125,62.7458381652832,-5.850309493924225,0.992543163824157,-98.62997891056109,-24.52453,13.778611,22.520443,30.54178,-7.8841577,-3.234477,3.96767,9.008345,1.9424372,12.375046,-14.945104,-3.2517977,10.853432,15.168372,25.68215,-33.890854,66.813675,-17.142988,-28.775368,34.967896,32.590008
553,-9.278109550476074,-349.57666015625,62.647003173828125,-5.951771523844377,1.1377416207480473,-98.47140132710824,-24.65547,13.212367,22.276615,27.01375,-7.386161,-4.497482,4.468596,9.04242,1.8401341,12.237259,-15.298719,-3.139452,10.8399515,15.494968,25.658531,-33.753975,66.69579,-17.799524,-28.847218,34.646812,32.476624
554,-9.298571586608887,-350.21612548828125,62.54396438598633,-6.026462369344997,1.29902261219825,-98.28978143979447,-24.708546,12.579287,22.046219,23.316864,-6.851394,-5.989831,4.958155,9.053145,1.7107916,12.101161,-15.648956,-3.0112658,10.794488,15.839788,25.634995,-33.630848,66.4845,-18.42232,-28.920078,34.31612,32.38825
555,-9.313316345214844,-350.8601379394531,62.440853118896484,-6.038936889743739,1.465647997056374,-98.07430819408309,-24.604738,11.818291,21.857868,19.40806,-6.26964,-7.61048,5.4230757,8.999016,1.5468584,12.024377,-16.020155,-2.8689137,10.748334,16.25005,25.605417,-33.514446,66.13694,-18.981575,-29.030416,33.911427,32.33195
556,-9.313796997070312,-351.5130615234375,62.3303337097168,-6.068277828389192,1.6184278747322574,-97.91391543365152,-24.358036,11.07821,21.76296,15.527736,-5.791777,-9.286557,5.8456635,8.948176,1.4497204,12.077233,-16.42959,-2.7168367,10.729751,16.572554,25.580072,-33.416737,65.83035,-19.479965,-29.138529,33.550533,32.259487
557,-9.305092811584473,-352.17803955078125,62.21599578857422,-6.079657861140169,1.7702770696477665,-97.8005851904436,-23.745415,10.178664,21.825409,11.001047,-5.1770787,-11.028372,6.215079,8.858206,1.409333,12.268577,-16.901976,-2.5476806,10.758311,16.895103,25.55255,-33.304756,65.45992,-19.903603,-29.27729,33.16131,32.167404
558,-9.290305137634277,-352.8642272949219,62.047481536865234,-6.3959014549194215,2.0061505913291793,-97.9560578661974,-22.107174,9.182016,22.231506,3.8217053,-3.2043583,-12.866585,6.486076,9.030079,1.672806,12.512954,-17.377092,-2.3695328,10.931002,16.90184,25.538485,-33.093315,65.33582,-20.073431,-29.424475,32.631138,31.650316
559,-9.273298263549805,-353.55560302734375,61.83422088623047,-6.925651254655105,2.2360872701324213,-98.17562327468713,-20.644617,8.487934,22.598553,-2.6322923,-1.5325686,-14.323944,6.6831746,9.404396,2.0270865,12.953337,-17.914135,-2.1888366,11.06478,16.660822,25.541739,-32.875973,65.466286,-20.243303,-29.465189,32.221336,31.090265
560,-9.223182678222656,-354.2342529296875,61.635780334472656,-7.2941695224263166,2.419266818175416,-98.18625144052976,-20.46818,8.045639,22.55394,-5.2215376,-1.7474015,-14.323944,6.8772383,9.608066,2.1638114,13.511118,-18.453827,-1.9663854,11.028458,16.5245,25.545855,-32.632343,65.4843,-20.305027,-29.49992,31.747412,30.643532
561,-9.16229248046875,-354.9019470214844,61.439449310302734,-7.639599165135194,2.575340669573782,-98.18504828958761,-21.005287,7.957012,22.376598,-5.2860317,-3.1387343,-14.323944,7.0167003,9.78495,2.2881846,14.234276,-19.006426,-1.7363657,10.977343,16.388918,25.553223,-32.391895,65.48844,-20.263588,-29.530184,31.258427,30.203249
562,-9.095410346984863,-355.5699462890625,61.233699798583984,-8.015786656840017,2.7240277779750395,-98.22195696759124,-21.427631,7.87342,22.231918,-5.151113,-4.470851,-14.323944,7.0962157,9.983524,2.4565954,15.097944,-19.568172,-1.4978359,10.941766,16.184277,25.565596,-32.151436,65.53215,-20.11958,-29.553967,30.753105,29.718716
563,-9.048657417297363,-356.2485656738281,61.040645599365234,-8.3125890263544,2.8503395282830772,-98.27365891934717,-21.61266,7.728666,22.232803,-5.1231766,-5.267602,-14.323944,7.170836,10.113666,2.6419177,16.012169,-20.072624,-1.2687196,10.931372,15.995607,25.579988,-31.932768,65.53209,-19.938452,-29.575052,30.269194,29.333878
564,-9.010047912597656,-356.89459228515625,60.928218841552734,-8.380978314652491,2.9121601878035746,-98.27060587142638,-21.780754,7.5848656,22.429502,-4.525045,-5.5823374,-14.323944,7.3267093,10.0492935,2.7709568,16.879055,-20.444885,-1.0643487,10.914048,15.934667,25.584469,-31.829647,65.402626,-19.938925,-29.587538,30.039095,29.348932
565,-9.003841400146484,-357.53521728515625,60.874263763427734,-8.1244399460756,2.9134012178059465,-98.21280035859778,-21.983053,7.4715323,22.951311,-3.043047,-5.1807814,-14.323944,7.4939036,9.703667,2.8312328,17.854332,-20.7989,-0.8993492,10.950848,16.137543,25.58141,-31.71896,64.97412,-19.983831,-29.62551,29.75348,29.725805
566,-9.040606498718262,-358.21624755859375,60.83572006225586,-7.6451307845354775,2.838077859138001,-98.10047398484384,-22.349733,7.491081,23.597582,-0.33890757,-4.534403,-14.323944,7.733406,9.161103,2.8376474,18.820766,-21.063772,-0.762502,10.99348,16.497381,25.565863,-31.713102,64.39756,-20.168444,-29.680492,29.680841,30.463491
567,-9.086620330810547,-358.9154357910156,60.81608963012695,-6.967243098568857,2.738855711189084,-97.96048364687466,-23.570993,7.865157,24.012915,4.9472847,-5.121807,-14.323944,7.9229984,8.427708,2.776289,19.96437,-21.308868,-0.62951493,11.046609,16.98022,25.515627,-31.824203,63.66875,-20.559736,-29.823603,29.877031,31.525017
568,-9.107908248901367,-359.608154296875,60.80815887451172,-6.387085080629393,2.720727146917208,-97.88069063628647,-24.537735,8.168575,24.172998,9.183586,-5.4714055,-14.323944,8.013657,7.779064,2.7469072,21.178097,-21.425682,-0.48839745,11.017022,17.19606,25.427992,-31.895588,63.163906,-20.81358,-30.019934,30.135838,32.36221
569,-9.08600902557373,-360.30523681640625,60.796443939208984,-5.901970023738896,2.788703084953446,-97.77548234233343,-25.468996,8.200234,24.034683,12.703514,-5.92343,-12.811031,8.014907,7.19526,2.6534119,22.4558,-21.456646,-0.31257337,10.9196205,17.240187,25.36994,-31.95276,62.765965,-20.917295,-30.13026,30.278719,33.0893
570,-9.035991668701172,-361.0224609375,60.79204177856445,-5.323299020391825,2.889530876921708,-97.56933904834378,-26.159735,7.767098,23.815962,15.318918,-6.040879,-9.93722,7.964523,6.509832,2.4157183,23.821735,-21.424381,-0.11076957,10.714366,17.275066,25.311277,-32.0426,62.32216,-21.080938,-30.206554,30.514887,33.975983
571,-8.994562149047852,-361.76263427734375,60.78805160522461,-4.737558262259416,3.002257676472516,-97.39691514029036,-26.705162,7.25783,23.619343,17.5379,-6.1157517,-7.1900926,7.846625,5.809968,2.1975167,25.304995,-21.241337,0.10879594,10.51217,17.284252,25.254662,-32.11174,61.87332,-21.212784,-30.243488,30.789139,34.914528
572,-8.954230308532715,-362.52252197265625,60.780208587646484,-4.212794054682676,3.103942336582606,-97.296463843376,-27.090836,6.7865887,23.44954,19.439955,-6.2015963,-4.96632,7.6412506,5.158375,2.066354,26.965033,-20.842194,0.3596472,10.350839,17.258883,25.201323,-32.127956,61.45643,-21.198168,-30.245787,31.026304,35.797726
573,-8.90795612335205,-363.2848205566406,60.77592849731445,-3.7592756273119416,3.1976408661576685,-97.29545401836135,-27.343966,6.406469,23.23575,21.124306,-6.3504,-3.4528453,7.353461,4.555666,2.062421,28.807903,-20.251371,0.6720835,10.251479,17.200052,25.14812,-32.057804,61.077118,-21.007711,-30.219849,31.200033,36.59062
574,-8.845797538757324,-364.0459899902344,60.786460876464844,-3.3245432844177145,3.2888427199304093,-97.35252461864285,-27.481762,6.059222,22.953558,22.626654,-6.585144,-2.4067752,6.9914484,3.9569323,2.1265783,30.81065,-19.492887,1.0257546,10.17946,17.129326,25.091799,-31.931591,60.703056,-20.687994,-30.176222,31.346449,37.35234
575,-8.781189918518066,-364.8125915527344,60.80143356323242,-2.8917638908677725,3.3620962350205237,-97.41006141469073,-27.493786,5.7035127,22.664606,23.941597,-6.903687,-1.5929941,6.5446944,3.3640165,2.1859229,32.97107,-18.495682,1.3589281,10.106229,17.053244,25.037989,-31.827198,60.32347,-20.300379,-30.110952,31.51444,38.16606
576,-8.728909492492676,-365.5846252441406,60.825313568115234,-2.447886419382896,3.395991920655246,-97.41340142909017,-27.362116,5.283918,22.436687,25.033836,-7.289635,-0.7879802,6.0079937,2.7812197,2.1681836,35.293617,-17.183096,1.6126112,9.976347,16.991938,24.990139,-31.790602,59.92684,-19.812048,-30.020134,31.704107,39.03624
577,-8.682048797607422,-366.3525695800781,60.867679595947266,-1.9820015911450457,3.3749442394657443,-97.33105324136761,-27.080166,4.759896,22.270662,25.89488,-7.7713847,0.016052319,5.4020786,2.2102575,2.0320966,37.795494,-15.451572,1.8274605,9.787569,16.954945,24.950296,-31.85653,59.5108,-19.25923,-29.899916,31.926075,40.033115
578,-8.639537811279297,-367.12261962890625,60.92295837402344,-1.5055337392345352,3.309624822859354,-97.19864612868116,-26.674553,4.1679893,22.124535,26.573212,-8.352568,0.7001882,4.7316556,1.6480961,1.8198915,40.461197,-13.361901,2.0160768,9.550425,16.935467,24.91531,-31.977451,59.07871,-18.601877,-29.755133,32.150146,41.0948
579,-8.597585678100586,-367.89447021484375,60.988216400146484,-1.0363858665715926,3.2295213816544037,-97.06176224871373,-26.180641,3.550342,22.00805,27.08033,-8.9588585,1.2965977,3.9617476,1.0903665,1.5773618,43.239956,-11.084313,2.0860825,9.287376,16.895609,24.886736,-32.136623,58.628654,-17.8934,-29.595577,32.427372,42.189186
580,-8.555428504943848,-368.6598205566406,61.061988830566406,-0.5918755998099217,3.166327192464256,-96.9665008885038,-25.63119,2.9500785,21.93583,27.420897,-9.514995,1.8405577,3.0584424,0.53333265,1.3453915,46.07768,-8.784154,1.9518349,9.020692,16.796942,24.866081,-32.317657,58.161743,-17.187435,-29.428835,32.812992,43.28613
581,-8.507651329040527,-369.423583984375,61.144935607910156,-0.1755399911328295,3.122975071354464,-96.89907790627161,-25.018637,2.3559768,21.899755,27.556042,-9.99965,2.3380423,1.9758286,-0.0038498272,1.1378869,49.080273,-6.4690533,1.4519371,8.741448,16.631678,24.855255,-32.53753,57.684235,-16.474842,-29.251465,33.290524,44.41103
582,-8.450837135314941,-370.1693420410156,61.23548126220703,0.22461861016504847,3.08561234312408,-96.8449886201706,-24.336403,1.7441015,21.900673,27.495874,-10.450488,2.7702668,0.75089175,-0.53192437,0.90934986,52.22616,-4.046016,0.6961415,8.442045,16.421972,24.852768,-32.796814,57.191525,-15.73328,-29.064802,33.844322,45.570335
583,-8.386767387390137,-370.9117126464844,61.333858489990234,0.6086926412798974,3.062666355515998,-96.8465936615398,-23.613241,1.1420689,21.964935,27.303846,-10.872634,3.1374948,-0.5359297,-1.0974128,0.62799656,55.2881,-1.5420475,-0.008837114,8.144557,16.1708,24.85518,-33.05181,56.676674,-14.987716,-28.882584,34.528324,46.70187
584,-8.313990592956543,-371.6291809082031,61.432647705078125,0.9788482837251928,3.063473058749354,-96.94694519339119,-22.880316,0.57839996,22.119762,27.047812,-11.274077,3.4396698,-1.8148609,-1.7489188,0.28811905,58.066223,0.9852955,-0.37633955,7.873791,15.882141,24.85888,-33.25909,56.131424,-14.2648,-28.716951,35.396008,47.74581
585,-8.230606079101562,-372.3357849121094,61.535335540771484,1.3338106458574615,3.104643270453046,-97.1935738116014,-22.155653,0.068364285,22.4133,26.739525,-11.666825,3.6808243,-3.1168206,-2.5138354,-0.045900967,60.560513,3.7397714,-0.1907779,7.6697187,15.554324,24.862165,-33.423748,55.54581,-13.572769,-28.567371,36.469162,48.704906
586,-8.143123626708984,-373.0309143066406,61.639625549316406,1.6702745906808665,3.1788692380256762,-97.55344049534537,-21.414423,-0.41237745,22.82028,26.330498,-12.037782,3.8591075,-4.470088,-3.3535666,-0.3455994,62.88621,6.6620045,0.34107712,7.5115533,15.182812,24.867567,-33.563763,54.93324,-12.900547,-28.429033,37.71718,49.61347
587,-8.054326057434082,-373.718994140625,61.74724578857422,1.9904223016667624,3.2581079976836786,-97.93513507181625,-20.645533,-0.8883839,23.250168,25.828192,-12.362959,3.9726243,-5.8236084,-4.23284,-0.69545376,65.063675,9.273175,0.85163605,7.3237185,14.768292,24.877892,-33.660736,54.316975,-12.250579,-28.306381,39.120064,50.46479
588,-7.967455863952637,-374.3890075683594,61.85457229614258,2.2977172245443707,3.3130747249113894,-98.24795912025539,-19.837584,-1.386303,23.613216,25.241089,-12.619972,4.022307,-7.1177387,-5.1454797,-1.2258917,67.09476,11.100139,0.9449481,7.0320005,14.314473,24.89567,-33.695747,53.71588,-11.616959,-28.203114,40.654247,51.242336
589,-7.891854763031006,-375.0613708496094,61.96592330932617,2.602398297611131,3.3394780541978406,-98.48952485342298,-18.985197,-1.9208914,23.918013,24.556139,-12.799112,3.9982052,-8.3496065,-6.186622,-2.0946016,69.009125,11.989183,0.3790023,6.6378775,13.82094,24.922964,-33.68346,53.117207,-10.989044,-28.118156,42.359764,51.937496
590,-7.816673755645752,-375.7251281738281,62.073368072509766,2.899610732153333,3.350867620305044,-98.70021282385065,-18.098661,-2.4794827,24.202421,23.775217,-12.91783,3.9125981,-9.535354,-7.355996,-3.2120469,70.79624,12.19056,-0.6155492,6.1826477,13.285933,24.95874,-33.636295,52.51309,-10.374596,-28.04761,44.22882,52.56685
591,-7.74780797958374,-376.3778991699219,62.17862319946289,3.1735754922971258,3.342405085710098,-98.85646837506611,-17.187662,-3.0445108,24.421309,22.928764,-12.990197,3.7979076,-10.644727,-8.494684,-4.351286,72.38682,11.851702,-1.7205365,5.650027,12.7103,25.000816,-33.531044,51.93254,-9.77792,-27.990051,46.158745,53.13359
592,-7.682457447052002,-377.033447265625,62.28662872314453,3.4034526770306517,3.307573890134072,-98.93782213022315,-16.25688,-3.5915172,24.531576,22.048168,-13.027896,3.6793318,-11.65904,-9.42118,-5.2792144,73.709,11.139216,-2.6001103,5.028093,12.091918,25.04753,-33.347874,51.410202,-9.200391,-27.945646,48.04816,53.634914
593,-7.629483222961426,-377.68109130859375,62.39462661743164,3.5817891198097267,3.2359267864315835,-98.92536405713356,-15.301923,-4.105589,24.505445,21.151184,-13.035519,3.5523615,-12.562615,-10.061645,-5.9509034,74.728676,9.9082365,-3.1658802,4.294999,11.414143,25.102057,-33.09492,50.967045,-8.653828,-27.91992,49.957123,54.047398
594,-7.583813190460205,-378.3294982910156,62.498390197753906,3.718502617294574,3.129512489862544,-98.84042297913317,-14.312353,-4.593646,24.37507,20.215322,-13.003394,3.4029868,-13.378619,-10.481736,-6.46055,75.48582,8.1521015,-3.5566478,3.4929206,10.6712885,25.167206,-32.809387,50.587734,-8.113903,-27.910917,51.88089,54.371685
595,-7.548072338104248,-378.98126220703125,62.60387420654297,3.8225262169727445,3.000738075616997,-98.72287451530808,-13.293617,-5.055764,24.188839,19.242222,-12.938123,3.2366061,-14.149515,-10.720046,-6.8064446,76.01455,6.2485404,-3.8018281,2.7006342,9.878586,25.240633,-32.51367,50.250263,-7.534796,-27.909668,53.634018,54.64414
596,-7.50732946395874,-379.63153076171875,62.70629119873047,3.905200047816314,2.8637256858414752,-98.61059867751771,-12.252841,-5.4949284,23.9936,18.230902,-12.844781,3.0580235,-14.918253,-10.827334,-6.999506,76.354546,4.5691533,-3.9456084,1.9757243,9.059537,25.318192,-32.206585,49.93098,-6.8837967,-27.907106,55.057873,54.902386
597,-7.470284938812256,-380.2804260253906,62.805938720703125,3.9615510262499978,2.700181585154431,-98.50678223901589,-11.164518,-5.908027,23.790993,17.161652,-12.706087,2.8468237,-15.679708,-10.7856865,-7.017352,76.50198,3.1505516,-3.9908588,1.6284742,8.020334,25.369017,-32.25507,49.721905,-5.9185123,-27.9128,55.680534,55.13333
598,-7.4325690269470215,-380.9187316894531,62.902076721191406,4.0074430691592555,2.550143469132006,-98.38599119583071,-10.057519,-6.3173065,23.556192,16.007551,-12.506417,2.6025226,-16.456436,-10.605928,-6.872794,76.4452,1.8068706,-3.9320393,0.6540419,7.3246064,25.482197,-31.503962,49.38318,-5.4214416,-27.898317,57.0851,55.372646
599,-7.4007248878479,-381.5612487792969,62.986976623535156,4.020611746813364,2.373954254216142,-98.2706927587243,-8.942545,-6.6754127,23.309443,14.899232,-12.328565,2.3596792,-17.200691,-10.321326,-6.639816,76.20254,0.59795576,-3.8119788,0.296192,6.267936,25.521442,-31.443861,49.204697,-4.463259,-27.89494,57.364994,55.569057
600,-7.373561859130859,-382.2026062011719,63.064964294433594,4.019529126016038,2.202473193738563,-98.16201469700943,-7.8387403,-7.0080676,23.054926,13.810248,-12.164592,2.1580033,-17.9239,-10.006745,-6.392972,75.78399,-0.4190242,-3.662769,-0.2007969,5.216881,25.571827,-31.244535,49.059666,-3.5765376,-27.888594,57.642906,55.740047
601,-7.349403381347656,-382.84375,63.131736755371094,3.9978630338574086,2.042553796334985,-98.06914150035458,-6.758211,-7.302704,22.793129,12.760347,-12.035566,1.9966768,-18.6372,-9.647147,-6.1224318,75.191025,-1.1774373,-3.4806602,-0.7928888,4.2291493,25.626831,-30.870644,48.892628,-2.733597,-27.875275,57.78964,55.89043
602,-7.327755451202393,-383.4798583984375,63.18500518798828,3.954306965561657,1.8879755839945123,-97.98528358697932,-5.696658,-7.558808,22.520893,11.751956,-11.9363575,1.8564767,-19.338234,-9.223914,-5.8025155,74.41674,-1.7263465,-3.2566807,-1.4566203,3.2984083,25.685291,-30.334839,48.707367,-1.9064105,-27.853842,57.77139,56.015793
603,-7.310174465179443,-384.1220703125,63.234127044677734,3.898309305316505,1.7439680620679232,-97.89776487579772,-4.681512,-7.7777596,22.248936,10.834549,-11.881375,1.7485366,-20.017332,-8.780365,-5.4752607,73.4706,-2.1868236,-3.0093782,-2.1788914,2.4158826,25.749435,-29.692095,48.50177,-1.1003879,-27.825682,57.618645,56.118687
604,-7.294877529144287,-384.7552490234375,63.2702751159668,3.8368802170680105,1.6162177053536515,-97.793402755321,-3.7432082,-7.9596467,21.987766,10.066869,-11.892236,1.6840436,-20.666037,-8.3561735,-5.184364,72.36314,-2.679785,-2.7563972,-2.95116,1.5635316,25.82303,-29.009314,48.28131,-0.32803518,-27.793129,57.38084,56.19648
605,-7.282120704650879,-385.39190673828125,63.28795623779297,3.7531408650181226,1.5051455957467803,-97.66854217540462,-2.9086413,-8.08103,21.742933,9.514645,-12.008346,1.6862776,-21.285131,-7.9319015,-4.935554,71.0996,-3.2416646,-2.4671152,-3.7897456,0.7104487,25.90895,-28.310293,48.07394,0.40791863,-27.756538,57.04503,56.225647
606,-7.275871276855469,-386.01727294921875,63.29533004760742,3.6531990585928384,1.4067341344552018,-97.52871227919226,-2.144797,-8.160955,21.506594,9.099443,-12.185624,1.7410955,-21.877373,-7.502105,-4.7092705,69.67178,-3.8021991,-2.1439114,-4.676413,-0.14197241,26.007793,-27.598713,47.87159,1.1161156,-27.715631,56.585663,56.22532
607,-7.272195816040039,-386.64398193359375,63.29300308227539,3.5563042693806906,1.3180181131164979,-97.3734637653769,-1.4445591,-8.210045,21.27452,8.817696,-12.424106,1.8060774,-22.435198,-7.0993023,-4.518859,68.08299,-4.3407893,-1.8488836,-5.5587955,-0.9792968,26.120909,-26.913403,47.654243,1.8061292,-27.672066,56.04468,56.229515
608,-7.278698921203613,-387.25921630859375,63.28306198120117,3.4606335717040593,1.233853987088752,-97.21005901562668,-0.8552479,-8.195773,21.057718,8.816065,-12.811045,1.8394707,-22.953932,-6.734688,-4.3754606,66.346855,-4.841662,-1.6425103,-6.4017215,-1.82034,26.249186,-26.301243,47.45136,2.4704113,-27.62787,55.500378,56.26404
609,-7.289309978485107,-387.8713073730469,63.25786209106445,3.4130451487997724,1.146417229156227,-97.05252774706834,-0.2874542,-8.205155,20.858063,8.879116,-13.212654,1.8397286,-23.45747,-6.4396043,-4.2331905,64.51506,-5.346172,-1.5349687,-7.080815,-2.5796103,26.33654,-25.972633,47.1378,2.9444911,-27.598885,55.146137,56.441154
610,-7.299742221832275,-388.4884948730469,63.23978805541992,3.2874640789798613,1.073457346974486,-96.79787912199525,0.2860412,-8.127146,20.567656,8.895549,-13.558575,1.8322395,-23.863218,-6.1238,-4.2480707,62.4167,-5.778816,-1.4891331,-7.9684677,-3.570147,26.50764,-25.432884,47.066288,3.7143493,-27.549715,54.486786,56.409084
611,-7.3094353675842285,-389.0955810546875,63.193416595458984,3.2527582269874893,1.0032960339696024,-96.62691323057837,0.8133455,-8.125775,20.377235,9.03067,-13.979038,1.8274616,-24.293869,-5.883997,-4.182227,60.288902,-6.2130938,-1.4858029,-8.619833,-4.3174133,26.617579,-25.179613,46.76885,4.131285,-27.520388,54.11753,56.625095
612,-7.315859317779541,-389.706787109375,63.147281646728516,3.2085147402333143,0.9414245764457403,-96.43413971367394,1.3750558,-8.138159,20.167845,9.053297,-14.343673,1.8393201,-24.652225,-5.6826806,-4.202243,57.976063,-6.542738,-1.5003053,-9.320611,-5.197426,26.754368,-24.93205,46.6249,4.5950527,-27.485174,53.691128,56.829563
613,-7.32863712310791,-390.3198547363281,63.10533905029297,3.1177356817473387,0.9119354119171219,-96.17029411890528,1.8951986,-8.096662,19.907562,9.078735,-14.712882,1.8766153,-24.935804,-5.509053,-4.390407,55.431984,-6.7638087,-1.5356625,-10.060447,-6.2426434,26.989405,-24.664572,46.61654,5.2544355,-27.43352,52.97761,56.929764
614,-7.337392807006836,-390.9226379394531,63.02771759033203,3.135438657007973,0.8783572588639469,-96.00742655835275,2.3659997,-8.149934,19.767431,9.242603,-15.180933,1.9267792,-25.254139,-5.4170837,-4.4951196,52.898365,-6.999255,-1.5916874,-10.611726,-6.991437,27.146236,-24.581541,46.389027,5.5485644,-27.402,52.602043,57.28611
615,-7.343782424926758,-391.53729248046875,62.969566345214844,3.0784272343800243,0.8752510918454466,-95.77996044180672,2.8886144,-8.151489,19.554688,9.193063,-15.5253935,1.9689584,-25.466404,-5.2846694,-4.7305617,50.076973,-7.0658793,-1.63542,-11.180206,-8.0568695,27.413467,-24.577501,46.384666,6.0675054,-27.35124,51.92388,57.515682
616,-7.345625877380371,-392.1474609375,62.89474868774414,3.0669458597634067,0.8905071517115706,-95.63670359630889,3.3704636,-8.188989,19.416769,9.240037,-15.954892,1.971841,-25.68624,-5.1444464,-4.859689,47.20381,-7.0428824,-1.6460415,-11.553977,-8.982568,27.679852,-24.691156,46.254543,6.4941483,-27.303408,51.300316,57.812717
617,-7.344274997711182,-392.7579345703125,62.81214904785156,3.0669064147789333,0.9294884306745499,-95.54689511683223,3.8598015,-8.250293,19.314762,9.24101,-16.387106,1.9316406,-25.882685,-4.989327,-4.93109,44.18748,-6.859822,-1.6487366,-11.8301,-9.932834,27.946772,-24.874384,46.152225,6.8893695,-27.255993,50.685246,58.12968
618,-7.347231388092041,-393.37567138671875,62.7235107421875,3.0493442878134083,1.0137326743081378,-95.49943373816929,4.304748,-8.289744,19.252962,9.269011,-16.859665,1.8561399,-26.063633,-4.7919664,-4.9828987,41.006443,-6.5339913,-1.6453152,-11.889066,-10.955058,28.324139,-25.261326,46.00433,7.3833213,-27.190115,49.846073,58.396435
619,-7.348303318023682,-394.000732421875,62.62541961669922,3.0454767432673417,1.0970236981161345,-95.4959749337703,4.773377,-8.351392,19.224266,9.262147,-17.324205,1.7533668,-26.210524,-4.565804,-4.977582,37.759872,-6.1526413,-1.5801787,-11.886935,-11.942349,28.669199,-25.673288,45.88085,7.8232446,-27.130281,49.092083,58.69242
620,-7.350064277648926,-394.6324462890625,62.519351959228516,3.026783735859802,1.1867696901295788,-95.53617632112207,5.2239833,-8.388108,19.236128,9.315353,-17.828587,1.6241875,-26.316841,-4.2654614,-4.9119215,34.46073,-5.759541,-1.4085823,-11.713746,-12.931038,29.071753,-26.221235,45.731625,8.344717,-27.061533,48.25214,58.929394
621,-7.345285415649414,-395.26666259765625,62.399513244628906,3.011406007091209,1.2583725557813061,-95.63461097833762,5.7004232,-8.438578,19.297165,9.3776865,-18.347898,1.4781835,-26.372063,-3.916656,-4.740411,31.075556,-5.3176208,-1.182591,-11.527918,-13.879789,29.419016,-26.707644,45.67129,8.811786,-27.003836,47.572342,59.18115
622,-7.347605228424072,-395.908203125,62.2762336730957,2.9958717492353792,1.3223161481835102,-95.79041396914087,6.1952925,-8.498583,19.40805,9.438794,-18.878479,1.3122224,-26.382685,-3.5295484,-4.479662,27.593914,-4.817207,-0.91905487,-11.311373,-14.811384,29.72963,-27.16067,45.694958,9.241082,-26.95363,47.01239,59.43428
623,-7.349021911621094,-396.55364990234375,62.1467399597168,2.9712013212123245,1.382297919716661,-95.97517102982675,6.697302,-8.549443,19.542515,9.512393,-19.41388,1.1179141,-26.340834,-3.1146052,-4.19063,24.109509,-4.360802,-0.516731,-11.07165,-15.718773,30.01298,-27.594389,45.78142,9.6555,-26.909039,46.559002,59.65526
624,-7.354660511016846,-397.2103271484375,62.00969314575195,2.9370022052600144,1.4430600037767813,-96.15622225472302,7.199599,-8.582814,19.669313,9.599294,-19.940622,0.88639694,-26.218126,-2.682456,-3.9391794,20.657913,-4.0182147,0.13044961,-10.830752,-16.594345,30.273855,-28.011402,45.914516,10.069821,-26.869253,46.212585,59.812996
625,-7.368563175201416,-397.87481689453125,61.86641311645508,2.886458183852988,1.5043514208655362,-96.3289413377498,7.7048297,-8.593368,19.786705,9.692273,-20.47404,0.6078903,-25.949251,-2.2210376,-3.7335405,17.028248,-3.7435308,1.0658683,-10.585944,-17.435316,30.513985,-28.411898,46.09044,10.503268,-26.83415,45.982967,59.892906
626,-7.380835056304932,-398.54302978515625,61.714805603027344,2.834668253857721,1.5716414347692216,-96.49094044921979,8.209715,-8.59647,19.891314,9.79283,-21.015308,0.29045615,-25.478956,-1.744527,-3.5604844,13.024624,-3.3799984,2.225304,-10.345924,-18.24498,30.736355,-28.790308,46.30655,10.92741,-26.804003,45.867344,59.925114
627,-7.398242473602295,-399.22064208984375,61.552852630615234,2.8413657275642348,1.67369668590787,-96.56292894386937,8.666505,-8.629081,19.896297,9.950898,-21.542152,-0.045745816,-24.834047,-1.3602655,-3.4856403,8.778452,-2.8686821,3.5596266,-10.1590185,-18.971178,30.973526,-29.13513,46.441296,11.277191,-26.775404,45.804977,59.962666
628,-7.41446590423584,-399.9185485839844,61.34873580932617,3.130107741113011,1.8438700916252766,-96.42600608661013,9.066787,-8.903308,19.64134,10.115038,-21.973377,-0.36923352,-24.071915,-1.347869,-3.548917,4.4584923,-2.1599398,5.0309706,-10.153745,-19.388845,31.12602,-29.18959,46.265915,11.34074,-26.764753,45.775654,60.226734
629,-7.443562030792236,-400.63037109375,61.1248893737793,3.5737602044727605,2.028368764230089,-96.22821418325178,9.447218,-9.308293,19.292082,10.316084,-22.334318,-0.6879853,-22.79301,-1.4906161,-3.7008405,-0.8749317,-0.7721163,6.8161635,-10.183166,-19.61846,31.188002,-29.091328,45.96911,11.27219,-26.767147,45.767357,60.583782
630,-7.471776008605957,-401.3409729003906,60.916255950927734,3.9514754352553663,2.170027819314229,-96.09947201408679,9.842165,-9.630019,19.018162,10.606696,-22.686563,-1.0298942,-23.253418,-1.6704068,-3.8541214,-1.5368782,-2.125145,8.862766,-10.143758,-19.79091,31.21706,-29.001125,45.775707,11.28275,-26.771244,45.786392,60.818207
631,-7.505419731140137,-402.04595947265625,60.732181549072266,4.294503465092989,2.3241950774391333,-95.97074546844341,10.225325,-9.908456,18.731106,10.884106,-22.943718,-1.380924,-23.88259,-1.8534441,-4.096488,-1.4303961,-3.669714,10.757362,-10.092363,-19.955687,31.242208,-28.877352,45.63836,11.270504,-26.777498,45.83009,60.995743
632,-7.535073280334473,-402.7505798339844,60.56607437133789,4.514636715705383,2.462979806873999,-95.88152157200241,10.508833,-10.018432,18.498299,11.4346695,-23.2638,-1.7485942,-24.382086,-1.9363494,-4.404858,-1.1002147,-4.848155,12.083212,-10.024696,-20.119051,31.26593,-28.740124,45.648335,11.299529,-26.784332,45.911644,61.046173
633,-7.565645217895508,-403.4541015625,60.41146469116211,4.612193796644797,2.577514795619923,-95.83631754773397,10.754807,-9.986396,18.30522,12.1204405,-23.57682,-2.1294148,-24.602617,-1.9118932,-4.829369,-0.74634343,-5.4735937,12.809694,-9.930146,-20.286728,31.289427,-28.604597,45.81231,11.397338,-26.791124,46.044838,60.958267
634,-7.5995049476623535,-404.1556396484375,60.27240753173828,4.59731954742913,2.682332632062862,-95.79486148757456,10.908869,-9.798567,18.127394,13.045999,-23.942663,-2.525186,-24.598078,-1.776486,-5.382438,-0.36288953,-5.6794357,13.150535,-9.945899,-20.47879,31.333279,-28.375391,46.186184,11.490386,-26.804834,46.38771,60.730515
635,-7.631829261779785,-404.8546447753906,60.160743713378906,4.490405620708495,2.7452436164000606,-95.80494447041411,11.100975,-9.524061,18.003286,13.960141,-24.193703,-2.9281533,-24.35225,-1.5028601,-5.8559227,-0.18036279,-5.367548,13.052849,-10.027471,-20.59886,31.3964,-28.085821,46.707233,11.527602,-26.819807,46.912434,60.46346
636,-7.701411724090576,-405.54010009765625,60.112422943115234,4.163393998918592,2.755595121339948,-95.92983849747836,11.291066,-9.019424,18.046103,15.018975,-24.407778,-3.3550525,-24.827393,-1.0498456,-6.0805097,1.969709,-5.8712254,12.44663,-10.101069,-20.77247,31.487272,-27.834728,47.518303,11.608861,-26.822966,47.524433,60.04417
637,-7.760949611663818,-406.2478942871094,60.073081970214844,3.6422315904645073,2.7453856187638253,-96.13591899226506,11.470359,-8.320776,18.220093,16.16615,-24.580679,-3.7971,-25.217287,-0.390373,-6.102398,4.0436,-5.8564353,11.05982,-10.207291,-20.96255,31.66644,-27.575602,48.542435,11.654725,-26.798067,48.282166,59.51836
638,-7.81625509262085,-406.9696960449219,60.0494384765625,2.94092603800778,2.719051276121569,-96.42109367872946,11.636082,-7.441723,18.512487,17.400059,-24.711458,-4.2544427,-25.401844,0.48023912,-6.0048337,5.82092,-5.196356,9.010719,-10.147089,-21.205093,31.905191,-27.470453,49.68493,11.8389015,-26.739489,48.869694,58.818798
639,-7.894589900970459,-407.69281005859375,60.05194091796875,2.1898519734844255,2.686984773382054,-96.67747309109289,11.748252,-6.4686594,18.794897,18.781458,-24.746908,-4.72195,-25.359705,1.4193689,-5.817217,7.070678,-4.013872,6.8108172,-10.021315,-21.535473,32.108253,-27.52773,50.943375,12.085921,-26.674068,49.233894,58.03923
640,-8.010510444641113,-408.419189453125,60.07481384277344,1.5336129940517893,2.666472612513453,-96.78035993435493,11.76985,-5.5058846,18.91743,20.34499,-24.623362,-5.1961765,-25.804974,2.1767666,-5.5770493,9.389572,-3.5264432,4.9794197,-9.988748,-21.792067,32.23629,-27.585028,52.160618,12.277255,-26.612715,49.373135,57.315407
641,-8.133176803588867,-409.1651306152344,60.098575592041016,0.9274705722736561,2.6596979610517817,-96.69752945819214,11.700938,-4.498746,18.885704,22.107706,-24.38023,-5.6756425,-26.145285,2.8649757,-5.143849,11.2788515,-2.7772372,3.5359485,-10.093755,-22.02562,32.299637,-27.672997,53.40161,12.445772,-26.552208,49.268715,56.60115
642,-8.246163368225098,-409.9378967285156,60.12024688720703,0.29923874108660287,2.6565920630389983,-96.50445103852678,11.567847,-3.4082778,18.780024,24.03815,-24.03093,-6.1745086,-26.358593,3.5677342,-4.5603223,12.820073,-1.7298937,2.226421,-10.28262,-22.266552,32.33036,-27.816536,54.729546,12.634984,-26.48473,48.984234,55.84214
643,-8.35270881652832,-410.7297058105469,60.13428497314453,-0.30855903054013933,2.6500444790166195,-96.26296966018634,11.357974,-2.2999299,18.598478,26.139708,-23.484474,-6.7158,-26.456558,4.229977,-4.064818,14.144354,-0.7018065,1.1402204,-10.508221,-22.419893,32.325027,-27.954191,56.065613,12.822119,-26.413845,48.582047,55.08928
644,-8.466261863708496,-411.52386474609375,60.15185546875,-0.8428750721519189,2.6321918006523157,-96.02825903247897,11.053519,-1.2428815,18.32626,28.415352,-22.648388,-7.3148623,-26.466694,4.774705,-3.876127,15.405202,-0.028728312,0.3679232,-10.724508,-22.40115,32.26654,-28.024696,57.33413,12.973727,-26.346039,48.11787,54.401215
645,-8.57851505279541,-412.3172607421875,60.16508483886719,-1.2983073306970212,2.5994606883176736,-95.78759064960728,10.6540575,-0.22971606,17.927427,30.87203,-21.451567,-8.092809,-26.37501,5.1409683,-4.1302967,16.613228,0.17890655,0.13864231,-10.944554,-22.193197,32.151478,-28.004227,58.531445,13.103075,-26.279457,47.537457,53.774815
646,-8.690614700317383,-413.105712890625,60.182796478271484,-1.7153589567780327,2.5509790765505165,-95.53593280656523,10.161007,0.7790594,17.42618,33.517864,-19.966745,-8.998402,-26.1854,5.375572,-4.65121,17.746523,0.087736666,0.32323638,-11.169777,-21.850533,31.990852,-27.935846,59.706497,13.234775,-26.21021,46.833477,53.17162
647,-8.79987907409668,-413.8969421386719,60.215030670166016,-2.1051274780202722,2.4828871750613954,-95.33257900525732,9.564691,1.760258,16.894127,36.342587,-18.310205,-9.788106,-25.94966,5.565463,-5.18878,18.874474,-0.21575461,0.49117488,-11.341277,-21.39513,31.786861,-27.853699,60.855938,13.341698,-26.14277,46.130043,52.59678
648,-8.896926879882812,-414.6851501464844,60.25763702392578,-2.472735463331011,2.3921892532813684,-95.22937170533422,8.864351,2.6885273,16.409452,39.3218,-16.582464,-10.2264385,-25.709797,5.8140025,-5.494553,20.025488,-0.6377102,0.22838919,-11.407192,-20.841726,31.542488,-27.784708,61.96887,13.391376,-26.082834,45.549667,52.05698
649,-8.985843658447266,-415.4611511230469,60.3050651550293,-2.813908795067742,2.2638962955966533,-95.28096841698395,8.068999,3.5489318,16.030775,42.513844,-14.782081,-10.202829,-25.496635,6.192318,-5.438085,21.25658,-1.2153382,-0.6790939,-11.323648,-20.162231,31.25611,-27.694588,63.052288,13.371208,-26.032629,45.113438,51.572155
650,-9.076682090759277,-416.23388671875,60.35688018798828,-3.125392320093371,2.1030071219561846,-95.44266412126775,7.1874924,4.361182,15.722584,45.886627,-12.839697,-9.865713,-25.280205,6.659945,-5.1640406,22.508871,-1.9563644,-1.9538555,-11.128913,-19.350307,30.935862,-27.575867,64.0933,13.295151,-25.989496,44.757744,51.128628
651,-9.161310195922852,-417.0025939941406,60.41581726074219,-3.4167431184669663,1.9387989829316454,-95.61675207543885,6.214891,5.153271,15.422871,49.286972,-10.75196,-9.367564,-25.006575,7.1555157,-4.8399324,23.622211,-2.731582,-3.2713625,-10.894927,-18.453106,30.600225,-27.49956,65.051384,13.163869,-25.952894,44.480476,50.6897
652,-9.250506401062012,-417.7677001953125,60.48800277709961,-3.7003604117224826,1.8015982916705897,-95.70710538246553,5.1382456,5.9509225,15.057245,52.578377,-8.527351,-8.857171,-24.626202,7.595522,-4.640236,24.457943,-3.4407568,-4.312584,-10.692691,-17.510244,30.266626,-27.534164,65.88384,12.97802,-25.922575,44.28207,50.22083
653,-9.337058067321777,-418.5177001953125,60.56803512573242,-3.9775930864952413,1.6974245428046586,-95.69926912509706,3.8998153,6.7471333,14.522945,55.843155,-6.1453624,-8.246779,-24.116701,7.955711,-4.6105847,24.971066,-4.0942016,-4.9965253,-10.540768,-16.512136,29.93669,-27.676928,66.596725,12.743045,-25.897976,44.162804,49.709427
654,-9.43307876586914,-419.25701904296875,60.657249450683594,-4.2425455143456805,1.6126102137993195,-95.64210330676356,2.5210755,7.533792,13.893513,59.11799,-3.6059115,-7.4950514,-23.51261,8.274197,-4.659997,25.252102,-4.744843,-5.4901237,-10.395626,-15.436425,29.609415,-27.90365,67.19921,12.457902,-25.879719,44.118385,49.174942
655,-9.543397903442383,-419.9930114746094,60.7503547668457,-4.4967377627010245,1.5491687192629742,-95.53377869311842,1.0909889,8.34698,13.33544,62.239235,-0.9717047,-6.8007154,-22.85355,8.553231,-4.766499,25.37173,-5.3680077,-5.849768,-10.239486,-14.304984,29.296148,-28.250418,67.65698,12.11081,-25.869358,44.14036,48.634644
656,-9.646037101745605,-420.7086486816406,60.8449592590332,-4.739748960720027,1.5089185634189561,-95.3745233773852,-0.2990873,9.233974,13.002949,65.04667,1.6814556,-6.3443184,-22.178698,8.7994995,-4.906931,25.396276,-5.9345856,-6.1354346,-10.053943,-13.137842,29.007326,-28.750622,67.93332,11.688574,-25.868404,44.219265,48.107353
657,-9.748828887939453,-421.410888671875,60.949371337890625,-4.977966850907476,1.5088018097335358,-95.11395521648507,-1.6576072,10.304658,12.995206,67.53987,4.609618,-6.213588,-21.485733,9.012826,-5.132072,25.289173,-6.4281573,-6.335587,-9.879912,-11.932842,28.743893,-29.434305,68.006935,11.182042,-25.87798,44.376453,47.577026
658,-9.851726531982422,-422.1090393066406,61.0640754699707,-5.2076230776154295,1.543375245752827,-94.77351814719768,-3.0308936,11.530478,13.186806,69.82721,7.7383,-6.2524834,-20.758043,9.200451,-5.436526,25.025942,-6.859725,-6.4307303,-9.706049,-10.6963005,28.504444,-30.292059,67.913284,10.594937,-25.897242,44.605286,47.045612
659,-9.94839859008789,-422.7913818359375,61.186588287353516,-5.412337532098744,1.5785285097064161,-94.46253308181741,-4.3771296,12.72424,13.390001,71.89152,10.503329,-6.3160334,-20.008453,9.37445,-5.708072,24.683697,-7.237554,-6.471496,-9.438263,-9.454127,28.292,-31.290369,67.692215,9.928478,-25.925045,44.859493,46.56198
660,-10.036733627319336,-423.4757385253906,61.307281494140625,-5.569658978053222,1.5778962778439616,-94.28300293424479,-5.646185,13.675246,13.438151,73.69167,12.352086,-6.289247,-19.250923,9.536537,-5.8384743,24.348911,-7.577277,-6.5063686,-8.990401,-8.222612,28.10713,-32.38854,67.374626,9.188694,-25.960045,45.095284,46.172997
661,-10.105941772460938,-424.1424560546875,61.42513656616211,-5.669582308629492,1.5289963965741076,-94.24839614313693,-6.823882,14.295918,13.290696,75.194695,13.076678,-6.1313043,-18.479692,9.676944,-5.814744,24.033783,-7.875948,-6.5401654,-8.34152,-6.996286,27.948475,-33.65946,66.93948,8.345068,-26.006266,45.356045,45.91319
662,-10.160727500915527,-424.8024597167969,61.54288101196289,-5.720286178623868,1.4474533975470498,-94.30111199645776,-7.930199,14.685449,13.057469,76.423256,13.006301,-5.918546,-17.689299,9.790264,-5.697234,23.705532,-8.134411,-6.5523453,-7.548812,-5.786719,27.81357,-35.106396,66.393906,7.401955,-26.06335,45.658062,45.755478
663,-10.20622444152832,-425.4622497558594,61.66042709350586,-5.724950292094635,1.3399032814781262,-94.42615636527158,-8.956703,14.9109335,12.814323,77.395645,12.407148,-5.7051444,-16.886541,9.873946,-5.4928846,23.377535,-8.376151,-6.5487804,-6.6526814,-4.6199565,27.69849,-36.576004,65.79628,6.4090557,-26.125309,45.92227,45.66926
664,-10.248251914978027,-426.12176513671875,61.777626037597656,-5.689965176714217,1.2143507413146148,-94.61075751741919,-9.8963785,15.044956,12.6283045,78.12892,11.542844,-5.5500064,-16.075993,9.924624,-5.206526,23.055506,-8.619898,-6.5320807,-5.6920567,-3.507301,27.598543,-37.9057,65.193214,5.418757,-26.186127,46.06933,45.618225
665,-10.275433540344238,-426.779541015625,61.89101791381836,-5.5987751354314454,1.0634398645370713,-94.8753911865864,-10.733682,15.021083,12.446872,78.58738,10.321339,-5.5299315,-15.256796,9.92238,-4.8088126,22.75332,-8.874862,-6.4860263,-4.6432776,-2.4302993,27.511261,-39.097,64.55228,4.4099345,-26.247501,46.104794,45.639088
666,-10.295393943786621,-427.4313049316406,62.00197982788086,-5.455870627614443,0.8856669675642704,-95.21895618437465,-11.477529,14.832679,12.251403,78.77376,8.656517,-5.5963826,-14.426419,9.870745,-4.309166,22.465515,-9.1310425,-6.411059,-3.502987,-1.3854637,27.435823,-40.217583,63.863087,3.3658922,-26.312551,46.075996,45.736988
667,-10.31544017791748,-428.0777893066406,62.11113739013672,-5.295388377287405,0.700363075766568,-95.59410587011364,-12.164595,14.642383,12.154936,78.76354,6.8293743,-5.623316,-13.591393,9.797084,-3.7709098,22.172014,-9.379958,-6.332069,-2.611093,-0.09699396,27.41734,-40.709393,63.059418,2.2094018,-26.349186,46.24253,45.85879
668,-10.337267875671387,-428.73321533203125,62.21884536743164,-5.166908772175349,0.5251228339992136,-95.96435279553465,-12.826747,14.621261,12.280632,78.63546,5.114106,-5.4904685,-12.752245,9.744548,-3.247357,21.837914,-9.601878,-6.2749095,-1.2240592,0.561364,27.315353,-41.92597,62.58625,1.365726,-26.436913,45.759388,45.851906
669,-10.361211776733398,-429.3825988769531,62.322120666503906,-5.067475548843767,0.36103707274322355,-96.3202804370747,-13.4623165,14.801074,12.67408,78.3954,3.53299,-5.193219,-11.907767,9.711467,-2.7473829,21.460485,-9.795203,-6.249498,-0.11474049,1.4142958,27.25033,-42.456783,62.09102,0.5013405,-26.494404,45.36315,45.771286
670,-10.378975868225098,-430.0325012207031,62.41933059692383,-4.97915857972521,0.19781413836762213,-96.68424540722368,-14.052754,15.087496,13.260874,78.003716,1.9562813,-4.804435,-11.05706,9.67844,-2.2414794,21.05861,-9.970342,-6.2378125,0.7973867,2.3821344,27.219227,-42.51108,61.57802,-0.46167222,-26.517618,45.12174,45.697617
671,-10.392524719238281,-430.66595458984375,62.51484298706055,-4.902804761466456,0.04881422684307765,-97.0394519155587,-14.626479,15.43267,13.959254,77.46902,0.4371634,-4.324386,-10.21795,9.640968,-1.7488648,20.646246,-10.139486,-6.225625,1.7641898,3.2602165,27.177782,-42.496845,61.116596,-1.3336294,-26.546299,44.68916,45.548645
672,-10.406828880310059,-431.302490234375,62.600730895996094,-4.836704453912988,-0.07735249827074232,-97.36840987980817,-15.20545,15.787164,14.690596,76.79541,-0.9723748,-3.7473536,-9.404172,9.594168,-1.2891132,20.239952,-10.317051,-6.2016683,2.737621,4.0869637,27.12856,-42.4012,60.68519,-2.1408598,-26.58165,44.137463,45.318684
673,-10.413640022277832,-431.93621826171875,62.678741455078125,-4.784104048168389,-0.1788366400001485,-97.66674431089271,-15.797999,16.1699,15.487178,76.000755,-2.273198,-3.0056193,-8.617336,9.5432825,-0.869116,19.83909,-10.504901,-6.1741276,3.7005813,4.8811755,27.070566,-42.158318,60.27457,-2.8869884,-26.623447,43.47195,44.995438
674,-10.418038368225098,-432.5670166015625,62.74763488769531,-4.7445339297710944,-0.26086477346958004,-97.94250641067215,-16.390375,16.584373,16.370354,75.07946,-3.4963346,-2.1383011,-7.848231,9.491408,-0.47880542,19.433199,-10.694525,-6.14825,4.6428876,5.656716,27.005274,-41.7376,59.88411,-3.578391,-26.669788,42.703728,44.587257
675,-10.424070358276367,-433.19683837890625,62.81024169921875,-4.713188622195619,-0.32557193166103965,-98.19755216468295,-16.975546,16.967634,17.251904,74.00575,-4.6329384,-1.2861013,-7.1002884,9.431819,-0.11370369,19.03476,-10.8905945,-6.1105995,5.539501,6.424829,26.93642,-41.21102,59.511955,-4.240631,-26.722895,41.903225,44.11541
676,-10.437392234802246,-433.8244934082031,62.8629150390625,-4.680856813253706,-0.3769381079845703,-98.43165606393902,-17.545446,17.261038,18.047747,72.74844,-5.666697,-0.5789262,-6.3744316,9.354469,0.22896956,18.6539,-11.095983,-6.046732,6.3684607,7.1649346,26.867563,-40.68261,59.179913,-4.930652,-26.782553,41.1569,43.63563
677,-10.432146072387695,-434.43890380859375,62.90788650512695,-4.64492202861063,-0.40688652515936224,-98.65241723650487,-18.110653,17.469791,18.768118,71.308784,-6.5955014,-0.015516965,-5.678959,9.256041,0.5608461,18.286263,-11.302495,-5.9428935,7.1353683,7.8710966,26.809742,-40.201706,58.865223,-5.6245356,-26.835018,40.505405,43.110012
678,-10.436407089233398,-435.0567932128906,62.94740295410156,-4.606398673204346,-0.4160344774798725,-98.85525637093465,-18.671354,17.615284,19.456326,69.69782,-7.4253964,0.4681882,-5.0119677,9.138755,0.8740667,17.933167,-11.515484,-5.811415,7.868891,8.56343,26.748587,-39.676907,58.564518,-6.3012176,-26.89489,39.81151,42.54375
679,-10.433791160583496,-435.6763916015625,62.97755813598633,-4.578135061513696,-0.41784411714043795,-99.03729956101645,-19.212643,17.696648,20.082596,67.91562,-8.152953,0.83979887,-4.3530183,9.022778,1.158813,17.582308,-11.736397,-5.677356,8.558906,9.234788,26.686117,-39.14422,58.301373,-6.95879,-26.963179,39.124805,41.94067
680,-10.433323860168457,-436.2835998535156,62.9969482421875,-4.569939696110862,-0.4257326675829628,-99.19574584350993,-19.718714,17.713598,20.619017,65.95801,-8.771905,1.0716085,-3.685399,8.924821,1.4049729,17.228271,-11.970153,-5.565539,9.197586,9.886831,26.623043,-38.620922,58.094955,-7.6099925,-27.039719,38.477707,41.32374
681,-10.434736251831055,-436.89556884765625,63.00836944580078,-4.584135235471109,-0.44361843156761116,-99.32897164014625,-20.188982,17.670897,21.052263,63.818428,-9.286536,1.1657195,-3.003338,8.849424,1.6052004,16.86815,-12.219158,-5.491695,9.785235,10.517493,26.558336,-38.096672,57.95638,-8.26243,-27.12379,37.877552,40.696705
682,-10.435245513916016,-437.5079650878906,63.0044059753418,-4.61498659229935,-0.46451891099190035,-99.43887560123198,-20.629826,17.57473,21.40417,61.501507,-9.69762,1.1452755,-2.3152437,8.7885275,1.7673683,16.50376,-12.481003,-5.441028,10.317494,11.124203,26.49147,-37.562515,57.87699,-8.914586,-27.214384,37.32124,40.050446
683,-10.438852310180664,-438.116943359375,62.99127197265625,-4.6607062414226,-0.48296873985407923,-99.52843204897991,-21.038334,17.429596,21.698313,59.02036,-9.994783,1.0160764,-1.6356361,8.740417,1.9029999,16.157875,-12.7615595,-5.3916793,10.786007,11.706609,26.423946,-37.039925,57.84409,-9.570339,-27.311338,36.821026,39.393223
684,-10.446056365966797,-438.73480224609375,62.969444274902344,-4.718058097326778,-0.4955939154728306,-99.59955970483962,-21.409298,17.237602,21.957762,56.384026,-10.16671,0.7834545,-0.9727686,8.701378,2.0231292,15.844351,-13.0653105,-5.320301,11.186592,12.246526,26.357702,-36.566586,57.85913,-10.241451,-27.413641,36.390213,38.745075
685,-10.446621894836426,-439.34765625,62.93467712402344,-4.79298364176662,-0.5090237813744111,-99.6566540590352,-21.732973,17.018755,22.198252,53.58145,-10.219817,0.4432823,-0.32342103,8.674617,2.1344395,15.564002,-13.390734,-5.21162,11.533192,12.699257,26.310072,-36.231777,57.942505,-10.960591,-27.489378,36.093945,38.144417
686,-10.44997501373291,-439.9563293457031,62.88792037963867,-4.87375666512778,-0.5139398300581421,-99.69900008946378,-22.016989,16.760168,22.409756,50.604584,-10.157463,0.0016487272,0.30720943,8.651526,2.2305026,15.312291,-13.739287,-5.0787616,11.837969,13.1559105,26.260378,-35.902283,58.036625,-11.698904,-27.573738,35.816833,37.560005
687,-10.459392547607422,-440.5671081542969,62.83432388305664,-4.965383115033866,-0.5064665651137824,-99.7187200332291,-22.279554,16.448849,22.55665,47.49717,-9.97647,-0.5217679,0.92266077,8.637315,2.302509,15.079365,-14.104688,-4.9426155,12.070664,13.598233,26.210678,-35.59884,58.14755,-12.4242935,-27.665213,35.570194,36.96129
688,-10.471291542053223,-441.1859436035156,62.76909637451172,-5.063225210601905,-0.47773113708427895,-99.70850910719834,-22.538847,16.072895,22.606054,44.298916,-9.680194,-1.1018913,1.5204345,8.633889,2.3417172,14.863877,-14.487896,-4.825003,12.223534,14.028452,26.161272,-35.327606,58.258804,-13.140183,-27.762548,35.344162,36.355137
689,-10.480342864990234,-441.805419921875,62.695682525634766,-5.172933753595191,-0.42277849147739194,-99.66220355801177,-22.81493,15.642022,22.519224,40.984478,-9.207493,-1.6614985,2.0986083,8.648569,2.3420293,14.660696,-14.891103,-4.7416615,12.289704,14.44679,26.11369,-35.100433,58.371655,-13.86061,-27.863575,35.135986,35.742207
690,-10.489326477050781,-442.42901611328125,62.615074157714844,-5.2881818720072165,-0.34703936779555244,-99.58169637409141,-23.09527,15.175404,22.314636,37.56111,-8.597881,-2.2191234,2.6603184,8.675148,2.306258,14.468349,-15.31098,-4.6785707,12.272627,14.850239,26.068193,-34.919212,58.49141,-14.566467,-27.966726,34.938183,35.11723
691,-10.498730659484863,-443.05047607421875,62.526710510253906,-5.40156318926975,-0.2559457902210679,-99.47404937598321,-23.349222,14.677567,22.048807,34.103535,-7.9976377,-2.893759,3.2053883,8.7003565,2.2408986,14.298315,-15.744229,-4.6137624,12.208149,15.232629,26.024748,-34.784256,58.605267,-15.26359,-28.071846,34.749718,34.514435
692,-10.510674476623535,-443.6737060546875,62.43258285522461,-5.500210193004447,-0.15710511071089062,-99.34786488073009,-23.535038,14.140132,21.787893,30.64878,-7.528724,-3.8084369,3.7339582,8.708995,2.153785,14.164158,-16.190165,-4.5245314,12.111633,15.596531,25.982605,-34.68153,58.700882,-15.910249,-28.17604,34.552868,33.93391
693,-10.518336296081543,-444.3061828613281,62.32899856567383,-5.579791433861369,-0.05023039744392258,-99.19040432111363,-23.62511,13.533429,21.532053,27.062927,-7.1907835,-5.0142064,4.252502,8.700903,2.0273435,14.054742,-16.646267,-4.4027414,11.976025,15.950047,25.941132,-34.609634,58.773964,-16.504519,-28.27944,34.340244,33.379585
694,-10.523479461669922,-444.93804931640625,62.211788177490234,-5.6399918279163614,0.06674646504240246,-99.00393661700795,-23.625103,12.86628,21.266136,23.308872,-6.901812,-6.42485,4.7593966,8.677251,1.8647099,13.970329,-17.116856,-4.261449,11.800833,16.296873,25.900852,-34.574554,58.824398,-17.057209,-28.38131,34.1145,32.850323
695,-10.52385139465332,-445.5748596191406,62.09355545043945,-5.64672517749128,0.19280929510021033,-98.78642892208617,-23.465918,12.0906105,21.038208,19.341547,-6.52495,-7.9571767,5.2256355,8.597026,1.6657636,13.972881,-17.623304,-4.10663,11.615683,16.659195,25.849716,-34.5901,58.809795,-17.520554,-28.520594,33.81498,32.329597
696,-10.52102279663086,-446.2119445800781,61.970943450927734,-5.666513151270489,0.3198834784624825,-98.65426592956852,-23.19335,11.368734,20.928888,15.458481,-6.115509,-9.568182,5.610106,8.518151,1.5563015,14.151756,-18.18753,-3.9470701,11.497015,16.942272,25.805576,-34.643566,58.818924,-17.933266,-28.651047,33.5284,31.812141
697,-10.503463745117188,-446.85211181640625,61.84705352783203,-5.700542171389616,0.4687404306841777,-98.60130167779344,-22.62434,10.567628,20.920698,11.05855,-5.403076,-11.440609,5.960807,8.430256,1.5407739,14.350404,-18.735569,-3.7747953,11.465781,17.15614,25.760626,-34.752773,58.818703,-18.275534,-28.804863,33.192554,31.260283
698,-10.480958938598633,-447.51739501953125,61.68727111816406,-5.946302053083191,0.6802308023449569,-98.73596510376983,-22.118238,10.064475,20.988132,6.9132566,-4.871863,-13.582686,6.244986,8.53003,1.7401475,14.558307,-19.25746,-3.5930593,11.521961,17.137203,25.73228,-34.81739,58.999477,-18.446445,-28.931868,32.772743,30.442316
699,-10.432940483093262,-448.1819763183594,61.48726272583008,-6.363681646777085,0.9162528007102215,-98.90721992317833,-20.8034,9.253683,21.220089,0.820454,-3.0287929,-14.323944,6.4066806,8.773754,1.9879918,15.012185,-19.872849,-3.3912435,11.528339,16.956337,25.722626,-34.808044,59.33773,-18.489946,-29.006289,32.322346,29.475567
700,-10.381946563720703,-448.82928466796875,61.29916763305664,-6.689659846922723,1.104667939378773,-99.00460594780614,-20.257755,8.707255,21.42682,-2.66511,-2.3268301,-14.323944,6.5652733,8.927194,2.1595423,15.57494,-20.466192,-3.190239,11.465752,16.849531,25.718102,-34.787075,59.605854,-18.557552,-29.048372,31.953829,28.710016
701,-10.33443546295166,-449.4671325683594,61.13762664794922,-6.894746340123318,1.2673721603165333,-99.11323328034094,-20.36336,8.455266,21.89513,-3.7127993,-2.6779406,-14.323944,6.692953,8.962087,2.332843,16.23675,-21.023567,-3.0115712,11.44533,16.796629,25.711712,-34.774868,59.774727,-18.610651,-29.08861,31.576302,28.105503
702,-10.292757034301758,-450.11309814453125,60.99022674560547,-7.041091169360029,1.4120209929219583,-99.25418133305587,-20.52616,8.262338,22.653942,-4.0195026,-3.166281,-14.323944,6.782135,8.939643,2.536081,17.002401,-21.564373,-2.8478563,11.465755,16.764023,25.703732,-34.776073,59.8912,-18.646048,-29.127674,31.216122,27.605925
703,-10.26339054107666,-450.7602233886719,60.85139465332031,-7.091756859733161,1.5283918999995665,-99.3922977928931,-20.635935,8.076132,23.570297,-3.9294934,-3.4657476,-14.323944,6.8588476,8.832544,2.7329018,17.853998,-22.061394,-2.6919084,11.506859,16.765131,25.693209,-34.796368,59.945206,-18.689987,-29.167528,30.897251,27.278975
704,-10.246363639831543,-451.4007568359375,60.75436019897461,-6.966681254650575,1.5944312829643366,-99.45636523033299,-20.92499,7.9714875,24.427366,-2.826677,-3.8152537,-14.323944,6.9756556,8.573191,2.849774,18.747707,-22.480328,-2.5327787,11.529072,16.857016,25.677633,-34.852848,59.887894,-18.791996,-29.212492,30.658743,27.246172
705,-10.23989200592041,-452.02874755859375,60.709999084472656,-6.632726839214229,1.5852220199850058,-99.44641243261432,-21.35785,8.002239,25.317514,-0.544925,-4.0942307,-14.323944,7.14875,8.136403,2.8895526,19.702408,-22.846136,-2.3822074,11.575911,17.050362,25.648798,-35.00804,59.716137,-18.968864,-29.28918,30.49559,27.56599
706,-10.26131534576416,-452.6844482421875,60.6781120300293,-6.101656698401016,1.5090855654787585,-99.3519048897314,-23.15496,8.816448,26.007061,6.1851087,-6.335143,-14.323944,7.356756,7.5232573,2.8367286,20.739931,-23.17558,-2.2407162,11.621774,17.271074,25.590937,-35.317123,59.48995,-19.260283,-29.436655,30.490177,28.221651
707,-10.244675636291504,-453.36151123046875,60.618770599365234,-5.600766696088866,1.4398546182424095,-99.05242096731968,-23.938564,8.795538,26.33232,10.018789,-6.6895533,-12.074644,7.5252905,6.926657,2.5814512,21.913036,-23.484118,-2.0528603,11.41323,17.413002,25.519236,-35.555714,59.354538,-19.458101,-29.591442,30.52646,28.85274
708,-10.215581893920898,-454.0476379394531,60.550498962402344,-5.32167199190972,1.470121097676977,-98.91430886616993,-24.87902,9.028876,26.350601,13.795616,-7.1701612,-9.893623,7.586674,6.521068,2.4955773,23.10332,-23.630919,-1.8489608,11.247807,17.377293,25.478455,-35.588135,59.343323,-19.45744,-29.66214,30.435228,29.229588
709,-10.165492057800293,-454.733642578125,60.515724182128906,-4.9658998104206455,1.5753057335156153,-98.78081840735793,-25.53975,8.911599,25.939344,16.313612,-7.032857,-8.114261,7.5784388,6.028578,2.381031,24.305601,-23.661129,-1.626714,11.075608,17.366983,25.432484,-35.535862,59.203552,-19.46973,-29.725555,30.354881,29.695017
710,-10.114370346069336,-455.4280700683594,60.505802154541016,-4.510831055130593,1.71916915581221,-98.61052394880794,-26.072512,8.531303,25.201221,18.238264,-6.4895964,-6.471741,7.524416,5.4373765,2.2019804,25.550245,-23.603376,-1.3893985,10.847359,17.402946,25.375036,-35.41279,58.94812,-19.552536,-29.786669,30.368786,30.319195
711,-10.07414436340332,-456.1415100097656,60.4985237121582,-4.030180257175571,1.8633690799679736,-98.44462546640919,-26.49553,8.042694,24.418898,19.852547,-5.9008713,-5.01881,7.4143524,4.8192506,2.0183575,26.918322,-23.401768,-1.125664,10.610892,17.436876,25.319576,-35.268944,58.65391,-19.604279,-29.821117,30.414831,31.028605
712,-10.033307075500488,-456.878662109375,60.487972259521484,-3.5950703817002907,1.9703857146415924,-98.32936272071947,-26.79875,7.601293,23.8606,21.38384,-5.618203,-3.7860732,7.2397456,4.239297,1.8963093,28.47988,-22.998545,-0.8262022,10.406452,17.425718,25.274805,-35.145916,58.39881,-19.472427,-29.8232,30.41062,31.701296
713,-9.979454040527344,-457.62109375,60.48141860961914,-3.2267727738764074,2.0388017563677137,-98.29935708470248,-26.994589,7.3010955,23.580711,22.97602,-5.848684,-2.8453343,7.009279,3.7118554,1.8885785,30.24503,-22.420345,-0.46283504,10.299071,17.330433,25.247164,-35.085293,58.211105,-19.23383,-29.793673,30.377193,32.39648
714,-9.918907165527344,-458.365478515625,60.48075485229492,-2.880010201890976,2.0776701533392825,-98.31726892848175,-27.091621,7.0785894,23.407404,24.570883,-6.439197,-2.1393657,6.7320538,3.1949675,1.9456133,32.1739,-21.68284,-0.054217096,10.215179,17.208494,25.226196,-35.025707,58.040398,-18.794542,-29.74227,30.270853,33.046047
715,-9.866083145141602,-459.11492919921875,60.48250961303711,-2.524547116660333,2.092827509804423,-98.32540079308265,-27.080772,6.842677,23.270487,26.039421,-7.174938,-1.5060167,6.377101,2.6696184,1.9834787,34.264492,-20.707844,0.33870772,10.130572,17.074148,25.209892,-35.001072,57.856632,-18.3054,-29.6752,30.198679,33.784374
716,-9.81342887878418,-459.8692932128906,60.49932861328125,-2.1351962606813593,2.0854614320780236,-98.26994131125853,-26.946741,6.481822,23.108541,27.22122,-7.816624,-0.7946681,5.923142,2.1223423,1.9193025,36.506615,-19.41396,0.6593371,9.993502,16.955414,25.193995,-35.010757,57.630135,-17.810102,-29.593756,30.212414,34.65778
717,-9.760088920593262,-460.6126708984375,60.5390625,-1.6990518190604205,2.043235636936932,-98.11148301005564,-26.67349,5.930927,22.883295,28.058516,-8.308864,0.040593006,5.3893604,1.5537902,1.6914536,38.920185,-17.7004,0.9453579,9.775969,16.87586,25.176607,-35.05066,57.34992,-17.293108,-29.494043,30.285965,35.696476
718,-9.712952613830566,-461.3570556640625,60.59445571899414,-1.2358003192209264,1.9679892994489478,-97.88947622795212,-26.277834,5.258365,22.631578,28.647274,-8.775835,0.9037345,4.786225,0.9726997,1.3558072,41.4983,-15.633134,1.2130579,9.505123,16.814884,25.160019,-35.114197,57.031597,-16.729115,-29.377577,30.39578,36.857582
719,-9.656396865844727,-462.104736328125,60.6588249206543,-0.7697339404027735,1.8856688302679527,-97.6685745979633,-25.798168,4.5395284,22.411495,29.049715,-9.235532,1.7305727,4.0798645,0.37951252,0.99914956,44.19048,-13.377174,1.3834792,9.2188,16.728031,25.146833,-35.20439,56.69074,-16.156528,-29.253101,30.60165,38.08531
720,-9.58636474609375,-462.8527526855469,60.73193359375,-0.3219837987507785,1.8231814367923138,-97.51244158195183,-25.265429,3.846569,22.28282,29.310802,-9.703774,2.4593532,3.2360387,-0.22634616,0.70343244,46.945496,-11.094275,1.3844719,8.952317,16.573765,25.139383,-35.322422,56.34376,-15.6102295,-29.128283,30.967472,39.325188
721,-9.511359214782715,-463.59930419921875,60.813140869140625,0.10703554757473832,1.7866879494179455,-97.41815071163418,-24.672302,3.1685197,22.255032,29.397272,-10.183338,3.089781,2.2125025,-0.83577293,0.4946716,49.85424,-8.788407,1.0960808,8.703285,16.340517,25.139105,-35.490417,55.998425,-15.095391,-29.00338,31.493752,40.601425
722,-9.427810668945312,-464.3261413574219,60.89691925048828,0.530054912936355,1.7637642135877099,-97.35947169226829,-24.00649,2.471852,22.298975,29.295536,-10.66379,3.641738,1.0436631,-1.4524745,0.31275785,52.90329,-6.372864,0.6181949,8.456604,16.05356,25.144295,-35.69888,55.64368,-14.591563,-28.877455,32.15321,41.934288
723,-9.334694862365723,-465.04400634765625,60.98762130737305,0.9410099983588505,1.7548466117144097,-97.3620248965443,-23.29613,1.7969698,22.41449,29.076715,-11.13531,4.0896244,-0.1971922,-2.092873,0.12122582,55.89364,-3.8790846,0.18923727,8.228604,15.721708,25.15332,-35.90371,55.274136,-14.092439,-28.754278,32.967953,43.261204
724,-9.235115051269531,-465.7423400878906,61.08171463012695,1.3337843295769198,1.7620132569908413,-97.4515026014969,-22.576956,1.1848133,22.60448,28.822027,-11.592673,4.414072,-1.4448131,-2.7794132,-0.098707646,58.642765,-1.3622788,0.020155486,8.037265,15.353443,25.16449,-36.061634,54.885128,-13.5990715,-28.636854,33.96631,44.524235
725,-9.13602066040039,-466.4296569824219,61.177669525146484,1.7118152995944693,1.7975111364560326,-97.67746920236421,-21.860601,0.6434984,22.926134,28.528826,-12.037271,4.5872416,-2.7395244,-3.5401425,-0.27435142,61.16514,1.4176394,0.26456788,7.9290433,14.95012,25.177216,-36.181793,54.460552,-13.114198,-28.522507,35.158283,45.729664
726,-9.038487434387207,-467.09747314453125,61.26850891113281,2.075387454662876,1.85892050672025,-98.00940134605963,-21.135298,0.14215398,23.362415,28.158815,-12.4648905,4.632427,-4.11052,-4.352125,-0.38904145,63.56723,4.3865223,0.7621959,7.8817067,14.505488,25.192783,-36.28251,54.012238,-12.643619,-28.411299,36.527332,46.912987
727,-8.947922706604004,-467.75665283203125,61.358726501464844,2.4128553813191504,1.9243537441918521,-98.3535948021987,-20.403687,-0.33842194,23.807095,27.738487,-12.857884,4.612125,-5.480338,-5.1803865,-0.5617727,65.81641,7.0103626,1.2238729,7.8087816,14.0187025,25.212234,-36.335056,53.57299,-12.180726,-28.308567,38.05731,48.04846
728,-8.86217975616455,-468.406005859375,61.44972610473633,2.7159450358458046,1.9697475436869654,-98.61437659489506,-19.667522,-0.8153774,24.152182,27.293486,-13.201168,4.5897217,-6.7687244,-6.0159764,-0.95144826,67.87722,8.7541065,1.3370411,7.62083,13.491148,25.23641,-36.309483,53.172344,-11.716126,-28.219164,39.736565,49.105877
729,-8.792378425598145,-469.0369567871094,61.540931701660156,2.9909808263165787,1.9943580248727228,-98.78347256561048,-18.932236,-1.2958297,24.393082,26.82926,-13.486034,4.567109,-7.960989,-6.93734,-1.6991646,69.76079,9.397332,0.92530924,7.311328,12.92607,25.265741,-36.198498,52.794075,-11.235018,-28.143375,41.610046,50.068436
730,-8.723982810974121,-469.6677551269531,61.63581085205078,3.240023949610544,2.007712548902545,-98.90588093665303,-18.196596,-1.7710385,24.581625,26.331758,-13.723319,4.5215955,-9.090147,-7.946807,-2.7023895,71.48314,9.243468,0.16432923,6.9270844,12.320162,25.300478,-36.02572,52.429134,-10.749658,-28.077269,43.667446,50.960175
731,-8.664306640625,-470.2944641113281,61.72731399536133,3.4505648281877686,1.9998377535955827,-98.96910374208368,-17.455175,-2.2318585,24.6917,25.815605,-13.932168,4.473363,-10.141168,-8.918827,-3.7679296,73.001175,8.5530815,-0.7281445,6.461786,11.667647,25.34154,-35.80844,52.114323,-10.272522,-28.018467,45.807583,51.796066
732,-8.60423469543457,-470.91278076171875,61.82054138183594,3.608998683910423,1.959519664555221,-98.96249763334413,-16.696135,-2.6610894,24.698206,25.291115,-14.127069,4.4379597,-11.107278,-9.714397,-4.7020516,74.26695,7.6019106,-1.5259801,5.913448,10.959704,25.390253,-35.569347,51.890423,-9.808798,-27.966421,47.93097,52.582336
733,-8.558143615722656,-471.53204345703125,61.91315460205078,3.700340799990957,1.8732551793543981,-98.87098454759368,-15.911336,-3.0419989,24.570547,24.772654,-14.314118,4.4099083,-11.976353,-10.270886,-5.473922,75.25654,6.2538123,-2.2107124,5.268972,10.171862,25.450544,-35.330204,51.79266,-9.35605,-27.925604,50.103306,53.298466
734,-8.519758224487305,-472.1510314941406,62.005638122558594,3.7333138671160215,1.7466145342119068,-98.70881729804006,-15.104092,-3.3774962,24.33291,24.25611,-14.485148,4.378263,-12.760018,-10.635759,-6.1551075,75.99174,4.4451327,-2.8520236,4.5704684,9.299143,25.523914,-35.118088,51.79713,-8.8780775,-27.89619,52.3045,53.935207
735,-8.485960960388184,-472.7707824707031,62.10152053833008,3.733992344806318,1.5968937273056134,-98.507994935049,-14.274536,-3.6821992,24.041182,23.7198,-14.633251,4.348294,-13.495404,-10.851973,-6.7286377,76.499794,2.56957,-3.380887,3.893195,8.364611,25.607452,-34.95999,51.854877,-8.325797,-27.872866,54.307564,54.51001
736,-8.450758934020996,-473.384521484375,62.20090866088867,3.7231398652589967,1.4427129059479848,-98.2994164204202,-13.4264765,-3.9772549,23.75,23.139328,-14.748737,4.3276634,-14.218396,-10.979183,-7.1998873,76.807594,1.0158894,-3.751751,3.2824574,7.4024477,25.696114,-34.85182,51.914474,-7.6771398,-27.849976,55.928257,55.04736
737,-8.413283348083496,-473.9984436035156,62.30076599121094,3.704201993267171,1.2810392826936117,-98.07987587033162,-12.555306,-4.2711,23.46167,22.509119,-14.826721,4.33227,-14.934521,-11.029392,-7.582878,76.91351,-0.13843726,-3.96452,2.7169876,6.420625,25.787598,-34.772243,51.97657,-6.95877,-27.82564,57.217365,55.5598
738,-8.381437301635742,-474.6075134277344,62.399166107177734,3.666204293231707,1.1050864217144438,-97.83623269537796,-11.660914,-4.55244,23.151045,21.840395,-14.871573,4.351583,-15.630263,-10.982911,-7.885137,76.805046,-1.0899296,-4.054885,2.1615267,5.4118648,25.883451,-34.712032,52.058636,-6.1901197,-27.800508,58.27968,56.03308
739,-8.351175308227539,-475.2161560058594,62.497962951660156,3.618147273636629,0.9264912873773246,-97.58433524548163,-10.754414,-4.8139687,22.8314,21.145502,-14.897033,4.3570857,-16.307903,-10.85878,-8.109839,76.498566,-1.8691899,-4.0378895,1.6724253,4.3200655,25.956074,-34.75461,52.19267,-5.3220563,-27.790422,58.98458,56.440044
740,-8.326873779296875,-475.8204345703125,62.5915412902832,3.5690952138155656,0.7645708328841526,-97.33983048397711,-9.85,-5.0572734,22.517103,20.427834,-14.91434,4.323224,-16.976664,-10.678162,-8.257736,76.01091,-2.5077934,-3.9269876,1.1397344,3.281064,26.02042,-34.705864,52.28997,-4.4321866,-27.774199,59.413994,56.788563
741,-8.311341285705566,-476.42694091796875,62.67880630493164,3.5278843199984387,0.6251886087566186,-97.12449077878259,-8.940687,-5.288108,22.23041,19.665571,-14.9239645,4.2467117,-17.651094,-10.436542,-8.30228,75.34632,-2.9547524,-3.6915996,0.58489686,2.2920728,26.068005,-34.590702,52.35239,-3.5473485,-27.755465,59.55663,57.096107
742,-8.298544883728027,-477.0312805175781,62.759769439697266,3.473850136677634,0.4888657046183393,-96.89301749194894,-8.020702,-5.4984765,21.925882,18.873175,-14.923051,4.147799,-18.30182,-10.128436,-8.291186,74.48549,-3.2105124,-3.3418772,-0.117592536,1.2933083,26.123755,-34.361008,52.46847,-2.6800907,-27.726091,59.56096,57.344585
743,-8.289690017700195,-477.6341552734375,62.83380889892578,3.417951197945675,0.3668249097381916,-96.66024993462074,-7.1180844,-5.6901574,21.61949,18.09448,-14.923365,4.030248,-18.93704,-9.775808,-8.223527,73.44327,-3.3952022,-2.9528837,-0.89354527,0.33331218,26.186022,-34.033276,52.563038,-1.8499073,-27.687458,59.426548,57.55147
744,-8.284623146057129,-478.23358154296875,62.901954650878906,3.3643191866742783,0.2628023483145476,-96.42896730655974,-6.2510295,-5.862632,21.31485,17.361544,-14.927475,3.8961053,-19.55286,-9.399656,-8.11204,72.230095,-3.6276658,-2.5997438,-1.7023145,-0.587195,26.25587,-33.646122,52.610043,-1.0727996,-27.642773,59.197205,57.71938
745,-8.289859771728516,-478.8296813964844,62.961448669433594,3.3109305594948073,0.1788898566289425,-96.1968888065998,-5.425852,-6.0105295,21.00667,16.67942,-14.926041,3.7361581,-20.156475,-8.986745,-7.9371676,70.845535,-3.9315898,-2.3071191,-2.5561466,-1.4760506,26.333586,-33.204163,52.609665,-0.3651232,-27.593636,58.859814,57.845272
746,-8.291367530822754,-479.42633056640625,63.01688003540039,3.2588470616243503,0.11217658079743595,-95.96413209272846,-4.6296973,-6.1382627,20.696426,16.027573,-14.91934,3.553042,-20.744223,-8.537911,-7.70051,69.28574,-4.2484007,-2.040626,-3.4568021,-2.3372395,26.41907,-32.705647,52.576702,0.2899225,-27.54044,58.39,57.92969
747,-8.286026954650879,-480.02471923828125,63.06614685058594,3.211883499152766,0.0573990541473828,-95.73397156579371,-3.8517804,-6.2586737,20.393688,15.395801,-14.919608,3.365945,-21.299849,-8.095312,-7.449645,67.56145,-4.573019,-1.7833736,-4.356552,-3.1709185,26.514143,-32.18854,52.510582,0.9161456,-27.48501,57.830936,57.986397
748,-8.295445442199707,-480.6162414550781,63.097023010253906,3.174794005052883,0.00916549284378495,-95.51165772965324,-3.090141,-6.3797197,20.110443,14.796976,-14.948702,3.1924515,-21.806986,-7.6958375,-7.231162,65.67896,-4.8965597,-1.515412,-5.208081,-3.9838092,26.619635,-31.702793,52.415398,1.5265274,-27.43042,57.248425,58.030323
749,-8.30813980102539,-481.2019348144531,63.11774826049805,3.1458690516536802,-0.03411699289591811,-95.29171733591009,-2.3460224,-6.499168,19.843636,14.235726,-15.007427,3.050192,-22.26255,-7.332011,-7.0393863,63.628296,-5.241757,-1.2094965,-6.021715,-4.791507,26.73646,-31.267292,52.304867,2.1152377,-27.377869,56.659103,58.05317
750,-8.310702323913574,-481.7911682128906,63.13161849975586,3.1216400395910036,-0.07065398589297944,-95.07452444227022,-1.6218833,-6.611793,19.589943,13.712416,-15.089593,2.9249656,-22.672953,-6.987211,-6.8579807,61.407463,-5.6032867,-0.8849215,-6.811888,-5.6010184,26.863657,-30.875526,52.183643,2.673086,-27.327744,56.041767,58.051365
751,-8.314729690551758,-482.3864440917969,63.13362121582031,3.106406195451119,-0.0999392798661989,-94.87036155334982,-0.9072162,-6.72563,19.35703,13.202848,-15.189837,2.7878215,-23.035517,-6.6783824,-6.714335,59.031456,-5.9293733,-0.57729685,-7.546317,-6.408988,27.000881,-30.535461,52.04588,3.20804,-27.280664,55.407593,58.0407
752,-8.31411361694336,-482.9718017578125,63.122894287109375,3.1013075537693533,-0.12248564060662157,-94.69256098522276,-0.19376276,-6.8472996,19.156172,12.69033,-15.307848,2.609014,-23.347868,-6.41701,-6.633239,56.511734,-6.165964,-0.31999093,-8.192099,-7.213942,27.147703,-30.258522,51.888157,3.7195594,-27.23739,54.78105,58.043865
753,-8.31238079071045,-483.5622253417969,63.10001754760742,3.1052863658921708,-0.13912218908259466,-94.54703189823354,0.5330063,-6.97827,19.000507,12.137622,-15.432559,2.3542025,-23.608755,-6.202164,-6.6326375,53.838585,-6.3134704,-0.11761384,-8.748566,-8.022753,27.302603,-30.046066,51.715305,4.19858,-27.19842,54.173244,58.057404
754,-8.308878898620605,-484.1492614746094,63.06959533691406,3.1142856872828175,-0.14906332991601165,-94.4283295843205,1.265131,-7.1147084,18.884268,11.560553,-15.565239,2.0466928,-23.820099,-6.0138054,-6.693116,51.00698,-6.3932424,0.058197506,-9.233606,-8.83997,27.464882,-29.893482,51.53455,4.641779,-27.163708,53.58187,58.07308
755,-8.302823066711426,-484.73724365234375,63.02755355834961,3.133541174326981,-0.1490971654555539,-94.3306605959389,1.9768393,-7.2525077,18.788143,11.022602,-15.725444,1.7424773,-23.985706,-5.8359,-6.784143,48.03709,-6.389843,0.22438934,-9.647001,-9.659694,27.633608,-29.800138,51.345703,5.0622005,-27.133091,53.01226,58.093216
756,-8.292642593383789,-485.32037353515625,62.97667694091797,3.165090296343087,-0.13654590311324138,-94.24867726025421,2.6437762,-7.392345,18.692406,10.58385,-15.930587,1.4985298,-24.109577,-5.657169,-6.8743167,44.94718,-6.285139,0.39326337,-9.9892025,-10.478183,27.807909,-29.7668,51.150578,5.470055,-27.106302,52.473087,58.121826
757,-8.288901329040527,-485.9114990234375,62.91569519042969,3.2113798467685686,-0.10827307671213829,-94.17805532727631,3.2430975,-7.5274086,18.58611,10.293309,-16.202753,1.3558303,-24.190544,-5.4838247,-6.982562,41.706856,-6.0513177,0.53965604,-10.264775,-11.303019,27.987673,-29.798256,50.95315,5.8604703,-27.083204,51.974476,58.162563
758,-8.284845352172852,-486.5105285644531,62.84154510498047,3.2657819323216906,-0.06579224537840482,-94.12316847770316,3.7871373,-7.657056,18.483105,10.119487,-16.530329,1.2748703,-24.229553,-5.3098245,-7.1152024,38.32026,-5.7095923,0.67192763,-10.476837,-12.140993,28.172709,-29.89158,50.759853,6.22838,-27.063435,51.518204,58.206944
759,-8.279240608215332,-487.1061706542969,62.75447463989258,3.324442436484819,-0.014206874353071072,-94.09308034130781,4.312016,-7.7861156,18.401781,9.989172,-16.883696,1.1931212,-24.235344,-5.110535,-7.221417,34.853756,-5.3174095,0.8434461,-10.6221695,-12.984426,28.360542,-30.031721,50.579,6.5829782,-27.046549,51.09924,58.246483
760,-8.273301124572754,-487.7056579589844,62.656681060791016,3.3804951995251113,0.040862335393813023,-94.096239939651,4.849364,-7.913181,18.36159,9.840628,-17.238365,1.0483823,-24.217003,-4.86767,-7.2509522,31.372614,-4.932904,1.1009482,-10.699843,-13.82213,28.54812,-30.198187,50.41843,6.9385786,-27.032045,50.71077,58.266846
761,-8.26679801940918,-488.3128662109375,62.549312591552734,3.4402127250286614,0.10025956473278827,-94.13981805707,5.4222965,-8.054858,18.372831,9.614183,-17.56358,0.8109042,-24.166788,-4.5852203,-7.1741886,27.799627,-4.507347,1.4252089,-10.703906,-14.646901,28.734123,-30.378193,50.270638,7.2932134,-27.020067,50.35457,58.2739
762,-8.261171340942383,-488.92535400390625,62.42939376831055,3.496676355955827,0.1638778134806006,-94.22065422590163,5.942172,-8.172602,18.438877,9.53417,-17.985382,0.5144314,-24.077898,-4.2728186,-7.020826,24.117628,-4.028717,1.7891905,-10.641405,-15.458522,28.917871,-30.569254,50.138836,7.6466637,-27.010767,50.037575,58.264153
763,-8.257360458374023,-489.5389099121094,62.302433013916016,3.5432469632877397,0.22890912911670117,-94.32990454025934,6.439141,-8.271772,18.54114,9.527445,-18.457285,0.20066296,-23.949087,-3.9390724,-6.826102,20.44118,-3.5847187,2.2281752,-10.532285,-16.253626,29.098719,-30.766376,50.034256,8.00133,-27.003695,49.75946,58.2288
764,-8.254828453063965,-490.1556091308594,62.170867919921875,3.5777443162079456,0.29339960975333584,-94.45564374025317,6.9241424,-8.356665,18.658611,9.567836,-18.959948,-0.089562945,-23.768648,-3.5912833,-6.6295996,16.85619,-3.2444859,2.7843764,-10.394933,-17.019114,29.275043,-30.959347,49.956013,8.360108,-26.998056,49.51442,58.16082
765,-8.256240844726562,-490.7831115722656,62.0308952331543,3.61515953452637,0.3581386992906645,-94.59690790727917,7.4061575,-8.445764,18.789768,9.640708,-19.490807,-0.3524319,-23.503284,-3.230872,-6.388212,13.221516,-3.009591,3.4490016,-10.232461,-17.744728,29.44454,-31.14048,49.89034,8.72051,-26.993597,49.300102,58.06603
766,-8.25448989868164,-491.4103088378906,61.884765625,3.634584294528904,0.4418215580266116,-94.75443201115979,7.8650565,-8.515841,18.942049,9.7541895,-20.05622,-0.6098306,-23.008698,-2.8195944,-6.1209497,9.103112,-2.5938084,4.202241,-9.989604,-18.458954,29.675112,-31.37703,49.79105,9.133,-26.990734,49.039852,57.90083
767,-8.25566291809082,-492.0549011230469,61.69989013671875,3.8413933959047624,0.5689455942479199,-94.76467835990158,8.28459,-8.753801,18.915539,9.876876,-20.612206,-0.84218574,-22.857471,-2.7025535,-5.968593,6.002907,-2.7267926,5.1165085,-9.85274,-18.972895,29.870554,-31.463196,49.467255,9.351911,-26.99362,48.82422,57.921196
768,-8.258511543273926,-492.7105407714844,61.48460006713867,4.188915523119782,0.7137255415152128,-94.68677309539694,8.681069,-9.112851,18.765558,10.026792,-21.164068,-1.0479088,-21.589172,-2.6347752,-6.0704403,0.4700783,-1.1731484,6.2112036,-9.799775,-19.337831,29.982838,-31.387005,49.05973,9.402538,-27.000204,48.695103,58.099445
769,-8.275071144104004,-493.3666687011719,61.27817153930664,4.463296544537157,0.8169993237215791,-94.64339617192934,9.0968685,-9.381714,18.64409,10.224423,-21.751762,-1.2286308,-21.904009,-2.6571023,-6.3614974,-0.664354,-2.0442672,7.7342634,-9.724698,-19.656271,30.03694,-31.295311,48.7801,9.481177,-27.004843,48.644787,58.222298
770,-8.298687934875488,-494.01873779296875,61.06836700439453,4.760929756585748,0.9521845059627294,-94.58375299621758,9.483231,-9.6638975,18.486528,10.421936,-22.343346,-1.3829478,-22.481007,-2.7213695,-6.8549666,-0.9286961,-3.292595,9.588135,-9.633449,-19.983559,30.088072,-31.155933,48.504654,9.529111,-27.011429,48.606102,58.342926
771,-8.321866035461426,-494.6627197265625,60.869808197021484,5.014872639074841,1.0964544202004645,-94.52723736606939,9.851216,-9.895763,18.325394,10.63453,-22.889057,-1.5395536,-23.08392,-2.7684317,-7.421772,-0.7699949,-4.483597,11.315979,-9.53595,-20.286764,30.135363,-30.98221,48.290203,9.562849,-27.019304,48.5901,58.431725
772,-8.34315013885498,-495.29486083984375,60.688899993896484,5.173883626708569,1.2268045243482764,-94.50907745016376,10.21778,-10.028244,18.206451,10.871182,-23.338387,-1.7287761,-23.51356,-2.7470496,-7.8981204,-0.5417897,-5.2539086,12.448443,-9.4218,-20.568892,30.1812,-30.789965,48.205223,9.609831,-27.027426,48.605198,58.464287
773,-8.363524436950684,-495.92852783203125,60.529319763183594,5.235677806878439,1.332307832455794,-94.54889131365594,10.523405,-10.035004,18.15962,11.303825,-23.793646,-1.9603583,-23.6723,-2.6486127,-8.257871,-0.32597703,-5.473623,12.8845825,-9.271984,-20.84505,30.226189,-30.596687,48.27076,9.689295,-27.0349,48.665077,58.437435
774,-8.386415481567383,-496.56134033203125,60.38622283935547,5.210490938130509,1.4145669858814607,-94.63502944114813,10.772949,-9.931728,18.17142,11.917022,-24.270218,-2.2162209,-23.602528,-2.458698,-8.564392,-0.11399671,-5.2443633,12.870139,-9.089136,-21.118212,30.270325,-30.409864,48.47265,9.797301,-27.041138,48.773533,58.35624
775,-8.412965774536133,-497.19232177734375,60.27703094482422,5.088571981028351,1.4758847816798675,-94.7598931386531,11.001114,-9.714567,18.236805,12.627207,-24.69775,-2.4908323,-23.387764,-2.143355,-8.766379,0.052230127,-4.6617594,12.45349,-8.907219,-21.394943,30.31443,-30.233784,48.832726,9.912626,-27.04529,48.92281,58.21758
776,-8.476092338562012,-497.81585693359375,60.21607971191406,4.75284905744416,1.510728051827595,-95.01883424421891,11.181711,-9.267852,18.488262,13.563192,-25.158062,-2.798114,-23.756659,-1.6536283,-8.747841,1.7699645,-4.793205,11.6603155,-8.790579,-21.749,30.402882,-29.979658,49.550278,10.033675,-27.046816,49.258976,57.916805
777,-8.522419929504395,-498.4666442871094,60.154319763183594,4.288556453541783,1.5041058786948887,-95.33970374821018,11.403621,-8.6966305,18.823332,14.514008,-25.52581,-3.1190684,-24.282446,-1.0479339,-8.581736,4.019324,-4.981452,10.299576,-8.78155,-21.999825,30.571611,-29.653023,50.41051,10.037706,-27.03267,49.832787,57.62549
778,-8.568999290466309,-499.1260986328125,60.10968017578125,3.6946745165793637,1.4726421211086134,-95.71432222212549,11.619751,-7.991843,19.23738,15.552521,-25.846357,-3.4558423,-24.558712,-0.26605427,-8.320156,5.841485,-4.6111407,8.41247,-8.764229,-22.144588,30.827408,-29.297134,51.32295,10.014073,-26.981728,50.45458,57.307888
779,-8.639425277709961,-499.778076171875,60.100494384765625,3.06066741352047,1.4474866765925218,-96.05816197698573,11.789236,-7.2074475,19.63657,16.701529,-26.082928,-3.811575,-24.586477,0.5898232,-7.974252,7.053688,-3.7291265,6.3869195,-8.700016,-22.221653,31.103788,-28.999744,52.21142,10.034827,-26.90226,50.859543,56.948795
780,-8.731083869934082,-500.4321594238281,60.10886001586914,2.480644146614233,1.4538741940965674,-96.25860247945104,11.871511,-6.400856,19.896023,17.991219,-26.197718,-4.1881986,-25.07339,1.2863052,-7.5791354,9.263775,-3.4500701,4.6279283,-8.6987295,-22.194717,31.348227,-28.72402,53.009434,10.056304,-26.813816,50.99295,56.58679
781,-8.836799621582031,-501.10906982421875,60.125118255615234,1.903775814727051,1.4969917990091826,-96.29232061627033,11.873598,-5.515805,20.019135,19.407139,-26.229206,-4.588269,-25.502882,1.970848,-7.003364,11.141236,-2.9076018,3.0602198,-8.795719,-22.201147,31.519495,-28.54914,53.869823,10.114805,-26.726347,50.849857,56.161076
782,-8.942127227783203,-501.8123779296875,60.14719009399414,1.286635689477538,1.5614521512987272,-96.22467080938064,11.817005,-4.532854,20.071882,20.941437,-26.18536,-5.015466,-25.836407,2.7045808,-6.294413,12.705166,-2.0693436,1.5276539,-8.950096,-22.257067,31.63894,-28.480022,54.84408,10.2248125,-26.62914,50.498985,55.66256
783,-9.04344654083252,-502.5315246582031,60.16868209838867,0.6863379033796022,1.6302890977934417,-96.10046190790057,11.686745,-3.5195765,20.057062,22.638489,-25.977455,-5.474639,-26.041676,3.4026608,-5.707528,13.993017,-1.1703842,0.2797899,-9.138883,-22.292269,31.67841,-28.467226,55.888992,10.361043,-26.536037,50.000416,55.130917
784,-9.152971267700195,-503.2558898925781,60.19990921020508,0.16366336080161623,1.6884983224684995,-95.95928809813825,11.470082,-2.5467207,19.968702,24.527353,-25.516346,-5.967917,-26.101385,3.9602582,-5.470739,15.07255,-0.47846535,-0.44312638,-9.342924,-22.16972,31.65008,-28.41995,56.88519,10.479253,-26.4492,49.412846,54.624516
785,-9.266545295715332,-503.9805908203125,60.23222732543945,-0.2735316770703243,1.735825001267819,-95.77599296228745,11.165238,-1.6154764,19.772362,26.621534,-24.777214,-6.555595,-25.967558,4.297683,-5.751118,15.883906,-0.037336197,-0.31086358,-9.594948,-21.845667,31.559393,-28.29324,57.805958,10.577543,-26.36721,48.695454,54.145847
786,-9.37006950378418,-504.71368408203125,60.26986312866211,-0.6686691795980995,1.7758007962561768,-95.55558770499786,10.780423,-0.68483627,19.49488,28.899273,-23.809826,-7.216277,-25.679613,4.4797015,-6.3590827,16.48675,0.2620034,0.43572736,-9.884365,-21.374506,31.42169,-28.128069,58.697865,10.686104,-26.28458,47.84168,53.657894
787,-9.470129013061523,-505.4495849609375,60.314727783203125,-1.0426340981907654,1.7967775181564338,-95.37792621061716,10.310719,0.24084342,19.2171,31.356485,-22.634829,-7.828777,-25.344566,4.6200113,-6.9843493,17.090153,0.38301253,1.1936095,-10.130982,-20.801031,31.244186,-27.979216,59.58169,10.802411,-26.204847,46.960938,53.15337
788,-9.563233375549316,-506.1709289550781,60.37367630004883,-1.4046944107314185,1.787657207940073,-95.31650167793251,9.7519655,1.1573293,19.01859,33.99239,-21.264734,-8.276277,-25.05187,4.8453374,-7.3165445,17.839083,0.28204226,1.3835353,-10.261488,-20.164236,31.033564,-27.895742,60.47368,10.918828,-26.132526,46.165596,52.62423
789,-9.651924133300781,-506.8898620605469,60.44102478027344,-1.7538483424886149,1.7336683966410908,-95.42005003429499,9.12761,2.051476,18.959272,36.821487,-19.612934,-8.619461,-24.845818,5.2219214,-7.2087793,18.826046,-0.14815767,0.7752765,-10.239746,-19.43445,30.788193,-27.848742,61.382633,11.044553,-26.068325,45.448174,52.068996
790,-9.746477127075195,-507.610595703125,60.516963958740234,-2.0827883694735725,1.6432505365964956,-95.63650946058688,8.437634,2.9288194,18.985193,39.83417,-17.695295,-8.896358,-24.665157,5.6998243,-6.8404174,19.909286,-0.8260486,-0.27403677,-10.111824,-18.590656,30.51269,-27.814686,62.281635,11.174323,-26.010048,44.761658,51.488663
791,-9.828292846679688,-508.3190002441406,60.59535598754883,-2.3973081705883392,1.5419328637111993,-95.8853528610974,7.651812,3.8107698,19.011776,42.973434,-15.665639,-8.964612,-24.445662,6.229353,-6.393978,20.898403,-1.5491959,-1.4562283,-9.932379,-17.68249,30.224329,-27.851124,63.131058,11.274359,-25.959145,44.15991,50.881626
792,-9.92234992980957,-509.0255126953125,60.67932891845703,-2.707030086671905,1.4555258344888116,-96.08732583338268,6.739506,4.719407,18.963434,46.179333,-13.670455,-8.685701,-24.12452,6.7368965,-6.0600123,21.626373,-2.1497772,-2.4678276,-9.755214,-16.753325,29.940617,-28.015106,63.890495,11.3113365,-25.917831,43.698315,50.248642
793,-10.024946212768555,-509.7330017089844,60.77321243286133,-3.0106002812034722,1.3884798682495145,-96.24861134780328,5.651528,5.655715,18.79932,49.558384,-11.788414,-7.820399,-23.6751,7.200413,-5.8690276,22.040031,-2.603666,-3.259598,-9.577249,-15.784119,29.662964,-28.305553,64.55732,11.273855,-25.887985,43.409595,49.594765
794,-10.131016731262207,-510.42724609375,60.87203598022461,-3.3079016499484095,1.3286355590959835,-96.40253903757764,4.426895,6.6092253,18.596128,53.075886,-9.891519,-6.525293,-23.136183,7.65159,-5.7266717,22.246462,-3.0102186,-3.982511,-9.372326,-14.751058,29.389961,-28.699347,65.141556,11.1806755,-25.869066,43.256123,48.91651
795,-10.249276161193848,-511.1152038574219,60.97089767456055,-3.6045694753758157,1.278274685369221,-96.51219382529938,3.1556456,7.595868,18.4384,56.48656,-7.8398376,-5.232542,-22.540821,8.083483,-5.640914,22.308691,-3.3915412,-4.635932,-9.160514,-13.688387,29.132032,-29.217266,65.62217,11.042233,-25.85968,43.187214,48.20405
796,-10.364971160888672,-511.7911376953125,61.068302154541016,-3.906252716631411,1.2402410145016989,-96.54033978832712,1.9218025,8.644115,18.384367,59.56933,-5.5342193,-4.3501983,-21.921839,8.491622,-5.6204,22.28961,-3.7683735,-5.2198114,-8.963195,-12.63199,28.899023,-29.878866,65.97991,10.868385,-25.858057,43.15364,47.44717
797,-10.479096412658691,-512.452880859375,61.16630554199219,-4.226040537709136,1.2263948436317513,-96.44238774305781,0.7030985,9.819293,18.418674,62.336792,-2.8064363,-3.9834762,-21.289206,8.881083,-5.712533,22.185158,-4.1491127,-5.7400913,-8.823574,-11.602326,28.692623,-30.724358,66.22695,10.652092,-25.865458,43.17375,46.61944
798,-10.598748207092285,-513.1109008789062,61.2680778503418,-4.56029151631969,1.2329673498515639,-96.25039427214227,-0.546128,11.110398,18.48775,64.92829,0.20723127,-3.8730574,-20.624876,9.255948,-5.8985415,21.967827,-4.521758,-6.1915517,-8.716419,-10.589066,28.508911,-31.74334,66.38225,10.387247,-25.882679,43.261112,45.737846
799,-10.717778205871582,-513.756103515625,61.36888885498047,-4.881486404218119,1.2379699267537598,-96.04309879070081,-1.7821164,12.419792,18.57934,67.32503,3.1405087,-3.8879151,-19.922388,9.608409,-6.0871563,21.664656,-4.870791,-6.562882,-8.565011,-9.580324,28.346754,-32.871582,66.434044,10.082402,-25.907104,43.36254,44.859673
800,-10.830598831176758,-514.3944702148438,61.472137451171875,-5.160585806877495,1.2175664228415337,-95.89848438074497,-2.953589,13.641118,18.693115,69.49766,5.6329274,-3.9200387,-19.18038,9.929959,-6.190097,21.310307,-5.181477,-6.848016,-8.292815,-8.56424,28.205235,-34.045998,66.36698,9.74846,-25.936028,43.42532,44.041595
801,-10.93760871887207,-515.0285034179688,61.57840347290039,-5.39601514326177,1.1640170476789802,-95.82212465501335,-4.0376496,14.823306,18.942854,71.46087,7.745092,-4.0114417,-18.397738,10.224465,-6.204227,20.907476,-5.4516945,-7.0355887,-7.8841553,-7.5386696,28.08547,-35.320152,66.156006,9.394926,-25.970442,43.46031,43.272163
802,-11.040336608886719,-515.6506958007812,61.68438720703125,-5.601538049020988,1.0874902858534279,-95.78233851974599,-5.067451,15.992438,19.280437,73.24219,9.6128645,-4.212392,-17.584387,10.501584,-6.172082,20.450047,-5.68808,-7.1428347,-7.376585,-6.532803,27.986113,-36.71637,65.83526,9.008873,-26.011854,43.49357,42.53334
803,-11.131806373596191,-516.2686157226562,61.788612365722656,-5.767951968671699,0.990538162080117,-95.78391953881886,-6.0639887,16.987434,19.480345,74.79062,11.007369,-4.437036,-16.749887,10.748425,-6.0857267,19.962864,-5.9005256,-7.20331,-6.7888145,-5.568875,27.901482,-38.11945,65.46286,8.569657,-26.05831,43.495567,41.874165
804,-11.209407806396484,-516.8782958984375,61.89437484741211,-5.882478772251328,0.8758125464444854,-95.83179179617765,-7.0530305,17.642607,19.338673,76.052124,11.700522,-4.5933895,-15.907991,10.946084,-5.937342,19.481077,-6.1019707,-7.244571,-6.139078,-4.6549683,27.825783,-39.40713,65.08367,8.055825,-26.10777,43.439728,41.344673
805,-11.276576042175293,-517.48876953125,62.00288391113281,-5.932947106965208,0.7308624770235392,-95.9326099658409,-8.047918,17.819653,18.712711,76.982574,11.484801,-4.6276045,-15.052772,11.072981,-5.7200427,19.021803,-6.2988224,-7.25625,-5.4206104,-3.777953,27.758942,-40.601738,64.6718,7.440947,-26.16241,43.336006,40.980663
806,-11.331530570983887,-518.0850219726562,62.1131477355957,-5.922726599469741,0.5740945660567209,-96.06687863747626,-9.04705,17.618809,17.754738,77.615875,10.539045,-4.587157,-14.200502,11.131254,-5.4578094,18.585512,-6.500785,-7.227786,-5.0048614,-2.578084,27.750343,-41.066822,64.07174,6.601463,-26.192434,43.50972,40.7681
807,-11.383866310119629,-518.685791015625,62.22151565551758,-5.887961334807971,0.3809425110781527,-96.24461054843664,-9.974171,17.271057,16.757002,78.022736,9.208732,-4.522086,-13.308409,11.168796,-5.1383867,18.119642,-6.6729717,-7.1820784,-3.8474693,-2.1014934,27.658672,-42.70593,63.730682,5.9941096,-26.283308,43.056694,40.600044
808,-11.430686950683594,-519.2890625,62.329811096191406,-5.846907261071615,0.2367880690847462,-96.4019639178637,-10.883979,16.979715,15.924784,78.25928,7.84606,-4.484042,-12.457465,11.189539,-4.828491,17.645584,-6.846392,-7.1359286,-3.3381987,-1.1093527,27.643196,-42.983032,63.241478,5.1579566,-26.30863,43.09756,40.475964
809,-11.469998359680176,-519.8866577148438,62.43805694580078,-5.7792368159235545,0.09659940970468428,-96.59728242273766,-11.703617,16.747515,15.342831,78.29576,6.4474125,-4.5374775,-11.604168,11.183396,-4.4554057,17.148222,-7.0023165,-7.0747814,-2.223428,-0.6032096,27.537025,-43.92515,62.9347,4.5993056,-26.393576,42.469185,40.34568
810,-11.514676094055176,-520.4845581054688,62.54240417480469,-5.6982786404768895,-0.01766313037870425,-96.7928754123016,-12.495075,16.497044,14.825995,78.12399,4.8526206,-4.638638,-10.765975,11.150507,-4.0653186,16.626873,-7.143978,-6.98882,-1.3797748,0.09239966,27.461689,-44.185417,62.58168,3.9228787,-26.4463,42.043007,40.27769
811,-11.557832717895508,-521.079345703125,62.6427001953125,-5.612782001950656,-0.11907418872362682,-96.99310544832723,-13.250902,16.303349,14.455912,77.792145,3.2038636,-4.660979,-9.938288,11.104841,-3.667495,16.095806,-7.2754674,-6.9067,-0.6342314,0.86855334,27.415756,-44.108475,62.194675,3.1610923,-26.475111,41.71978,40.27049
812,-11.599438667297363,-521.6717529296875,62.73738098144531,-5.544766883675233,-0.20553002000498566,-97.18653292005988,-13.986237,16.239813,14.285827,77.35086,1.6380287,-4.4907975,-9.127289,11.0701065,-3.2888603,15.564018,-7.400454,-6.8598776,0.13680856,1.588793,27.359528,-43.93098,61.851982,2.4651961,-26.509237,41.30845,40.206722
813,-11.643986701965332,-522.2601928710938,62.82334899902344,-5.497552362364104,-0.2765071623307913,-97.3698958346897,-14.703604,16.336525,14.355066,76.8123,0.14972684,-4.093218,-8.323976,11.056063,-2.9297903,15.010963,-7.5110083,-6.872358,0.9165663,2.266728,27.2863,-43.58814,61.564037,1.8385037,-26.55172,40.803818,40.077637
814,-11.684344291687012,-522.850830078125,62.905738830566406,-5.465699717445919,-0.3329822355773773,-97.5484157421356,-15.400006,16.538284,14.612516,76.149956,-1.3229479,-3.5552204,-7.531954,11.051211,-2.5791974,14.446128,-7.609743,-6.920346,1.6932012,2.9204423,27.201145,-43.051037,61.31543,1.2529182,-26.598232,40.24077,39.913258
815,-11.730116844177246,-523.4390258789062,62.976898193359375,-5.440511355631466,-0.37675051805269116,-97.72185437065444,-16.076063,16.78101,14.978788,75.351074,-2.7234766,-2.9452057,-6.765823,11.042319,-2.2454832,13.908657,-7.717589,-6.9681125,2.4459567,3.5734646,27.11988,-42.392357,61.068935,0.67055625,-26.639763,39.679695,39.72975
816,-11.77151107788086,-524.021484375,63.04100036621094,-5.40900226794876,-0.4094135279080915,-97.89034684146279,-16.732632,17.004707,15.381589,74.404945,-3.9942222,-2.3221593,-6.040882,11.014851,-1.9370323,13.437755,-7.8543763,-6.9837103,3.1722376,4.242342,27.0424,-41.696457,60.787937,0.061084893,-26.681747,39.151833,39.546085
817,-11.807805061340332,-524.6044921875,63.095848083496094,-5.36943918981311,-0.42969909319422595,-98.05280428067884,-17.37051,17.213963,15.848202,73.31456,-5.124125,-1.65475,-5.351487,10.967439,-1.6607192,13.019927,-8.010926,-6.9680576,3.8768373,4.942992,26.959074,-40.912037,60.457073,-0.5512597,-26.732716,38.62048,39.339172
818,-11.847562789916992,-525.18212890625,63.14861297607422,-5.327696426002507,-0.4381121197062321,-98.20891121370846,-17.988707,17.425362,16.404896,72.08708,-6.1483445,-0.9363191,-4.6916823,10.909587,-1.410669,12.6418295,-8.181681,-6.9405575,4.562717,5.6599655,26.869982,-40.030468,60.09788,-1.1597403,-26.791744,38.08491,39.10665
819,-11.890196800231934,-525.7559814453125,63.18291473388672,-5.287052162246849,-0.43786750969713056,-98.36182152201481,-18.581863,17.604242,16.985363,70.7096,-7.075042,-0.25046137,-4.0675344,10.844547,-1.173687,12.322534,-8.379459,-6.8976493,5.2109027,6.3702893,26.778934,-39.128834,59.744045,-1.7807946,-26.858889,37.586643,38.863136
820,-11.916717529296875,-526.325927734375,63.211910247802734,-5.249541899475694,-0.4312050133920614,-98.51472752509551,-19.146555,17.719145,17.525358,69.16853,-7.90765,0.32689,-3.4881413,10.7715435,-0.937005,12.085668,-8.620248,-6.833249,5.826481,7.040541,26.691011,-38.317398,59.4226,-2.4433157,-26.932302,37.155827,38.647854
821,-11.949014663696289,-526.8984375,63.23282241821289,-5.213174050966843,-0.4136128208043928,-98.67252769818093,-19.692059,17.776266,18.025839,67.466545,-8.6466055,0.81116664,-2.9615505,10.6878805,-0.6898777,11.933551,-8.899585,-6.737217,6.4105864,7.6787286,26.615917,-37.62469,59.118782,-3.1220198,-27.00042,36.78917,38.42423
822,-11.973372459411621,-527.46142578125,63.24374008178711,-5.1750224979906365,-0.3854760066953228,-98.83275742303289,-20.216162,17.785559,18.523218,65.61,-9.289656,1.2348554,-2.478715,10.592792,-0.44121724,11.850827,-9.210109,-6.615585,6.970124,8.290011,26.53998,-36.966488,58.83174,-3.8213677,-27.078032,36.452217,38.209145
823,-11.99577808380127,-528.01904296875,63.24462127685547,-5.144471070419102,-0.35618286218994893,-98.98561119860777,-20.70235,17.742128,19.00032,63.59097,-9.834366,1.5540601,-2.016162,10.500835,-0.20810013,11.811489,-9.548629,-6.4854655,7.4913034,8.839295,26.465746,-36.385887,58.605423,-4.5358458,-27.162607,36.162117,38.00472
824,-12.020915031433105,-528.5769653320312,63.23395919799805,-5.127689945783851,-0.32781575848362116,-99.12639477610324,-21.137592,17.64646,19.443731,61.40005,-10.279535,1.7263236,-1.5581853,10.427048,-0.0030015132,11.792451,-9.913562,-6.363532,7.9774504,9.322157,26.407507,-35.93983,58.43824,-5.252448,-27.23459,35.926144,37.806282
825,-12.045564651489258,-529.1309814453125,63.21331787109375,-5.126356192861799,-0.30738502924481553,-99.25440237680226,-21.513466,17.504957,19.85628,59.023136,-10.638126,1.7500428,-1.1016045,10.368178,0.16551037,11.797354,-10.315347,-6.246633,8.4054575,9.737228,26.351044,-35.55618,58.362377,-5.9587293,-27.314348,35.71951,37.59753
826,-12.07553768157959,-529.6946411132812,63.188011169433594,-5.140577830920218,-0.2897533063399181,-99.37863283630665,-21.840797,17.331034,20.247753,56.476143,-10.909938,1.6495308,-0.65365386,10.325373,0.31251612,11.828222,-10.743142,-6.127496,8.795836,10.06723,26.312443,-35.304672,58.35981,-6.659456,-27.376417,35.573368,37.38245
827,-12.110063552856445,-530.2576293945312,63.15343475341797,-5.161973129116557,-0.26273066905661274,-99.49017799190372,-22.128382,17.099134,20.61304,53.765343,-11.056052,1.432159,-0.22558177,10.288239,0.44031528,11.893029,-11.195334,-6.015762,9.146957,10.384396,26.27421,-35.082638,58.377926,-7.37769,-27.4466,35.441303,37.191284
828,-12.148298263549805,-530.8233642578125,63.11134719848633,-5.196037408524665,-0.2239707840776271,-99.56967208406026,-22.387411,16.805412,20.92529,50.91058,-11.044927,1.1074357,0.19445194,10.268349,0.5442482,11.969087,-11.650948,-5.92249,9.434185,10.676344,26.237604,-34.89764,58.426857,-8.080059,-27.522589,35.32918,37.006294
829,-12.188708305358887,-531.397705078125,63.060420989990234,-5.252062605266511,-0.17607110208664536,-99.61331212643576,-22.61573,16.468021,21.163942,47.88723,-10.87229,0.7188251,0.6086513,10.272549,0.6220749,12.057304,-12.1047325,-5.8540783,9.652607,10.933105,26.204132,-34.75859,58.52099,-8.774561,-27.603043,35.244717,36.833317
830,-12.233428955078125,-531.9688110351562,63.00210189819336,-5.321687528554778,-0.12040097021143428,-99.62629074913724,-22.813585,16.093351,21.33702,44.70744,-10.562006,0.25890705,1.01632,10.294315,0.67286944,12.157373,-12.561338,-5.803195,9.805752,11.151504,26.174717,-34.672367,58.660774,-9.465992,-27.687075,35.192345,36.672512
831,-12.274635314941406,-532.5403442382812,62.93984603881836,-5.3934744578653415,-0.05156308225705128,-99.60701316968706,-22.985159,15.656277,21.470304,41.41853,-10.126135,-0.3349467,1.4166018,10.318853,0.6971285,12.26112,-13.026221,-5.7602043,9.9025345,11.349272,26.148216,-34.62929,58.81216,-10.148971,-27.772617,35.159096,36.53133
832,-12.317907333374023,-533.1162719726562,62.867671966552734,-5.45459005400291,0.03586474630684281,-99.55382291302796,-23.135538,15.13604,21.588802,38.062054,-9.574442,-1.123191,1.8110731,10.333479,0.6952874,12.35112,-13.498108,-5.7157116,9.949549,11.548576,26.122498,-34.611977,58.939907,-10.809834,-27.857185,35.12368,36.411415
833,-12.3641357421875,-533.6939086914062,62.79328918457031,-5.50879926238539,0.14700035327995706,-99.45607488957421,-23.284946,14.540939,21.658941,34.602913,-8.875436,-2.0277174,2.2067184,10.343349,0.6608637,12.400575,-13.966164,-5.678909,9.932333,11.756442,26.096455,-34.61319,59.04322,-11.436577,-27.938864,35.07084,36.301388
834,-12.411412239074707,-534.2759399414062,62.717830657958984,-5.554804023378374,0.2776608907376249,-99.31450381459436,-23.4249,13.89645,21.66954,31.030958,-8.047578,-3.0285685,2.5978415,10.3507,0.59137356,12.432126,-14.437803,-5.650515,9.85142,11.966536,26.070412,-34.637432,59.133068,-12.030936,-28.016857,35.00166,36.20327
835,-12.453499794006348,-534.8643188476562,62.63923645019531,-5.580295979010753,0.4189286406341529,-99.14842111964248,-23.505457,13.196161,21.688742,27.392405,-7.158316,-4.2769356,2.9460843,10.333818,0.4938275,12.557987,-14.973512,-5.608064,9.739866,12.186499,26.043737,-34.684013,59.187675,-12.600511,-28.092175,34.92232,36.13945
836,-12.490242958068848,-535.4542236328125,62.55788803100586,-5.584919959414295,0.5631864024880433,-98.98225419356017,-23.454323,12.427713,21.788994,23.655172,-6.2255483,-5.9319696,3.303609,10.287409,0.39742738,12.667251,-15.499542,-5.5300612,9.626954,12.413459,26.01629,-34.745598,59.2015,-13.141395,-28.16474,34.838524,36.11019
837,-12.523192405700684,-536.0484008789062,62.476219177246094,-5.523046229249378,0.7199803076001104,-98.77999323853363,-23.1313,11.43504,22.02506,19.36066,-4.9861603,-8.172692,3.6601706,10.16628,0.2590901,12.773148,-16.038994,-5.4039426,9.507685,12.683804,25.976084,-34.850758,59.118454,-13.6812,-28.26594,34.735096,36.1606
838,-12.551005363464355,-536.6553955078125,62.38290023803711,-5.493931384988561,0.8859231872378488,-98.62436485401666,-22.547735,10.357874,22.37871,14.486237,-3.43119,-10.871494,4.0234184,10.069182,0.17097357,12.852144,-16.564278,-5.2471423,9.400811,12.913825,25.938692,-34.949715,59.060043,-14.146519,-28.357424,34.624462,36.162914
839,-12.567056655883789,-537.2691650390625,62.27569580078125,-5.5444722628594265,1.0820909307860234,-98.55391564157807,-21.66787,9.249411,22.801294,8.995853,-1.5726323,-13.684874,4.3582635,10.039779,0.17564827,12.942919,-17.083036,-5.075382,9.352019,13.0368595,25.899586,-35.055054,59.071613,-14.51161,-28.461237,34.46017,36.04797
840,-12.534480094909668,-537.8983764648438,62.111358642578125,-5.867301576722067,1.3120417482266329,-98.51021522601499,-21.4401,8.4685955,23.045877,5.2521334,-0.8286384,-14.323944,4.612601,10.239358,0.22523823,13.162552,-17.65217,-4.865779,9.2179365,12.899502,25.883495,-35.07541,59.369728,-14.6515665,-28.52037,34.23073,35.594067
841,-12.488839149475098,-538.542236328125,61.91493225097656,-6.345671075880147,1.540231011538636,-98.52185087832335,-20.337376,7.3838925,23.227406,-0.5485524,0.9047495,-14.323944,4.8422694,10.576801,0.3463821,13.460692,-18.25178,-4.647517,9.073196,12.643437,25.882559,-35.05844,59.801395,-14.667794,-28.548447,33.988094,34.98433
842,-12.435730934143066,-539.1819458007812,61.719173431396484,-6.820581452065261,1.780733897561209,-98.5386895535591,-20.22625,6.770812,23.099596,-3.4862685,0.790991,-14.323944,5.05598,10.89782,0.4770831,13.7731905,-18.84944,-4.4143867,8.904562,12.346719,25.887468,-35.02245,60.226276,-14.56904,-28.568293,33.675236,34.316673
843,-12.38969612121582,-539.8052978515625,61.541927337646484,-7.123796758332159,1.9917103609173192,-98.50464106423247,-20.808275,6.455034,22.821331,-4.009795,-0.612118,-14.323944,5.2299423,11.056072,0.5457107,14.248901,-19.50567,-4.1774178,8.757417,12.172768,25.892973,-35.023468,60.47133,-14.550295,-28.589834,33.387363,33.896393
844,-12.37817096710205,-540.4368286132812,61.37098693847656,-7.313464853267364,2.1138759087630326,-98.50092686190142,-20.998478,6.14388,22.769777,-4.6775227,-1.4575136,-14.323944,5.4598904,11.117875,0.6582642,14.764426,-20.09648,-3.9616132,8.637108,12.133475,25.895082,-35.026646,60.62024,-14.580228,-28.600288,33.235706,33.699272
845,-12.403763771057129,-541.0584106445312,61.218631744384766,-7.400621798709484,2.2472237403962216,-98.50154070737904,-21.16737,5.982508,22.9947,-4.572229,-2.2098525,-14.323944,5.666812,11.10108,0.79335386,15.280227,-20.625074,-3.7690403,8.539365,12.089149,25.89572,-35.03017,60.70294,-14.648214,-28.611029,33.080334,33.62726
846,-12.445011138916016,-541.6770629882812,61.08361053466797,-7.390665926055518,2.4020954497206533,-98.52777416215758,-21.140396,5.7974625,23.481201,-4.3478193,-2.6210778,-14.323944,5.7998943,11.003911,0.9553349,15.900558,-21.164322,-3.5928335,8.504773,12.03876,25.893087,-35.05234,60.698666,-14.695067,-28.6341,32.82154,33.645557
847,-12.46723461151123,-542.277587890625,61.029571533203125,-7.182421837968896,2.4604306644879546,-98.49193446410476,-21.550491,5.7681074,23.964815,-2.3315399,-3.6373107,-14.323944,5.998708,10.719917,1.044667,16.574272,-21.637796,-3.4174821,8.497305,12.165501,25.883673,-35.132233,60.52382,-14.855088,-28.664604,32.682636,34.005928
848,-12.510879516601562,-542.8896484375,60.98908615112305,-6.860219609046292,2.483428062945954,-98.44649994220387,-21.95167,5.7234054,24.342052,-0.21929845,-4.2375774,-14.323944,6.190275,10.329719,1.0939058,17.351173,-22.030731,-3.2484784,8.483007,12.35586,25.865936,-35.22924,60.268375,-15.036053,-28.700628,32.613773,34.539524
849,-12.585335731506348,-543.5338745117188,60.95465850830078,-6.372813688060477,2.4592163095266875,-98.38458342942168,-22.420376,5.7218585,24.582684,2.261055,-4.3747883,-14.323944,6.379088,9.78981,1.0874408,18.257814,-22.368164,-3.092372,8.573914,12.528525,25.798601,-35.533367,59.977097,-15.246075,-28.817232,32.55259,35.302277
850,-12.673460006713867,-544.1767578125,60.95392608642578,-5.758656255547628,2.402624200315962,-98.29448132192681,-22.863255,5.7488694,24.66563,4.951305,-4.0545974,-14.323944,6.585737,9.141173,1.0293483,19.203915,-22.615593,-2.9505277,8.547038,12.830714,25.723011,-35.708313,59.57409,-15.508777,-28.912107,32.63526,36.226204
851,-12.752333641052246,-544.81640625,60.985477447509766,-5.143016927421104,2.3493048381632065,-98.2430543561433,-23.31523,5.8337727,24.534744,7.6971207,-3.628662,-14.323944,6.737902,8.485664,0.98678577,20.267996,-22.782007,-2.8106725,8.5114765,13.143546,25.660532,-35.801517,59.14053,-15.846612,-28.94727,32.820625,37.27784
852,-12.738962173461914,-545.4553833007812,61.00965118408203,-4.603665437369601,2.319077010313951,-98.03267632272753,-24.085997,5.5933514,24.09155,10.783218,-3.7243812,-11.64825,6.777818,7.8591466,0.7650741,21.561697,-22.928495,-2.596874,8.287645,13.379634,25.604483,-35.812138,58.776745,-16.034609,-28.950083,32.955357,38.228676
853,-12.723633766174316,-546.1038818359375,61.01930618286133,-4.136647290793772,2.3479428341440376,-97.9509199383582,-24.74598,5.3397493,23.612665,13.370213,-3.8612666,-9.190753,6.7083316,7.27376,0.63340724,22.978567,-23.001043,-2.37786,8.154822,13.52133,25.55301,-35.72983,58.442154,-16.12628,-28.944225,33.036163,39.085888
854,-12.710481643676758,-546.7706909179688,61.023956298828125,-3.6619009237417606,2.40741458674591,-97.9402441657468,-25.273663,5.0223813,23.091438,15.55708,-3.9048424,-6.8811097,6.5603037,6.662412,0.53463143,24.51468,-23.004969,-2.15422,8.076197,13.64171,25.499437,-35.58606,58.07459,-16.182566,-28.937748,33.112324,39.96298
855,-12.703869819641113,-547.4595336914062,61.022735595703125,-3.183532200990906,2.47143596828729,-97.9870394194043,-25.662,4.6594534,22.647589,17.431812,-3.973564,-4.776,6.3296185,6.0345263,0.49046656,26.215153,-22.86925,-1.9083183,8.03124,13.772019,25.443768,-35.394806,57.675056,-16.170685,-28.92747,33.199757,40.84931
856,-12.689702033996582,-548.141357421875,61.029029846191406,-2.72670819653807,2.5185567226729493,-98.08890450573318,-25.922943,4.3023014,22.387768,19.115171,-4.2051716,-2.9369707,6.0083995,5.41417,0.5362953,28.114489,-22.517284,-1.6246839,8.020847,13.920712,25.389565,-35.182884,57.257412,-16.080652,-28.906712,33.319912,41.742718
857,-12.652824401855469,-548.8278198242188,61.04538345336914,-2.2816138948515996,2.5479569695820095,-98.26577578996195,-26.062878,3.9830213,22.338064,20.685017,-4.725431,-1.4406465,5.5926204,4.788997,0.71111387,30.25403,-21.980585,-1.3232137,8.0667095,14.114486,25.334024,-34.925125,56.794315,-15.933637,-28.876686,33.483646,42.671955
858,-12.620504379272461,-549.533935546875,61.05964660644531,-1.8282176446822755,2.566692567613001,-98.50132361270528,-26.085999,3.688907,22.401693,22.137672,-5.4795365,-0.23881736,5.088889,4.142873,0.9739321,32.604404,-21.286955,-1.0050031,8.151772,14.35638,25.274649,-34.620632,56.27614,-15.7273855,-28.839266,33.67692,43.642673
859,-12.590643882751465,-550.2530517578125,61.07501220703125,-1.377688389284826,2.5688560348930496,-98.74446653779508,-25.99829,3.3998065,22.504826,23.436428,-6.313894,0.78608304,4.504152,3.4984522,1.2496809,35.094376,-20.344229,-0.62700856,8.234376,14.601844,25.2178,-34.34391,55.75006,-15.463066,-28.790127,33.914024,44.648563
860,-12.555635452270508,-550.9546508789062,61.10093688964844,-0.943178068323125,2.5486156143085914,-98.94643495244854,-25.812527,3.0789979,22.584948,24.527061,-7.060348,1.7506508,3.8481638,2.8796422,1.4692928,37.65188,-19.063082,-0.14490455,8.274955,14.800601,25.170797,-34.167675,55.26552,-15.144484,-28.723577,34.210808,45.68134
861,-12.523104667663574,-551.626953125,61.13618087768555,-0.5242820318444804,2.490751946735156,-99.07460384149672,-25.533907,2.6890683,22.612381,25.397102,-7.6642737,2.6666887,3.1423583,2.29327,1.5960164,40.28335,-17.333181,0.53050065,8.25386,14.955613,25.135553,-34.101124,54.827583,-14.7362385,-28.63291,34.531155,46.760525
862,-12.504522323608398,-552.3172607421875,61.18138885498047,-0.11576308571994438,2.401786303325217,-99.16147916335682,-25.172163,2.2530107,22.62301,26.094782,-8.21227,3.467285,2.376572,1.7317532,1.6869723,43.024975,-15.234625,1.3507812,8.193013,15.084575,25.108831,-34.106205,54.411892,-14.248862,-28.523964,34.878498,47.88206
863,-12.486801147460938,-553.009765625,61.229312896728516,0.2742093437630751,2.307498862460989,-99.25612890553444,-24.742708,1.8107178,22.661346,26.640118,-8.738605,4.1525884,1.5229708,1.1986911,1.8111701,45.83566,-12.953032,2.1627614,8.1063595,15.165761,25.089497,-34.170372,54.02328,-13.732999,-28.41119,35.32177,48.984364
864,-12.460725784301758,-553.694091796875,61.284488677978516,0.6391612555129979,2.2351679258194435,-99.40790520349829,-24.261284,1.4000944,22.772558,27.04804,-9.277414,4.7231383,0.5535432,0.69625604,2.0251293,48.673027,-10.67023,2.8218307,8.010086,15.1770735,25.076689,-34.285473,53.666527,-13.239768,-28.307533,35.934,50.00909
865,-12.423026084899902,-554.3867797851562,61.34699630737305,0.9784559015766265,2.1908500589886595,-99.62520245663353,-23.724289,1.0094748,22.97671,27.288433,-9.8272505,5.1587124,-0.5713577,0.23909163,2.386199,51.62468,-8.384838,3.2685049,7.9073935,15.114918,25.072073,-34.490837,53.345833,-12.784642,-28.214008,36.744465,50.976616
866,-12.379314422607422,-555.0574951171875,61.417354583740234,1.2980766279745009,2.161026658692408,-99.88330913550932,-23.132391,0.61626554,23.250124,27.365248,-10.365973,5.4611526,-1.8189226,-0.16426462,2.846764,54.673954,-6.0070615,3.62055,7.7869105,14.989949,25.075596,-34.774376,53.05994,-12.333994,-28.12549,37.713238,51.906017
867,-12.324341773986816,-555.693359375,61.4950065612793,1.5926214290576193,2.145226089798544,-100.18364757495894,-22.507479,0.24066229,23.574348,27.33573,-10.891917,5.6661863,-3.120203,-0.53355163,3.3024151,57.633278,-3.5932064,3.9797008,7.6511927,14.799584,25.083862,-35.05672,52.80593,-11.879139,-28.04472,38.818947,52.746975
868,-12.2649564743042,-556.3165283203125,61.57387924194336,1.8614695516400408,2.142306917442616,-100.52514150178608,-21.877048,-0.09720469,23.930567,27.26473,-11.406667,5.8126764,-4.4203405,-0.90716904,3.65018,60.340237,-1.210554,4.415818,7.5007043,14.545545,25.093073,-35.257233,52.576553,-11.415402,-27.975096,40.041702,53.452694
869,-12.208290100097656,-556.93701171875,61.65550994873047,2.101956519479324,2.1671368835294436,-100.95283881554687,-21.254416,-0.38348466,24.363083,27.1618,-11.925811,5.891975,-5.7606187,-1.2957767,3.9430287,62.79287,1.4230157,4.997865,7.378532,14.213951,25.10262,-35.37519,52.37111,-10.93965,-27.915373,41.405422,54.005657
870,-12.153263092041016,-557.5548095703125,61.73983383178711,2.313888213638457,2.2153531839137535,-101.45305429361842,-20.623535,-0.6402591,24.870377,26.986761,-12.43709,5.8926563,-7.1589427,-1.6853036,4.2219853,65.08011,4.2411466,5.6522408,7.2738447,13.806038,25.114788,-35.449787,52.196785,-10.464166,-27.864212,42.9143,54.442467
871,-12.106345176696777,-558.173828125,61.82461929321289,2.5026639362799052,2.2573470188550204,-101.9386791269619,-19.967957,-0.89742094,25.366728,26.73699,-12.908095,5.8500447,-8.52882,-2.1102016,4.345389,67.17379,6.648137,6.1922746,7.11575,13.347838,25.130217,-35.465176,52.053837,-10.007751,-27.823944,44.516964,54.79436
872,-12.055570602416992,-558.7548217773438,61.90904235839844,2.6740925322658162,2.2624048472223666,-102.32297282308485,-19.273935,-1.1861551,25.765121,26.417873,-13.3115015,5.8001995,-9.781378,-2.6318648,4.145059,69.04073,8.046707,6.4061093,6.8322263,12.866083,25.1495,-35.40699,51.939507,-9.580649,-27.796638,46.1577,55.08276
873,-12.016716957092285,-559.3469848632812,61.998538970947266,2.8426746564928806,2.2186126647503777,-102.59811073790146,-18.522743,-1.5225283,26.067368,26.006603,-13.633173,5.7402496,-10.882977,-3.3461983,3.4921222,70.67419,8.077647,6.182805,6.4123693,12.370551,25.173431,-35.283844,51.842987,-9.202075,-27.787098,47.911716,55.30088
874,-11.9778470993042,-559.935546875,62.08854293823242,3.0003509006461817,2.1420372194376456,-102.80492705881898,-17.730038,-1.8921437,26.31246,25.512457,-13.894333,5.662113,-11.875407,-4.222205,2.4992034,72.09187,7.1208286,5.638067,5.90564,11.840971,25.20289,-35.116398,51.767143,-8.855039,-27.79218,49.762085,55.439205
875,-11.943663597106934,-560.524169921875,62.18331527709961,3.130906311363966,2.042551665163164,-102.92880497605469,-16.92436,-2.2702804,26.467596,24.980001,-14.115397,5.5892534,-12.784835,-5.123448,1.3604714,73.29096,5.6953945,4.911312,5.3311067,11.258713,25.238634,-34.91083,51.732502,-8.489686,-27.803469,51.511276,55.509277
876,-11.914851188659668,-561.1038818359375,62.279666900634766,3.2143413227980946,1.9293752215734477,-102.95645947188223,-16.128824,-2.627695,26.500648,24.451519,-14.313449,5.5392804,-13.64189,-5.915291,0.2551485,74.26543,4.327141,4.1261296,4.6995044,10.609484,25.281078,-34.66565,51.758568,-8.061146,-27.81393,52.976788,55.522648
877,-11.895572662353516,-561.6828002929688,62.37775802612305,3.2366486297236494,1.7981588646355167,-102.86135753257275,-15.347115,-2.947856,26.376026,23.94039,-14.48369,5.5133176,-14.451623,-6.564639,-0.82759994,75.00201,2.996417,3.2109292,3.9764752,9.875828,25.331415,-34.36296,51.871243,-7.5736337,-27.825586,54.174988,55.457172
878,-11.88570499420166,-562.2640991210938,62.47622299194336,3.206042488235762,1.63955880221858,-102.69224853003594,-14.556486,-3.2284448,26.150278,23.43387,-14.627413,5.4935603,-15.202048,-7.106764,-1.9130498,75.51053,1.481293,2.1645918,3.5775354,8.921561,25.366802,-34.410305,52.07881,-6.7900643,-27.832373,54.596165,55.33251
879,-11.868377685546875,-562.832763671875,62.57149124145508,3.1530748773243493,1.4779927692299952,-102.40314960882873,-13.772103,-3.5101035,25.792727,22.900764,-14.732115,5.481009,-15.891003,-7.5773425,-3.0177495,75.7987,0.0020006816,1.1795038,2.3443115,8.212489,25.45477,-33.67163,52.269146,-6.4747148,-27.856688,55.955353,55.142067
880,-11.862177848815918,-563.40625,62.66353225708008,3.103418727620846,1.3076581211862415,-102.17974099715096,-12.9611,-3.7727823,25.493814,22.34922,-14.8355,5.4566927,-16.552969,-7.9643683,-3.9503152,75.9072,-1.2030648,0.42004168,1.8015168,7.2540617,25.487373,-33.60459,52.489197,-5.7503138,-27.855082,56.148792,55.039734
881,-11.856207847595215,-563.97998046875,62.75543975830078,3.0464578539226608,1.1233755222875794,-101.91216898110328,-12.130157,-4.034025,25.141397,21.768648,-14.922286,5.4312634,-17.151487,-8.31075,-4.8617077,75.81166,-2.0464547,-0.07096656,1.0739499,6.290891,25.527914,-33.412617,52.751125,-5.0676255,-27.85016,56.294617,54.950394
882,-11.858070373535156,-564.5381469726562,62.843013763427734,2.9749212855175085,0.931010982534056,-101.61054722233109,-11.288438,-4.2810597,24.742516,21.169973,-14.992927,5.40081,-17.704842,-8.6014805,-5.7471304,75.51104,-2.6555526,-0.3949611,0.22746658,5.356749,25.573189,-33.091824,53.012543,-4.408363,-27.83877,56.318672,54.867542
883,-11.859885215759277,-565.1163330078125,62.92704391479492,2.8989087482355513,0.7480969711007281,-101.29870032717379,-10.453672,-4.5082154,24.332712,20.567413,-15.053403,5.359685,-18.236685,-8.805099,-6.536051,75.017136,-3.1220503,-0.6057761,-0.67810565,4.4601784,25.62303,-32.67436,53.242535,-3.7631023,-27.820694,56.219173,54.78771
884,-11.869988441467285,-565.6898193359375,63.00608444213867,2.8241321117876224,0.5922337062432881,-101.00471967786909,-9.645697,-4.7115583,23.952555,19.978899,-15.113013,5.3050685,-18.774479,-8.89047,-7.1509194,74.34283,-3.5390518,-0.7569527,-1.5846896,3.6042438,25.677809,-32.198505,53.41351,-3.1384053,-27.797281,56.0219,54.71019
885,-11.883136749267578,-566.2534790039062,63.08000564575195,2.752811358424979,0.47043725978488865,-100.73731700723262,-8.86635,-4.8973327,23.615469,19.39598,-15.168035,5.2459893,-19.334297,-8.84396,-7.5653296,73.48973,-3.890576,-0.8566522,-2.490495,2.7849786,25.736746,-31.667446,53.52542,-2.5399864,-27.768167,55.704002,54.633022
886,-11.902302742004395,-566.810302734375,63.15251159667969,2.683861901275445,0.37236724302485813,-100.48483242163414,-8.106331,-5.06876,23.304064,18.812857,-15.216812,5.184872,-19.90333,-8.689022,-7.822114,72.45353,-4.140658,-0.8865015,-3.4034612,1.9912499,25.799799,-31.084347,53.594944,-1.9567838,-27.732737,55.245834,54.56105
887,-11.924776077270508,-567.3662109375,63.21674728393555,2.6179624115817752,0.28955384210155327,-100.24937873584194,-7.3574247,-5.2302613,23.014854,18.231081,-15.265037,5.111364,-20.463522,-8.450405,-7.9413,71.23572,-4.3538427,-0.8590572,-4.281633,1.2170336,25.869204,-30.49232,53.616554,-1.3803781,-27.69291,54.697605,54.503582
888,-11.944830894470215,-567.9273071289062,63.28055191040039,2.557256289982139,0.2129396815495033,-100.03317458126804,-6.61525,-5.38116,22.74566,17.659481,-15.3230915,5.015245,-20.999693,-8.152469,-7.9419274,69.842224,-4.5924907,-0.7865713,-5.087501,0.44936302,25.948498,-29.945425,53.58999,-0.8185412,-27.651798,54.137024,54.47614
889,-11.971896171569824,-568.4893798828125,63.333248138427734,2.4956107914403516,0.1397301574411004,-99.8423233634628,-5.8755546,-5.515547,22.501118,17.095858,-15.3909445,4.8931894,-21.513914,-7.768111,-7.779124,68.263016,-4.88354,-0.6735031,-5.81807,-0.32652187,26.038979,-29.467405,53.523464,-0.29050076,-27.61171,53.6018,54.479618
890,-12.002238273620605,-569.0479736328125,63.37431716918945,2.434982604925273,0.07282970267663669,-99.67376208128957,-5.1412206,-5.634799,22.281513,16.540451,-15.467642,4.754344,-22.008327,-7.3034472,-7.461521,66.50077,-5.1923423,-0.52455235,-6.493995,-1.1151173,26.140583,-29.04717,53.427097,0.19729394,-27.572374,53.076084,54.512672
891,-12.031021118164062,-569.5919189453125,63.39446258544922,2.407638457778942,0.008689668329071006,-99.56541462147668,-4.442914,-5.7603784,22.130257,16.082935,-15.612683,4.6016946,-22.495064,-6.830117,-7.032032,64.62483,-5.5107822,-0.34993428,-7.032796,-1.835895,26.209154,-28.808428,53.239178,0.5004894,-27.546682,52.743786,54.67451
892,-12.049277305603027,-570.15478515625,63.431846618652344,2.3591447511909416,-0.04630489236362226,-99.37436132985421,-3.6759381,-5.9047503,21.887955,15.418071,-15.633105,4.4497786,-22.86142,-6.4021683,-6.7431917,62.488865,-5.7339063,-0.1399266,-7.6986156,-2.7636578,26.338785,-28.411692,53.21713,1.0643079,-27.502272,52.1222,54.708267
893,-12.077336311340332,-570.6985473632812,63.435874938964844,2.371240470927936,-0.0957828253483494,-99.26416165244338,-2.998933,-6.0644937,21.740337,14.978687,-15.797012,4.2859344,-23.23758,-6.0365505,-6.4065895,60.30011,-5.9644775,0.11364075,-8.168661,-3.463814,26.42749,-28.213154,52.96322,1.3644859,-27.473568,51.7698,54.93033
894,-12.098295211791992,-571.2542114257812,63.45456314086914,2.36562264498122,-0.1362769963285868,-99.07657557838093,-2.2329373,-6.2496486,21.503963,14.274187,-15.803149,4.123178,-23.496971,-5.695649,-6.1673355,57.82686,-6.11055,0.41808343,-8.717969,-4.342342,26.579103,-27.922297,52.808884,1.8979801,-27.42836,51.126335,55.050194
895,-12.123641967773438,-571.81689453125,63.44993591308594,2.394693569735424,-0.1642873151235641,-98.93881506272211,-1.5228689,-6.4410734,21.32869,13.700693,-15.895394,3.9441671,-23.741014,-5.383029,-5.8978305,55.254692,-6.229167,0.73093975,-9.11439,-5.0766444,26.733982,-27.734228,52.49445,2.3132684,-27.38697,50.56307,55.273396
896,-12.144744873046875,-572.3751831054688,63.43715286254883,2.4338799085870484,-0.18227489297295052,-98.79160742697772,-0.8287959,-6.637028,21.152401,13.157199,-16.006845,3.7497084,-23.92534,-5.107125,-5.681425,52.535145,-6.271209,1.0248011,-9.451385,-5.8327847,26.892797,-27.610586,52.177887,2.7274213,-27.347944,50.0301,55.52111
897,-12.156497955322266,-572.9305419921875,63.418434143066406,2.4878167268978664,-0.18726431149121975,-98.65801368385593,-0.13758296,-6.843376,21.00682,12.612057,-16.128834,3.5122447,-24.054356,-4.864336,-5.5021014,49.653416,-6.2449627,1.282726,-9.721505,-6.599623,27.053493,-27.53131,51.8637,3.1025577,-27.310541,49.534695,55.825317
898,-12.168675422668457,-573.4968872070312,63.39189910888672,2.553170242942404,-0.1798201830629336,-98.53135037926387,0.5468851,-7.056456,20.881596,12.069864,-16.261934,3.2418628,-24.127893,-4.648838,-5.3546324,46.605183,-6.158243,1.5300667,-9.93891,-7.3760233,27.215332,-27.486368,51.54457,3.4505057,-27.274162,49.073757,56.17034
899,-12.18409252166748,-574.0570068359375,63.346588134765625,2.629618408651519,-0.1605819585453767,-98.41085605028346,1.2084337,-7.276625,20.75974,11.566442,-16.412445,2.9882536,-24.150984,-4.4452343,-5.2338467,43.4198,-5.980957,1.7912623,-10.106467,-8.158148,27.378273,-27.472296,51.223904,3.7796655,-27.238743,48.64888,56.533367
900,-12.19890022277832,-574.626708984375,63.289920806884766,2.7143358628075034,-0.1304932401592514,-98.29666919420298,1.8278555,-7.494084,20.625162,11.1492815,-16.596031,2.8011105,-24.128904,-4.23899,-5.134659,40.126854,-5.6890388,2.0880241,-10.2269745,-8.948565,27.542994,-27.490383,50.911716,4.0989604,-27.204523,48.26388,56.889004
901,-12.211073875427246,-575.1963500976562,63.22041320800781,2.804521446087621,-0.08630102665270382,-98.18906690839647,2.3843627,-7.7078953,20.468334,10.856085,-16.816599,2.7285008,-24.06609,-4.036684,-5.0486917,36.68885,-5.2314997,2.3616836,-10.297045,-9.760006,27.710737,-27.543417,50.611332,4.403845,-27.171951,47.92388,57.24463
902,-12.223268508911133,-575.7626953125,63.14535903930664,2.8984815401050246,-0.028351934727494817,-98.08892943827371,2.8912935,-7.9170904,20.300934,10.658287,-17.06906,2.731239,-23.962353,-3.8389564,-4.979349,33.107777,-4.641579,2.6209629,-10.319297,-10.594501,27.881838,-27.630249,50.3257,4.6940246,-27.141024,47.629696,57.603065
903,-12.233316421508789,-576.3306884765625,63.057159423828125,2.9963565635887655,0.037248525704398835,-97.99641148700984,3.3803506,-8.121163,20.1383,10.500409,-17.345083,2.7278607,-23.807886,-3.6346388,-4.9366207,29.443968,-4.006132,2.9839299,-10.301927,-11.427838,28.054523,-27.741682,50.05071,4.9785314,-27.111555,47.375557,57.942513
904,-12.240715026855469,-576.907470703125,62.960201263427734,3.098915487274464,0.10233209770990033,-97.90960185093591,3.8452563,-8.305666,19.999681,10.42834,-17.695307,2.6349342,-23.57881,-3.413733,-4.9346957,25.724096,-3.392665,3.5653977,-10.254612,-12.226563,28.22545,-27.862038,49.778477,5.271395,-27.083418,47.151463,58.239006
905,-12.254475593566895,-577.4885864257812,62.85456848144531,3.213688037780957,0.1673561643472045,-97.82476911950545,4.298612,-8.481602,19.888391,10.412582,-18.116863,2.4146173,-23.252132,-3.1881115,-4.973954,21.842768,-2.7978687,4.3555813,-10.182995,-12.9812,28.392542,-27.978903,49.50044,5.573663,-27.05691,46.95191,58.49994
906,-12.264541625976562,-578.0718383789062,62.737186431884766,3.351841317025195,0.23777722024842368,-97.7378407930636,4.762706,-8.675771,19.785618,10.375738,-18.549122,2.1179974,-22.805304,-2.976238,-5.050279,17.70546,-2.1343265,5.2976594,-10.08643,-13.690491,28.554092,-28.085257,49.20211,5.8723316,-27.032784,46.77838,58.74297
907,-12.277985572814941,-578.6697998046875,62.60566711425781,3.521875764101641,0.31523867745217315,-97.63582164198733,5.2268295,-8.894748,19.669725,10.337427,-18.984348,1.7954127,-22.21469,-2.789452,-5.177335,13.339112,-1.3196558,6.4370093,-9.976658,-14.335263,28.708048,-28.173565,48.86383,6.14862,-27.012096,46.63583,58.97183
908,-12.288467407226562,-579.2727661132812,62.45904541015625,3.7512651337844645,0.4056632941561324,-97.4905091993141,5.6630974,-9.162569,19.502111,10.3561945,-19.43764,1.4984803,-21.47143,-2.6628792,-5.3746533,8.798676,-0.2901221,7.8265367,-9.877023,-14.882016,28.85194,-28.227985,48.440296,6.3663135,-26.996416,46.528667,59.210327
909,-12.301137924194336,-579.8862915039062,62.28594207763672,4.117733861532435,0.5214219971928477,-97.26328581548194,6.076532,-9.556358,19.232183,10.395602,-19.884144,1.2358531,-21.445591,-2.7645302,-5.6091995,6.1501546,-0.26567325,9.633557,-9.807086,-15.276006,28.980436,-28.216532,47.833157,6.466819,-26.988785,46.46181,59.524994
910,-12.319127082824707,-580.5044555664062,62.08611297607422,4.615921438356262,0.6585277049358238,-96.95921476667901,6.468921,-10.071841,18.867104,10.458645,-20.332848,0.9835999,-22.252668,-3.1146812,-5.86919,5.6320825,-1.4329895,11.785974,-9.7721615,-15.49639,29.089132,-28.107466,47.039585,6.443581,-26.991182,46.439583,59.927094
911,-12.336008071899414,-581.130126953125,61.87388229370117,5.065732821062261,0.759084801236412,-96.76490927523173,6.8648496,-10.52488,18.614773,10.637159,-20.855593,0.731957,-21.712046,-3.231841,-6.1693306,2.1004374,-0.72053623,13.95451,-9.650124,-15.687136,29.140495,-28.004517,46.39239,6.486458,-26.997137,46.46107,60.229214
912,-12.40340805053711,-581.7422485351562,61.69074249267578,5.413330783196629,0.8837942883578893,-96.51374909065758,7.239267,-10.815316,18.312696,10.777234,-21.309246,0.45529157,-22.47335,-3.236699,-6.563606,2.136285,-2.0738125,14.323944,-9.628356,-15.827603,29.230446,-27.77992,45.742783,6.4881473,-27.010662,46.552643,60.44195
913,-12.48440170288086,-582.3580322265625,61.505775451660156,5.712170192920138,0.9753929928845188,-96.42517763434141,7.5980096,-11.04479,18.179897,11.065904,-21.866636,0.18473133,-22.76863,-3.046121,-6.9241242,1.4611673,-3.0245495,14.323944,-9.451105,-15.977329,29.273415,-27.64608,45.281414,6.595374,-27.018545,46.631573,60.542656
914,-12.559045791625977,-582.9695434570312,61.31873321533203,6.015961119466541,1.0876662638430952,-96.30099427040167,7.9407544,-11.2677355,18.003674,11.342878,-22.40497,-0.06912915,-23.176859,-2.893377,-7.3711762,1.3710037,-4.3447294,14.323944,-9.29051,-16.097614,29.312479,-27.485647,44.811115,6.6736617,-27.028528,46.735233,60.607845
915,-12.625048637390137,-583.5776977539062,61.137210845947266,6.2555757448196,1.1987520799098368,-96.16247128020476,8.222046,-11.410016,17.825079,11.770288,-23.002487,-0.30874673,-23.4074,-2.7477794,-7.8605294,1.2387239,-5.4107757,14.323944,-9.156065,-16.190208,29.348837,-27.306616,44.417343,6.7506366,-27.039715,46.864437,60.609608
916,-12.678437232971191,-584.1838989257812,60.968624114990234,6.362205868008259,1.2836268528928194,-96.02677181128529,8.475549,-11.413318,17.666033,12.315263,-23.619738,-0.53373516,-23.475357,-2.6060855,-8.355242,1.2094573,-6.036162,14.323944,-9.058419,-16.292599,29.385353,-27.128786,44.199516,6.870149,-27.050278,47.021336,60.50855
917,-12.714138984680176,-584.7943115234375,60.817317962646484,6.327476333807644,1.3316666464728435,-95.90785919736778,8.746988,-11.2896595,17.523878,12.887448,-24.232279,-0.72974205,-23.306791,-2.487743,-8.890714,1.3205663,-6.0885577,14.323944,-8.97679,-16.427494,29.424263,-26.972574,44.18382,7.058372,-27.05929,47.21513,60.296635
918,-12.73633098602295,-585.4037475585938,60.687740325927734,6.179252102999907,1.3458253420352835,-95.8060311616626,9.029303,-11.0584345,17.399921,13.492388,-24.843607,-0.89990824,-22.914703,-2.3611615,-9.475602,1.5112301,-5.685819,14.323944,-8.90113,-16.590788,29.466589,-26.846817,44.34481,7.303626,-27.066439,47.446674,59.988823
919,-12.758162498474121,-586.0006103515625,60.60355758666992,5.875437911411577,1.3093511865172796,-95.63359574165916,9.238161,-10.613567,17.252735,14.371098,-25.51531,-1.0732167,-22.246634,-2.136049,-10.128622,1.3567829,-4.7834163,14.323944,-9.068319,-16.831097,29.5542,-26.678429,44.816032,7.56072,-27.075815,47.898247,59.534683
920,-12.776568412780762,-586.6187133789062,60.54732894897461,5.497397726905386,1.2748185655650401,-95.49200956822646,9.473984,-10.093879,17.169416,15.186096,-26.008688,-1.2747418,-21.781504,-1.8529797,-10.627445,1.5608351,-3.9854412,14.323944,-9.220486,-17.067411,29.643955,-26.566734,45.400253,7.7815385,-27.075207,48.27498,59.067165
921,-12.779816627502441,-587.2676391601562,60.491764068603516,4.9691528336558575,1.2377192448674827,-95.35332081619974,9.692531,-9.409609,17.15878,16.067036,-26.407812,-1.5112418,-21.57008,-1.4777137,-11.058369,2.230018,-3.3407536,14.323944,-9.396934,-17.38314,29.740871,-26.533167,46.20704,8.057339,-27.062155,48.567192,58.471928
922,-12.797223091125488,-587.9052734375,60.483604431152344,4.319998692294293,1.200444771163549,-95.20010842663075,9.885885,-8.59093,17.188639,17.025429,-26.742119,-1.7672902,-21.35005,-1.0323921,-11.440219,2.8863142,-2.4986963,14.323944,-9.5891905,-17.771912,29.846422,-26.589876,47.201912,8.385248,-27.036694,48.774986,57.77378
923,-12.86136245727539,-588.5253295898438,60.5227165222168,3.555501219917549,1.178838462863147,-94.97328463955235,9.9304695,-7.56127,17.203709,18.326998,-27.110222,-2.0698874,-21.032867,-0.40079024,-11.760292,3.2624648,-1.4360795,13.707017,-9.849514,-18.234344,30.175692,-26.84477,48.26293,8.68772,-26.93015,48.962738,57.055065
924,-12.96572208404541,-589.1632690429688,60.56431579589844,2.8229515235179505,1.1580386238463045,-94.75554946803803,9.919318,-6.491464,17.229687,19.772888,-27.356964,-2.4271526,-20.558924,0.4101196,-11.875067,3.1821327,-0.13744247,12.0927925,-9.935651,-18.407816,30.47738,-27.053995,49.065647,9.0781145,-26.803648,48.760418,56.349613
925,-13.073657035827637,-589.8295288085938,60.59354019165039,2.120551853230457,1.1378275846083679,-94.37366131009776,9.841605,-5.370269,17.125446,21.397392,-27.536854,-2.8180532,-19.98366,1.1710953,-11.842787,2.8639643,1.3554047,10.6878605,-10.112095,-18.57218,30.683796,-27.315174,49.92007,9.498193,-26.687271,48.325584,55.64415
926,-13.175542831420898,-590.515869140625,60.62007141113281,1.4087151601930605,1.114814658322909,-93.87210884504599,9.716126,-4.1839786,16.938328,23.177914,-27.648952,-3.248565,-19.357132,1.916055,-11.705746,2.448159,2.987957,9.377259,-10.368045,-18.825745,30.771093,-27.677242,50.959248,9.96152,-26.581936,47.726418,54.91201
927,-13.288527488708496,-591.2053833007812,60.66083908081055,0.6726780262762484,1.0710728123493125,-93.34410027803447,9.528171,-2.9226446,16.703373,25.15428,-27.606327,-3.7209516,-18.905209,2.6337457,-11.592487,2.5613074,4.1936264,8.14292,-10.629221,-19.098192,30.799767,-28.126818,52.128433,10.483012,-26.473818,47.043465,54.14364
928,-13.421611785888672,-591.8988647460938,60.71747589111328,-0.07362821938985575,0.9930764573243264,-92.8611657482147,9.26155,-1.6129203,16.427408,27.342894,-27.303846,-4.232031,-18.438677,3.3677776,-11.616794,2.7684097,5.0281734,6.954818,-10.843075,-19.32885,30.790037,-28.632742,53.378918,11.044962,-26.366066,46.362255,53.3491
929,-13.554734230041504,-592.5968017578125,60.78121566772461,-0.8614629654508111,0.862666312054466,-92.41827995367203,8.922994,-0.21694727,16.08713,29.783222,-26.734333,-4.829871,-17.940294,4.147084,-11.843763,3.0965028,5.377536,5.765967,-11.022322,-19.52149,30.753584,-29.21286,54.740093,11.68401,-26.256065,45.654858,52.48663
930,-13.691247940063477,-593.291259765625,60.8538932800293,-1.684533317972629,0.6947502948239831,-91.98055459083504,8.52114,1.2463568,15.684088,32.440605,-25.940023,-5.514311,-17.430443,4.9477725,-12.18738,3.560884,5.3482046,4.608294,-11.19728,-19.654345,30.693104,-29.831884,56.183445,12.384961,-26.141523,44.904938,51.57188
931,-13.817423820495605,-593.9832763671875,60.936981201171875,-2.4820763300925837,0.5156006599834667,-91.58598624890544,8.051474,2.6825063,15.271998,35.220856,-24.896097,-6.210306,-16.944147,5.710446,-12.527682,4.162696,5.051255,3.574353,-11.333243,-19.679697,30.602661,-30.413229,57.624382,13.055036,-26.03093,44.21112,50.688335
932,-13.93288516998291,-594.6655883789062,61.02629852294922,-3.191426519092994,0.34918673968953273,-91.27440673003457,7.507,4.0031924,14.902891,38.03593,-23.575493,-6.8378325,-16.5193,6.3787766,-12.748433,4.894633,4.6136174,2.7540631,-11.387733,-19.549526,30.47893,-30.882624,58.96995,13.596315,-25.93409,43.66309,49.919292
933,-14.03320026397705,-595.3457641601562,61.11479568481445,-3.792483140696221,0.19029025386925646,-91.08177415581171,6.89594,5.18701,14.605191,40.879658,-21.850807,-7.4710784,-16.208652,6.9270334,-12.8057165,5.893468,3.944315,2.246714,-11.331271,-19.229723,30.32152,-31.19452,60.207214,13.982132,-25.85336,43.262787,49.304314
934,-14.12232780456543,-596.0306396484375,61.20212173461914,-4.318519429880922,0.02597044308987078,-90.98019259131331,6.2165504,6.2773695,14.341212,43.799553,-19.77843,-8.131374,-15.584997,7.4952416,-12.715796,6.116681,3.620751,1.9684824,-11.184255,-18.750748,30.14039,-31.394283,61.366543,14.257681,-25.784815,42.957985,48.789314
935,-14.210599899291992,-596.7083129882812,61.2896842956543,-4.786659624168579,-0.13101149119424932,-90.91531337841354,5.4488974,7.2919226,14.070777,46.773354,-17.587221,-8.653464,-14.924895,8.027045,-12.563275,6.220886,3.3222804,1.7630937,-10.974389,-18.169498,29.947083,-31.55751,62.42296,14.428818,-25.72973,42.75148,48.32256
936,-14.29724407196045,-597.3775634765625,61.38115692138672,-5.206829702296263,-0.26481415766157,-90.83083920149568,4.572203,8.251265,13.761776,49.776062,-15.498151,-8.86695,-14.320344,8.510717,-12.41585,6.3794804,3.0182977,1.470601,-10.735973,-17.538738,29.751705,-31.757708,63.352356,14.501843,-25.689228,42.650616,47.852413
937,-14.38901424407959,-598.0394287109375,61.47396469116211,-5.562750384906599,-0.36495472853536076,-90.7304408698369,3.534487,9.136421,13.364767,52.89564,-13.580045,-8.5811,-13.783562,8.927546,-12.236667,6.5878253,2.7247052,1.0793722,-10.4573,-16.857107,29.55025,-32.003242,64.151245,14.450263,-25.66692,42.69031,47.39806
938,-14.482680320739746,-598.6790161132812,61.56068420410156,-5.852493439834654,-0.442495372952787,-90.63810498353251,2.3621585,9.949013,12.928995,56.10468,-11.685468,-7.9363866,-13.284374,9.281065,-12.005695,6.8007674,2.4325213,0.6658464,-10.121691,-16.09746,29.340637,-32.266674,64.8231,14.276737,-25.661663,42.84916,46.979668
939,-14.569812774658203,-599.294677734375,61.64079284667969,-6.11258707527043,-0.5116325624885852,-90.52689106740668,1.1505868,10.754705,12.560153,59.215385,-9.728686,-7.236976,-12.806897,9.605582,-11.805755,7.037067,2.1182096,0.19312003,-9.762772,-15.273433,29.135946,-32.563942,65.36074,14.035534,-25.667284,43.05123,46.54732
940,-14.659026145935059,-599.8951416015625,61.71514892578125,-6.383082830271989,-0.5863234943007701,-90.36961992711558,-0.014166617,11.628904,12.345898,62.063255,-7.6437306,-6.7685513,-12.33845,9.937938,-11.721013,7.3104143,1.7660365,-0.37538204,-9.4125,-14.397859,28.949326,-32.90745,65.75576,13.777083,-25.678015,43.22087,46.05598
941,-14.766751289367676,-600.519775390625,61.78596115112305,-6.675619687652878,-0.6642773994887369,-90.11960908224054,-1.140477,12.612665,12.231014,64.6358,-5.268936,-6.6420307,-11.889138,10.29803,-11.818599,7.646853,1.361835,-1.1075009,-9.114253,-13.464443,28.78314,-33.31309,65.99725,13.52591,-25.692087,43.34372,45.467396
942,-14.866934776306152,-601.1150512695312,61.8456916809082,-6.968464664204821,-0.739063610281832,-89.80484050762507,-2.2754164,13.677694,12.17526,67.03681,-2.703514,-6.6534457,-11.462407,10.66619,-12.035429,8.022112,0.92356277,-1.9662831,-8.839122,-12.473302,28.63178,-33.77415,66.09658,13.248413,-25.712948,43.4586,44.819515
943,-14.970757484436035,-601.7075805664062,61.90145492553711,-7.242568842914701,-0.8191040866522088,-89.51081220500345,-3.3776102,14.808276,12.294062,69.269966,-0.28443378,-6.6029053,-11.035964,11.0241995,-12.262376,8.392264,0.46907827,-2.8306613,-8.513844,-11.453666,28.49555,-34.268642,66.08697,12.913334,-25.74193,43.571,44.171436
944,-15.0713472366333,-602.30078125,61.95265197753906,-7.481741327019187,-0.9143219931605964,-89.32359023227157,-4.3982625,16.003399,12.723734,71.33741,1.6497921,-6.284716,-10.587181,11.356036,-12.3922415,8.711621,0.021958556,-3.5791245,-8.064776,-10.435195,28.375399,-34.774426,66.0018,12.490882,-25.78023,43.68633,43.580242
945,-15.155323028564453,-602.8658447265625,61.997901916503906,-7.691051149422294,-1.0091231649255574,-89.28331794891835,-5.3289933,17.363085,13.642963,73.26874,3.0614374,-5.561613,-10.116804,11.68134,-12.398985,8.929582,-0.38743705,-4.2111835,-7.537625,-9.253742,28.353813,-35.04309,65.68549,11.938686,-25.803991,43.87986,43.042767
946,-15.230809211730957,-603.4183349609375,62.03848648071289,-7.874993541655393,-1.1386888757392142,-89.30785714719784,-6.1564584,18.892673,14.929521,75.08163,4.0907097,-4.5257716,-9.625884,11.995897,-12.371174,9.137313,-0.80641985,-4.7818813,-6.8936515,-8.073226,28.328638,-35.432564,65.28411,11.2787075,-25.841799,44.149464,42.55853
947,-15.300098419189453,-603.9677734375,62.072635650634766,-8.034485756070291,-1.2882570964998863,-89.39910549346612,-6.882016,20.44143,16.353756,76.71109,4.681921,-3.3571332,-9.111875,12.292843,-12.276459,9.3054495,-1.2100701,-5.257678,-6.1983304,-6.966858,28.299473,-35.867638,64.921005,10.535056,-25.888727,44.413364,42.140614
948,-15.367855072021484,-604.5260009765625,62.108367919921875,-8.154118690989442,-1.4523942359058366,-89.53264225973474,-7.523769,21.81503,17.642143,78.080284,4.8042684,-2.2708454,-8.570122,12.543425,-12.106486,9.4355755,-1.5991701,-5.6002746,-5.5127463,-5.929156,28.264742,-36.276596,64.64708,9.73194,-25.937832,44.57836,41.821938
949,-15.419971466064453,-605.0709838867188,62.14659881591797,-8.226294650470555,-1.638045340285489,-89.70717985379355,-8.080585,22.952604,18.75817,79.1617,4.350928,-1.316756,-7.985651,12.726426,-11.852074,9.517408,-1.9799507,-5.7514143,-4.833561,-4.920316,28.224245,-36.629562,64.42055,8.877169,-25.985308,44.59259,41.62234
950,-15.461033821105957,-605.6064453125,62.182838439941406,-8.239267018315783,-1.8542515913793118,-89.97727284309046,-8.528346,23.907513,19.866404,79.98518,3.3876302,-0.43415233,-7.3854923,12.839747,-11.483222,9.615443,-2.379821,-5.74564,-3.5058165,-4.4821267,27.98066,-37.838158,64.461105,8.406046,-26.132547,43.715096,41.308872
951,-15.495319366455078,-606.1339721679688,62.224857330322266,-8.222602507258841,-2.0595505713368927,-90.2341486868824,-8.977458,24.657516,20.783922,80.564926,2.160078,0.31760854,-6.7825956,12.907568,-11.117624,9.685033,-2.7718425,-5.6779485,-2.5911605,-3.628525,27.89484,-38.32309,64.30384,7.6457696,-26.182352,43.15516,41.219707
952,-15.524540901184082,-606.6597900390625,62.2706413269043,-8.181241641481433,-2.251847659657372,-90.49175734757658,-9.450245,25.189491,21.486649,80.91505,0.9079621,0.90088236,-6.2186365,12.937017,-10.756615,9.807905,-3.1769118,-5.647529,-1.7371076,-2.7573352,27.8351,-38.689064,64.18734,6.8573637,-26.2221,42.53264,41.191956
953,-15.548612594604492,-607.17724609375,62.32038116455078,-8.107955315492454,-2.4332881411964125,-90.75476449093334,-9.95691,25.466997,21.935087,81.021904,-0.39532143,1.277572,-5.6952,12.923165,-10.3935375,9.990578,-3.5944262,-5.6661043,-0.89753336,-1.933448,27.77167,-39.005764,64.16816,6.058933,-26.254944,41.778736,41.241
954,-15.56283187866211,-607.6896362304688,62.36941146850586,-7.999953410684496,-2.610919579910101,-91.03112499599725,-10.482289,25.508007,22.169476,80.883125,-1.8408859,1.4782399,-5.1955423,12.861386,-10.015854,10.210163,-4.0212355,-5.6851273,-0.062410556,-1.1440966,27.705427,-39.279804,64.2208,5.2362857,-26.28148,40.898712,41.37876
955,-15.569829940795898,-608.1970825195312,62.419105529785156,-7.875054154571361,-2.7724653115817364,-91.30303923159869,-11.0341,25.395037,22.253407,80.52689,-3.2866914,1.5826535,-4.724485,12.768857,-9.648417,10.454057,-4.4535537,-5.713321,0.7536863,-0.38962132,27.635519,-39.524944,64.33278,4.410637,-26.304905,39.925167,41.548256
956,-15.577383041381836,-608.7047119140625,62.47135925292969,-7.747899708696863,-2.9058783608792664,-91.55242345311107,-11.617869,25.208103,22.25075,79.98145,-4.5920825,1.6681935,-4.283885,12.664988,-9.31575,10.703396,-4.8831234,-5.7604866,1.5288105,0.33504704,27.56166,-39.743633,64.48921,3.606251,-26.327648,38.89324,41.687206
957,-15.583695411682129,-609.2055053710938,62.52191162109375,-7.618614891303262,-3.0081946021693287,-91.77074261003925,-12.2523155,24.936724,22.135765,79.24967,-5.729308,1.7789373,-3.8878887,12.550697,-9.030365,10.987714,-5.325407,-5.845936,2.2568994,1.015367,27.483559,-39.94231,64.710625,2.8219264,-26.34766,37.781757,41.804787
958,-15.584339141845703,-609.7064208984375,62.57599639892578,-7.482012294676295,-3.085988818688871,-91.96851187252089,-12.924642,24.557161,21.89577,78.321815,-6.773424,1.8774496,-3.521936,12.4216385,-8.775062,11.283828,-5.765234,-5.9600687,2.950471,1.656627,27.401207,-40.119644,64.9941,2.0398943,-26.36482,36.581985,41.93221
959,-15.584914207458496,-610.2023315429688,62.63178634643555,-7.340314847795338,-3.1407015207448583,-92.15633290947255,-13.59442,24.124224,21.617184,77.20554,-7.741716,1.9160234,-3.174049,12.282546,-8.536608,11.566918,-6.1955323,-6.069157,3.6126926,2.2964175,27.314865,-40.259285,65.2873,1.2612462,-26.384619,35.35291,42.033264
960,-15.589197158813477,-610.6936645507812,62.68119812011719,-7.20111759701758,-3.1744527889776837,-92.3450654291705,-14.222075,23.690609,21.38474,75.907326,-8.646628,1.8403409,-2.8297698,12.13822,-8.301053,11.805656,-6.604805,-6.139201,4.239432,2.9775572,27.224546,-40.33421,65.53764,0.49898916,-26.412287,34.15263,42.06143
961,-15.58956527709961,-611.1758422851562,62.732845306396484,-7.0537794630354815,-3.183038299901379,-92.5402463687987,-14.798182,23.254635,21.231768,74.419495,-9.495541,1.5873246,-2.4884207,11.981292,-8.068168,11.991775,-6.9962764,-6.159654,4.7435126,3.8091285,27.142452,-40.18788,65.6875,-0.3091323,-26.433931,33.092007,42.024757
962,-15.575652122497559,-611.66162109375,62.77028274536133,-6.905260702272231,-3.1661973794722025,-92.73552714723806,-15.3416815,22.798061,21.11545,72.74149,-10.280463,1.2007502,-2.1538343,11.81699,-7.8438983,12.133933,-7.3690796,-6.149943,5.240449,4.6519823,27.049252,-40.01177,65.818214,-1.0595149,-26.462906,31.980307,41.892704
963,-15.56434440612793,-612.140625,62.810237884521484,-6.765318793221493,-3.1337683159631564,-92.92353620620624,-15.855776,22.33142,21.009506,70.88043,-10.985882,0.7854908,-1.8258113,11.655698,-7.6249566,12.249764,-7.7197638,-6.1204457,5.7200065,5.4934278,26.950888,-39.829247,65.929306,-1.785854,-26.499899,30.884167,41.702057
964,-15.550568580627441,-612.6192016601562,62.85055923461914,-6.648346305258836,-3.096058844391769,-93.09600703800193,-16.3433,21.86808,20.881823,68.8468,-11.600919,0.44515246,-1.5031623,11.51133,-7.4087152,12.351001,-8.039918,-6.081526,6.164812,6.3042583,26.855217,-39.66411,66.034615,-2.5067327,-26.545126,29.87471,41.47406
965,-15.54413890838623,-613.0987548828125,62.89461898803711,-6.55875125450103,-3.0490953971724504,-93.24208111943396,-16.8275,21.391035,20.68517,66.63326,-12.130371,0.21787813,-1.1921515,11.385642,-7.1997385,12.436578,-8.319626,-6.028307,6.5626936,7.0914264,26.763803,-39.51472,66.128815,-3.2196593,-26.59664,28.959587,41.198536
966,-15.535018920898438,-613.5678100585938,62.92703628540039,-6.489772370192207,-2.9894549329698483,-93.36832041669446,-17.297949,20.896627,20.44759,64.24154,-12.582189,0.04318543,-0.89223564,11.27172,-6.9988313,12.502799,-8.566497,-5.957668,6.9116116,7.870711,26.675268,-39.3554,66.20456,-3.915226,-26.652206,28.118725,40.86404
967,-15.510281562805176,-614.0269775390625,62.950599670410156,-6.433261957182411,-2.927689010456524,-93.49564330043954,-17.709074,20.41405,20.251984,61.687527,-12.94575,-0.12565331,-0.59083384,11.168075,-6.7939987,12.556709,-8.799652,-5.882096,7.2302833,8.634829,26.591555,-39.184723,66.26174,-4.6214523,-26.711985,27.364637,40.51277
968,-15.485456466674805,-614.4789428710938,62.96872329711914,-6.384913760125194,-2.874473049128936,-93.64446273207398,-18.017668,19.969206,20.180063,58.9807,-13.205999,-0.3404829,-0.2761605,11.073062,-6.573541,12.606114,-9.038151,-5.8141418,7.5321956,9.368262,26.5159,-39.00291,66.30665,-5.345946,-26.774456,26.709112,40.168518
969,-15.463159561157227,-614.9641723632812,62.98543167114258,-6.340770793198905,-2.833546550477774,-93.8283479125832,-18.197603,19.566484,20.279406,56.085823,-13.36812,-0.6432567,0.05289574,10.985417,-6.325617,12.662983,-9.282655,-5.7679653,7.851093,10.068286,26.436697,-38.80606,66.35018,-6.039563,-26.855778,26.072739,39.79105
970,-15.437914848327637,-615.4486083984375,62.9936637878418,-6.308850726728708,-2.801656866604093,-94.02731250016322,-18.281006,19.180738,20.48873,53.007317,-13.432939,-1.0117608,0.39873648,10.9099865,-6.0634403,12.707694,-9.518317,-5.7342033,8.134067,10.730661,26.370413,-38.603107,66.39495,-6.7559214,-26.933327,25.564419,39.407658
971,-15.414307594299316,-615.9136962890625,62.994319915771484,-6.280964226829653,-2.765025923168353,-94.21875067096224,-18.31512,18.781048,20.739845,49.796474,-13.375619,-1.3986759,0.7461931,10.837586,-5.814242,12.740767,-9.763172,-5.6856713,8.397568,11.376145,26.300533,-38.385506,66.407104,-7.441371,-27.026983,25.0816,39.005558
972,-15.394314765930176,-616.3841552734375,62.988101959228516,-6.271760935172868,-2.714397590376167,-94.40173104506391,-18.348602,18.379583,20.9711,46.53222,-13.189697,-1.754622,1.0987811,10.783659,-5.577804,12.721651,-10.008434,-5.599181,8.610607,11.961196,26.248446,-38.20534,66.3925,-8.092384,-27.102781,24.733858,38.573875
973,-15.37677001953125,-616.8671875,62.97780227661133,-6.260908767065295,-2.6378250637208622,-94.57958306316482,-18.392664,17.967089,21.202482,43.17952,-12.8463545,-1.988256,1.4398206,10.724738,-5.357014,12.658457,-10.266468,-5.4456186,8.832018,12.540057,26.193933,-38.02254,66.2988,-8.726809,-27.193352,24.411304,38.153095
974,-15.351223945617676,-617.3271484375,62.96282958984375,-6.2554047278250415,-2.5443632055869525,-94.74771307699567,-18.434746,17.54777,21.44083,39.73873,-12.375943,-2.1544085,1.7822658,10.668601,-5.1536055,12.545945,-10.525377,-5.2457285,9.034242,13.0815735,26.140099,-37.853462,66.165634,-9.321437,-27.298164,24.143578,37.704716
975,-15.329207420349121,-617.7722778320312,62.9412727355957,-6.250926326837046,-2.4429659082504487,-94.90520053322552,-18.46473,17.09632,21.647877,36.269882,-11.826091,-2.4031484,2.1175566,10.608311,-4.9669347,12.431234,-10.803148,-5.0455427,9.204673,13.596617,26.087847,-37.69748,65.987366,-9.880325,-27.414824,23.930176,37.24092
976,-15.311384201049805,-618.2150268554688,62.91569900512695,-6.244335804478207,-2.3416341482335725,-95.05045924197154,-18.467018,16.59529,21.784006,32.816334,-11.2344055,-2.8762772,2.4368312,10.5389385,-4.796458,12.3632765,-11.119838,-4.8913736,9.335803,14.099402,26.037489,-37.55173,65.75455,-10.404382,-27.539772,23.759014,36.772915
977,-15.285296440124512,-618.6715698242188,62.888694763183594,-6.241193966165553,-2.24875107405415,-95.17791019051903,-18.41841,16.052105,21.806423,29.304707,-10.589835,-3.6035867,2.7413187,10.465685,-4.649351,12.359553,-11.484537,-4.8130326,9.418589,14.600939,25.989836,-37.424515,65.46539,-10.8853245,-27.67041,23.624557,36.295376
978,-15.262765884399414,-619.1350708007812,62.86071014404297,-6.239318907906229,-2.159828318894969,-95.28884069898365,-18.32113,15.483285,21.741179,25.710041,-9.86956,-4.493377,3.0316744,10.386461,-4.5251613,12.404286,-11.892672,-4.7799273,9.462413,15.092494,25.945915,-37.319427,65.12228,-11.320147,-27.804466,23.526424,35.80728
979,-15.234703063964844,-619.5994873046875,62.82766342163086,-6.224983016664316,-2.0624565940713597,-95.39270831646654,-18.187412,14.885133,21.65633,22.113548,-9.075625,-5.5025744,3.3143919,10.290495,-4.406586,12.450925,-12.314089,-4.748362,9.489724,15.558178,25.905245,-37.22286,64.72455,-11.721123,-27.941378,23.458649,35.32909
980,-15.20350170135498,-620.0532836914062,62.79400634765625,-6.188447863843366,-1.9420722600576144,-95.50312505435313,-18.026606,14.249434,21.625261,18.582499,-8.191888,-6.595007,3.59273,10.169154,-4.273865,12.457151,-12.721547,-4.6746626,9.521382,15.984338,25.866896,-37.111835,64.2713,-12.093914,-28.079775,23.414083,34.86961
981,-15.17523193359375,-620.5157470703125,62.76152801513672,-6.116106561910203,-1.7860717041746936,-95.62722081234949,-17.828,13.543284,21.641308,15.0345335,-7.112436,-7.7218904,3.8610072,10.007914,-4.117181,12.407965,-13.107409,-4.5365133,9.569299,16.377518,25.829035,-36.963993,63.734528,-12.439625,-28.220861,23.392897,34.425793
982,-15.149209976196289,-620.977294921875,62.72598648071289,-5.975931994968127,-1.5724395495971055,-95.78045850223752,-17.434135,12.668741,21.740194,10.992921,-5.6186123,-8.898953,4.0904465,9.770292,-3.931834,12.322537,-13.483572,-4.3580866,9.625183,16.814579,25.78012,-36.727654,63.029953,-12.821806,-28.429012,23.442244,34.000557
983,-15.106294631958008,-621.43310546875,62.659423828125,-5.98495214059061,-1.320384525908799,-96.01543409381732,-17.082542,11.997295,21.903284,7.159437,-4.2235417,-10.240194,4.2742805,9.674988,-3.6604729,12.266084,-13.88422,-4.1754236,9.6434355,17.105133,25.733543,-36.38729,62.450676,-12.995656,-28.663778,23.490341,33.299126
984,-15.056468963623047,-621.90087890625,62.54121017456055,-6.2976739343953705,-1.05731671368391,-96.32092274757262,-15.78395,11.264354,22.3344,1.028421,-1.542667,-11.803079,4.4410214,9.886097,-3.3056214,12.23947,-14.30996,-4.0250707,9.675792,17.050762,25.71545,-36.082542,62.232765,-12.943399,-28.794836,23.406553,32.36072
985,-15.001459121704102,-622.3599243164062,62.41936111450195,-6.597654449252389,-0.9244467577445492,-96.48955133188198,-16.376635,11.390285,22.497505,0.30613524,-2.1861305,-14.003586,4.6960697,10.081205,-3.0931606,12.310229,-14.819088,-3.899213,9.668169,17.01125,25.71304,-35.96162,62.057865,-12.941581,-28.831942,23.349287,31.741646
986,-14.896735191345215,-622.8070068359375,62.27885055541992,-6.971847298275484,-0.6183094910074596,-96.76111919611196,-17.053537,11.262606,22.828524,-0.63251024,-2.8593993,-14.323944,4.7598457,10.290546,-2.8005912,12.393225,-15.331938,-3.7365308,9.606704,16.812113,25.718065,-35.675045,61.85033,-12.778723,-28.895988,23.199358,30.747595
987,-14.799821853637695,-623.2623901367188,62.117515563964844,-7.307980806218819,-0.4782123424211626,-96.8315662365771,-17.394169,10.956472,22.90717,-1.8997465,-3.2532206,-14.323944,4.9090734,10.467945,-2.7072532,12.684724,-15.977726,-3.581646,9.459693,16.6862,25.724281,-35.534267,61.699486,-12.682009,-28.923769,23.120577,30.133453
988,-14.735237121582031,-623.709228515625,61.958927154541016,-7.60754106010319,-0.32127971434417135,-96.90800039287171,-17.844372,10.869162,22.703505,-2.504258,-3.795985,-14.323944,5.057348,10.634371,-2.599446,12.924371,-16.559494,-3.4549463,9.293782,16.495888,25.73432,-35.38205,61.55963,-12.539651,-28.947094,23.033388,29.52464
989,-14.700526237487793,-624.1377563476562,61.80021667480469,-7.871074999264765,-0.1925279908454573,-96.97117331001145,-18.230001,10.982427,22.169197,-2.721043,-4.415687,-14.323944,5.140325,10.793724,-2.5071225,13.374246,-17.228674,-3.3711512,9.126684,16.258907,25.747646,-35.22343,61.46224,-12.365053,-28.966185,22.943272,29.004404
990,-14.670391082763672,-624.5670776367188,61.6553840637207,-8.117396740325754,-0.10374966076374235,-97.01777061906365,-18.517754,11.21199,21.443916,-2.7014027,-5.0544863,-14.323944,5.223527,10.952324,-2.4251595,13.905444,-17.919056,-3.3204513,8.952221,15.987088,25.764153,-35.06613,61.40841,-12.155111,-28.979982,22.855133,28.56952
991,-14.642526626586914,-625.0036010742188,61.52821350097656,-8.291894117059401,-0.04511909047993314,-97.04717659718014,-18.729921,11.444076,20.696117,-2.4940479,-5.4150586,-14.323944,5.3396664,11.045994,-2.3561707,14.425164,-18.576622,-3.2775443,8.758638,15.740056,25.78254,-34.930534,61.32384,-11.926101,-28.989643,22.782253,28.234253
992,-14.615570068359375,-625.4248046875,61.429683685302734,-8.33453720168072,-0.002268765736819906,-97.06257194263982,-18.87324,11.557378,20.093166,-2.1982694,-5.1775727,-14.323944,5.5091248,11.005736,-2.3026006,14.857157,-19.163607,-3.2165613,8.541831,15.588919,25.800962,-34.84351,61.114773,-11.709707,-28.99862,22.743986,28.025793
993,-14.595748901367188,-625.8363037109375,61.37844467163086,-8.155063858953493,0.020618643722893865,-97.0280254123754,-19.23964,11.586634,19.610422,-0.9947837,-4.510478,-14.323944,5.734124,10.751695,-2.307898,15.206456,-19.697292,-3.135409,8.272566,15.625871,25.817183,-34.846622,60.67155,-11.568161,-29.013474,22.772076,28.02514
994,-14.595601081848145,-626.265380859375,61.34299087524414,-7.801502114128247,0.015879612133473907,-96.93994690481199,-19.769592,11.562183,19.120365,0.9722908,-3.539601,-14.323944,5.9938846,10.332855,-2.3771071,15.540696,-20.214235,-3.0439403,7.963834,15.811843,25.831099,-34.950794,60.040024,-11.520856,-29.037035,22.877745,28.250778
995,-14.5962553024292,-626.7169189453125,61.30358123779297,-7.369732239539896,-0.008956408710200963,-96.85394391793318,-20.38837,11.501188,18.571943,3.3339005,-2.5868528,-14.323944,6.2540665,9.823574,-2.45989,15.92386,-20.722809,-2.9342659,7.685281,16.023678,25.843489,-35.12522,59.342113,-11.540006,-29.06761,23.045498,28.659813
996,-14.572037696838379,-627.18212890625,61.259674072265625,-6.875127381340362,-0.08072913054686151,-96.85592465226036,-21.249325,11.4642725,17.964973,6.442801,-2.4106011,-14.323944,6.4270825,9.206577,-2.4943721,16.624096,-21.347746,-2.791713,7.557552,16.204739,25.863705,-35.434734,58.606537,-11.7273245,-29.12757,23.39284,29.383247
997,-14.527400970458984,-627.6464233398438,61.21268844604492,-6.491226851468199,-0.10851014160794266,-97.14462978903276,-21.715542,11.445283,17.568527,8.523511,-2.1524503,-14.323944,6.5311146,8.645758,-2.2624495,17.353504,-21.908846,-2.6200686,7.703077,16.099672,25.879055,-35.65298,58.117386,-11.897103,-29.185314,23.7336,30.070015
998,-14.443580627441406,-628.1229858398438,61.16747283935547,-6.16813211418205,-0.09187134354261482,-97.52778904506839,-22.180878,11.322978,17.25795,10.502048,-2.0719132,-13.148894,6.57864,8.08927,-1.9538666,18.116224,-22.437727,-2.3947747,7.8747067,15.894059,25.880085,-35.676144,57.72149,-11.847716,-29.216919,23.955835,30.571846
999,-14.350841522216797,-628.6314697265625,61.13629150390625,-5.847123828237376,-0.05549861477242327,-97.99315943698015,-22.56716,11.170141,17.031693,12.27594,-1.9375596,-11.742978,6.5829363,7.5066013,-1.5707139,18.919243,-22.90193,-2.143857,7.9749227,15.763662,25.852648,-35.38985,57.307995,-11.773999,-29.212881,24.304523,31.061186
1000,-14.246744155883789,-629.14453125,61.11915588378906,-5.480593537901088,-0.02908742457994261,-98.46829879023473,-22.849928,10.923021,16.844744,13.781958,-1.5404117,-10.110229,6.549376,6.85768,-1.1776706,19.80526,-23.290417,-1.8718982,8.14342,15.621434,25.822409,-35.129932,56.89318,-11.71681,-29.18431,24.683598,31.734024
1001,-14.140294075012207,-629.65771484375,61.11990737915039,-5.0681404306426145,-0.00945053486655296,-98.93479272504553,-23.143341,10.594327,16.607676,15.234549,-0.78362393,-7.9999447,6.4799356,6.146945,-0.8059404,20.77764,-23.620667,-1.5728952,8.282907,15.511098,25.780762,-34.79451,56.46381,-11.753373,-29.156696,25.24085,32.606033
1002,-14.01224136352539,-630.1793823242188,61.1375617980957,-4.615654092884718,0.0067219461736305,-99.4273455446694,-23.421513,10.205351,16.416864,16.618738,0.20389107,-5.5367317,6.376139,5.38029,-0.4230998,21.83591,-23.90167,-1.2438354,8.405082,15.439107,25.725767,-34.350628,56.021378,-11.789743,-29.128473,25.911554,33.583088
1003,-13.881245613098145,-630.6517944335938,61.15813446044922,-4.1153789583738565,0.032888199069917926,-99.96525869024703,-23.570345,9.754715,16.458157,17.724325,1.1585288,-3.1854053,6.205741,4.547836,0.012907997,23.005798,-24.113445,-0.8921134,8.590624,15.379799,25.66303,-33.89117,55.56085,-12.011819,-29.09683,26.760778,34.81942
1004,-13.742420196533203,-631.1641845703125,61.199737548828125,-3.548004484544762,0.06207192073668019,-100.56348302274355,-23.465502,9.238302,16.849453,18.377329,1.7745847,-1.4171109,5.9516115,3.6344287,0.5404743,24.3199,-24.242914,-0.52581835,8.807727,15.3832855,25.588139,-33.39223,55.062363,-12.26178,-29.06713,27.719324,36.1785
1005,-13.590126037597656,-631.6840209960938,61.25773239135742,-2.8749443561375285,0.09741804669831648,-101.28942435483853,-23.026205,8.640525,17.69942,18.50159,1.8460531,-0.44426772,5.5824265,2.5864024,1.2343,25.828802,-24.335257,-0.13470288,9.123267,15.4842825,25.494083,-32.830055,54.47519,-12.630688,-29.05299,28.870262,37.75239
1006,-13.437787055969238,-632.1825561523438,61.328269958496094,-2.1076234963415046,0.14888123702598394,-102.10874580038892,-22.339102,7.9527183,18.861929,18.232267,1.5492591,-0.008153656,5.1092715,1.4271413,2.0430522,27.511774,-24.391624,0.28676692,9.537428,15.658586,25.383423,-32.240147,53.818542,-13.157069,-29.04089,30.220219,39.58821
1007,-13.290326118469238,-632.6812133789062,61.406517028808594,-1.3077159148621775,0.21496942843663508,-102.88438987100048,-21.52538,7.1771255,20.050587,17.69689,1.1618339,0.12553266,4.573837,0.25405556,2.8185744,29.311028,-24.329739,0.72246784,9.916422,15.857571,25.267555,-31.686398,53.177784,-13.589454,-29.002987,31.552849,41.471687
1008,-13.146795272827148,-633.2197875976562,61.497013092041016,-0.5392294483145411,0.28994935818830164,-103.48009085694954,-20.71386,6.32496,20.988804,17.026731,0.9520753,0.21093947,4.028587,-0.84243757,3.4165204,31.146528,-24.055807,1.1552663,10.148865,16.008114,25.162106,-31.253925,52.634396,-13.774278,-28.923094,32.68758,43.258984
1009,-13.014257431030273,-633.771240234375,61.597042083740234,0.21169067740251565,0.37450060068524105,-103.8232609359132,-19.906197,5.3465796,21.590977,16.156544,1.0077856,0.23684424,3.4918783,-1.8665034,3.7650273,33.01433,-23.534946,1.5767668,10.180553,16.103966,25.06832,-30.937658,52.185158,-13.568659,-28.79605,33.455383,44.877693
1010,-12.900304794311523,-634.312744140625,61.70256805419922,0.9852058876821173,0.463476440580575,-103.99807522202197,-19.008816,4.2202506,22.012619,14.948508,1.2465521,0.09946637,2.9418192,-2.8778234,3.9547033,34.943523,-22.815691,1.9989371,10.082044,16.17792,24.980062,-30.70365,51.77297,-13.126089,-28.64631,33.985268,46.4429
1011,-12.79794979095459,-634.8258056640625,61.8131217956543,1.767994805650205,0.5342080700516944,-104.10748279174162,-17.982872,2.983966,22.348864,13.375956,1.6995171,-0.070644535,2.373942,-3.8884385,4.090443,36.917034,-21.927034,2.440024,9.903504,16.241632,24.899004,-30.562445,51.377594,-12.707718,-28.505445,34.55273,48.068245
1012,-12.692361831665039,-635.3196411132812,61.9025764465332,2.3684807783272888,0.5837829010837685,-104.28693895026953,-17.17822,2.0412328,22.648384,12.410204,1.8147334,-0.1805264,1.7650688,-4.720962,4.3137074,38.921665,-20.90199,2.9155457,9.681606,16.151371,24.842434,-30.478819,51.174484,-12.382219,-28.381508,35.3479,49.61006
1013,-12.56302261352539,-635.9165649414062,61.975914001464844,2.7328753676949344,0.5835770940979554,-104.5196540496375,-16.693935,1.5059862,22.868992,12.37108,1.4163802,-0.2241328,1.1558048,-5.31393,4.6082506,40.91547,-19.65314,3.4875486,9.364516,15.878635,24.813341,-30.46185,51.253742,-12.235556,-28.275526,36.544415,51.14009
1014,-12.447382926940918,-636.4430541992188,62.04792785644531,3.0152212133397374,0.5383060888756246,-104.74359436166151,-16.216839,1.0527196,23.023502,12.410085,0.98997885,-0.24022372,0.5567349,-5.811527,4.911428,42.899498,-18.183926,4.1508965,8.947035,15.550654,24.79937,-30.52438,51.449623,-12.231942,-28.17735,38.05765,52.745747
1015,-12.325303077697754,-636.9074096679688,62.110252380371094,3.265752222170685,0.4845791338874694,-104.98300190750636,-15.735669,0.625167,23.188646,12.428739,0.5892316,-0.22155386,-0.07803941,-6.2520366,5.242067,44.887867,-16.63514,4.80209,8.47509,15.19015,24.795757,-30.630095,51.65856,-12.18911,-28.079561,39.66463,54.21998
1016,-12.207437515258789,-637.3514404296875,62.16741180419922,3.5141602885881857,0.4621543318211149,-105.26220377474091,-15.27949,0.20530389,23.43371,12.41667,0.2168611,-0.15635933,-0.8002646,-6.6606007,5.6149044,46.899223,-15.145829,5.323582,7.998696,14.795992,24.801065,-30.746948,51.79914,-11.93635,-27.980108,41.11676,55.356018
1017,-12.04572582244873,-637.7620849609375,62.204368591308594,3.755023114505239,0.4938956972473313,-105.62264530556195,-14.87603,-0.18979838,23.808651,12.38686,-0.13913034,-0.00655204,-1.6741211,-7.027148,6.09476,48.99223,-13.751636,5.614403,7.560129,14.352769,24.817636,-30.90715,51.86428,-11.427531,-27.880804,42.342873,56.094906
1018,-11.89846420288086,-638.190185546875,62.24677658081055,3.966723015033523,0.5552549525120227,-106.04113508786433,-14.516813,-0.54413193,24.25944,12.362095,-0.49394235,0.21658415,-2.6591523,-7.335315,6.652188,51.14396,-12.376082,5.7586412,7.1349764,13.851279,24.847761,-31.129053,51.907555,-10.76885,-27.788618,43.464058,56.56249
1019,-11.820511817932129,-638.6469116210938,62.30863952636719,4.163111203756766,0.6156814773432017,-106.44475874973926,-14.167585,-0.8848796,24.701147,12.318777,-0.83272105,0.45542932,-3.6591852,-7.6152697,7.1601615,53.257465,-10.991145,5.8968377,6.675754,13.302028,24.88983,-31.358688,51.933178,-10.031834,-27.709988,44.51067,56.84319
1020,-11.74504280090332,-639.07568359375,62.361915588378906,4.3391741890675455,0.6500326464825186,-106.69449881260503,-13.825664,-1.2331496,24.98412,12.268594,-1.1496494,0.6564142,-4.563224,-7.889075,7.425426,55.217106,-9.568188,6.158974,6.298251,12.710949,24.927391,-31.641693,51.904755,-8.982153,-27.705006,44.96988,56.871426
1021,-11.652212142944336,-639.4713745117188,62.39741516113281,4.5263158423364995,0.6340132671429826,-106.91306429829142,-13.442904,-1.5955727,25.228865,12.194204,-1.4470489,0.8029574,-5.4043145,-8.187985,7.574325,57.088875,-8.01102,6.582112,5.8364205,12.012044,24.979809,-31.969751,51.90576,-8.017496,-27.7021,45.6015,56.819736
1022,-11.556939125061035,-639.8617553710938,62.42845153808594,4.713104018640444,0.5887084169450525,-107.07415974823886,-13.04725,-1.9773804,25.416481,12.083893,-1.7124381,0.9331438,-6.2167387,-8.505902,7.608412,58.902676,-6.3673525,7.074047,5.2729964,11.281346,25.04271,-32.285683,51.872528,-7.0952816,-27.698524,46.3017,56.656273
1023,-11.473738670349121,-640.2325439453125,62.45161819458008,4.8926751582638595,0.5226864671605491,-107.17889605469605,-12.640858,-2.3593028,25.54886,11.948317,-1.9526466,1.0428336,-6.966131,-8.837155,7.5294833,60.58653,-4.843341,7.5715666,4.6509047,10.501476,25.113667,-32.55531,51.85303,-6.229968,-27.694826,47.02089,56.466125
1024,-11.409947395324707,-640.5851440429688,62.47178268432617,5.057666065791452,0.443421986345871,-107.232099603834,-12.227393,-2.7218595,25.632769,11.80198,-2.176021,1.1282848,-7.6203094,-9.179295,7.337776,62.070503,-3.6464605,8.012805,4.009128,9.644873,25.189753,-32.74921,51.90766,-5.4499097,-27.691898,47.733807,56.33966
1025,-11.349918365478516,-640.9329223632812,62.49169158935547,5.209751974034447,0.3484598950982288,-107.22044865672063,-11.807253,-3.0680041,25.66197,11.645914,-2.3834393,1.18303,-8.158547,-9.559192,6.980838,63.331593,-2.7220418,8.44294,3.340239,8.6967945,25.270485,-32.866417,52.048435,-4.74662,-27.691412,48.44917,56.25714
1026,-11.301268577575684,-641.275390625,62.5107536315918,5.351171800699422,0.27954479343386646,-107.16698482831015,-11.42853,-3.3982081,25.65945,11.500411,-2.5930638,1.208222,-8.647433,-9.973447,6.4937744,64.41025,-1.9937037,8.856962,2.840356,7.843122,25.32375,-32.924755,52.04602,-4.108061,-27.691605,48.862362,56.22149
1027,-11.265148162841797,-641.6201782226562,62.528907775878906,5.4712622265683395,0.1156617030254669,-107.03527579047581,-10.9738035,-3.7373602,25.571184,11.316208,-2.7579992,1.2368709,-8.989388,-10.398852,5.894901,65.3311,-1.6343427,9.136636,1.9825468,6.57301,25.426355,-32.93941,52.500736,-3.4409103,-27.69971,49.67002,56.11732
1028,-11.230327606201172,-641.9443359375,62.54542922973633,5.57189251842452,0.028108659076345473,-106.96193185504022,-10.600998,-4.0301833,25.528833,11.170546,-2.9441442,1.2571785,-9.40054,-10.767223,5.398823,66.12616,-1.8229893,9.159196,1.4862723,5.610024,25.483469,-32.87314,52.62205,-2.9566395,-27.70163,50.03403,56.229176
1029,-11.186073303222656,-642.2637939453125,62.56723403930664,5.632222333756175,-0.13750699382920872,-106.81752911099916,-10.184546,-4.285995,25.392351,11.055433,-3.1177967,1.2884432,-9.704792,-11.093015,4.8493185,66.79233,-2.8134804,8.818659,0.6293176,4.249835,25.58519,-32.582916,53.24942,-2.4742277,-27.705889,50.662926,56.342075
1030,-11.157995223999023,-642.5758056640625,62.59047317504883,5.670953561757544,-0.27215690504473167,-106.69724376901809,-9.807476,-4.492149,25.26955,10.977753,-3.3053315,1.3054817,-10.017345,-11.371104,4.345832,67.32572,-4.4468184,8.223855,-0.104742624,3.0361016,25.675625,-32.130116,53.754723,-2.1408923,-27.705786,51.14168,56.583317
1031,-11.131349563598633,-642.8761596679688,62.61562728881836,5.6866978096951035,-0.3987776540380302,-106.58030846950527,-9.44717,-4.6614237,25.139658,10.918205,-3.49498,1.3190484,-10.311034,-11.57407,3.9181247,67.69776,-6.2678905,7.591793,-0.83456767,1.8093345,25.761854,-31.551249,54.29886,-1.8506435,-27.700153,51.484673,56.874878
1032,-11.104185104370117,-643.1659545898438,62.64546585083008,5.680375063533295,-0.5068276843068782,-106.46782244946587,-9.109901,-4.801865,25.004988,10.861881,-3.6816576,1.335909,-10.59691,-11.687233,3.5981362,67.882935,-7.819714,7.1152816,-1.5819944,0.5808411,25.846739,-30.8714,54.859234,-1.5923837,-27.687431,51.671135,57.19411
1033,-11.085562705993652,-643.4451293945312,62.67809295654297,5.648564445742342,-0.5908265594841711,-106.36166204670424,-8.796359,-4.915811,24.863426,10.79481,-3.8584373,1.3551298,-10.885662,-11.700676,3.3949742,67.877075,-8.999014,6.8339877,-2.3575966,-0.6721855,25.932505,-30.087555,55.457176,-1.3786786,-27.664545,51.640255,57.57226
1034,-11.069255828857422,-643.7264404296875,62.716739654541016,5.595338240301423,-0.6566601140192686,-106.259000633871,-8.500871,-4.9985147,24.713268,10.720741,-4.024655,1.3723055,-11.170135,-11.631266,3.2811413,67.693275,-10.041817,6.641885,-3.1272717,-1.9662596,26.022099,-29.217228,56.10197,-1.1971592,-27.630816,51.38801,58.012318
1035,-11.055410385131836,-643.9962768554688,62.753929138183594,5.526478863265495,-0.7113637691331721,-106.15884867028471,-8.217388,-5.056066,24.562458,10.64226,-4.182124,1.3898184,-11.437954,-11.502222,3.228026,67.33317,-10.998401,6.5026746,-3.8421848,-3.2640653,26.11881,-28.31989,56.73494,-1.0100669,-27.589348,50.990906,58.45817
1036,-11.045851707458496,-644.2605590820312,62.79669952392578,5.44682568561622,-0.7637975523990217,-106.06164059791257,-7.941696,-5.094566,24.420473,10.567998,-4.3344903,1.4115704,-11.677281,-11.334317,3.2101138,66.80077,-11.91886,6.381694,-4.461834,-4.5285263,26.225079,-27.46012,57.29926,-0.78978086,-27.545465,50.557976,58.851154
1037,-11.045392990112305,-644.5126953125,62.83982849121094,5.349895084652959,-0.8203600771069489,-105.96714201770972,-7.6731954,-5.1039753,24.289537,10.511174,-4.4880567,1.4474612,-11.885036,-11.105326,3.2497425,66.09594,-12.820801,6.2633166,-4.9939046,-5.7737427,26.341026,-26.648666,57.81371,-0.5549369,-27.502584,50.137043,59.187813
1038,-11.042692184448242,-644.7595825195312,62.88324737548828,5.2349692575738915,-0.8781877273625923,-105.87529670209763,-7.4129424,-5.0838485,24.164972,10.4667425,-4.6407347,1.4931731,-12.063908,-10.816045,3.347702,65.2169,-13.676359,6.163718,-5.469394,-7.023848,26.4658,-25.864532,58.31156,-0.33116955,-27.460915,49.714634,59.498753
1039,-11.048059463500977,-644.9944458007812,62.925498962402344,5.114839808590158,-0.9308207810288177,-105.78840476316148,-7.158524,-5.0544963,24.047445,10.416144,-4.7844505,1.5325367,-12.209349,-10.514006,3.4497027,64.15923,-14.462877,6.1035957,-5.8817763,-8.2488,26.59935,-25.121122,58.751167,-0.09929921,-27.421247,49.3084,59.775204
1040,-11.044657707214355,-645.2291259765625,62.96469497680664,5.028913790642569,-0.9959204186145193,-105.74286692290623,-6.877842,-5.055808,23.972586,10.330337,-4.906856,1.5487782,-12.314785,-10.266185,3.5425534,62.948814,-15.171176,6.1074924,-6.0854816,-9.324158,26.677206,-24.696312,58.97463,0.06849215,-27.399633,49.057407,60.099636
1041,-11.04556655883789,-645.4603881835938,63.008670806884766,4.896482500905019,-1.0200004571436436,-105.64927180580491,-6.632846,-5.020838,23.847355,10.221481,-5.0097647,1.5308262,-12.365924,-10.01401,3.512661,61.47756,-15.742501,6.2303414,-6.4446936,-10.670351,26.838371,-23.965519,59.45588,0.43756974,-27.359161,48.641968,60.211174
1042,-11.056529998779297,-645.6763916015625,63.043670654296875,4.813146340737718,-1.062681490176338,-105.61240410854776,-6.3660064,-5.0255923,23.783587,10.103749,-5.105309,1.4882942,-12.388963,-9.808654,3.5174193,59.877144,-16.250221,6.451116,-6.535639,-11.6615505,26.928474,-23.589651,59.52464,0.6772672,-27.339184,48.434128,60.427685
1043,-11.055495262145996,-645.9011840820312,63.081024169921875,4.718733127716969,-1.0982854735527052,-105.56902205502622,-6.100013,-5.02099,23.711954,9.9607115,-5.18236,1.4408363,-12.358899,-9.614298,3.451015,58.075092,-16.66918,6.6642623,-6.623792,-12.767442,27.028217,-23.19899,59.67227,0.974567,-27.318054,48.217678,60.564686
1044,-11.06546401977539,-646.1198120117188,63.1153564453125,4.631819269433663,-1.12437395052511,-105.51969293434765,-5.8544807,-5.0155516,23.63601,9.83471,-5.266028,1.4063127,-12.290805,-9.453029,3.2998888,56.110584,-17.03406,6.7697387,-6.6805973,-13.837972,27.137259,-22.829048,59.7476,1.2887555,-27.297836,48.024868,60.64597
1045,-11.079047203063965,-646.32568359375,63.14790725708008,4.556458179119741,-1.1440506572574667,-105.4651135306381,-5.6314282,-5.0119762,23.555073,9.738068,-5.3624043,1.3943372,-12.1856,-9.332159,3.0551534,53.98818,-17.361897,6.743688,-6.6843195,-14.826907,27.252989,-22.493086,59.6949,1.606323,-27.28023,47.87583,60.6856
1046,-11.090961456298828,-646.5264282226562,63.177574157714844,4.489718775544264,-1.1590243763785077,-105.4072682543164,-5.425338,-5.0091114,23.47127,9.6629095,-5.46741,1.3939028,-12.035998,-9.235805,2.7301087,51.696335,-17.639174,6.647144,-6.6333036,-15.728803,27.372007,-22.19367,59.512745,1.9230279,-27.266172,47.779655,60.68778
1047,-11.106854438781738,-646.7271118164062,63.201499938964844,4.432377867993513,-1.1700574840737687,-105.34487936949591,-5.226715,-5.009985,23.386625,9.589334,-5.571433,1.3928156,-11.837943,-9.154422,2.3384495,49.239307,-17.84888,6.505208,-6.547237,-16.545397,27.498718,-21.9328,59.218483,2.2266104,-27.255302,47.735874,60.660828
1048,-11.124738693237305,-646.9224853515625,63.2242317199707,4.378237404012549,-1.178826474163941,-105.27447547787517,-5.026893,-5.0166283,23.300505,9.501986,-5.6692185,1.3805237,-11.582747,-9.0764265,1.890919,46.615143,-17.969883,6.3434386,-6.4482117,-17.278652,27.629076,-21.717491,58.828197,2.5032816,-27.247885,47.73983,60.615986
1049,-11.1490478515625,-647.118408203125,63.247703552246094,4.343735943544778,-1.1809542932054093,-105.19217098212712,-4.831588,-5.0433497,23.21269,9.410043,-5.76689,1.3523954,-11.240888,-9.017621,1.378903,43.65414,-18.000435,6.2306466,-6.3268056,-17.926579,27.77037,-21.548985,58.323807,2.7550292,-27.243696,47.791103,60.55755
1050,-11.171928405761719,-647.3159790039062,63.26753616333008,4.322497015519077,-1.1768321187546174,-105.09725345248057,-4.637434,-5.08654,23.119318,9.30332,-5.8576064,1.3163104,-10.817589,-8.967711,0.7924015,40.39646,-17.943634,6.141185,-6.1773744,-18.48542,27.924507,-21.424866,57.69869,2.9853978,-27.243141,47.89105,60.480446
1051,-11.197731971740723,-647.5083618164062,63.28302764892578,4.2836238651424825,-1.173722864099585,-104.99350203349934,-4.431413,-5.1171083,23.018375,9.156406,-5.9240527,1.2771441,-10.372532,-8.884666,0.14648803,37.176533,-17.799358,5.947318,-6.026074,-18.971329,28.079712,-21.347776,57.006523,3.1904476,-27.24549,48.03047,60.375046
1052,-11.209285736083984,-647.7008056640625,63.30167770385742,4.200884368883476,-1.1792399974782912,-104.88398480956032,-4.2027874,-5.106114,22.908037,8.952748,-5.954273,1.2391413,-9.973852,-8.7325,-0.5403012,34.35245,-17.58462,5.5123687,-5.8943152,-19.416494,28.227058,-21.323341,56.318504,3.3731916,-27.248638,48.192238,60.228264
1053,-11.21632194519043,-647.8875122070312,63.332550048828125,4.036176519883211,-1.1987328856500563,-104.77049980264536,-3.9436486,-5.0145383,22.790182,8.680843,-5.940566,1.2011613,-9.662261,-8.467605,-1.33405,31.954062,-17.24366,4.612697,-5.7820334,-19.852972,28.375925,-21.37086,55.671722,3.5631979,-27.250807,48.368744,59.99946
1054,-11.233865737915039,-648.0682373046875,63.35719680786133,3.8075728272953664,-1.2247473334177301,-104.65284326556507,-3.6702254,-4.8552823,22.668612,8.380278,-5.906598,1.159196,-9.41649,-8.117614,-2.2262423,29.85466,-16.822853,3.3714607,-5.674165,-20.290829,28.536476,-21.505215,55.052914,3.7658315,-27.251457,48.55737,59.6909
1055,-11.26781177520752,-648.2396850585938,63.419734954833984,3.4998633905840206,-1.2370234519507353,-104.4360883061699,-3.4433508,-4.6075954,22.447952,8.14166,-5.891919,1.1139907,-9.127452,-7.7059503,-3.1902874,27.990837,-16.386395,2.1631835,-5.6827374,-20.888712,28.836763,-21.867582,54.521896,3.9327347,-27.24996,48.859478,59.29218
1056,-11.318262100219727,-648.3924560546875,63.473384857177734,3.3910165171389957,-1.2602905922528043,-104.36234859153485,-3.2284544,-4.5431757,22.375412,8.002158,-5.9512577,1.0696383,-8.973099,-7.5226264,-3.7600262,26.933565,-16.318596,1.3878161,-5.504167,-21.197365,28.981113,-22.060734,53.871185,4.0112715,-27.248577,48.995304,59.10713
1057,-11.367244720458984,-648.5509643554688,63.50461959838867,3.4002986661923362,-1.271903669952588,-104.26998914756828,-3.0555344,-4.5877943,22.28192,7.9336605,-6.0483556,1.0232604,-8.795807,-7.5214024,-4.0349684,26.561014,-16.540884,1.1872088,-5.307987,-21.42121,29.12136,-22.270046,53.10899,3.9967299,-27.248652,49.11612,59.02298
1058,-11.39455509185791,-648.7046508789062,63.48633575439453,3.5138897034171412,-1.2782890440347283,-104.16962493365246,-2.9232755,-4.729584,22.18059,7.9443974,-6.1902556,0.9777555,-8.65456,-7.6909976,-4.090198,26.846378,-17.001957,1.3377275,-5.097649,-21.530973,29.252916,-22.472328,52.24962,3.8854878,-27.250628,49.21512,59.0456
1059,-11.41164779663086,-648.8693237304688,63.450286865234375,3.6611032644729486,-1.291709186711369,-104.07997746923044,-2.7914007,-4.901967,22.0904,7.96258,-6.3324924,0.93624127,-8.51092,-7.922816,-4.044082,27.327452,-17.491436,1.6454986,-4.859458,-21.54385,29.37516,-22.657652,51.363865,3.7187948,-27.254124,49.298946,59.120304
1060,-11.428763389587402,-649.0292358398438,63.4237174987793,3.749591700590214,-1.3206975354675143,-104.02363200744729,-2.6219027,-5.022253,22.032534,7.9171467,-6.432713,0.900468,-8.299943,-8.074981,-4.0164394,27.481413,-17.767231,1.9214798,-4.592643,-21.520557,29.488121,-22.833797,50.564247,3.54524,-27.258253,49.38596,59.168278
1061,-11.448511123657227,-649.1593017578125,63.42036056518555,3.73065428835744,-1.3724641687830055,-104.02024504611175,-2.4158475,-5.0326605,22.029028,7.8300705,-6.502425,0.86744756,-7.9654226,-8.077666,-4.0130157,27.097006,-17.70587,2.1574984,-4.2689385,-21.482357,29.59541,-23.01435,49.891273,3.4027276,-27.261877,49.48778,59.14416
1062,-11.47217845916748,-649.2904052734375,63.444580078125,3.642709291123271,-1.435055315782543,-104.06885095913489,-2.1995115,-4.9647927,22.078821,7.745183,-6.57111,0.83436996,-7.548531,-7.9910426,-3.9676754,26.441053,-17.43678,2.4335625,-3.9214692,-21.471674,29.699324,-23.214914,49.360027,3.2653673,-27.265083,49.616325,59.0618
1063,-11.494426727294922,-649.4282836914062,63.48236846923828,3.4818853189906953,-1.5321534940695227,-104.20329468491329,-1.9703479,-4.8019986,22.210356,7.7325754,-6.685668,0.79905516,-7.0570583,-7.8067923,-3.8616931,25.611849,-17.027122,2.691308,-3.4740703,-21.481936,29.887869,-23.565115,48.91546,3.068647,-27.266163,49.83942,58.965824
1064,-11.515815734863281,-649.5706787109375,63.513671875,3.371900778318409,-1.59561680160009,-104.26020712594932,-1.77799,-4.7001486,22.261148,7.710151,-6.7867093,0.7781704,-6.6524315,-7.692535,-3.8388731,24.97982,-16.74283,2.8962402,-3.18471,-21.46709,29.969868,-23.718512,48.61627,2.8816729,-27.266613,49.95037,58.84108
1065,-11.542693138122559,-649.7119140625,63.54381561279297,3.2607811371169664,-1.6759592210347578,-104.31241411857893,-1.586,-4.5928164,22.295763,7.7366624,-6.917105,0.7689276,-6.262686,-7.577262,-3.8551815,24.462246,-16.51417,3.022034,-2.8897424,-21.385775,30.043507,-23.872114,48.3449,2.6146235,-27.267788,50.07393,58.75245
1066,-11.572093963623047,-649.8521118164062,63.56934356689453,3.1466951724274037,-1.7762336857287666,-104.35551885961563,-1.3894947,-4.47795,22.31318,7.7955976,-7.0622077,0.76986283,-5.873118,-7.4584336,-3.9043655,24.003788,-16.303219,3.097492,-2.5895278,-21.215864,30.106718,-24.005724,48.10312,2.2981553,-27.268793,50.196213,58.690876
1067,-11.59419059753418,-649.9933471679688,63.590450286865234,3.03295738135265,-1.8724870735645989,-104.385400335314,-1.2046412,-4.3591638,22.316492,7.86799,-7.211864,0.7717065,-5.493128,-7.337366,-3.9706693,23.56432,-16.099808,3.1461515,-2.3637848,-21.037819,30.15916,-24.114664,47.958347,1.9318159,-27.26924,50.31247,58.607876
1068,-11.619726181030273,-650.123291015625,63.61166763305664,2.9090862699346642,-1.9580408623583228,-104.40204581854397,-1.0330615,-4.2247434,22.311926,7.9393177,-7.354986,0.76629895,-5.107649,-7.199263,-4.03779,23.08132,-15.877684,3.1917388,-2.1918106,-20.813406,30.199093,-24.173658,47.872326,1.5452696,-27.267263,50.38038,58.460514
1069,-11.652085304260254,-650.2562866210938,63.63722610473633,2.7528419689162718,-2.0269057916147832,-104.3917723444777,-0.87928826,-4.0526595,22.28746,8.003895,-7.4848447,0.752058,-4.6883354,-7.0183654,-4.1176596,22.479095,-15.59288,3.2407691,-2.0759625,-20.44236,30.252935,-24.14145,47.752422,1.125201,-27.253187,50.3456,58.233116
1070,-11.693022727966309,-650.3776245117188,63.66960906982422,2.6062949340813026,-2.024725901531362,-104.34232050790777,-0.7785831,-3.8965557,22.229317,8.019947,-7.582208,0.7351868,-4.3290377,-6.8450685,-4.2223783,21.880772,-15.319444,3.2886448,-1.985163,-19.798319,30.334114,-23.839468,47.41981,0.80506027,-27.208607,50.00049,57.89839
1071,-11.735305786132812,-650.499267578125,63.703369140625,2.466710482362184,-2.009342438133286,-104.29620183908527,-0.68027616,-3.7492268,22.177244,8.002777,-7.659542,0.71472,-3.9855487,-6.671717,-4.320679,21.28663,-15.051264,3.329249,-1.8667312,-19.008314,30.35672,-23.463617,47.021084,0.5195055,-27.172901,49.521767,57.503353
1072,-11.777453422546387,-650.61474609375,63.73281478881836,2.330418183145696,-1.9952518217974213,-104.26510512655689,-0.58944845,-3.5982966,22.142757,8.00383,-7.75049,0.68868774,-3.6494207,-6.496423,-4.4093595,20.70196,-14.79479,3.3550694,-1.7475384,-18.325863,30.324686,-23.203836,46.774925,0.20824616,-27.148949,49.03737,57.077938
1073,-11.825583457946777,-650.7227172851562,63.75978088378906,2.193189661098817,-2.002676000598363,-104.25636262093244,-0.49343076,-3.43757,22.133152,8.03484,-7.8593626,0.6572817,-3.3029814,-6.3143334,-4.4889917,20.119766,-14.546435,3.3566177,-1.5975573,-17.76276,30.194618,-23.09223,46.71086,-0.15054315,-27.143122,48.59792,56.648464
1074,-11.86340045928955,-650.82470703125,63.78257369995117,2.0552103146986624,-2.0123277233638994,-104.25934152154323,-0.40401307,-3.2676477,22.138641,8.085226,-7.980549,0.6206489,-2.957484,-6.124351,-4.5640135,19.53173,-14.301746,3.33804,-1.4382095,-17.195877,30.028885,-23.02408,46.705223,-0.5377196,-27.14128,48.13894,56.197556
1075,-11.900198936462402,-650.9262084960938,63.8009147644043,1.9205877032756198,-2.0238833621754093,-104.26697165080715,-0.31822857,-3.0994306,22.151289,8.142902,-8.106689,0.5799815,-2.6226103,-5.9383245,-4.6276164,18.959177,-14.068018,3.3112988,-1.2728394,-16.570896,29.851322,-22.989004,46.69812,-0.9300267,-27.141827,47.641327,55.719913
1076,-11.949771881103516,-651.0277099609375,63.82086181640625,1.7951829169478244,-2.0319510293660286,-104.27238845719876,-0.23907323,-2.9424717,22.163134,8.203431,-8.236776,0.5361677,-2.310777,-5.7677116,-4.673382,18.424423,-13.853463,3.2908115,-1.1262828,-15.935785,29.67252,-23.030119,46.72192,-1.3157772,-27.14498,47.108387,55.20681
1077,-11.991620063781738,-651.123046875,63.83759307861328,1.6830731885565426,-2.0334312547590256,-104.27320504916021,-0.16257195,-2.8036351,22.171274,8.247539,-8.362165,0.4879682,-2.024728,-5.6164107,-4.696227,17.930101,-13.660831,3.2811658,-0.987155,-15.252112,29.494244,-23.131144,46.734962,-1.650575,-27.14888,46.470516,54.62373
1078,-12.028915405273438,-651.2244873046875,63.84981918334961,1.5793039534084101,-2.029409449755169,-104.27314547478493,-0.090511866,-2.6768892,22.180088,8.283278,-8.48653,0.4355216,-1.757899,-5.477257,-4.701006,17.46158,-13.482567,3.2763155,-0.8565922,-14.535217,29.314804,-23.290684,46.7561,-1.9597825,-27.154642,45.76118,53.985218
1079,-12.060033798217773,-651.306640625,63.85626983642578,1.4834099927415045,-2.030998637424916,-104.27469938978454,-0.02045212,-2.5557485,22.192633,8.330512,-8.61496,0.38218024,-1.5006678,-5.3468223,-4.6963897,17.021048,-13.31619,3.2762272,-0.7370554,-13.788587,29.137144,-23.514503,46.799976,-2.3007803,-27.164644,45.08021,53.35453
1080,-12.09634017944336,-651.39453125,63.86445617675781,1.390771873663739,-2.0471006495603272,-104.28005034529315,0.043943457,-2.432228,22.211935,8.418127,-8.758788,0.33095863,-1.2430997,-5.2214265,-4.6910515,16.601677,-13.155976,3.280011,-0.64263564,-13.046529,28.964748,-23.821466,46.90799,-2.7480915,-27.1821,44.545677,52.799072
1081,-12.128328323364258,-651.4755859375,63.87083053588867,1.298687961492813,-2.0868767803985153,-104.29011035911867,0.10755673,-2.3015099,22.240501,8.554127,-8.919939,0.28206193,-0.9788436,-5.0986633,-4.6830897,16.20667,-12.99791,3.2875173,-0.58502513,-12.284772,28.797419,-24.198393,47.074028,-3.3899047,-27.212507,44.255848,52.3752
1082,-12.154638290405273,-651.5498657226562,63.87339782714844,1.21169995721367,-2.1422997946287263,-104.30363455379235,0.1673508,-2.168466,22.276173,8.727507,-9.095316,0.23394863,-0.714322,-4.981562,-4.6689687,15.834192,-12.84415,3.2995927,-0.5598412,-11.489304,28.63562,-24.632149,47.27703,-4.174308,-27.253016,44.13105,52.038742
1083,-12.180449485778809,-651.6173095703125,63.87506103515625,1.13264119322211,-2.198337365121169,-104.31921678029853,0.22525646,-2.0458963,22.314243,8.900617,-9.266623,0.1874912,-0.46286833,-4.8762574,-4.6544604,15.489912,-12.704413,3.3158545,-0.5420393,-10.685885,28.48157,-25.135849,47.51284,-4.954605,-27.293648,44.00769,51.705112
1084,-12.204948425292969,-651.6910400390625,63.876033782958984,1.0684222188141703,-2.2407733467583366,-104.33579642952724,0.2829684,-1.9451737,22.349915,9.039368,-9.417115,0.14347933,-0.23868752,-4.788188,-4.645292,15.181598,-12.587831,3.33497,-0.49775156,-9.900536,28.336897,-25.730188,47.774693,-5.583504,-27.32492,43.718533,51.29574
1085,-12.223400115966797,-651.7642211914062,63.876033782958984,1.0210494150299956,-2.271223531989156,-104.35293493194409,0.34498265,-1.870975,22.382988,9.137418,-9.544386,0.10442657,-0.041200593,-4.7218046,-4.644514,14.914436,-12.501135,3.3580976,-0.4120768,-9.142278,28.202908,-26.452747,48.065475,-6.00704,-27.34343,43.192406,50.782223
1086,-12.246519088745117,-651.8304443359375,63.877017974853516,0.9873400089755883,-2.2968406406518223,-104.37133695040896,0.40985665,-1.8162607,22.415642,9.212403,-9.65629,0.06908416,0.13581659,-4.6733837,-4.6485143,14.68374,-12.437757,3.3838036,-0.29837555,-8.404434,28.076689,-27.295614,48.391945,-6.300963,-27.354485,42.52084,50.206573
1087,-12.277318954467773,-651.8967895507812,63.878501892089844,0.9630940837114983,-2.3129006772407883,-104.39108465804463,0.47074148,-1.7743847,22.446514,9.268059,-9.753582,0.03274987,0.28910473,-4.6365185,-4.6533732,14.48528,-12.391938,3.4074507,-0.16430025,-7.6775513,27.954582,-28.203281,48.744884,-6.514449,-27.361553,41.785145,49.59859
1088,-12.300359725952148,-651.9642944335938,63.87873840332031,0.9443083460619481,-2.3150215669559095,-104.41193351287036,0.5202121,-1.7387123,22.474718,9.309658,-9.838404,-0.009208525,0.41468516,-4.6044674,-4.655079,14.313505,-12.35641,3.424965,-0.015553505,-6.9531794,27.833921,-29.12182,49.11478,-6.7042804,-27.368347,41.07059,48.992268
1089,-12.322830200195312,-652.019287109375,63.8784294128418,0.9328967257143181,-2.3025484200845154,-104.43740855566125,0.5640811,-1.7142757,22.502033,9.321247,-9.901847,-0.062250555,0.50831205,-4.579726,-4.650085,14.176201,-12.333887,3.4341123,0.15126067,-6.2347765,27.717108,-30.061443,49.50642,-6.8627663,-27.373335,40.380947,48.38781
1090,-12.344317436218262,-652.0748901367188,63.876163482666016,0.930216438563989,-2.2786130188820852,-104.46639268526799,0.59650475,-1.6989707,22.52827,9.324575,-9.956741,-0.12273761,0.57042164,-4.5651865,-4.6411185,14.080389,-12.330598,3.4374242,0.33894265,-5.52593,27.605717,-31.046316,49.92321,-6.9780416,-27.374647,39.688145,47.774784
1091,-12.370485305786133,-652.1244506835938,63.87551498413086,0.931685629706446,-2.2453480036206184,-104.49211999192758,0.6218661,-1.6893562,22.549887,9.314663,-9.99869,-0.18088815,0.6181585,-4.5538993,-4.6344113,13.993905,-12.329901,3.438802,0.52516776,-4.8102155,27.49613,-32.024796,50.356144,-7.074943,-27.376741,39.009262,47.158134
1092,-12.399273872375488,-652.1753540039062,63.876129150390625,0.9312032222252327,-2.202796843662844,-104.50793364150469,0.6333315,-1.6770607,22.563334,9.30864,-10.036416,-0.22717659,0.66428214,-4.5394793,-4.6361346,13.889784,-12.318626,3.4426746,0.6882467,-4.07349,27.385445,-32.94632,50.794323,-7.186447,-27.38404,38.369644,46.546143
1093,-12.426798820495605,-652.220703125,63.87478256225586,0.9314619063504928,-2.149357856093093,-104.51011194644772,0.61947066,-1.6582752,22.565302,9.331304,-10.083164,-0.25530446,0.7082495,-4.522311,-4.649328,13.76868,-12.298241,3.4525304,0.81631947,-3.3091133,27.27294,-33.81128,51.240185,-7.319688,-27.397646,37.76468,45.933052
1094,-12.451276779174805,-652.2606811523438,63.87427520751953,0.9313579315668612,-2.0857969003485213,-104.50275720210432,0.5929233,-1.6409482,22.558432,9.352523,-10.122807,-0.27140933,0.74689174,-4.5050535,-4.670428,13.635743,-12.269876,3.4657354,0.921099,-2.5233383,27.160213,-34.637825,51.69661,-7.4489927,-27.415344,37.179306,45.31092
1095,-12.476173400878906,-652.2950439453125,63.877220153808594,0.9307910845638918,-2.011570436315884,-104.49110689321721,0.55215037,-1.6207471,22.548195,9.377598,-10.160925,-0.28555858,0.77556014,-4.4850974,-4.6948504,13.499992,-12.238608,3.476404,1.0194992,-1.7229687,27.048016,-35.40455,52.151306,-7.5682793,-27.435999,36.628452,44.690998
1096,-12.504948616027832,-652.3360595703125,63.87995910644531,0.9278266754748523,-1.928081510997853,-104.48003019125593,0.50432926,-1.597097,22.540321,9.394363,-10.193697,-0.30759016,0.7900769,-4.4601784,-4.7179317,13.3713875,-12.209691,3.4787323,1.1243801,-0.9064056,26.936867,-36.080532,52.588818,-7.6649046,-27.45801,36.123966,44.079445
1097,-12.528993606567383,-652.35888671875,63.881492614746094,0.9201112798664718,-1.8298322139623362,-104.47187763564071,0.44226053,-1.5681046,22.536823,9.405918,-10.222331,-0.33996648,0.78527707,-4.429,-4.737941,13.247772,-12.182653,3.4697695,1.23477,-0.065181516,26.825323,-36.65433,53.00656,-7.7355185,-27.480713,35.666473,43.467854
1098,-12.556309700012207,-652.3824462890625,63.88510513305664,0.9092719571170939,-1.7174148733612815,-104.46356484532356,0.36629888,-1.5354034,22.534521,9.41381,-10.247257,-0.37767485,0.7637932,-4.3930054,-4.7574787,13.124779,-12.154318,3.4531019,1.3481662,0.7993136,26.713152,-37.143166,53.40846,-7.79521,-27.505138,35.2554,42.862083
1099,-12.588294982910156,-652.4188232421875,63.88808059692383,0.8965016180953475,-1.60264582767903,-104.45232488453006,0.28602505,-1.4980603,22.531126,9.424112,-10.273286,-0.41910207,0.73927003,-4.352385,-4.7790256,13.002815,-12.124634,3.4328463,1.4582738,1.6735697,26.602266,-37.550175,53.79689,-7.8299856,-27.5312,34.887978,42.264393
1100,-12.619742393493652,-652.448486328125,63.890438079833984,0.8793957123467541,-1.4969310295639662,-104.43605042187717,0.21049973,-1.4551022,22.524458,9.442439,-10.304978,-0.46257415,0.72263014,-4.3074675,-4.8047037,12.884096,-12.093128,3.412788,1.5670357,2.5420759,26.494764,-37.883957,54.171593,-7.846201,-27.559374,34.572777,41.693493
1101,-12.651586532592773,-652.4774169921875,63.892616271972656,0.8564282498026556,-1.400586374169909,-104.41735673392611,0.14019309,-1.4044833,22.517982,9.471758,-10.345845,-0.50997263,0.71628404,-4.255949,-4.8325887,12.764088,-12.055036,3.3953166,1.6669586,3.411967,26.38753,-38.12682,54.540325,-7.838832,-27.59088,34.314877,41.135166
1102,-12.680403709411621,-652.5062255859375,63.893497467041016,0.8293904326847434,-1.3077233877536463,-104.39655488287771,0.069832854,-1.3466647,22.511816,9.510151,-10.393719,-0.561255,0.71408796,-4.198223,-4.8623433,12.642935,-12.011993,3.3780887,1.7647626,4.286479,26.279787,-38.284214,54.898373,-7.8173757,-27.62538,34.113674,40.593914
1103,-12.707736015319824,-652.5282592773438,63.891571044921875,0.8001753155034289,-1.2217110533849591,-104.36697538075813,0.0023599886,-1.2852951,22.497427,9.552813,-10.443431,-0.6127896,0.71809804,-4.1375384,-4.8988132,12.523726,-11.969709,3.357321,1.8650091,5.1474166,26.176119,-38.383217,55.23348,-7.772734,-27.660015,33.950794,40.086555
1104,-12.740943908691406,-652.5498046875,63.8939208984375,0.7722294074815848,-1.1446800779101671,-104.32174849548404,-0.06264008,-1.2222785,22.466959,9.602279,-10.493665,-0.6605593,0.7290527,-4.076787,-4.946911,12.41157,-11.935208,3.3294163,1.9749068,5.976064,26.082716,-38.45314,55.533123,-7.707384,-27.6909,33.815308,39.638794
1105,-12.775182723999023,-652.5770874023438,63.895477294921875,0.7457880860939419,-1.0766642788034275,-104.25865531719087,-0.12360387,-1.1577755,22.417665,9.651692,-10.539998,-0.7017811,0.7473821,-4.0148153,-5.0069613,12.305587,-11.908962,3.2895608,2.0984561,6.766102,25.995516,-38.499546,55.803978,-7.6215663,-27.721119,33.71036,39.251797
1106,-12.808653831481934,-652.5911865234375,63.89657211303711,0.7162913520920372,-1.0168384765540377,-104.18152407415248,-0.18909481,-1.0867019,22.354301,9.723941,-10.597638,-0.7395344,0.77000076,-3.9504595,-5.0764766,12.209619,-11.891275,3.240975,2.2257512,7.532528,25.914852,-38.49999,56.04738,-7.5168395,-27.748735,33.64508,38.91476
1107,-12.841510772705078,-652.591796875,63.897979736328125,0.6895533319675731,-0.9659714943531188,-104.09269829285674,-0.24554828,-1.0178741,22.278873,9.788927,-10.64847,-0.7774192,0.80284923,-3.8867877,-5.1567836,12.113218,-11.875969,3.1922846,2.3604803,8.260243,25.84175,-38.47136,56.265236,-7.3948855,-27.774073,33.605347,38.63386
1108,-12.887290000915527,-652.637451171875,63.89945602416992,0.6688117789998704,-0.9245010844220276,-103.99470602608528,-0.29148328,-0.955481,22.193865,9.844399,-10.690862,-0.8194399,0.8461727,-3.8276138,-5.248872,12.01836,-11.864293,3.1520379,2.507859,8.936303,25.78046,-38.43159,56.45583,-7.2632337,-27.794617,33.579643,38.420433
1109,-12.931283950805664,-652.66357421875,63.89915466308594,0.6565345245920324,-0.8942143701214325,-103.88792056236065,-0.32291898,-0.9028329,22.098825,9.886564,-10.722242,-0.8652334,0.9017798,-3.7759328,-5.353856,11.92585,-11.857941,3.1250095,2.6713583,9.548704,25.727047,-38.38321,56.62418,-7.1208262,-27.81569,33.571423,38.275314
1110,-12.974505424499512,-652.6828002929688,63.898704528808594,0.6494914292132097,-0.8745278922452758,-103.77096429855315,-0.34297913,-0.85678077,21.993055,9.918974,-10.74468,-0.9130768,0.9687535,-3.729005,-5.470878,11.835159,-11.855887,3.105626,2.8433206,10.110265,25.683632,-38.31276,56.769238,-6.96459,-27.834063,33.586807,38.193645
1111,-13.014131546020508,-652.7020263671875,63.89627456665039,0.6431794814656744,-0.860966300534696,-103.64447052739962,-0.35555357,-0.81325316,21.877468,9.942435,-10.7606,-0.9650724,1.0429728,-3.6826746,-5.5981045,11.744029,-11.855367,3.0877817,3.0175369,10.62448,25.647215,-38.22536,56.89745,-6.79835,-27.848396,33.618732,38.16826
1112,-13.05374526977539,-652.7146606445312,63.894264221191406,0.6369502258226768,-0.8489462630023982,-103.50890425654457,-0.37042907,-0.7656581,21.753414,9.970044,-10.779214,-1.0236202,1.1185371,-3.6327686,-5.733619,11.654326,-11.855661,3.0652468,3.187125,11.095978,25.615385,-38.12556,57.014973,-6.621418,-27.85722,33.6571,38.189957
1113,-13.09060001373291,-652.7205200195312,63.89387130737305,0.6275300653047932,-0.8394541138001727,-103.3625699176353,-0.38181728,-0.7149467,21.619076,9.990003,-10.794899,-1.091252,1.1978433,-3.5780182,-5.878909,11.562108,-11.854624,3.03826,3.3498924,11.526302,25.587164,-38.00641,57.121372,-6.4286785,-27.859882,33.693142,38.2593
1114,-13.13944149017334,-652.7393188476562,63.892208099365234,0.6171756443616446,-0.8331130294165489,-103.2056378436463,-0.39044398,-0.6627255,21.47463,10.004161,-10.807109,-1.166038,1.2822117,-3.5203269,-6.0344706,11.467322,-11.853537,3.0095217,3.5152614,11.909618,25.564306,-37.874146,57.21403,-6.233294,-27.857435,33.73839,38.38912
1115,-13.189268112182617,-652.7578125,63.89221954345703,0.606699757257152,-0.828076549357961,-103.04194252056305,-0.3982641,-0.60946095,21.323267,10.015759,-10.816952,-1.2433406,1.3717395,-3.45999,-6.196785,11.363284,-11.848031,2.9762836,3.6660905,12.254572,25.544607,-37.721424,57.295273,-6.024356,-27.850645,33.805614,38.553593
1116,-13.234962463378906,-652.7769775390625,63.891632080078125,0.5954745474311866,-0.8207881893798424,-102.8751651344621,-0.40933517,-0.55645955,21.168516,10.026368,-10.824117,-1.318157,1.4558264,-3.3988867,-6.361825,11.267141,-11.843888,2.9362981,3.8060765,12.558981,25.528355,-37.564255,57.36712,-5.8110905,-27.841326,33.907085,38.74638
1117,-13.280670166015625,-652.7894287109375,63.89182662963867,0.5830896680254898,-0.8094116727682409,-102.70680875117957,-0.42472512,-0.50287116,21.011137,10.033266,-10.826024,-1.3909975,1.5329844,-3.335148,-6.5283546,11.1737385,-11.836406,2.883531,3.9346695,12.82428,25.515379,-37.395145,57.42285,-5.600934,-27.830778,34.05959,38.972214
1118,-13.326030731201172,-652.80224609375,63.8923454284668,0.5693676683202479,-0.795734661096321,-102.53475328235433,-0.4424567,-0.44847345,20.849333,10.036765,-10.823975,-1.4637402,1.6084287,-3.268602,-6.698628,11.079508,-11.826259,2.8212984,4.051567,13.051177,25.505651,-37.210213,57.462677,-5.386445,-27.817541,34.25069,39.231026
1119,-13.376837730407715,-652.8150024414062,63.89311981201172,0.5581113218860286,-0.7824664802502791,-102.35697027276909,-0.46079272,-0.39516556,20.682426,10.03958,-10.82007,-1.5340848,1.686358,-3.202199,-6.8741183,10.981384,-11.814714,2.7599044,4.152762,13.239239,25.498674,-37.02302,57.50015,-5.1635313,-27.800804,34.46038,39.51701
1120,-13.418295860290527,-652.8275756835938,63.89287185668945,0.5489364090948209,-0.7720893954727325,-102.17191539927212,-0.47773397,-0.34531364,20.509443,10.043878,-10.816786,-1.599651,1.774609,-3.1384022,-7.0564456,10.868934,-11.799785,2.7096596,4.236574,13.387299,25.494102,-36.849777,57.548965,-4.928052,-27.779423,34.668217,39.82419
1121,-13.461172103881836,-652.8457641601562,63.892452239990234,0.5450198590836617,-0.7682886732352631,-101.9797029978427,-0.49124792,-0.29981875,20.331476,10.055182,-10.818241,-1.6567119,1.881142,-3.078647,-7.24536,10.73351,-11.778948,2.676802,4.3020945,13.499324,25.492521,-36.6944,57.604843,-4.66455,-27.752275,34.85587,40.149677
1122,-13.511236190795898,-652.8573608398438,63.891868591308594,0.541649508432414,-0.7684165129522121,-101.7806655526528,-0.5025412,-0.2551288,20.147978,10.068219,-10.820464,-1.7076883,2.0199077,-3.0151935,-7.4417315,10.530885,-11.723158,2.6539738,4.3511286,13.571283,25.494251,-36.55072,57.66582,-4.3790636,-27.720234,35.03782,40.49447
1123,-13.557948112487793,-652.8683471679688,63.88908004760742,0.5524165675058336,-0.7678471197389539,-101.57671305313025,-0.5151634,-0.22470209,19.960062,10.0786295,-10.818936,-1.7586865,2.077439,-2.9774294,-7.6386595,10.529723,-11.787193,2.6352985,4.3856745,13.611741,25.496647,-36.41144,57.728046,-4.0996523,-27.687384,35.243275,40.871075
1124,-13.60583782196045,-652.8803100585938,63.88717269897461,0.5598018625875602,-0.7597435498858878,-101.36320348943454,-0.5352264,-0.19137764,19.762434,10.081362,-10.808178,-1.8165542,2.1318746,-2.9338238,-7.8446536,10.517408,-11.840501,2.609317,4.393777,13.604087,25.498774,-36.26354,57.822376,-3.822688,-27.654953,35.48721,41.248943
1125,-13.652382850646973,-652.8927612304688,63.886173248291016,0.5630129107100199,-0.7425221608705119,-101.13564622937953,-0.565744,-0.15251987,19.550692,10.077196,-10.786859,-1.8871955,2.17671,-2.8825948,-8.063954,10.506703,-11.889037,2.573075,4.372153,13.541846,25.500591,-36.111065,57.958645,-3.566724,-27.623535,35.78321,41.6429
1126,-13.70209789276123,-652.89892578125,63.88450241088867,0.5636018148166914,-0.7193885569441985,-100.89608514686972,-0.6031895,-0.109920226,19.327282,10.067695,-10.757503,-1.9657425,2.2233644,-2.8246765,-8.294873,10.478781,-11.924535,2.531389,4.322664,13.429736,25.50287,-35.95578,58.127735,-3.3207884,-27.592022,36.118805,42.052364
1127,-13.75418472290039,-652.8995361328125,63.88270950317383,0.5639508973686175,-0.6907542673983916,-100.65399855411624,-0.64558125,-0.06886165,19.100468,10.052859,-10.722709,-2.0429115,2.260491,-2.7673812,-8.528004,10.459315,-11.963201,2.487631,4.2555156,13.277295,25.505371,-35.791325,58.313442,-3.0686355,-27.560078,36.4828,42.458275
1128,-13.806986808776855,-652.9066162109375,63.882171630859375,0.5675415452605796,-0.6560209277742484,-100.41857670981165,-0.6924865,-0.03251815,18.878265,10.032354,-10.6835375,-2.1094887,2.291901,-2.71326,-8.754991,10.433383,-11.996733,2.4443128,4.1817193,13.090638,25.508099,-35.61334,58.501728,-2.802571,-27.528454,36.868633,42.84796
1129,-13.851362228393555,-652.9078369140625,63.88286209106445,0.577293783596092,-0.6114698762664854,-100.19207009050474,-0.7466375,-0.0029429283,18.662495,10.006128,-10.639792,-2.1617503,2.3066647,-2.6658537,-8.973304,10.419642,-12.03648,2.4032435,4.104852,12.864883,25.510841,-35.420433,58.695015,-2.5133138,-27.49644,37.27068,43.214016
1130,-13.902860641479492,-652.909423828125,63.88386917114258,0.5892804747191511,-0.5586219874695686,-99.9696495560004,-0.80686027,0.022344124,18.448875,9.972907,-10.589908,-2.205003,2.3131242,-2.6207762,-9.187882,10.401009,-12.071515,2.3622625,4.0183887,12.597984,25.513784,-35.2149,58.90018,-2.209451,-27.464716,37.69365,43.567245
1131,-13.955098152160645,-652.911376953125,63.88450241088867,0.6021647525418912,-0.5040061723715681,-99.7499097088584,-0.8687986,0.045327082,18.236767,9.936175,-10.537256,-2.2436101,2.314956,-2.5776017,-9.399807,10.385524,-12.107123,2.3194764,3.922149,12.301054,25.517729,-35.001293,59.106083,-1.9088348,-27.434278,38.145237,43.91958
1132,-14.002105712890625,-652.9065551757812,63.88431930541992,0.61639501266801,-0.45460825443255487,-99.5312838151108,-0.9265645,0.06772575,18.025562,9.90073,-10.487318,-2.281878,2.3175807,-2.5351849,-9.610177,10.377942,-12.146007,2.2726204,3.812797,11.98764,25.523129,-34.780334,59.30168,-1.620096,-27.405998,38.62892,44.2759
1133,-14.048925399780273,-652.9078369140625,63.884700775146484,0.6306594715432323,-0.41295459143207003,-99.31225320575591,-0.9789717,0.09076451,17.81389,9.86893,-10.442859,-2.3209805,2.3271093,-2.4920003,-9.82041,10.369568,-12.183278,2.2188401,3.688186,11.655024,25.530317,-34.554058,59.493214,-1.345684,-27.379772,39.147514,44.640297
1134,-14.100386619567871,-652.9089965820312,63.883262634277344,0.6477789111278285,-0.37512535994501467,-99.09414251508174,-1.0284481,0.11218585,17.60266,9.836471,-10.399775,-2.3585048,2.33293,-2.4511418,-10.028971,10.377691,-12.229329,2.1604366,3.550705,11.298267,25.53913,-34.321857,59.68334,-1.0799365,-27.355095,39.69878,45.008873
1135,-14.151968002319336,-652.91015625,63.882972717285156,0.6642984190005178,-0.33804823818115093,-98.87925446727813,-1.0771523,0.13238603,17.39388,9.802835,-10.355127,-2.3936622,2.3400798,-2.4105365,-10.234674,10.379197,-12.2700205,2.1015477,3.4053724,10.925016,25.549372,-34.081932,59.857677,-0.82517856,-27.332283,40.280224,45.378277
1136,-14.19803524017334,-652.9055786132812,63.88488006591797,0.684201197829195,-0.3041229653155034,-98.71065749825729,-1.1119578,0.1486337,17.230772,9.755415,-10.303171,-2.4270988,2.3332462,-2.3763504,-10.39411,10.400054,-12.314617,2.0465398,3.5320852,10.449385,25.561644,-34.081978,60.013454,-0.3552588,-27.33219,40.49402,45.666313
1137,-14.242637634277344,-652.8941040039062,63.88667678833008,0.7021607968948886,-0.2535108224304843,-98.4658713602445,-1.1834675,0.16615461,16.990564,9.725374,-10.244449,-2.453461,2.3372028,-2.3342452,-10.631515,10.381915,-12.347052,1.9980503,3.1282117,10.135795,25.574675,-33.59784,60.116684,-0.33351672,-27.296427,41.505936,46.099194
1138,-14.286333084106445,-652.8900756835938,63.887969970703125,0.7249732897160016,-0.21355283628293534,-98.3051025030205,-1.2230837,0.17754342,16.833973,9.670796,-10.177663,-2.4791946,2.3225286,-2.3030748,-10.784179,10.397175,-12.38672,1.9518663,3.2737143,9.623394,25.588383,-33.601852,60.216316,0.13426782,-27.296724,41.7503,46.38421
1139,-14.33991813659668,-652.8853149414062,63.888519287109375,0.7454320972550408,-0.1587841929477428,-98.07190957328692,-1.2944484,0.19070706,16.603937,9.62782,-10.105806,-2.5002112,2.3242245,-2.2620337,-11.011074,10.363937,-12.407168,1.908409,2.8320084,9.304717,25.604965,-33.06646,60.264244,0.09944545,-27.26194,42.864338,46.82349
1140,-14.388155937194824,-652.8811645507812,63.889564514160156,0.7725772537533946,-0.1277410782534931,-97.98108828932754,-1.3116629,0.19612923,16.515213,9.559382,-10.038849,-2.5256398,2.2894518,-2.2438064,-11.094868,10.416138,-12.455114,1.8645931,3.071709,8.872941,25.614302,-33.065147,60.22058,0.54441506,-27.261974,43.01153,47.109486
1141,-14.427971839904785,-652.8634643554688,63.891273498535156,0.7860248190156658,-0.07285520613859317,-97.69937374570526,-1.4065727,0.21692976,16.233019,9.553687,-9.9853115,-2.5441897,2.3087292,-2.1944072,-11.374057,10.355091,-12.461555,1.8238518,2.5095472,8.540952,25.634645,-32.470764,60.2393,0.47431383,-27.235682,44.202827,47.505245
1142,-14.466136932373047,-652.85302734375,63.891536712646484,0.8109083320049834,-0.045663749579881424,-97.613011865221,-1.4203672,0.22226223,16.14533,9.485198,-9.919927,-2.5673192,2.2804017,-2.176451,-11.456975,10.395271,-12.49637,1.7826655,2.742791,8.1247,25.642895,-32.457855,60.116318,0.8878213,-27.235977,44.341705,47.775806
1143,-14.508808135986328,-652.847900390625,63.89182662963867,0.8234191470204926,0.004276649366342695,-97.34811223106179,-1.5093149,0.24194229,15.877793,9.478473,-9.868379,-2.5850666,2.3004146,-2.128668,-11.720864,10.331696,-12.496123,1.7440356,2.162215,7.847426,25.663393,-31.809309,60.038635,0.795434,-27.217205,45.519077,48.1407
1144,-14.555758476257324,-652.8432006835938,63.89196014404297,0.8450385034335403,0.024730187865275845,-97.27142220118579,-1.5184005,0.24769445,15.799089,9.411653,-9.80637,-2.6102796,2.272723,-2.1114974,-11.793517,10.375592,-12.532305,1.7030215,2.368881,7.454191,25.671476,-31.798578,59.852787,1.1682806,-27.217625,45.648438,48.393642
1145,-14.600915908813477,-652.8310546875,63.892372131347656,0.8597183822356603,0.046240361895370875,-97.08563455144186,-1.5634232,0.26388147,15.6105995,9.384936,-9.755255,-2.6355376,2.2842743,-2.0744855,-11.975175,10.359911,-12.551398,1.662396,2.3443317,6.9649506,25.69008,-31.77041,59.75205,1.4774686,-27.221672,45.99481,48.623764
1146,-14.63883113861084,-652.818115234375,63.893157958984375,0.8722794397705065,0.06926819778895241,-96.90077264283433,-1.6096641,0.27758843,15.422385,9.353779,-9.703477,-2.6630569,2.2869287,-2.0404658,-12.155549,10.357643,-12.579338,1.6218803,1.6856831,6.860756,25.723228,-31.010809,59.508476,1.2161046,-27.198612,47.297867,49.00738
1147,-14.671154022216797,-652.812255859375,63.89361572265625,0.8909453445426422,0.07784049831990948,-96.83875580174627,-1.6093041,0.2848731,15.358206,9.287348,-9.646049,-2.69367,2.2603645,-2.0240786,-12.211145,10.412277,-12.623466,1.5803405,1.8437704,6.5060525,25.731411,-31.007948,59.23288,1.5240871,-27.199013,47.414406,49.230415
1148,-14.705557823181152,-652.7935791015625,63.89422607421875,0.9081220647429878,0.08711506601186429,-96.75087309227135,-1.6189071,0.2941092,15.269463,9.233064,-9.588959,-2.7196114,2.247136,-2.0028248,-12.293162,10.440014,-12.654302,1.5396255,1.9211353,6.1221604,25.743208,-30.995922,58.968243,1.7963933,-27.200245,47.577354,49.44191
1149,-14.746657371520996,-652.775390625,63.894962310791016,0.9254020668184657,0.09988338667533934,-96.65230584029202,-1.6368221,0.3059017,15.1728115,9.186685,-9.530036,-2.741448,2.2366002,-1.9790075,-12.385489,10.457066,-12.679263,1.4980632,1.9382803,5.7451763,25.756502,-30.95745,58.67863,2.0162826,-27.20131,47.75509,49.650433
1150,-14.785808563232422,-652.763671875,63.89663314819336,0.941171439398608,0.1263741422744348,-96.47685903183614,-1.6887395,0.32184845,15.001141,9.161953,-9.471133,-2.758313,2.2436588,-1.9431825,-12.555073,10.426625,-12.686876,1.4569762,1.7506983,5.363771,25.779232,-30.818132,58.384773,2.1347847,-27.201708,48.06987,49.858353
1151,-14.818443298339844,-652.745849609375,63.89802551269531,0.9590228016500526,0.13956093823781213,-96.41333802087024,-1.7014006,0.33250555,14.941315,9.112418,-9.410905,-2.7754383,2.2268145,-1.922975,-12.61229,10.439977,-12.703918,1.4176579,1.7396486,5.0682635,25.7908,-30.71375,58.00774,2.2711096,-27.200356,48.211018,50.060986
1152,-14.85021686553955,-652.73388671875,63.89892578125,0.9781247872394913,0.16705452399406281,-96.2975473532377,-1.7410169,0.34049448,14.827134,9.0729065,-9.351745,-2.7867203,2.2162585,-1.8988352,-12.7232685,10.422131,-12.711566,1.3867556,1.5479525,4.770774,25.813078,-30.475979,57.647236,2.3323421,-27.196234,48.457855,50.256073
1153,-14.881950378417969,-652.715087890625,63.89884948730469,1.0000956774508019,0.1726407057001454,-96.26726923127443,-1.7475516,0.34122506,14.795077,9.025767,-9.29806,-2.7923784,2.193085,-1.8916043,-12.749801,10.44412,-12.729275,1.3674529,1.5160466,4.498104,25.824865,-30.3355,57.272663,2.4127796,-27.193115,48.55852,50.44906
1154,-14.905852317810059,-652.695556640625,63.899085998535156,1.0255564664827417,0.17687409858725367,-96.24692382386584,-1.7545902,0.33673632,14.771187,8.9800205,-9.245625,-2.7917664,2.1667511,-1.8901402,-12.767333,10.466186,-12.745332,1.3572311,1.4571654,4.2098155,25.837553,-30.17299,56.908817,2.4731925,-27.188946,48.636047,50.63275
1155,-14.929798126220703,-652.6766967773438,63.89842224121094,1.0488724206465594,0.18187657435359933,-96.23194635842903,-1.7576385,0.33253613,14.751757,8.928531,-9.193152,-2.7923565,2.1402042,-1.8883152,-12.779937,10.489403,-12.762911,1.3469604,1.3821158,3.928123,25.850904,-29.993412,56.54366,2.5092902,-27.18402,48.690193,50.80772
1156,-14.961224555969238,-652.6522827148438,63.899696350097656,1.067992070946982,0.19205020494448857,-96.2068194857573,-1.754818,0.332595,14.722295,8.861487,-9.135943,-2.8011167,2.1163087,-1.8793738,-12.802528,10.512767,-12.78451,1.3274611,1.2854061,3.662158,25.86527,-29.802128,56.16779,2.5242422,-27.178564,48.722824,50.971214
1157,-14.997346878051758,-652.6298217773438,63.90200424194336,1.0811094056183,0.21077076716573373,-96.15215574642104,-1.7461835,0.33937174,14.663311,8.772189,-9.071392,-2.821723,2.104292,-1.8569947,-12.854455,10.521997,-12.806169,1.2943245,1.1499839,3.4139864,25.881172,-29.60096,55.771404,2.5136988,-27.172754,48.73142,51.12259
1158,-15.03267765045166,-652.6148071289062,63.90422439575195,1.0885033378066162,0.2373926793120705,-96.06661372735928,-1.7371752,0.34995392,14.573075,8.667033,-9.000291,-2.8492632,2.0993402,-1.8257278,-12.937623,10.523982,-12.831307,1.2534353,0.97352517,3.1814568,25.898993,-29.391071,55.355453,2.4756856,-27.166693,48.713104,51.263836
1159,-15.069416046142578,-652.6514282226562,63.90785598754883,1.0958403488024082,0.2695135810195223,-95.96712981812198,-1.7335154,0.36070797,14.469157,8.55794,-8.92581,-2.8782232,2.0947778,-1.7922605,-13.035135,10.51838,-12.854691,1.2110349,0.7766625,2.9640381,25.918852,-29.176863,54.92974,2.4191196,-27.160517,48.6711,51.39342
1160,-15.098421096801758,-652.6552734375,63.911277770996094,1.1053395721465842,0.30295338907784336,-95.87963749398784,-1.7377992,0.368058,14.377895,8.457289,-8.853015,-2.903554,2.0829103,-1.7643273,-13.121428,10.508966,-12.872821,1.1729203,0.58918864,2.7610738,25.94062,-28.96584,54.504826,2.3493438,-27.154575,48.6135,51.516697
1161,-15.121208190917969,-652.6389770507812,63.9141845703125,1.1187162339550119,0.33504434452300147,-95.82598043396183,-1.7444092,0.36949688,14.321545,8.360261,-8.779867,-2.923886,2.0614965,-1.7456597,-13.174924,10.493799,-12.881137,1.1399744,0.43227205,2.5693603,25.964159,-28.76281,54.082115,2.268429,-27.149042,48.545235,51.633526
1162,-15.146575927734375,-652.6223754882812,63.915870666503906,1.133537147570158,0.3659889264356988,-95.80721737219096,-1.7543756,0.3695248,14.300804,8.276785,-8.715667,-2.942794,2.025266,-1.7347124,-13.193745,10.492984,-12.892425,1.1089448,0.30642357,2.38792,25.988752,-28.569866,53.66021,2.1730297,-27.144104,48.46681,51.743298
1163,-15.168659210205078,-652.6121215820312,63.917179107666016,1.1480524892740704,0.3959133713273014,-95.81526982378227,-1.7584467,0.36940393,14.307347,8.188543,-8.649986,-2.9619567,1.9830345,-1.7257236,-13.185691,10.494687,-12.9001465,1.079012,0.20392768,2.2166088,26.014368,-28.387777,53.249153,2.062205,-27.139729,48.378536,51.848236
1164,-15.194478988647461,-652.5953979492188,63.918060302734375,1.1593606773659928,0.4250345619398603,-95.83753204943947,-1.7600849,0.3738661,14.328708,8.102918,-8.586271,-2.983204,1.9385704,-1.7138318,-13.162147,10.5005865,-12.906945,1.0496471,0.11267414,2.0561616,26.040758,-28.216558,52.85895,1.937058,-27.135807,48.280407,51.947807
1165,-15.223283767700195,-652.5784912109375,63.919246673583984,1.166830807203183,0.45268419234917107,-95.86442178135864,-1.7612002,0.3843021,14.353587,8.022199,-8.524877,-3.0043497,1.8974549,-1.6959423,-13.1325035,10.503512,-12.909333,1.0207078,0.020276187,1.9040052,26.067785,-28.056473,52.493027,1.7959853,-27.13218,48.171524,52.041676
1166,-15.249707221984863,-652.5616455078125,63.920867919921875,1.171783511611831,0.47892496229809345,-95.89498802369673,-1.7638477,0.39920303,14.381705,7.950537,-8.468256,-3.025142,1.8577644,-1.6741295,-13.09812,10.504562,-12.908247,0.9926279,-0.07348017,1.7584182,26.095263,-27.90803,52.14877,1.6389047,-27.128794,48.051926,52.131313
1167,-15.273382186889648,-652.5508422851562,63.92274475097656,1.1739934081921497,0.5050652313603251,-95.93127650335863,-1.767475,0.4173225,14.417928,7.8823905,-8.411725,-3.0496798,1.8174332,-1.6501901,-13.058015,10.504135,-12.90462,0.9656794,-0.16118158,1.621568,26.122849,-27.771582,51.82454,1.4696078,-27.125696,47.92415,52.213425
1168,-15.294469833374023,-652.5341796875,63.92524337768555,1.1726706899978543,0.5326026533895807,-95.9766969080669,-1.771488,0.43779546,14.468602,7.81641,-8.355305,-3.082491,1.777475,-1.6248552,-13.009518,10.495845,-12.896179,0.9402682,-0.23466153,1.4962784,26.150082,-27.646908,51.51879,1.2903119,-27.1231,47.79204,52.28737
1169,-15.310388565063477,-652.5167846679688,63.92753601074219,1.1724236744494103,0.560086642910415,-96.03302668694482,-1.7761114,0.45779654,14.534727,7.7597637,-8.304027,-3.1173375,1.7399752,-1.6019984,-12.951434,10.477584,-12.882395,0.9209694,-0.28973845,1.3884301,26.176353,-27.53251,51.22792,1.0999681,-27.121304,47.658737,52.35482
1170,-15.327666282653809,-652.499267578125,63.92840576171875,1.1698691221774657,0.5869620596123084,-96.10079026314347,-1.7805946,0.47819695,14.615791,7.710011,-8.256325,-3.1544018,1.7021964,-1.5811956,-12.882652,10.457745,-12.867605,0.90623385,-0.32929868,1.2979623,26.201155,-27.427944,50.951687,0.8949924,-27.120506,47.526283,52.417175
1171,-15.349790573120117,-652.4824829101562,63.930503845214844,1.1626528581658975,0.6173950680126296,-96.18041955903618,-1.7829684,0.50505483,14.7147455,7.6494837,-8.200416,-3.2076223,1.6588175,-1.5539063,-12.801776,10.43389,-12.846157,0.8861947,-0.3603229,1.2157371,26.224583,-27.33285,50.697803,0.6775512,-27.12056,47.3945,52.470028
1172,-15.372054100036621,-652.460693359375,63.93308639526367,1.1460831831637994,0.6580698767995979,-96.27204993145745,-1.7875161,0.5459084,14.834491,7.5657396,-8.126189,-3.2912202,1.6042789,-1.5106934,-12.707447,10.401898,-12.813076,0.8511276,-0.38828003,1.1267881,26.247492,-27.24879,50.475204,0.44626054,-27.121248,47.263367,52.509506
1173,-15.397366523742676,-652.4337768554688,63.935081481933594,1.1152154292863146,0.712274227512815,-96.37427225884028,-1.7890617,0.603842,14.979566,7.4429684,-8.02619,-3.415942,1.5328227,-1.4481163,-12.60038,10.367241,-12.7706,0.7979801,-0.41495535,1.0193079,26.270744,-27.17832,50.288338,0.20220779,-27.122416,47.13356,52.53209
1174,-15.421797752380371,-652.4081420898438,63.937294006347656,1.0720259555918925,0.7796006707355089,-96.48696775576587,-1.7922535,0.67555624,15.146885,7.293932,-7.9085073,-3.5724125,1.4496238,-1.3698509,-12.481448,10.322154,-12.716826,0.7321374,-0.43793303,0.8938508,26.294624,-27.122396,50.13679,-0.056522988,-27.123983,47.005257,52.53824
1175,-15.453282356262207,-652.3706665039062,63.94148635864258,1.0229024699035254,0.8608015735497914,-96.6134877912866,-1.8068155,0.75792664,15.329036,7.137587,-7.783513,-3.744824,1.356392,-1.2786738,-12.348043,10.254634,-12.64365,0.6560858,-0.4584019,0.75674593,26.318834,-27.078861,50.02314,-0.33419815,-27.125793,46.876072,52.53312
1176,-15.488101959228516,-652.3276977539062,63.946109771728516,0.97334989813542,0.957557576382537,-96.75927997581988,-1.8459456,0.8488731,15.520685,6.9989123,-7.6648602,-3.9172952,1.2531108,-1.1778548,-12.195127,10.155535,-12.545041,0.5726651,-0.47441825,0.61594933,26.342663,-27.042917,49.94749,-0.6350103,-27.127638,46.742085,52.520554
1177,-15.535850524902344,-652.2604370117188,63.94948959350586,0.9237062333093891,1.071375076000437,-96.92645835578328,-1.9312216,0.9540907,15.718842,6.925773,-7.579003,-4.0934544,1.0702977,-1.0865393,-12.019683,10.194894,-12.521597,0.48282093,-0.482696,0.47416195,26.36545,-27.010675,49.911743,-0.95942223,-27.129343,46.601177,52.502823
1178,-15.580938339233398,-652.2001953125,63.951934814453125,0.8780791455526356,1.2025263387164302,-97.11326146551274,-2.0514903,1.069625,15.92832,6.8932705,-7.513181,-4.279201,0.8139617,-1.0044435,-11.823175,10.358857,-12.565247,0.38619623,-0.4809631,0.33302698,26.386887,-26.981318,49.907307,-1.308822,-27.130909,46.453968,52.481697
1179,-15.62619686126709,-652.1451416015625,63.95083236694336,0.8443581733019787,1.4493803092093815,-97.47499411652866,-2.2528827,1.1821944,16.313114,6.8643584,-7.4764194,-4.4739795,0.36050838,-0.9489783,-11.448259,10.675521,-12.676213,0.2845688,-0.28599942,0.13132955,26.423838,-26.946253,49.872616,-1.753661,-27.133585,46.19737,52.462467
1180,-15.676066398620605,-652.0870971679688,63.95088577270508,0.8151086633620189,1.555237573281382,-97.6487241825127,-2.3596835,1.2844332,16.50725,6.8346047,-7.4009004,-4.643848,0.088543706,-0.8837547,-11.264938,10.922456,-12.757628,0.18637434,-0.32981062,0.075189024,26.439053,-26.932236,49.880287,-2.1067324,-27.135412,46.058548,52.445312
1181,-15.72695255279541,-652.007568359375,63.94643783569336,0.8158554596954628,1.7996505710814097,-98.063502461301,-2.537662,1.3566908,16.95571,6.764849,-7.3396916,-4.8131757,-0.44522992,-0.8727704,-10.836224,11.410097,-12.951258,0.08314613,-0.11892582,-0.03852036,26.463305,-26.90228,49.818493,-2.6073005,-27.138231,45.79717,52.471237
1182,-15.779953956604004,-651.9240112304688,63.94224166870117,0.8196662323588279,2.0030112715056587,-98.43227540405239,-2.679173,1.4219376,17.360199,6.671614,-7.250234,-4.9700093,-0.9470998,-0.85979706,-10.454213,11.921252,-13.155782,-0.02222302,0.032610442,-0.08584509,26.480808,-26.883192,49.76764,-3.079956,-27.141264,45.553047,52.498615
1183,-15.836162567138672,-651.8341064453125,63.93510818481445,0.8363834811162186,2.203336733983907,-98.81783919066555,-2.8285968,1.4796796,17.775122,6.600598,-7.171926,-5.116673,-1.4852663,-0.86002046,-10.056037,12.513406,-13.397842,-0.11750455,0.17433542,-0.09281412,26.49156,-26.865187,49.719646,-3.5749264,-27.144695,45.316715,52.526104
1184,-15.894190788269043,-651.7371826171875,63.922969818115234,0.8686919169371139,2.3997349664792043,-99.22963972086703,-2.9881015,1.5289347,18.200285,6.5619926,-7.113765,-5.2509828,-2.0604017,-0.8746112,-9.633408,13.187215,-13.67565,-0.18993966,0.30864972,-0.049943034,26.495209,-26.84661,49.67102,-4.092833,-27.149302,45.091064,52.540104
1185,-15.949322700500488,-651.6328125,63.908321380615234,0.9306755729134196,2.620341021652061,-99.75974762268511,-3.1856697,1.5640563,18.723425,6.5994797,-7.114695,-5.3743877,-2.7378824,-0.91952515,-9.094157,14.004096,-14.010827,-0.23281457,0.5508614,0.069724485,26.489552,-26.831484,49.571316,-4.6565065,-27.159214,44.824203,52.546185
1186,-16.019075393676758,-651.5284423828125,63.88760757446289,1.007240777236413,2.816237636038225,-100.2718164183217,-3.411577,1.6035887,19.211498,6.7482357,-7.1725025,-5.4825945,-3.425278,-0.97205377,-8.57762,14.900249,-14.385686,-0.25089258,0.7327909,0.24680743,26.469921,-26.82741,49.49759,-5.2180977,-27.176588,44.575157,52.523396
1187,-16.084510803222656,-651.4171752929688,63.861812591552734,1.086561488282086,3.005583711594487,-100.77865168454731,-3.6416419,1.6441404,19.687988,6.919686,-7.2391515,-5.5852556,-4.1344953,-1.0233823,-8.070412,15.865418,-14.796219,-0.25589886,0.8998501,0.4097471,26.425455,-26.85064,49.46958,-5.764499,-27.213,44.321907,52.468475
