Frame,root_translateX,root_translateY,root_translateZ,root_rotateX,root_rotateY,root_rotateZ,left_hip_pitch_joint_dof,left_hip_roll_joint_dof,left_hip_yaw_joint_dof,left_knee_joint_dof,left_ankle_pitch_joint_dof,left_ankle_roll_joint_dof,right_hip_pitch_joint_dof,right_hip_roll_joint_dof,right_hip_yaw_joint_dof,right_knee_joint_dof,right_ankle_pitch_joint_dof,right_ankle_roll_joint_dof,waist_yaw_joint_dof,left_shoulder_pitch_joint_dof,left_shoulder_roll_joint_dof,left_shoulder_yaw_joint_dof,left_elbow_joint_dof,right_shoulder_pitch_joint_dof,right_shoulder_roll_joint_dof,right_shoulder_yaw_joint_dof,right_elbow_joint_dof
0,0.1743638813495636,1.5272706747055054,61.78193664550781,1.7793207105930444,7.528321275032606,-104.9035718934811,6.6632934,-6.315606,20.644245,6.479905,-23.501863,-3.8288054,-35.758965,-4.1698747,-8.764363,57.43818,-12.539242,-3.1919305,-4.6808357,-20.92864,27.073328,-37.567024,49.296204,-2.8729043,-23.831871,34.980633,68.205925
1,0.15790437161922455,1.0837197303771973,61.67734909057617,1.647365972922078,7.642693293735505,-104.93308182758868,6.9567943,-6.2845573,20.69247,6.480373,-23.753489,-3.8929198,-36.068886,-3.463004,-8.915787,54.436203,-12.369186,-2.7211452,-4.6166887,-21.680294,27.31249,-37.6527,48.6045,-2.1720736,-24.324028,35.19466,68.011795
2,0.1290431171655655,0.6258180141448975,61.578147888183594,1.4499433127454837,7.7528722174217855,-105.01679158871802,7.251661,-6.2002573,20.801146,6.483644,-24.012897,-3.956067,-36.35458,-2.669538,-9.104707,51.36899,-12.18027,-2.2652624,-4.5483155,-22.548313,27.53454,-37.701885,48.008755,-1.3486756,-24.717344,35.418697,67.73559
3,0.10357239842414856,0.15798865258693695,61.47743606567383,1.241760192619575,7.855509988608069,-105.09524212397542,7.557697,-6.0989223,20.903275,6.489887,-24.270449,-4.033864,-36.621475,-1.8775228,-9.248279,48.305344,-11.968715,-1.8025745,-4.5117536,-23.428234,27.741901,-37.732857,47.449265,-0.5445467,-25.038416,35.65419,67.47136
4,0.06959307938814163,-0.3203001916408539,61.37080383300781,1.049663153395266,7.954047723801754,-105.13637520040149,7.8802867,-5.994089,20.961386,6.4982715,-24.519608,-4.1439133,-36.85881,-1.1317477,-9.258819,45.259583,-11.692731,-1.3167092,-4.5249557,-24.272478,27.936325,-37.744785,46.874863,0.19851293,-25.303856,35.889095,67.213844
5,0.027765391394495964,-0.8073417544364929,61.255615234375,0.8732849070720381,8.060720044443014,-105.13387010990554,8.210743,-5.8840938,20.97081,6.5096955,-24.776155,-4.2870617,-37.065033,-0.42083877,-9.097657,42.148033,-11.274663,-0.80060834,-4.5750895,-25.065277,28.124182,-37.72587,46.242874,0.8908072,-25.530727,36.11133,66.935165
6,-0.02075137384235859,-1.308476209640503,61.1333122253418,0.7056094564353317,8.170551092980874,-105.1024748262354,8.548133,-5.768878,20.947992,6.521496,-25.034037,-4.4531717,-37.244934,0.26928204,-8.806646,38.98971,-10.758819,-0.26327425,-4.645154,-25.796873,28.300928,-37.671474,45.549152,1.5510917,-25.719423,36.314117,66.636215
7,-0.07355262339115143,-1.8234219551086426,61.0030403137207,0.5617794628859779,8.26785423319469,-105.04691288195154,8.908041,-5.66391,20.89221,6.535576,-25.267757,-4.645908,-37.406742,0.9023411,-8.4169855,35.97612,-10.304599,0.28650224,-4.7541466,-26.457924,28.46866,-37.59357,44.83553,2.1645863,-25.877031,36.49444,66.35252
8,-0.13383693993091583,-2.353262186050415,60.863609313964844,0.46008385590066825,8.331815773627095,-104.96388360606717,9.307255,-5.584679,20.794615,6.556076,-25.449493,-4.8683214,-37.551174,1.4360404,-7.968814,33.285233,-10.058625,0.8416901,-4.918045,-27.028885,28.62957,-37.510143,44.13448,2.7141912,-26.009052,36.64662,66.12766
9,-0.19159647822380066,-2.8917698860168457,60.717018127441406,0.42155137661401515,8.356266297401922,-104.82965863678047,9.753038,-5.546319,20.622223,6.5812798,-25.587013,-5.1338625,-37.6598,1.8335454,-7.4499164,30.839481,-10.115313,1.4746759,-5.1721025,-27.524046,28.785452,-37.43906,43.459354,3.1906743,-26.11973,36.766354,65.97335
10,-0.25812697410583496,-3.4413623809814453,60.5640754699707,0.4373365644633493,8.350494636548552,-104.64451059232778,10.235706,-5.5401025,20.380169,6.6139183,-25.692387,-5.4361715,-37.73289,2.1217968,-6.8530273,28.56486,-10.363447,2.1700578,-5.495683,-27.953087,28.937317,-37.38318,42.791805,3.6095011,-26.212326,36.847206,65.86849
11,-0.3316473960876465,-4.007004737854004,60.408443450927734,0.48127529301908845,8.325796787633678,-104.44235225189078,10.743595,-5.549424,20.118448,6.6488714,-25.73477,-5.749475,-37.8064,2.3490813,-6.226538,26.636639,-10.637645,2.7824383,-5.838593,-28.321785,29.081284,-37.34294,42.13796,3.982807,-26.287268,36.88643,65.80198
12,-0.39815017580986023,-4.587327480316162,60.256385803222656,0.528700802951466,8.294708550839715,-104.25878455342279,11.263298,-5.559905,19.888657,6.6903386,-25.691463,-6.048831,-37.93026,2.5552979,-5.614091,25.271198,-10.798319,3.1587942,-6.1469507,-28.627047,29.219435,-37.31485,41.499317,4.3227253,-26.347944,36.882343,65.7662
13,-0.4650196135044098,-5.178144931793213,60.110931396484375,0.5848926219746375,8.262367403836048,-104.10269280817272,11.636163,-5.5206113,19.734324,7.144924,-25.800604,-6.3449473,-38.140892,2.7400806,-5.005331,24.544619,-10.851119,3.2759006,-6.4123383,-28.870491,29.351757,-37.297226,40.85408,4.618742,-26.396418,36.83267,65.76593
14,-0.5382276177406311,-5.771241188049316,59.9744873046875,0.6677706108629128,8.22745289582045,-103.94956398445173,11.971458,-5.488008,19.606316,7.7337418,-25.912434,-6.6471896,-38.43303,2.8733785,-4.385938,24.385403,-10.885576,3.206035,-6.660054,-29.049623,29.480776,-37.288437,40.19569,4.8637786,-26.435175,36.73317,65.806984
15,-0.6147165894508362,-6.373183250427246,59.84278869628906,0.7682591835870886,8.192196431162195,-103.78279766940713,12.308273,-5.463948,19.453009,8.33864,-25.950201,-6.943457,-38.759895,2.9494326,-3.7934783,24.718353,-10.856443,2.9452376,-6.8948646,-29.15421,29.606243,-37.28358,39.549603,5.0795946,-26.464863,36.58104,65.876396
16,-0.6921253204345703,-6.997698783874512,59.71550750732422,0.876705927856775,8.173307934473222,-103.58902744781376,12.637891,-5.43223,19.230186,8.935869,-25.894005,-7.2256885,-39.0975,2.96648,-3.2636442,25.490902,-10.731322,2.4893222,-7.1649423,-29.249437,29.728657,-37.28932,39.008137,5.284543,-26.486773,36.391617,65.9369
17,-0.7853387594223022,-7.640029430389404,59.593971252441406,0.9903140879659653,8.149422238174356,-103.37032150278715,12.963736,-5.3832636,18.932734,9.575845,-25.796509,-7.4861574,-39.426056,2.9385338,-2.7586622,26.835558,-10.3731165,1.6970603,-7.453233,-29.277485,29.849052,-37.29587,38.551025,5.4774547,-26.500656,36.143112,66.00714
18,-0.8755938410758972,-8.311278343200684,59.469871520996094,1.1979693050619087,8.156687269078455,-103.02450178598542,13.250601,-5.366987,18.465952,10.258361,-25.642643,-7.735779,-39.86609,2.7458951,-2.3226166,28.92179,-9.953725,0.6507493,-7.741518,-29.10997,30.069527,-37.291763,37.86223,5.766482,-26.516401,35.576107,66.05169
19,-0.9748238921165466,-9.0082426071167,59.364585876464844,1.3382252746921328,8.16163900084223,-102.72729276580846,13.555232,-5.299109,18.034975,10.908614,-25.351849,-7.994695,-40.171677,2.6182451,-1.991788,30.938635,-9.396781,-0.370418,-7.948884,-28.893475,30.269037,-37.296253,37.291733,6.081022,-26.52114,35.027824,66.05049
20,-1.062279224395752,-9.71702766418457,59.26583480834961,1.412101936644997,8.181046466692726,-102.39078899319662,13.685755,-5.0772295,17.585163,11.963106,-25.121435,-8.289932,-40.3896,2.4676003,-1.9128419,32.722706,-9.055499,-1.090514,-8.049733,-28.577787,30.534813,-37.346035,36.670994,6.5845313,-26.517502,34.388187,65.904465
21,-1.1726983785629272,-10.431632041931152,59.18553924560547,1.3937134548973344,8.194017223537276,-102.02594720969681,13.763776,-4.7102227,17.135698,13.167309,-24.840181,-8.626008,-40.485317,2.2630177,-2.1731222,34.21135,-8.980022,-1.3656633,-8.247754,-28.39043,30.693407,-37.453102,36.425686,7.112332,-26.506609,34.114872,65.66868
22,-1.300950050354004,-11.157736778259277,59.134376525878906,1.30793610892538,8.213968844643407,-101.60610016642018,13.783635,-4.2176104,16.645494,14.501911,-24.50823,-8.990107,-40.509247,1.9793695,-2.712068,35.636776,-9.098124,-1.3862045,-8.406354,-28.171644,30.906765,-37.665394,36.22379,7.7765484,-26.4818,33.876034,65.3126
23,-1.4302650690078735,-11.8989896774292,59.10128402709961,1.1618176520864432,8.23757467685399,-101.20114821493978,13.719855,-3.6415434,16.150358,16.02054,-24.065027,-9.363672,-40.461918,1.7243772,-3.3157487,36.966343,-9.366658,-1.4023267,-8.565207,-27.97033,31.18588,-37.926117,36.157894,8.431834,-26.435015,33.765244,64.93415
24,-1.5558680295944214,-12.659978866577148,59.08796691894531,1.0069309179743502,8.223904672791956,-100.84361482940359,13.594984,-3.0599768,15.639579,17.7363,-23.420744,-9.725911,-40.319828,1.5590307,-3.7721016,38.196564,-9.765154,-1.6461515,-8.756682,-27.516008,31.506617,-37.944424,36.110527,8.94904,-26.355995,33.83635,64.68033
25,-1.6937692165374756,-13.433948516845703,59.0906867980957,0.8543584457648755,8.140730997794023,-100.53923948451767,13.456559,-2.489051,15.097171,19.626339,-22.562206,-10.086707,-40.070778,1.5146754,-4.0034313,39.362118,-10.3437395,-2.2430203,-8.996301,-26.818956,31.737843,-37.67318,36.199455,9.358028,-26.268791,34.063843,64.55538
26,-1.829040288925171,-14.222073554992676,59.1120719909668,0.6848717395967147,8.015564329411971,-100.26758103906047,13.283362,-1.8953717,14.524769,21.675524,-21.523808,-10.446905,-39.730263,1.5570668,-4.121692,40.457184,-11.095524,-3.0390525,-9.255208,-26.05373,31.87519,-37.294147,36.499683,9.720429,-26.179022,34.408386,64.485146
27,-1.9522104263305664,-15.0192289352417,59.14854431152344,0.5127607283706574,7.878680951663832,-100.02698073565018,13.009955,-1.2957611,13.941988,23.913036,-20.28458,-10.771898,-39.307507,1.6458744,-4.191786,41.417637,-11.911243,-3.8434339,-9.459663,-25.277248,31.887075,-36.871742,36.99148,10.063677,-26.095,34.80828,64.42187
28,-2.0691781044006348,-15.794327735900879,59.206573486328125,0.35657357532041767,7.763350596867157,-99.81648946829529,12.57338,-0.71440333,13.370494,26.361294,-18.819902,-11.030418,-38.812904,1.7282306,-4.2818947,42.18067,-12.687794,-4.4679747,-9.576681,-24.514244,31.775429,-36.41841,37.636116,10.377267,-26.023438,35.258266,64.33349
29,-2.205108642578125,-16.57647705078125,59.283966064453125,0.2211415012521169,7.675713510187701,-99.64454461268055,11.957058,-0.15173952,12.807745,29.084251,-17.094564,-11.303533,-38.236877,1.7827883,-4.4155912,42.721607,-13.427602,-4.8451915,-9.624422,-23.676672,31.583227,-35.829227,38.374596,10.639104,-25.957893,35.795197,64.24677
30,-2.3434932231903076,-17.35402488708496,59.377777099609375,0.09855462591364672,7.601936033608534,-99.51043250233678,11.185403,0.40163904,12.24535,32.066708,-15.14217,-11.574459,-37.57808,1.8326671,-4.555743,43.073296,-14.1754875,-5.080175,-9.615716,-22.738873,31.338081,-35.10335,39.184612,10.84872,-25.897411,36.41379,64.17292
31,-2.4868078231811523,-18.142431259155273,59.48676300048828,-0.011664659443302416,7.543402559272952,-99.3990322135723,10.245471,0.93948627,11.705665,35.253887,-13.048347,-11.674164,-36.8658,1.8836805,-4.68439,43.27967,-14.910553,-5.24494,-9.5582695,-21.736755,31.061968,-34.321278,40.031185,10.974819,-25.846617,37.118412,64.09508
32,-2.6187283992767334,-18.922618865966797,59.6148681640625,-0.1114464785221535,7.500750140101035,-99.29448037218239,9.136179,1.4555371,11.22213,38.569374,-10.881259,-11.439503,-36.126884,1.94413,-4.783174,43.380386,-15.609182,-5.411745,-9.458335,-20.710041,30.771002,-33.56733,40.886463,10.994018,-25.808958,37.90851,63.991272
33,-2.7542552947998047,-19.691654205322266,59.75283432006836,-0.19150630027529764,7.468362010727748,-99.18300807784945,7.808177,1.9457673,10.774322,42.163345,-8.607099,-10.672829,-35.35153,2.006736,-4.8489966,43.373287,-16.282768,-5.5945816,-9.325862,-19.651411,30.467663,-32.82846,41.746044,10.892509,-25.788214,38.8489,63.881676
34,-2.896376609802246,-20.48011589050293,59.912906646728516,-0.25688372837020806,7.4462208384938515,-99.07615194252979,6.290129,2.423676,10.3913145,45.998993,-6.17874,-9.514499,-34.525814,2.0695925,-4.8914638,43.23246,-16.933407,-5.7510786,-9.154544,-18.54144,30.152819,-32.072037,42.614697,10.686778,-25.780035,39.916084,63.76904
35,-3.0337424278259277,-21.246234893798828,60.08588790893555,-0.3291873160033833,7.445517488183049,-98.99541954287682,4.6893997,2.9193,10.167666,49.74621,-3.6635878,-8.298073,-33.676342,2.1510954,-4.9108634,42.96972,-17.52679,-5.8720555,-8.928649,-17.422756,29.83617,-31.362452,43.49722,10.405317,-25.77468,40.982376,63.59648
36,-3.1626994609832764,-21.993654251098633,60.27561950683594,-0.43010893147933565,7.478713241557676,-98.9629002904148,3.1031137,3.4668639,10.1687975,53.108047,-1.1613528,-7.3465853,-32.832706,2.2721455,-4.9096637,42.602314,-18.032488,-5.9529767,-8.626939,-16.332619,29.524727,-30.7599,44.394077,10.080609,-25.763657,41.910744,63.30573
37,-3.2870821952819824,-22.74226188659668,60.472877502441406,-0.5613265739447798,7.575172884699622,-98.99579181066706,1.4982233,4.109414,10.4667015,56.093693,1.6381224,-6.7621126,-32.020252,2.4466064,-4.881999,42.11873,-18.438482,-5.9898176,-8.215217,-15.281296,29.212582,-30.260174,45.303585,9.724434,-25.734976,42.629253,62.90483
38,-3.4019906520843506,-23.482084274291992,60.666038513183594,-0.7181893451322761,7.720238277958727,-99.07973332656103,-0.16441742,4.8512816,10.989253,58.882496,4.6422195,-6.3352346,-31.216002,2.6688042,-4.8330407,41.509277,-18.757298,-5.9884963,-7.7046485,-14.257286,28.899137,-29.842836,46.22987,9.324728,-25.69718,43.213425,62.408466
39,-3.515096664428711,-24.210922241210938,60.860679626464844,-0.9069802826768474,7.860429802323835,-99.18832109746454,-1.8016554,5.636044,11.55215,61.43509,7.1472793,-5.9617577,-30.374601,2.9288466,-4.778493,40.78651,-18.987011,-5.962202,-7.151899,-13.258229,28.600298,-29.533686,47.18132,8.874189,-25.672512,43.750637,61.76974
40,-3.6289260387420654,-24.931921005249023,61.05690002441406,-1.1229070595143102,7.941002199494906,-99.29389677887801,-3.322641,6.367359,11.972712,63.671783,8.468634,-5.568434,-29.450155,3.2057946,-4.7284784,39.96655,-19.12929,-5.9233484,-6.616017,-12.26122,28.330164,-29.345568,48.150284,8.358603,-25.68229,44.32848,60.95424
41,-3.7342846393585205,-25.649452209472656,61.25292205810547,-1.3791309672262055,7.937188201460216,-99.3971769039515,-4.6959586,6.9761043,12.146646,65.56361,8.164261,-5.1795335,-28.423557,3.5112681,-4.684139,39.04669,-19.173521,-5.8767757,-6.1244226,-11.234279,28.090452,-29.260735,49.13545,7.762734,-25.73913,45.042133,59.90266
42,-3.8264706134796143,-26.359996795654297,61.45738220214844,-1.6613686349804915,7.87792402050948,-99.50512865353076,-5.9737015,7.4788227,12.166005,67.14843,6.698414,-4.8551006,-27.321737,3.8394656,-4.637883,38.02979,-19.128778,-5.817571,-5.6568913,-10.169303,27.87339,-29.247974,50.124783,7.090741,-25.829048,45.822308,58.653816
43,-3.9162802696228027,-27.070030212402344,61.66297149658203,-1.9241455838553243,7.790199185471855,-99.59622737015793,-7.1948953,7.9073405,12.151703,68.44133,4.747922,-4.5746136,-26.171913,4.1422186,-4.58971,36.94663,-19.028654,-5.742317,-5.2033167,-9.092855,27.676643,-29.318731,51.106316,6.368634,-25.931517,46.508823,57.320282
44,-4.0155839920043945,-27.778888702392578,61.87282943725586,-2.1277498118445783,7.701987554682094,-99.6517749017147,-8.395525,8.313849,12.236168,69.45793,2.98509,-4.309661,-25.001375,4.376205,-4.5417533,35.826206,-18.90589,-5.6462717,-4.745845,-8.037632,27.498495,-29.499186,52.072716,5.6320033,-26.026825,46.940754,56.011726
45,-4.117090225219727,-28.50095558166504,62.085594177246094,-2.2501598473155418,7.619434502537268,-99.65245356824623,-9.591226,8.692828,12.422296,70.17143,1.4736685,-4.069964,-23.814795,4.5139675,-4.5054045,34.677006,-18.767681,-5.524628,-4.290045,-7.007261,27.338455,-29.834875,53.02334,4.892044,-26.113087,47.05132,54.736237
46,-4.218975067138672,-29.212289810180664,62.296016693115234,-2.3167070911970837,7.527818598038769,-99.61314756613137,-10.762921,9.026041,12.6517,70.5831,-0.104599014,-3.8648415,-22.59924,4.585039,-4.47894,33.48604,-18.599232,-5.382817,-3.8395607,-5.986811,27.194473,-30.313389,53.964993,4.1459126,-26.200489,46.931564,53.43843
47,-4.315937519073486,-29.932126998901367,62.509273529052734,-2.358920361143,7.423991320761066,-99.56522644108802,-11.892385,9.355086,12.970095,70.748024,-1.6514441,-3.6641855,-21.352106,4.63118,-4.4458823,32.240253,-18.39347,-5.2300506,-3.3765054,-4.983598,27.063932,-30.875322,54.9045,3.401702,-26.287472,46.661556,52.143597
48,-4.407883644104004,-30.658363342285156,62.719024658203125,-2.408715741799475,7.305311638038237,-99.54060515121417,-12.960561,9.721478,13.423309,70.71993,-3.0673769,-3.4398897,-20.070717,4.693391,-4.3880496,30.925169,-18.141855,-5.0748677,-2.8806248,-4.0043426,26.944277,-31.459774,55.84724,2.66054,-26.371798,46.322212,50.880226
49,-4.4868550300598145,-31.372100830078125,62.92098617553711,-2.4707763690222677,7.158509822674585,-99.54308307404787,-13.945647,10.158161,14.080329,70.49296,-4.3176923,-3.183043,-18.73486,4.7779207,-4.2972794,29.517832,-17.828775,-4.9059277,-2.3562577,-3.0399342,26.834063,-32.059414,56.80814,1.9033301,-26.452967,45.928062,49.6712
50,-4.580512046813965,-32.11559295654297,63.116432189941406,-2.5289769499944947,6.988831162028466,-99.55738836587253,-14.861249,10.632148,14.902666,70.0427,-5.4571366,-2.9160051,-17.354483,4.8618374,-4.184417,28.040771,-17.46945,-4.72318,-1.8129244,-2.086178,26.733994,-32.702934,57.779476,1.1379125,-26.531862,45.43939,48.495747
51,-4.6718597412109375,-32.836143493652344,63.30651092529297,-2.585336602634209,6.822231308536183,-99.58640782302753,-15.743512,11.087753,15.768925,69.39879,-6.5197763,-2.6624246,-15.965625,4.944572,-4.0591674,26.52931,-17.089085,-4.5527368,-1.2404121,-1.1492475,26.644798,-33.372227,58.728848,0.39267293,-26.607916,44.86545,47.324345
52,-4.760702610015869,-33.549739837646484,63.47943115234375,-2.641596795916038,6.684549148667842,-99.63259915083191,-16.63041,11.473923,16.559952,68.59141,-7.5415196,-2.4355786,-14.6059675,5.0259323,-3.9320364,25.023163,-16.71627,-4.4210243,-0.6808248,-0.1904454,26.57398,-33.97314,59.60563,-0.34909156,-26.672392,44.28943,46.14441
53,-4.846063613891602,-34.27143859863281,63.63017654418945,-2.698536946015124,6.585849642052462,-99.69473692062888,-17.538322,11.788102,17.260805,67.623375,-8.558589,-2.2343857,-13.278999,5.10751,-3.8153255,23.514992,-16.351479,-4.349978,-0.07823747,0.74159265,26.510517,-34.635548,60.427002,-1.054387,-26.73425,43.63059,44.949493
54,-4.937644004821777,-34.9962043762207,63.7601203918457,-2.758364260357968,6.510770869994405,-99.7719458117076,-18.448263,12.060577,17.931696,66.48564,-9.54636,-2.049813,-11.9681,5.1917024,-3.7022743,21.994202,-15.988666,-4.322542,0.5810441,1.6422248,26.450474,-35.37608,61.212044,-1.7271311,-26.797394,42.864296,43.74979
55,-5.0367889404296875,-35.711082458496094,63.865638732910156,-2.82614080807176,6.447503960108933,-99.86715675286104,-19.345917,12.294962,18.564789,65.18732,-10.4465065,-1.8795909,-10.6763315,5.281224,-3.5741606,20.484503,-15.628085,-4.3058805,1.2430834,2.5556083,26.393965,-36.0079,61.94547,-2.405921,-26.858582,42.096416,42.539883
56,-5.112006664276123,-36.446529388427734,63.966835021972656,-2.905089730664571,6.384900182475517,-99.98320125943083,-20.217098,12.493353,19.15337,63.73713,-11.200589,-1.7192345,-9.409946,5.3763943,-3.4114015,19.01521,-15.276433,-4.2659197,1.8591957,3.5087569,26.340397,-36.359764,62.62006,-3.118484,-26.912075,41.425495,41.30813
57,-5.1879096031188965,-37.151126861572266,64.04515075683594,-2.997980188386875,6.32549387122459,-100.13683698609451,-21.072008,12.65691,19.69272,62.13974,-11.791688,-1.5187037,-8.176286,5.4803147,-3.1875162,17.582561,-14.921366,-4.1987705,2.5318782,4.4287786,26.27937,-36.504642,63.265053,-3.787972,-26.970482,40.725037,40.01046
58,-5.265562057495117,-37.88056182861328,64.10757446289062,-3.1007819854368304,6.2725366416320165,-100.3211563092544,-21.914932,12.789085,20.19012,60.394947,-12.2557335,-1.2887799,-6.9703197,5.588449,-2.9188743,16.177568,-14.56574,-4.1197686,3.2191987,5.33402,26.215567,-36.464115,63.87699,-4.452971,-27.02977,40.04667,38.672707
59,-5.3526082038879395,-38.59303665161133,64.13520050048828,-3.214672561256052,6.216131263523384,-100.50445009424512,-22.72523,12.900736,20.654352,58.509243,-12.6173725,-1.1190351,-5.7750936,5.697734,-2.6507976,14.809422,-14.231336,-4.025118,3.9254396,6.207863,26.14508,-36.319294,64.4613,-5.06499,-27.10284,39.323658,37.291996
60,-5.436516284942627,-39.30556106567383,64.13978576660156,-3.3383687830851816,6.144986598852692,-100.65495119710982,-23.478329,12.994317,21.096992,56.478672,-12.894502,-1.1021913,-4.578207,5.804271,-2.429148,13.49945,-13.94643,-3.913215,4.5666866,7.0357065,26.084818,-36.11969,65.03665,-5.7460284,-27.169931,38.72442,35.971222
61,-5.511065483093262,-40.02327346801758,64.12510681152344,-3.4721543401451327,6.0622320571754456,-100.75957860468495,-24.166403,13.064864,21.53962,54.27293,-13.097465,-1.2848603,-3.3673766,5.9095926,-2.2622175,12.215129,-13.709801,-3.7932265,5.190492,7.832222,26.0242,-35.859924,65.57971,-6.3970623,-27.247477,38.10479,34.649017
62,-5.594804763793945,-40.74229049682617,64.08570098876953,-3.6183481612237016,5.970188189766793,-100.83622961574594,-24.80265,13.107864,21.971249,51.90207,-13.212409,-1.6131641,-2.1616714,6.0180545,-2.128333,10.982858,-13.521454,-3.666439,5.803085,8.575231,25.964678,-35.535088,66.11099,-7.037609,-27.337124,37.49251,33.325245
63,-5.673582077026367,-41.47465896606445,64.02129364013672,-3.7789255954135563,5.864258938270256,-100.89910090769669,-25.399086,13.127066,22.35176,49.416756,-13.22173,-2.0289087,-0.9877786,6.133569,-2.0285058,9.87716,-13.407627,-3.5216484,6.384679,9.242564,25.907995,-35.168453,66.66837,-7.708917,-27.43586,36.919117,32.035175
64,-5.752804756164551,-42.210453033447266,63.936702728271484,-3.966368186154237,5.736491796931783,-100.96739390081271,-25.969028,13.147493,22.637466,46.88306,-13.116757,-2.4700475,0.1406245,6.271283,-1.958178,8.94559,-13.37765,-3.3475623,6.9036627,9.829114,25.868595,-34.827187,67.25448,-8.397303,-27.510456,36.467964,30.758171
65,-5.836418628692627,-42.94322967529297,63.824790954589844,-4.16690396120732,5.588714115796197,-101.04629593210313,-26.525452,13.160701,22.80791,44.298454,-12.860684,-2.9236627,1.2024139,6.423026,-1.9364005,8.235238,-13.455154,-3.1283255,7.41272,10.396177,25.82989,-34.417515,67.83019,-9.077014,-27.593517,35.977753,29.492027
66,-5.925723075866699,-43.6647834777832,63.679237365722656,-4.3562793708734855,5.421141244389383,-101.13068418218258,-27.068432,13.155744,22.894442,41.67588,-12.49577,-3.4130077,1.9727805,6.556526,-1.9827904,8.291828,-13.975701,-2.8775768,7.910915,10.937633,25.79401,-33.963425,68.379,-9.737883,-27.686169,35.48433,28.234318
67,-6.006198406219482,-44.402076721191406,63.520057678222656,-4.554532149692924,5.245107861083866,-101.19804954613456,-27.581673,13.142422,22.90636,39.013218,-12.090372,-3.9256556,2.6868975,6.6940417,-2.0550041,8.515613,-14.588784,-2.6244032,8.356299,11.43195,25.76417,-33.49665,68.928734,-10.387622,-27.787203,35.00813,26.992704
68,-6.09952449798584,-45.140357971191406,63.34814453125,-4.747212385206351,5.071192228064684,-101.22847071430533,-28.066406,13.104666,22.86841,36.35163,-11.732186,-4.4565983,3.3730512,6.8182874,-2.1295953,8.818377,-15.24472,-2.3966415,8.726869,11.882485,25.742636,-33.059155,69.46772,-11.059809,-27.89674,34.565308,25.820934
69,-6.18684196472168,-45.88223648071289,63.16276931762695,-4.92761647541642,4.890996111041912,-101.20401067428517,-28.516216,13.012257,22.734695,33.614315,-11.397076,-5.014125,4.038375,6.923033,-2.2231503,9.214736,-15.957108,-2.1978538,9.005531,12.304876,25.732399,-32.69302,69.96343,-11.772937,-28.0139,34.163914,24.740091
70,-6.265337944030762,-46.62503433227539,62.970882415771484,-5.095530627534708,4.70364745506358,-101.13372607964614,-28.934397,12.8666315,22.50723,30.809998,-11.05774,-5.598059,4.689398,7.013122,-2.3444633,9.688277,-16.712877,-2.011642,9.220772,12.6857395,25.734558,-32.403828,70.42651,-12.525781,-28.137344,33.79752,23.747387
71,-6.331844806671143,-47.369476318359375,62.77226257324219,-5.242970728655522,4.527881770643021,-101.04191547522443,-29.334318,12.690167,22.292362,28.098587,-10.787895,-6.1976156,5.3192973,7.081226,-2.461485,10.197814,-17.475529,-1.8298277,9.408559,12.997267,25.746326,-32.16369,70.90565,-13.298852,-28.265337,33.453323,22.847828
72,-6.396856307983398,-48.1181755065918,62.568092346191406,-5.366870706322876,4.3850160088925705,-100.9556046389736,-29.73159,12.510826,22.200874,25.633097,-10.653176,-6.806408,5.920497,7.1232014,-2.5385945,10.698266,-18.205435,-1.6423639,9.6075535,13.207527,25.762634,-31.93322,71.4551,-14.094952,-28.39778,33.12758,22.055109
73,-6.464500904083252,-48.87164306640625,62.356956481933594,-5.458869361692466,4.280717098835532,-100.87192370158637,-30.141582,12.324385,22.255136,23.383284,-10.721254,-7.348172,6.493885,7.1285286,-2.5651393,11.176446,-18.92094,-1.4372852,9.775622,13.303228,25.778082,-31.669298,72.120575,-14.85323,-28.533047,32.80625,21.293505
74,-6.521101951599121,-49.62370681762695,62.151153564453125,-5.525328266123606,4.211620186973091,-100.77878044566936,-30.559546,12.110533,22.402971,21.275532,-10.927966,-7.8635683,7.0489087,7.1022677,-2.5613484,11.627612,-19.615232,-1.2174634,9.925007,13.30259,25.792099,-31.391405,72.85868,-15.673615,-28.67374,32.518887,20.632046
75,-6.575836181640625,-50.36641311645508,61.95055389404297,-5.576388963769792,4.158623886956089,-100.68836493129889,-30.915497,11.859787,22.655834,19.317753,-11.096816,-8.5104475,7.5827894,7.0515037,-2.540121,12.094248,-20.252459,-0.99537313,10.044262,13.254848,25.802544,-31.092806,73.61396,-16.459782,-28.817896,32.265274,20.049904
76,-6.631140232086182,-51.11640167236328,61.75834655761719,-5.638272563648313,4.113157959078149,-100.62213163804316,-31.139162,11.586572,23.02314,17.497787,-11.0398855,-9.436456,8.093506,6.999381,-2.5019066,12.592281,-20.782576,-0.78596425,10.169614,13.193231,25.80893,-30.776913,74.329956,-17.204973,-28.964163,32.04847,19.584717
77,-6.675928115844727,-51.870941162109375,61.588104248046875,-5.663787283738216,4.08832319154912,-100.56129102061453,-31.02808,11.119218,23.659332,15.245432,-10.337103,-10.865493,8.57088,6.9031243,-2.4955451,13.108051,-21.211653,-0.60305125,10.267734,13.206931,25.810986,-30.365988,74.90512,-17.909887,-29.178497,31.851892,19.21741
78,-6.708137035369873,-52.66383743286133,61.42478561401367,-5.694469633377754,4.251944822604763,-100.8674757468079,-24.639828,7.372709,25.764578,-3.7600393,0.3446975,-12.265957,8.800759,6.7001405,-2.167883,13.775013,-21.640701,-0.41394907,10.520378,13.41887,25.79115,-29.618013,75.13672,-18.116962,-30.00658,31.604977,18.064896
79,-6.750864028930664,-53.454132080078125,61.21475601196289,-6.149568478384624,4.316849450573464,-101.16009517562291,-24.463774,7.3411083,26.567057,-5.6255474,1.244903,-14.033911,9.144841,6.9392986,-1.7427772,14.381509,-21.88331,-0.24815772,10.904542,12.847764,25.807856,-29.340305,76.150734,-18.649334,-30.054777,31.341896,17.663864
80,-6.74891996383667,-54.27094650268555,61.02833557128906,-6.4371112531268375,4.316364257534587,-101.22781114193751,-24.514736,7.2039676,26.890661,-6.220769,1.408961,-14.323944,9.551135,7.0272784,-1.4883257,15.040451,-21.994831,-0.022376921,11.100805,12.433509,25.82028,-28.997795,77.03202,-19.061775,-30.109589,31.081123,17.467299
81,-6.767734050750732,-55.0966796875,60.867958068847656,-6.5518431429369555,4.215058512530579,-101.18742888493298,-24.607248,7.158955,26.842804,-5.5921826,0.79885393,-14.323944,9.906715,6.9473596,-1.2854055,16.10941,-22.20662,0.24625838,11.244402,12.198612,25.823404,-28.628414,77.787186,-19.361725,-30.171099,30.867178,17.536022
82,-6.792235374450684,-55.93330764770508,60.735504150390625,-6.431337511132326,4.023188718496273,-101.03516513588823,-25.481073,7.513937,26.474525,-1.8592432,-1.5846143,-14.323944,10.206425,6.645107,-1.1728789,17.551168,-22.501757,0.53803796,11.239197,12.373873,25.800327,-28.001642,78.231255,-19.5154,-30.330769,30.735826,17.758307
83,-6.830755710601807,-56.7734489440918,60.58396530151367,-6.38333086144327,3.836314250749685,-100.82209064366685,-29.82001,9.873624,25.316683,11.508198,-9.376718,-14.323944,10.442113,6.4337707,-1.0751356,19.151852,-22.689838,0.8352049,11.034813,12.482049,25.727585,-27.291592,78.77214,-19.43772,-30.653833,30.732225,17.74348
84,-6.8612470626831055,-57.66477584838867,60.44083786010742,-6.44841160636071,3.775609214784649,-100.94345437316859,-30.203184,10.294881,24.950048,14.059704,-10.592491,-14.323944,10.517617,6.2540936,-0.64146435,20.787447,-22.608948,1.148647,11.305384,12.254852,25.707705,-26.92387,79.33022,-19.477629,-30.71118,30.553343,18.001516
85,-6.907054901123047,-58.566932678222656,60.33271408081055,-6.4004366909672825,3.79378582967509,-101.03940046010749,-30.679033,10.671068,24.535559,16.868784,-11.579102,-14.323944,10.52226,5.9871397,-0.25787902,22.416424,-22.284498,1.4764621,11.441949,12.238555,25.657053,-26.381865,79.591576,-19.44679,-30.813137,30.438179,18.225538
86,-6.93034029006958,-59.484893798828125,60.25299835205078,-6.173632806535662,3.8441537208676038,-100.93123837195986,-31.03926,10.571282,23.90666,19.401438,-12.127539,-13.092492,10.481379,5.5807767,-0.09562093,24.133625,-21.808998,1.8509765,11.349612,12.393707,25.556683,-25.813955,79.62044,-19.45919,-30.980305,30.48856,18.61364
87,-6.947654724121094,-60.384666442871094,60.21860885620117,-5.849901059453544,3.923167563306235,-100.77354729596807,-31.337969,10.229743,23.203125,21.69207,-12.342817,-11.328752,10.351383,5.0829167,0.0010883884,25.958324,-21.08928,2.2610483,11.227971,12.592787,25.434978,-25.335268,79.48045,-19.490543,-31.139332,30.605198,19.164429
88,-6.928718090057373,-61.286842346191406,60.22397994995117,-5.45659484174677,4.030805735174458,-100.65459683865113,-31.5434,9.757087,22.533524,23.545654,-12.217274,-9.711915,10.087186,4.4969296,0.114409946,27.924692,-20.052582,2.7016637,11.135131,12.85827,25.305944,-24.920828,79.12907,-19.5386,-31.277367,30.798811,19.844933
89,-6.90620231628418,-62.20539855957031,60.25162887573242,-4.9537069574104065,4.201102616110476,-100.60918586485703,-31.685452,9.138052,21.872053,24.916492,-11.580821,-8.238429,9.667846,3.765381,0.26587012,30.031456,-18.660519,3.2721183,11.090253,13.234638,25.159927,-24.530252,78.487236,-19.649014,-31.415659,31.11235,20.659557
90,-6.891996383666992,-63.14387893676758,60.29245376586914,-4.356282889751759,4.429689706361421,-100.60208752721657,-31.791613,8.405556,21.217432,26.025038,-10.571613,-6.752499,9.107977,2.9264994,0.42946064,32.288445,-16.976862,3.9469984,11.067842,13.703554,24.9982,-24.171896,77.592896,-19.775743,-31.559122,31.50628,21.580633
91,-6.875828742980957,-64.10359954833984,60.345947265625,-3.7541627528890116,4.653900867621583,-100.586154649331,-31.815382,7.6560884,20.662651,27.00721,-9.618451,-5.346692,8.420797,2.1042297,0.58224964,34.747936,-15.065488,4.5417266,11.041582,14.188612,24.84368,-23.920244,76.58283,-19.803143,-31.681292,31.88702,22.558878
92,-6.841489791870117,-65.06253814697266,60.39277267456055,-3.2318923172463063,4.807029822431266,-100.5153773816705,-31.713266,6.981726,20.26577,27.986334,-9.140372,-4.123416,7.632922,1.4104245,0.6947303,37.4297,-12.964631,4.871158,10.977817,14.620055,24.719078,-23.835205,75.58916,-19.638706,-31.748306,32.18095,23.564058
93,-6.809554100036621,-66.02702331542969,60.44010925292969,-2.81283709125428,4.859455865733052,-100.38670184292538,-31.489513,6.432087,20.04474,29.07555,-9.362365,-3.1528277,6.7544365,0.8800256,0.784187,40.397583,-10.616708,4.814113,10.872248,15.00036,24.631348,-23.929813,74.6315,-19.23587,-31.742647,32.356644,24.590178
94,-6.800140380859375,-67.00121307373047,60.497291564941406,-2.4433648326065662,4.846306866195522,-100.22045308996657,-31.168344,5.9642572,19.928032,30.210443,-10.048468,-2.3710463,5.7891035,0.4370267,0.83319056,43.57815,-7.986551,4.5015116,10.732367,15.368963,24.568405,-24.161665,73.635704,-18.670095,-31.67636,32.473816,25.66978
95,-6.809940814971924,-67.95743560791016,60.55751419067383,-2.093874361712217,4.796760820372676,-100.0066168829312,-30.751163,5.5213556,19.829407,31.250942,-10.911956,-1.6935891,4.752139,0.017593827,0.7651379,46.787533,-5.1435103,4.111367,10.535389,15.712303,24.522713,-24.493479,72.594604,-18.022568,-31.560608,32.594048,26.8175
96,-6.829906463623047,-68.8938217163086,60.628665924072266,-1.738248512504187,4.743815404400359,-99.73691336030562,-30.239872,5.023941,19.678787,32.03027,-11.645926,-1.0365999,3.6465883,-0.44170648,0.5231321,49.872437,-2.1776767,3.8107305,10.2680645,16.00977,24.488058,-24.898085,71.50102,-17.398594,-31.404177,32.786232,28.067627
97,-6.823166370391846,-69.82621002197266,60.724021911621094,-1.370522180672236,4.672938412253743,-99.35677735908956,-29.618341,4.4075084,19.43526,32.477974,-12.164045,-0.38505974,2.4300702,-0.94836414,0.09036221,52.936142,1.2479364,3.601386,9.882598,16.282688,24.46285,-25.389082,70.3423,-16.758902,-31.204268,33.040882,29.42404
98,-6.83842134475708,-70.73381805419922,60.825233459472656,-1.0028024757572094,4.574895027747057,-98.88946381758855,-28.906673,3.7006812,19.14924,32.686775,-12.613266,0.21318014,1.1091819,-1.4953872,-0.49774468,56.03314,5.059541,3.390694,9.400747,16.532122,24.450293,-25.974512,69.12044,-16.079107,-30.961645,33.33688,30.87303
99,-6.84586763381958,-71.64228820800781,60.934322357177734,-0.6425019391821265,4.48757022071431,-98.44313852256461,-28.149069,2.9665303,18.893608,32.723225,-13.031738,0.7513784,-0.23743942,-2.1175206,-1.200733,58.95332,8.520951,3.1865566,8.888859,16.710976,24.449034,-26.590673,67.86385,-15.3883505,-30.696869,33.67937,32.343178
100,-6.824981212615967,-72.53231048583984,61.04540252685547,-0.29263151720499986,4.449444727894282,-98.12454570517286,-27.388933,2.281893,18.739658,32.664207,-13.465552,1.2208775,-1.545391,-2.850229,-1.9779239,61.52384,10.869997,2.9827838,8.414444,16.774214,24.456491,-27.172749,66.604454,-14.715966,-30.434933,34.075592,33.76829
101,-6.802628993988037,-73.40563201904297,61.16014862060547,0.052940464519858475,4.484330919305361,-97.97741143226482,-26.631197,1.6704987,18.725294,32.50733,-13.941512,1.6109757,-2.7884798,-3.7749498,-2.9011395,63.7095,11.811868,2.8603895,8.0084305,16.719309,24.469786,-27.712685,65.33229,-14.082195,-30.189722,34.53731,35.14182
102,-6.7661261558532715,-74.26725006103516,61.286460876464844,0.3933873859766937,4.568252228665093,-97.94048919540829,-25.846125,1.0965172,18.806314,32.209698,-14.428757,1.9235287,-4.003568,-4.8598156,-3.9541137,65.626724,11.763917,2.772855,7.6330442,16.563768,24.489922,-28.237862,64.045494,-13.458027,-29.957243,35.05587,36.489185
103,-6.721424102783203,-75.10860443115234,61.42976760864258,0.7128974525423972,4.667339833354322,-97.97009880955555,-25.014856,0.5598719,18.936478,31.782095,-14.888926,2.164857,-5.218771,-5.9494066,-4.9578686,67.30703,11.041965,2.539219,7.2641134,16.294249,24.52001,-28.73635,62.784817,-12.802804,-29.73157,35.606503,37.797802
104,-6.704346179962158,-75.93689727783203,61.5833740234375,0.9641862156777296,4.768553737906993,-98.02662285556467,-24.158596,0.09165455,19.06054,31.282701,-15.311504,2.343608,-6.4831367,-6.83977,-5.7290325,68.75431,9.976349,1.9894135,6.8569145,15.956877,24.541916,-29.016605,61.56748,-11.705845,-29.699413,35.880688,38.634605
105,-6.6817121505737305,-76.7620620727539,61.74973678588867,1.2339081676456896,4.804315842886284,-98.14135285283432,-23.16066,-0.4030078,19.246483,30.574568,-15.613986,2.4539664,-7.8094277,-7.5371466,-6.1118293,70.029655,8.364961,0.9458008,6.5326266,15.348845,24.623148,-29.657154,60.47484,-11.200405,-29.33109,36.671104,40.182537
106,-6.652276039123535,-77.58506774902344,61.92210388183594,1.415315589032143,4.8685028336444836,-98.33454273433729,-22.161808,-0.7964894,19.469719,29.807644,-15.908377,2.487705,-9.229922,-7.9651604,-6.194612,71.0544,6.1662545,-0.40058374,6.193442,14.733947,24.657598,-29.929628,59.394367,-10.0036125,-29.291124,36.96006,40.968204
107,-6.6243486404418945,-78.41905975341797,62.104713439941406,1.5746775030742486,4.9020636486626294,-98.51622123702981,-21.095041,-1.1898078,19.671268,28.915293,-16.130716,2.4854608,-10.619837,-8.250735,-6.1510205,71.82823,3.8342767,-1.6703203,5.8531156,13.954468,24.711153,-30.28409,58.40202,-8.853818,-29.235683,37.355755,41.83916
108,-6.622519493103027,-79.22476196289062,62.28461837768555,1.7250724614257507,4.87429579438932,-98.60432677969118,-19.94633,-1.6159451,19.774837,27.905401,-16.262218,2.4827352,-11.86901,-8.505693,-6.2037573,72.32325,1.8369447,-2.5281343,5.3668356,13.067886,24.85776,-30.72362,57.46149,-8.57366,-28.732971,38.497044,43.629242
109,-6.615220069885254,-80.0360107421875,62.46530532836914,1.807899037714199,4.844476204517827,-98.56516235332025,-18.79791,-2.0145402,19.73713,26.847502,-16.353664,2.4747217,-12.993313,-8.716047,-6.4691296,72.474884,0.2958172,-2.8487742,4.8997087,12.183532,24.900936,-30.931135,56.54937,-7.4152355,-28.69657,38.84907,44.59732
110,-6.615163326263428,-80.84895324707031,62.642486572265625,1.8607798476875852,4.77642136697608,-98.44453343643555,-17.583971,-2.4181275,19.611223,25.672235,-16.366926,2.450823,-14.012706,-8.881739,-6.838644,72.32605,-1.0352727,-2.8427746,4.3509736,11.144097,24.965403,-31.178139,55.742737,-6.32689,-28.65005,39.363716,45.663517
111,-6.630006313323975,-81.6808853149414,62.818603515625,1.906002004553029,4.678092698527682,-98.27859277856106,-16.31935,-2.830722,19.420822,24.413744,-16.309753,2.425493,-14.955269,-9.0083275,-7.2410145,71.93474,-2.215827,-2.6909373,3.2918017,10.266251,25.138369,-30.981112,54.853928,-6.2527614,-28.20588,41.108604,47.488205
112,-6.643968105316162,-82.50425720214844,62.979347229003906,1.917963566403184,4.563719920096602,-98.11278487172332,-15.061816,-3.1921842,19.188381,23.21293,-16.251162,2.4083729,-15.848611,-9.047231,-7.600755,71.34345,-3.2990198,-2.57129,2.8027976,9.242678,25.187223,-31.125454,53.972454,-5.094381,-28.176237,41.494095,48.527172
113,-6.651337623596191,-83.33036804199219,63.13063430786133,1.9161097898460913,4.418083226652288,-97.93358742240862,-13.78782,-3.527451,18.886229,22.038773,-16.151838,2.410577,-16.677126,-9.026958,-7.9372644,70.54674,-4.2814627,-2.5168521,2.2948985,8.181766,25.256832,-31.263021,53.06173,-3.9810178,-28.136972,42.032608,49.59258
114,-6.661190986633301,-84.15882110595703,63.26869201660156,1.8959791307391303,4.245379824202236,-97.72805984822344,-12.495322,-3.8364842,18.51514,20.874557,-16.014956,2.4200385,-17.438442,-8.951921,-8.280631,69.52382,-5.138427,-2.4401038,1.7685075,7.1421957,25.339594,-31.346338,52.08471,-2.9064853,-28.08694,42.660282,50.695175
115,-6.671880722045898,-84.9979248046875,63.4079704284668,1.8674247116303733,4.07104095871277,-97.51625456928029,-11.197356,-4.1227636,18.132437,19.698719,-15.858074,2.417561,-18.166723,-8.814948,-8.580954,68.30427,-5.898223,-2.3435843,0.37475672,6.690675,25.595657,-30.37938,50.811012,-2.9179645,-27.668213,44.861122,52.380623
116,-6.696213722229004,-85.8340072631836,63.51521682739258,1.8355524676496273,3.9002620313539764,-97.32655792841167,-9.904428,-4.387187,17.803106,18.536833,-15.729111,2.3881714,-18.88296,-8.606274,-8.776712,66.93331,-6.5985117,-2.2273495,-0.045451637,5.702988,25.64634,-30.442352,49.77702,-1.7516333,-27.643091,45.21923,53.31962
117,-6.722977161407471,-86.67086791992188,63.61152648925781,1.7910733538326464,3.7322532835410556,-97.16300096641201,-8.597163,-4.6312037,17.544096,17.341562,-15.612032,2.3368142,-19.592482,-8.29795,-8.841351,65.40031,-7.245515,-2.126769,-0.53198576,4.675527,25.72094,-30.484983,48.812263,-0.6524248,-27.612074,45.719677,54.170605
118,-6.746143817901611,-87.50289916992188,63.68912887573242,1.7389742934371877,3.5672556041570664,-97.01255749575672,-7.2853703,-4.857942,17.324055,16.133806,-15.503499,2.2708876,-20.287218,-7.912631,-8.809826,63.69599,-7.8277164,-2.037664,-1.05884,3.6655207,25.810816,-30.475708,47.84274,0.39244345,-27.575102,46.298893,54.964806
119,-6.756761074066162,-88.3276138305664,63.74726867675781,1.6918405652190263,3.4125484088621265,-96.86781754637495,-5.9905467,-5.0747423,17.12226,14.947506,-15.40699,2.1808624,-20.955061,-7.5066276,-8.738373,61.829517,-8.330901,-1.9118018,-1.6374403,2.6824446,25.9134,-30.420998,46.852856,1.3714441,-27.533396,46.91746,55.714355
120,-6.759533882141113,-89.16454315185547,63.7822265625,1.6630966745656504,3.2757843089877277,-96.72121561580147,-4.730064,-5.2927337,16.916824,13.806512,-15.325012,2.060031,-21.58384,-7.130412,-8.682383,59.80497,-8.73717,-1.6937486,-2.2752016,1.7201095,26.028824,-30.344002,45.83701,2.264078,-27.488895,47.54358,56.437122
121,-6.76804780960083,-89.9847412109375,63.797481536865234,1.6549885502376096,3.162044902652561,-96.56694243095149,-3.5043616,-5.512661,16.70309,12.695085,-15.247167,1.9045681,-22.172503,-6.7971497,-8.665975,57.608128,-9.039484,-1.3525882,-2.9608738,0.7643196,26.159159,-30.27291,44.778675,3.0811324,-27.443436,48.15688,57.126812
122,-6.780990123748779,-90.8030776977539,63.78940963745117,1.6600460286344025,3.066727160848344,-96.40973510000381,-2.305126,-5.730979,16.491526,11.6073,-15.17973,1.7267512,-22.726557,-6.478596,-8.657852,55.240147,-9.247366,-0.9228937,-3.6689634,-0.19322191,26.305096,-30.221052,43.688522,3.8509417,-27.398144,48.738716,57.76863
123,-6.811893939971924,-91.63774871826172,63.77009201049805,1.6776916791616925,2.9818854101216394,-96.2584104780335,-1.144591,-5.944807,16.284075,10.600433,-15.153522,1.543181,-23.244425,-6.1615777,-8.629285,52.726254,-9.367232,-0.44579428,-4.3858843,-1.150613,26.464966,-30.187805,42.604008,4.5711737,-27.353897,49.262062,58.377186
124,-6.8294525146484375,-92.4586181640625,63.72556686401367,1.7111179968452028,2.9001476539946545,-96.12194473534292,-0.035340276,-6.153505,16.08367,9.731268,-15.197899,1.3671304,-23.724977,-5.836404,-8.55014,50.0921,-9.407973,0.03579432,-5.1005,-2.103715,26.635609,-30.166195,41.561714,5.2355413,-27.311388,49.70058,58.969692
125,-6.844729423522949,-93.2811508178711,63.656639099121094,1.7620663553209714,2.821391134913475,-96.00655250756051,1.0176054,-6.360085,15.892121,9.009798,-15.311516,1.2118934,-24.164654,-5.508152,-8.422038,47.316586,-9.368767,0.49342635,-5.8144293,-3.0543003,26.815348,-30.161589,40.562927,5.8443027,-27.271826,50.03957,59.53209
126,-6.854632377624512,-94.11653137207031,63.569480895996094,1.8218407336981395,2.7484943389777867,-95.90711194440114,2.0127683,-6.557757,15.710133,8.429089,-15.497893,1.0691104,-24.569258,-5.175191,-8.256438,44.406548,-9.252177,0.95431185,-6.522297,-4.017986,27.004816,-30.188013,39.603596,6.4124374,-27.236193,50.27572,60.050602
127,-6.862217903137207,-94.92562866210938,63.44544982910156,1.8843184481182573,2.6793687355312397,-95.81410706304601,2.9394698,-6.734619,15.540109,8.024562,-15.785618,0.91439235,-24.948647,-4.8279767,-8.036995,41.418407,-9.076119,1.4531094,-7.207264,-5.0105877,27.204115,-30.249628,38.708275,6.946405,-27.204525,50.406704,60.55235
128,-6.863173007965088,-95.7602767944336,63.30605697631836,1.956692616077714,2.613092505202298,-95.71901316992995,3.6897602,-6.8597713,15.397933,8.075558,-16.351488,0.71463376,-25.299435,-4.473008,-7.7425613,38.37248,-8.840802,2.0172296,-7.850935,-6.0281,27.411625,-30.33903,37.877773,7.444736,-27.176027,50.430492,61.076668
129,-6.86935567855835,-96.5778579711914,63.149208068847656,2.0532250530434752,2.555103328698476,-95.62373342023001,4.4247665,-7.0004263,15.270949,8.159729,-16.951698,0.45284238,-25.623291,-4.1181517,-7.341181,35.217606,-8.501391,2.62032,-8.449842,-7.0707893,27.625984,-30.446236,37.09714,7.887953,-27.149937,50.34201,61.6485
130,-6.877203464508057,-97.40615844726562,62.97840881347656,2.171437855564706,2.505548314031088,-95.53516895168212,5.153199,-7.160087,15.160765,8.252742,-17.565416,0.1454882,-25.92008,-3.7829535,-6.842111,31.95552,-8.078853,3.240047,-9.00869,-8.129496,27.846457,-30.570118,36.356056,8.277019,-27.125778,50.140846,62.24657
131,-6.884931564331055,-98.24039459228516,62.78893280029297,2.3015279017568027,2.4596705891126356,-95.45367220609583,5.870753,-7.3254,15.065127,8.378615,-18.201826,-0.17577346,-26.182648,-3.4888573,-6.283334,28.670513,-7.6629844,3.915098,-9.521567,-9.191878,28.07254,-30.716066,35.662983,8.633917,-27.10312,49.83807,62.849663
132,-6.888926029205322,-99.08677673339844,62.58495330810547,2.4351625522574754,2.412352615089012,-95.37958915253913,6.5744967,-7.488052,14.980399,8.561247,-18.870508,-0.4784169,-26.397825,-3.2438307,-5.7061167,25.42797,-7.3287535,4.695982,-9.984991,-10.245826,28.302687,-30.890205,35.026627,8.978892,-27.081572,49.448357,63.4385
133,-6.8953752517700195,-99.93502807617188,62.36374282836914,2.579572916700391,2.3642171526301,-95.30481124869489,7.2658253,-7.6549554,14.896802,8.799255,-19.591772,-0.7565018,-26.530739,-3.0410297,-5.0593934,22.074755,-7.0335455,5.7060714,-10.417813,-11.302755,28.53675,-31.096107,34.45658,9.299573,-27.061052,48.975723,64.012436
134,-6.9037766456604,-100.78121185302734,62.13127517700195,2.7380996389864602,2.31900315186885,-95.228172460685,7.943813,-7.8287888,14.815791,9.083912,-20.35425,-1.0283611,-26.568752,-2.8751037,-4.3473506,18.545444,-6.713752,6.8839436,-10.82083,-12.369568,28.774534,-31.331213,33.948406,9.58261,-27.041433,48.418694,64.584206
135,-6.915337562561035,-101.62767028808594,61.89921951293945,2.831959334830814,2.3037689497597946,-95.1774576276125,8.551263,-7.9194536,14.780674,9.495559,-21.165096,-1.3028448,-26.46645,-2.66284,-3.7155643,14.819148,-6.267632,8.013403,-10.890433,-13.481589,29.203264,-31.868322,33.312,10.122791,-27.008966,47.36312,64.98404
136,-6.926206588745117,-102.48222351074219,61.65949630737305,2.963302173916703,2.288352711741812,-95.12266926484874,9.155813,-8.038784,14.736582,9.928192,-21.910461,-1.5726391,-26.398655,-2.5346763,-3.269965,11.534814,-5.973792,8.906025,-10.982067,-14.469829,29.569595,-32.289627,32.69108,10.54311,-26.98287,46.392727,65.46894
137,-6.943794250488281,-103.3381576538086,61.412845611572266,3.1048688868876453,2.2704060013545995,-95.08131217058707,9.745836,-8.161364,14.715212,10.419859,-22.628256,-1.8373332,-26.396486,-2.4495595,-3.0048854,8.723742,-5.894343,9.494455,-11.077703,-15.399617,29.893284,-32.61806,32.13479,10.883756,-26.958647,45.472042,66.02031
138,-6.962589263916016,-104.20538330078125,61.16155242919922,3.292011150413474,2.2612141760393283,-95.0222242978459,10.318156,-8.31689,14.677091,10.955436,-23.323267,-2.0963662,-26.564993,-2.4403653,-2.8745875,6.5667543,-6.165556,9.910825,-11.187856,-16.25388,30.18504,-32.856186,31.59395,11.122522,-26.935019,44.567074,66.65518
139,-6.989509582519531,-105.0821533203125,60.90918731689453,3.5177849729685913,2.274181614851006,-94.9342997841992,10.86638,-8.49434,14.59035,11.515006,-23.94193,-2.3576365,-26.664692,-2.4795659,-2.954929,4.5800633,-6.3638473,10.253087,-11.310346,-17.033749,30.45193,-33.00778,31.072626,11.279597,-26.91256,43.676407,67.32556
140,-7.00923490524292,-105.959228515625,60.66788864135742,3.7345790279011473,2.3096177777139975,-94.83903074133316,11.394593,-8.644694,14.463407,12.082364,-24.434637,-2.63118,-25.988297,-2.4542682,-3.3298376,1.1682379,-5.408695,10.611848,-11.421218,-17.75073,30.699913,-33.086765,30.6213,11.415436,-26.89108,42.811604,67.94229
141,-7.042041301727295,-106.84032440185547,60.441429138183594,3.947009241936781,2.371646735349369,-94.74203577282852,11.900097,-8.771397,14.30873,12.656192,-24.812849,-2.9150538,-25.819586,-2.402888,-4.1373367,-0.4674977,-5.2404423,11.123882,-11.51699,-18.423994,30.932535,-33.093693,30.25466,11.536808,-26.870672,41.96531,68.4966
142,-7.079956531524658,-107.73039245605469,60.228031158447266,4.1426717038380225,2.451041991171249,-94.6596071061728,12.39037,-8.868833,14.1530075,13.240354,-25.094137,-3.2100866,-25.951294,-2.3101652,-5.288779,-0.8942804,-5.563904,11.70435,-11.59211,-19.073627,31.15291,-33.0447,29.995966,11.645503,-26.850756,41.141487,68.9984
143,-7.1251540184021,-108.63452911376953,60.03156280517578,4.214436215822315,2.5266984919025055,-94.6072287733662,12.748432,-8.7982435,14.034765,14.165541,-25.433836,-3.5394328,-26.23586,-2.1181223,-6.4416075,-0.46640196,-6.0465937,12.09612,-11.583968,-19.671097,31.413008,-33.01419,29.827702,11.894799,-26.82349,40.262825,69.31739
144,-7.170351505279541,-109.55075073242188,59.851318359375,4.082606619827355,2.576873903635196,-94.61785745142107,13.040494,-8.501788,13.973922,15.304025,-25.715675,-3.9161558,-26.620811,-1.788657,-7.2202244,0.69719774,-6.503809,12.037966,-11.534187,-20.305025,31.703253,-33.064095,29.907852,12.276658,-26.78194,39.478954,69.42552
145,-7.214961051940918,-110.47327423095703,59.700157165527344,3.7138226887325994,2.60517927800007,-94.744654851282,13.332275,-7.9792547,14.008996,16.5021,-25.902668,-4.353105,-27.416157,-1.3354537,-7.529477,3.5312996,-7.3975897,11.370409,-11.363453,-20.97164,32.106705,-33.246674,30.187702,12.83199,-26.703873,38.771732,69.3008
146,-7.277332305908203,-111.37129974365234,59.601932525634766,3.1834373911272826,2.6071370496869744,-94.95376708192077,13.611284,-7.2973704,14.105675,17.801628,-26.015831,-4.8353453,-28.307144,-0.77676517,-7.5751567,7.2001476,-8.305737,10.262856,-11.213438,-21.611782,32.545174,-33.388847,30.699171,13.380799,-26.592896,38.318035,69.08442
147,-7.348223686218262,-112.2844467163086,59.520912170410156,2.688639555707956,2.61454636251881,-95.08758750893622,13.82726,-6.601382,14.088808,19.22881,-25.958279,-5.33643,-28.816021,-0.2410673,-7.4120593,10.090369,-8.429782,8.962675,-11.164613,-22.099794,32.89387,-33.378048,31.25897,13.81008,-26.483776,37.98909,68.90873
148,-7.428286075592041,-113.22845458984375,59.43922424316406,2.2370193587707545,2.6607191815612827,-95.08397409146004,13.912551,-5.870222,13.920736,20.847437,-25.663082,-5.846098,-29.42989,0.22372943,-7.0875163,13.011652,-8.416853,7.707377,-11.268905,-22.541182,33.19696,-33.305096,31.876102,14.129017,-26.379307,37.70042,68.736084
149,-7.515097618103027,-114.18781280517578,59.382999420166016,1.681501679038174,2.7159538701139865,-95.01104532780747,13.913397,-4.97814,13.723858,22.65092,-25.18652,-6.3829374,-29.918055,0.8551939,-6.4089017,15.362891,-7.711629,6.368802,-11.4148655,-22.928936,33.499615,-33.26139,32.583252,14.50102,-26.256815,37.387665,68.441605
150,-7.618828296661377,-115.15433502197266,59.359771728515625,1.0229295415363329,2.775753505787752,-94.90293744562571,13.846585,-3.9471517,13.516579,24.616886,-24.546572,-6.9595366,-30.31973,1.6506602,-5.446869,17.433693,-6.4561,4.9106054,-11.5765085,-23.307207,33.779884,-33.267555,33.43984,14.929557,-26.119661,37.082905,68.02844
151,-7.7268266677856445,-116.13987731933594,59.35988998413086,0.36660702650537713,2.834083927678976,-94.77244243938681,13.663067,-2.891428,13.251489,26.804165,-23.632612,-7.561236,-30.600485,2.46333,-4.5654826,19.249458,-5.0958977,3.646368,-11.758102,-23.587152,34.00716,-33.216965,34.373165,15.341125,-25.984226,36.811256,67.56656
152,-7.841568946838379,-117.13795471191406,59.371559143066406,-0.18380675356464152,2.8777166087902777,-94.63254825856512,13.314271,-1.9202081,12.876501,29.269985,-22.327824,-8.170212,-30.725248,3.1196277,-4.0825486,20.869844,-4.1292143,2.8400536,-11.94404,-23.614473,34.165462,-32.9684,35.247463,15.670461,-25.865238,36.573055,67.12592
153,-7.957842826843262,-118.14178466796875,59.38233184814453,-0.6097536046401079,2.8971098581347885,-94.44349560841073,12.795494,-1.0340286,12.331901,32.062515,-20.537006,-8.912468,-30.679604,3.496831,-4.171352,22.373198,-3.7705822,2.7407136,-12.140763,-23.259125,34.26053,-32.43145,35.942055,15.935387,-25.76171,36.310505,66.70965
154,-8.059660911560059,-119.1461181640625,59.401248931884766,-0.9761591199989433,2.9087020353403563,-94.22635104242579,12.1128845,-0.18208241,11.661367,35.149734,-18.351675,-9.758429,-30.528807,3.662906,-4.597768,23.844345,-3.8156312,3.08641,-12.398354,-22.796698,34.284008,-31.766966,36.709908,16.130575,-25.67121,36.10112,66.27776
155,-8.147449493408203,-120.13428497314453,59.42555618286133,-1.2939377964735783,2.895383676039491,-94.07821791102673,11.27722,0.5956867,10.967781,38.456055,-15.916522,-10.46094,-30.314806,3.733409,-5.050632,25.31247,-4.1271186,3.3882587,-12.580649,-22.176304,34.23987,-30.991323,37.505997,16.264158,-25.591532,35.9462,65.83841
156,-8.226068496704102,-121.11381530761719,59.46631622314453,-1.572739274630631,2.852246527227307,-94.08955824436183,10.300594,1.2638958,10.369322,41.888752,-13.354765,-10.7851715,-30.070848,3.8777773,-5.2184253,26.730944,-4.555034,3.1995575,-12.601774,-21.490295,34.117275,-30.187508,38.4114,16.31701,-25.527237,35.889427,65.39428
157,-8.293842315673828,-122.08385467529297,59.523345947265625,-1.795834848920615,2.7541702303097857,-94.34211901423546,9.160893,1.7721308,9.894796,45.589054,-10.616933,-10.518212,-29.812025,4.2075515,-4.9404655,28.111929,-5.106838,2.347618,-12.395837,-20.725246,33.89249,-29.32699,39.464783,16.275187,-25.481432,35.96255,64.97661
158,-8.358875274658203,-123.04731750488281,59.60213088989258,-1.9629191634765428,2.6103039220212434,-94.76466876170147,7.8749394,2.153521,9.518985,49.51585,-7.6159134,-9.867094,-29.51818,4.663783,-4.3997083,29.438673,-5.8159103,1.1284713,-12.018966,-19.891249,33.56496,-28.41447,40.647045,16.156279,-25.450953,36.12668,64.56627
159,-8.42509651184082,-123.99999237060547,59.701168060302734,-2.109048259753354,2.470839121414325,-95.21613621937593,6.5039325,2.5140116,9.261259,53.33033,-4.4371705,-9.199619,-29.162294,5.17454,-3.8028605,30.595425,-6.5639653,-0.1924152,-11.58136,-19.105333,33.16915,-27.569416,41.94649,15.984377,-25.429201,36.332867,64.088036
160,-8.50191879272461,-124.93612670898438,59.81364440917969,-2.2663345777595008,2.3871978258399813,-95.55602563128713,5.096153,2.9663548,9.099972,56.735466,-1.2072872,-8.851422,-28.718576,5.631863,-3.3635294,31.47894,-7.266848,-1.3615694,-11.191871,-18.44578,32.749454,-26.887026,43.32019,15.77774,-25.410261,36.530037,63.47565
161,-8.587249755859375,-125.87555694580078,59.94831848144531,-2.446704128527896,2.3801846740487393,-95.75500422535677,3.6072938,3.5723498,9.011082,59.750504,2.4613912,-8.96795,-28.177582,6.0022793,-3.142787,32.05214,-7.951459,-2.3782978,-10.879242,-17.90055,32.322285,-26.339529,44.75596,15.538377,-25.392668,36.726097,62.70542
162,-8.677824974060059,-126.7938461303711,60.089820861816406,-2.63667262546063,2.422649514495119,-95.88301558119976,2.0103986,4.2776837,8.958914,62.558784,6.4684377,-9.324252,-27.556969,6.3380113,-3.028963,32.376835,-8.656583,-3.3574548,-10.593728,-17.402107,31.886942,-25.868364,46.244923,15.254296,-25.380157,36.94732,61.814423
163,-8.763175964355469,-127.70406341552734,60.245304107666016,-2.826647053160937,2.494010696293839,-95.95287753988974,0.38721138,5.019681,8.913616,65.10418,9.927323,-9.675328,-26.870253,6.635563,-2.9769015,32.503147,-9.336811,-4.2225685,-10.320654,-16.9181,31.460331,-25.506456,47.728325,14.910089,-25.375757,37.165318,60.84652
164,-8.85355281829834,-128.59681701660156,60.41692352294922,-3.0086947584892263,2.5728203924400406,-95.9760862419411,-1.1717107,5.7562075,8.899321,67.31524,11.950929,-9.744321,-26.133457,6.8915586,-2.9459233,32.486897,-9.945729,-4.897661,-10.045621,-16.410643,31.057781,-25.286848,49.142727,14.496286,-25.381697,37.345997,59.838062
165,-8.933834075927734,-129.4879150390625,60.5975456237793,-3.187920024613593,2.6677483597047558,-95.90874504192382,-2.656967,6.5096955,8.918167,69.17826,12.014287,-9.391134,-25.350506,7.0920863,-2.9826887,32.322674,-10.483677,-5.334022,-9.79999,-15.863175,30.686296,-25.222824,50.45344,14.011705,-25.39811,37.47231,58.7713
166,-9.008609771728516,-130.366943359375,60.78324890136719,-3.3639409362151644,2.784502756313991,-95.76009969916285,-4.1121464,7.295517,8.970021,70.73816,10.679642,-8.766596,-24.514288,7.239752,-3.0953903,31.99008,-10.970469,-5.5781364,-9.582472,-15.279904,30.34002,-25.286823,51.685944,13.461304,-25.423895,37.55942,57.637325
167,-9.073463439941406,-131.239501953125,60.97304916381836,-3.520818727947621,2.8964917634273855,-95.61644086048146,-5.51994,8.072696,9.098387,71.99998,8.697575,-8.018802,-23.625006,7.3552055,-3.1907988,31.526031,-11.389202,-5.70038,-9.330236,-14.645927,30.011381,-25.44931,52.86279,12.846101,-25.458706,37.619576,56.48967
168,-9.12761116027832,-132.11077880859375,61.170188903808594,-3.6462162880347355,2.9764635244509634,-95.56586348507234,-6.8590097,8.819173,9.369637,72.967125,6.822196,-7.276871,-22.683601,7.461486,-3.1744263,30.969162,-11.723568,-5.7763033,-8.977295,-13.949734,29.693184,-25.68725,54.008575,12.166145,-25.502584,37.669888,55.381325
169,-9.169453620910645,-132.97279357910156,61.37486267089844,-3.730469997029799,3.0139234600982836,-95.6380320047041,-8.125258,9.514932,9.792383,73.61226,5.0927243,-6.5444794,-21.683744,7.559268,-3.0181208,30.316721,-11.958498,-5.80381,-8.492992,-13.172027,29.382332,-26.011202,55.115086,11.406796,-25.557281,37.71834,54.325134
170,-9.192488670349121,-133.8314208984375,61.5847282409668,-3.78038893515443,3.0213854217268143,-95.78129849328282,-9.3273535,10.15966,10.3173065,73.93723,3.1670635,-5.7913566,-20.624454,7.636005,-2.7784004,29.555677,-12.108315,-5.757339,-7.9167166,-12.318699,29.08193,-26.433874,56.169384,10.573884,-25.622522,37.75424,53.295815
171,-9.223734855651855,-134.69879150390625,61.80189895629883,-3.8073328119443035,3.007140408355365,-95.96285421940624,-10.459845,10.787042,10.959459,73.991295,1.2290707,-5.059165,-19.514767,7.6947446,-2.4850128,28.704021,-12.197944,-5.6779685,-7.2864046,-11.412564,28.79465,-26.934488,57.186535,9.699413,-25.694921,37.76949,52.28268
172,-9.240499496459961,-135.56268310546875,62.013893127441406,-3.822383266189927,2.980474274582664,-96.15033161408965,-11.515,11.437414,11.745165,73.82352,-0.5395642,-4.3801317,-18.365849,7.736742,-2.1663399,27.781733,-12.251805,-5.6017056,-6.639838,-10.47594,28.522953,-27.489603,58.181686,8.814412,-25.771063,37.75678,51.275154
173,-9.254315376281738,-136.43104553222656,62.22401428222656,-3.8193871832655937,2.934885887620332,-96.3463725688035,-12.470127,12.141115,12.765948,73.42006,-2.0961761,-3.7784529,-17.165272,7.7502117,-1.8088193,26.776983,-12.267871,-5.51338,-5.9727945,-9.495047,28.264847,-28.114418,59.158962,7.9087415,-25.852133,37.71258,50.28882
174,-9.2664155960083,-137.30902099609375,62.42676544189453,-3.7917900622166023,2.8672713306986792,-96.5640781757074,-13.329369,12.859525,13.991306,72.7605,-3.532835,-3.2452188,-15.911956,7.7315373,-1.4044622,25.688698,-12.238345,-5.398699,-5.2665625,-8.466011,28.019917,-28.82396,60.111828,6.972701,-25.939997,37.641422,49.325962
175,-9.282362937927246,-138.17144775390625,62.62073516845703,-3.7607384289744816,2.7926230787598665,-96.7882698390441,-14.130487,13.539228,15.26997,71.88819,-4.8732853,-2.7496026,-14.638049,7.6978645,-0.9890203,24.557903,-12.179487,-5.2908015,-4.540351,-7.4266076,27.791758,-29.588669,61.042114,6.0359435,-26.032413,37.55335,48.352905
176,-9.309608459472656,-139.04176330566406,62.80777359008789,-3.746169027501601,2.726958555554804,-97.00298576390777,-14.917921,14.135364,16.445618,70.847694,-6.142792,-2.2521312,-13.369414,7.6696916,-0.5979206,23.409565,-12.10316,-5.2229056,-3.818154,-6.4079165,27.582737,-30.368118,61.948986,5.1237016,-26.12752,37.462223,47.33785
177,-9.328803062438965,-139.91552734375,62.976318359375,-3.7562701177571216,2.6698147913617887,-97.20302512433102,-15.704709,14.659484,17.501678,69.651825,-7.3734007,-1.6927711,-12.099471,7.6600714,-0.24271868,22.229868,-11.995372,-5.21731,-3.110705,-5.415048,27.39052,-31.185242,62.857433,4.2430177,-26.22394,37.374687,46.27361
178,-9.347999572753906,-140.78903198242188,63.12772750854492,-3.7820984425244726,2.6143108299970126,-97.39679629541247,-16.47226,15.131199,18.51574,68.27965,-8.546104,-1.1061159,-10.82005,7.657702,0.09439932,21.017214,-11.859123,-5.246084,-2.4070892,-4.4268346,27.211231,-32.04307,63.76108,3.3780203,-26.323807,37.287056,45.17638
179,-9.364407539367676,-141.6571502685547,63.259029388427734,-3.8165871706133125,2.568658782908488,-97.58896905775984,-17.220074,15.528166,19.473118,66.7236,-9.609507,-0.5829667,-9.560004,7.649962,0.42162696,19.822958,-11.729873,-5.270833,-1.7030215,-3.4331622,27.044064,-32.865047,64.61062,2.5161543,-26.430721,37.206146,44.04541
180,-9.37681770324707,-142.51589965820312,63.37059783935547,-3.8513997678994394,2.5413275713624,-97.78436235588323,-17.947273,15.830973,20.363478,64.97502,-10.509303,-0.20985629,-8.347974,7.625233,0.7479602,18.69472,-11.641283,-5.2589636,-0.99891734,-2.4238608,26.888674,-33.56868,65.357864,1.6391505,-26.549162,37.14529,42.882423
181,-9.383084297180176,-143.3761444091797,63.46039581298828,-3.8814782888664605,2.540367281459518,-97.98615959944847,-18.659847,16.031206,21.198532,63.014572,-11.229592,0.0139626805,-7.1848636,7.5753946,1.0857624,17.611885,-11.587457,-5.2069507,-0.30170837,-1.3820457,26.740675,-34.13429,65.9846,0.729817,-26.685268,37.134926,41.677643
182,-9.391647338867188,-144.23297119140625,63.527645111083984,-3.9332285813956447,2.5692736515169132,-98.18988247742728,-19.376553,16.173763,21.973206,60.874706,-11.811849,0.13443363,-6.0549784,7.533657,1.4239256,16.531448,-11.540256,-5.137123,0.26409805,-0.14195381,26.703316,-34.330486,66.38661,-0.25788775,-26.73038,37.250427,40.472836
183,-9.402856826782227,-145.0865478515625,63.573692321777344,-3.960687428287599,2.587631733889788,-98.39509055822245,-20.040682,16.21301,22.712454,58.544342,-12.235309,0.15184037,-4.977127,7.450795,1.7469308,15.596049,-11.570987,-5.0546327,1.0334314,0.79073733,26.481256,-34.906628,66.95759,-1.2058315,-26.980879,37.268166,39.212746
184,-9.402220726013184,-145.94570922851562,63.598358154296875,-4.0617012379338835,2.614798393681876,-98.59420158787503,-20.707588,16.271927,23.34653,56.126602,-12.551753,0.041991793,-3.9308574,7.435898,2.02592,14.718799,-11.62558,-4.975211,1.6383406,1.9008152,26.442726,-35.015743,67.31567,-2.2118478,-27.0288,37.335766,38.032303
185,-9.397260665893555,-146.80224609375,63.600040435791016,-4.163966858479287,2.6330123754378687,-98.79508545304166,-21.327068,16.280039,23.925127,53.550102,-12.709661,-0.18752562,-2.9487233,7.4164743,2.2564065,14.013261,-11.764571,-4.90796,2.3240142,2.9766395,26.37077,-35.1348,67.61124,-3.3436348,-27.12517,37.409817,36.976986
186,-9.406926155090332,-147.64920043945312,63.566864013671875,-4.3038780259932965,2.657444737870145,-98.99512418129224,-21.935572,16.273815,24.425095,50.847366,-12.736154,-0.52940196,-2.014994,7.43036,2.4476323,13.40402,-11.951068,-4.852885,2.9973106,3.9319842,26.28834,-35.165184,67.94887,-4.434349,-27.238947,37.44959,35.86569
187,-9.403121948242188,-148.51174926757812,63.52425765991211,-4.4671150587874005,2.6717894149010677,-99.18256846009201,-22.514688,16.218721,24.841455,48.02276,-12.652797,-0.9648647,-1.1177678,7.460862,2.612628,12.913655,-12.198538,-4.792201,3.646981,4.839657,26.201033,-35.106907,68.27215,-5.5070696,-27.366018,37.45949,34.749454
188,-9.41153335571289,-149.36737060546875,63.45106887817383,-4.6444230872238235,2.6629566135721228,-99.34452003696062,-23.055143,16.09799,25.160982,45.09444,-12.487669,-1.4733664,-0.24579923,7.5014334,2.7612092,12.560033,-12.518339,-4.7063537,4.2462907,5.71187,26.114075,-34.970005,68.581436,-6.5356293,-27.501308,37.43065,33.629856
189,-9.422171592712402,-150.22689819335938,63.35833740234375,-4.846887282470465,2.623121913882761,-99.47734769819644,-23.546219,15.92734,25.407036,42.03633,-12.231673,-1.988425,0.6068306,7.5620213,2.8873258,12.351266,-12.912078,-4.5849004,4.8026586,6.5248113,26.030634,-34.754997,68.89939,-7.4944854,-27.639975,37.346043,32.487255
190,-9.427919387817383,-151.0988006591797,63.24634552001953,-5.071446154533243,2.5613131991669267,-99.58804567888365,-23.9958,15.722164,25.573456,38.85757,-11.888007,-2.5282555,1.4365841,7.643578,2.9879367,12.265821,-13.371023,-4.4404955,5.330235,7.2917705,25.952887,-34.456913,69.20337,-8.406162,-27.7808,37.208084,31.334959
191,-9.431718826293945,-151.97280883789062,63.11164093017578,-5.303606862314228,2.485842748219529,-99.6772339663418,-24.428888,15.482564,25.595846,35.64912,-11.521002,-3.1924856,2.2312486,7.7352304,3.073646,12.306473,-13.899417,-4.286271,5.8297367,7.988025,25.899817,-34.163986,69.490204,-9.319214,-27.88297,37.055885,30.250607
192,-9.43669319152832,-152.84848022460938,62.956993103027344,-5.495464629001917,2.412386317521908,-99.74080611844506,-24.850128,15.162892,25.428936,32.436905,-11.162116,-4.0717173,2.9761624,7.7878556,3.1496305,12.471689,-14.505021,-4.131849,6.291665,8.706557,25.846733,-33.820812,69.68768,-10.297534,-27.995258,36.875813,29.300318
193,-9.456547737121582,-153.7092742919922,62.78154754638672,-5.658326619274187,2.3418469083070588,-99.77701045944495,-25.248133,14.7615795,25.009174,29.118406,-10.723701,-5.2603836,3.6491907,7.813466,3.2142613,12.8172,-15.235657,-3.9711516,6.703291,9.407294,25.796556,-33.451244,69.81937,-11.329282,-28.117126,36.68439,28.45588
194,-9.464116096496582,-154.5771026611328,62.600929260253906,-5.802349799203059,2.269490261643247,-99.78436594675243,-25.60157,14.3084,24.37814,25.671667,-10.218799,-6.6533084,4.291785,7.8185387,3.2643857,13.254697,-16.030355,-3.797482,7.070661,10.076074,25.75096,-33.058224,69.901955,-12.400399,-28.24587,36.482143,27.69963
195,-9.46645450592041,-155.4482879638672,62.41034698486328,-5.923704245460322,2.2006732060606624,-99.76750021342814,-25.903584,13.844131,23.64504,22.250378,-9.831918,-8.053254,4.9187126,7.798087,3.3029025,13.735688,-16.83329,-3.6178553,7.3861694,10.728528,25.709063,-32.64873,69.9444,-13.477088,-28.380875,36.265858,27.016708
196,-9.463555335998535,-156.32568359375,62.22031021118164,-5.957363862544296,2.1393573051076933,-99.70397927845087,-26.06703,13.276038,22.952595,18.788712,-9.595616,-9.268238,5.5202966,7.689892,3.2973237,14.275665,-17.629084,-3.4375489,7.6046495,11.523133,25.657303,-32.126972,69.832245,-14.496031,-28.577168,36.00108,26.365824
197,-9.461894989013672,-157.1939239501953,62.0201416015625,-6.002654253175372,2.085898241557351,-99.62835000286373,-26.229897,12.748108,22.166014,15.531421,-9.812252,-10.12258,6.111929,7.588708,3.295053,14.836394,-18.408394,-3.2588758,7.763436,12.253308,25.613625,-31.652372,69.74286,-15.44018,-28.762844,35.71164,25.711596
198,-9.457447052001953,-158.07310485839844,61.83594512939453,-5.900107384864761,2.034522149771143,-99.47616161408624,-26.0007,11.892129,21.369453,11.458331,-9.801539,-10.713539,6.696534,7.340578,3.2151196,15.434263,-19.194021,-3.0698853,7.850572,13.131672,25.559237,-31.131632,69.44704,-16.33568,-29.04282,35.354687,25.121723
199,-9.441888809204102,-158.9940185546875,61.581111907958984,-6.229991888026328,2.140213779863201,-99.76024671782282,-22.260565,10.128424,21.59351,-1.627951,-4.4435134,-11.328215,7.1034455,7.454234,3.6086483,16.088097,-19.929161,-2.8813326,8.220443,13.477302,25.530563,-30.59915,69.587906,-16.863253,-29.352446,34.75319,23.933756
200,-9.422606468200684,-159.9116973876953,61.29348373413086,-6.714044893288884,2.2181668176534246,-100.0442696803567,-21.81851,10.082647,21.527401,-5.554757,-4.016003,-12.692789,7.4733434,7.7262807,4.026262,16.880842,-20.624445,-2.701289,8.5795145,13.46803,25.531452,-30.292273,70.06989,-17.524645,-29.421724,34.298054,23.037642
201,-9.383108139038086,-160.82888793945312,61.01554489135742,-7.107938310042899,2.295766197943778,-100.29207758816867,-22.28663,10.18516,21.81332,-6.654913,-4.8635507,-14.323944,7.7616677,7.8876934,4.381841,17.861103,-21.334425,-2.501486,8.910146,13.5475445,25.534727,-29.930641,70.43431,-18.081358,-29.488749,33.723194,22.238747
202,-9.276897430419922,-161.73883056640625,60.72461700439453,-7.448641801029684,2.386179691376493,-100.33724789122812,-22.757357,9.774317,21.95579,-7.64726,-5.5345254,-14.323944,7.971229,7.974359,4.522364,19.048023,-22.108875,-2.2458584,9.045334,13.67593,25.54016,-29.575418,70.73117,-18.55344,-29.557076,33.094093,21.517542
203,-9.188613891601562,-162.6367950439453,60.4438362121582,-7.738965176110665,2.4848214176196057,-100.3929595365801,-23.01044,9.29078,22.23872,-8.68902,-5.774277,-14.323944,8.149341,8.0144825,4.6913877,20.288351,-22.786177,-1.9838545,9.193776,13.823772,25.546827,-29.241209,70.97026,-18.954113,-29.62788,32.442917,20.87949
204,-9.140219688415527,-163.53701782226562,60.190528869628906,-7.882769552922524,2.556153473853716,-100.4474749160367,-23.38177,9.035712,22.528917,-8.569982,-6.1619916,-14.323944,8.351701,7.9371805,4.8966737,21.519592,-23.274485,-1.7231373,9.382577,14.07468,25.549114,-28.951473,71.08045,-19.315195,-29.704659,31.819931,20.433126
205,-9.138579368591309,-164.44895935058594,59.9769287109375,-7.8610077524145785,2.569685314056398,-100.49895692385404,-23.260515,8.835553,22.985788,-8.547586,-5.8798766,-14.323944,8.610507,7.733968,5.1618953,22.733152,-23.594013,-1.4725236,9.6130085,14.457346,25.5422,-28.71591,71.07069,-19.646698,-29.788683,31.25093,20.221567
206,-9.147316932678223,-165.3722686767578,59.8156852722168,-7.559780392893381,2.4984965799459706,-100.42102083582103,-23.602467,8.840674,23.413277,-6.190135,-6.4365854,-14.323944,8.940325,7.2914453,5.3242135,23.981655,-23.80103,-1.2170463,9.808849,15.07449,25.518385,-28.573816,70.84062,-20.053936,-29.883726,30.794754,20.414999
207,-9.13978099822998,-166.2742156982422,59.734500885009766,-7.0664450450108225,2.407507333764691,-100.29140043245843,-24.325066,8.964619,23.742916,-2.342448,-7.4302173,-14.323944,9.247326,6.675085,5.4155173,25.319485,-23.85025,-0.9485051,10.039828,15.892052,25.466652,-28.517654,70.3724,-20.465359,-30.048582,30.376999,20.836763
208,-9.138230323791504,-167.20118713378906,59.67449951171875,-6.40684952617608,2.348344031578097,-100.08427386929463,-26.727308,9.700655,23.638071,5.831502,-10.623373,-14.323944,9.485346,5.90597,5.3642035,26.733143,-23.664715,-0.6541311,10.250555,16.643194,25.36091,-28.650368,69.85537,-20.78128,-30.406977,30.048773,21.262716
209,-9.154268264770508,-168.15455627441406,59.59438705444336,-5.848212890731472,2.400338391696992,-99.98314367642116,-28.115288,10.091538,23.605034,10.991228,-11.554741,-14.323944,9.595329,5.234241,5.3718367,28.222275,-23.294397,-0.3348094,10.429205,17.178436,25.251083,-28.758558,69.45267,-21.129023,-30.75736,29.896181,21.622766
210,-9.163102149963379,-169.12149047851562,59.507118225097656,-5.442064313154684,2.577111127691084,-100.0928452576329,-29.661474,10.763081,23.448135,16.393387,-12.161591,-14.060648,9.547272,4.6790795,5.5692897,29.789896,-22.746843,0.019278618,10.709703,17.545736,25.170889,-28.761492,69.10916,-21.407022,-31.01896,29.724981,21.859686
211,-9.118721961975098,-170.08837890625,59.44844436645508,-4.871268009897489,2.7466317234936546,-99.94746111483747,-30.61687,10.446794,23.02592,19.928162,-11.605808,-11.445807,9.435261,3.96964,5.473338,31.536741,-21.983479,0.4346465,10.769858,18.019896,25.070549,-28.80446,68.611824,-21.613304,-31.35249,29.638468,22.207663
212,-9.071732521057129,-171.06678771972656,59.397525787353516,-4.312513839214319,2.8863029528383772,-99.85997490492332,-31.24447,10.013168,22.636635,22.660524,-10.853835,-9.417723,9.194846,3.268629,5.417822,33.526264,-20.87316,0.8318347,10.875205,18.46145,24.976763,-28.8522,68.111145,-21.720436,-31.65133,29.590837,22.62156
213,-9.011083602905273,-172.06712341308594,59.351139068603516,-3.7695294135633484,2.9905595199595107,-99.8719008501443,-31.567583,9.537816,22.168243,24.713757,-9.965292,-8.258371,8.838853,2.5662744,5.4389243,35.765915,-19.34875,1.2936137,11.053024,18.884764,24.88336,-28.854607,67.60991,-21.640438,-31.929064,29.529501,23.021214
214,-8.947530746459961,-173.07986450195312,59.317474365234375,-3.2095269365070997,3.0763100622195134,-99.9414407324777,-31.69932,9.03737,21.606932,26.419508,-8.980566,-7.6006026,8.378025,1.8421006,5.49164,38.22291,-17.474537,1.8060255,11.273424,19.305384,24.790176,-28.840424,67.07677,-21.45392,-32.17895,29.495764,23.479948
215,-8.875165939331055,-174.09893798828125,59.29643630981445,-2.651101263870689,3.1303152525148286,-99.98929259453985,-31.696178,8.512778,21.050226,27.958263,-8.183363,-7.0318394,7.7997494,1.1417481,5.5128007,40.88219,-15.337635,2.1999743,11.464467,19.696474,24.706955,-28.86611,66.538185,-21.19111,-32.36475,29.497208,24.05328
216,-8.802125930786133,-175.1097869873047,59.279842376708984,-2.1110692117014334,3.142972824888654,-99.93660420913064,-31.615517,7.9419966,20.601685,29.458727,-7.8377814,-6.1609473,7.0933843,0.5062642,5.4267144,43.72024,-13.012281,2.3153079,11.5699215,20.013403,24.641073,-29.00444,66.024895,-20.863886,-32.482517,29.521442,24.77118
217,-8.742204666137695,-176.11607360839844,59.27643585205078,-1.5853724832558047,3.0873121562374775,-99.72746518374765,-31.485764,7.281951,20.239798,31.00636,-8.121022,-4.8270006,6.2470684,-0.036831785,5.191074,46.85336,-10.435587,1.972862,11.524333,20.280872,24.593983,-29.261837,65.538895,-20.380291,-32.521896,29.525978,25.604153
218,-8.693592071533203,-177.1153106689453,59.29667282104492,-1.0684660917147484,2.9758363844834173,-99.41509383795322,-31.283825,6.552341,19.889946,32.525726,-8.86967,-3.2808928,5.2854686,-0.5221557,4.813446,50.21609,-7.557767,1.3285604,11.383336,20.501217,24.563074,-29.610426,65.06234,-19.845669,-32.465897,29.56383,26.619911
219,-8.645988464355469,-178.104736328125,59.33779525756836,-0.5747822345021305,2.839730122728524,-99.08450310171858,-30.978233,5.8111615,19.585758,33.883015,-9.814478,-1.7595526,4.2575054,-1.0092463,4.3117394,53.54078,-4.4900284,0.70287955,11.179574,20.654152,24.541525,-29.975544,64.58784,-19.285858,-32.32904,29.666395,27.737501
220,-8.592733383178711,-179.0853271484375,59.39677429199219,-0.1159955639281801,2.719790960253012,-98.82195779675098,-30.546581,5.1198096,19.385693,34.94801,-10.682939,-0.4941482,3.1895826,-1.5613585,3.744123,56.60148,-1.3793155,0.3864112,10.987906,20.69769,24.526258,-30.326284,64.11449,-18.797934,-32.134224,29.887049,28.942785
221,-8.531370162963867,-180.05482482910156,59.47578430175781,0.30468890317680825,2.608375020252795,-98.60934782674012,-29.955917,4.462388,19.310396,35.64795,-11.425863,0.45411637,2.0696006,-2.2085397,3.1383193,59.404537,2.0957994,0.52628714,10.779236,20.63764,24.514914,-30.660772,63.656956,-18.26989,-31.887383,30.162014,30.16737
222,-8.471075057983398,-181.0077362060547,59.56377410888672,0.6935845466120742,2.4957489362225456,-98.41323808779623,-29.239212,3.809064,19.326664,36.065945,-12.173497,1.1994864,0.8764,-2.9192667,2.5032012,62.07969,5.8764405,0.9213242,10.542191,20.484303,24.510204,-31.006445,63.210487,-17.698029,-31.594585,30.48623,31.43939
223,-8.412029266357422,-181.9364013671875,59.65974426269531,1.0431846028384666,2.4083387765313398,-98.29092972503639,-28.460005,3.2077823,19.423456,36.299255,-12.916384,1.7823373,-0.3702769,-3.6624732,1.8642712,64.59695,9.233565,1.3104191,10.306398,20.231236,24.510588,-31.30518,62.75843,-17.09311,-31.278727,30.885666,32.685276
224,-8.342966079711914,-182.8465118408203,59.773189544677734,1.3499129312512084,2.3742286953633016,-98.30052124546174,-27.68383,2.7072783,19.593756,36.448307,-13.6497755,2.2448971,-1.6513617,-4.4314,1.2032669,66.91827,11.432451,1.3989346,10.10933,19.868277,24.514929,-31.5046,62.28691,-16.489063,-30.96422,31.400314,33.848324
225,-8.278611183166504,-183.73565673828125,59.90349578857422,1.5992167244914965,2.423495479647905,-98.52919624378313,-26.923079,2.3523977,19.911783,36.51746,-14.397162,2.5606685,-2.9901602,-5.3168654,0.43469128,69.05476,12.1409445,1.0537639,10.016168,19.371552,24.521,-31.563583,61.79607,-15.852501,-30.657879,32.02899,34.860386
226,-8.205190658569336,-184.60946655273438,60.05230712890625,1.799102182790372,2.5360141289092777,-98.92100164120777,-26.146868,2.0971134,20.364916,36.45308,-15.14514,2.718688,-4.3907013,-6.315592,-0.41800657,71.03418,11.774108,0.4132777,9.990227,18.753689,24.530033,-31.515646,61.29554,-15.178239,-30.359316,32.75724,35.762703
227,-8.144612312316895,-185.4693603515625,60.2139892578125,1.9671175492726887,2.6621920135343196,-99.33375731860137,-25.334896,1.8629178,20.82481,36.25057,-15.830207,2.7832685,-5.7905955,-7.2616067,-1.2080146,72.80307,10.7459755,-0.38521847,9.925062,18.059204,24.546293,-31.418787,60.78528,-14.506968,-30.076565,33.581642,36.636078
228,-8.099225997924805,-186.3156280517578,60.38507843017578,2.1252032094483577,2.750628313192766,-99.62772437871686,-24.465433,1.5751388,21.163021,35.907707,-16.391317,2.820478,-7.129593,-7.975573,-1.7922767,74.29883,9.494756,-1.1956296,9.718724,17.3323,24.574278,-31.336329,60.26451,-13.86956,-29.817001,34.49543,37.556602
229,-8.069419860839844,-187.15719604492188,60.57438659667969,2.2789848810879136,2.790922976914659,-99.78921718022238,-23.527842,1.2207972,21.369291,35.41097,-16.805532,2.8248696,-8.417419,-8.352223,-2.066193,75.50408,7.900151,-2.0727797,9.35899,16.576866,24.616354,-31.291151,59.724865,-13.261549,-29.582937,35.528915,38.52035
230,-8.054754257202148,-187.99212646484375,60.7678108215332,2.3931998758389232,2.8049650539084987,-99.89138731598129,-22.54009,0.8669504,21.50185,34.790226,-17.121683,2.7712302,-9.677192,-8.424812,-2.0956006,76.43469,5.839452,-3.0067294,9.176748,15.683109,24.654537,-31.458319,59.206337,-12.086602,-29.560606,35.972855,39.09721
231,-8.045320510864258,-188.83152770996094,60.973758697509766,2.530333752988905,2.792249366383352,-99.92300764659994,-21.484882,0.44220403,21.573751,34.00181,-17.324144,2.6996498,-10.8860035,-8.369486,-2.0128546,77.125244,3.7151697,-3.7941277,8.391296,14.898506,24.738535,-31.241499,58.630695,-11.979201,-29.226484,37.777042,40.39764
232,-8.056573867797852,-189.66036987304688,61.181217193603516,2.5940202772215573,2.740508161318325,-99.87436407441632,-20.400358,0.0601695,21.533125,33.179604,-17.498337,2.6397421,-11.987842,-8.220426,-2.0110407,77.54106,1.9775783,-4.2647834,8.05092,13.917391,24.782572,-31.399982,58.140587,-10.857075,-29.200369,38.233006,41.10285
233,-8.070497512817383,-190.48704528808594,61.39349365234375,2.650705382598441,2.647349556043171,-99.71088840471161,-19.252117,-0.36774808,21.375849,32.227505,-17.588587,2.6007576,-12.978788,-8.09319,-2.1544018,77.69082,0.7230029,-4.335462,7.0048943,13.057871,24.894627,-31.07198,57.639122,-10.793737,-28.853941,40.06613,42.519653
234,-8.07801342010498,-191.3227996826172,61.602718353271484,2.6428221291407445,2.499802620819405,-99.45716087398425,-18.04841,-0.761517,21.102577,31.214588,-17.630426,2.5586588,-13.860447,-7.8690195,-2.3675773,77.55219,-0.2519848,-4.1324754,6.467561,11.967543,24.946112,-31.228064,57.224277,-9.72584,-28.830585,40.53612,43.387325
235,-8.09449577331543,-192.16171264648438,61.81306076049805,2.620378569237868,2.331221876604038,-99.15680070844472,-16.80519,-1.1533405,20.762764,30.123365,-17.611893,2.506587,-14.678026,-7.6052136,-2.6011965,77.17674,-1.0625318,-3.7969744,5.802192,10.809164,25.01853,-31.397554,56.846455,-8.76811,-28.798788,41.18941,44.326923
236,-8.119455337524414,-192.9948272705078,62.019020080566406,2.6244250951050536,2.1855870626118494,-98.85758555347175,-15.554953,-1.5619873,20.406153,28.954006,-17.533646,2.4385815,-15.486746,-7.3422737,-2.79514,76.61557,-1.8234961,-3.465163,4.3552194,10.079176,25.199112,-30.7686,56.22929,-8.947288,-28.375662,43.331284,45.93213
237,-8.140365600585938,-193.82806396484375,62.22077178955078,2.61303922859753,2.0293939008071473,-98.57833189461051,-14.283927,-1.9339094,20.021715,27.76607,-17.422153,2.3591979,-16.25726,-7.0327306,-2.9426956,75.85093,-2.504068,-3.1594422,3.727499,9.073627,25.249168,-30.883997,55.662243,-7.9120693,-28.343946,43.673107,46.87912
238,-8.162727355957031,-194.65904235839844,62.41283416748047,2.59645444769023,1.8626382316096686,-98.2816368141363,-12.983906,-2.293631,19.585695,26.523668,-17.25736,2.2683172,-16.98335,-6.696143,-3.080333,74.86825,-3.0677638,-2.817357,3.0030458,8.028679,25.32102,-31.009754,55.107903,-6.9431186,-28.299137,44.114292,47.877163
239,-8.189582824707031,-195.49241638183594,62.592166900634766,2.5743554039359715,1.7069533215869226,-97.9838468976997,-11.679975,-2.6336195,19.14646,25.243837,-17.067463,2.1516838,-17.68303,-6.3440123,-3.1949403,73.68837,-3.5834134,-2.451366,2.2323449,7.005834,25.405827,-31.100975,54.506985,-6.0340867,-28.239374,44.567616,48.89447
240,-8.225898742675781,-196.31741333007812,62.754364013671875,2.5456553744496815,1.5817973414473507,-97.6980819565677,-10.392166,-2.9469798,18.748283,23.933844,-16.881578,1.9994626,-18.369822,-5.982222,-3.2799785,72.32807,-4.1188765,-2.075215,1.4403031,6.003906,25.499,-31.135681,53.858723,-5.156278,-28.165121,44.981205,49.869896
241,-8.256875038146973,-197.1485137939453,62.9058837890625,2.5057807682787927,1.4963034022761192,-97.42808258904793,-9.1154995,-3.2341642,18.407305,22.558311,-16.700304,1.7978963,-19.055765,-5.5924897,-3.3123748,70.785645,-4.705538,-1.6957735,0.63003093,5.021238,25.598013,-31.100163,53.160286,-4.26599,-28.07653,45.310234,50.76316
242,-8.290060043334961,-197.97119140625,63.036537170410156,2.454426901188199,1.4397820844792626,-97.16683521479614,-7.841435,-3.502403,18.09859,21.120876,-16.512465,1.564168,-19.731726,-5.1843915,-3.3052242,69.05518,-5.3055997,-1.3124543,-0.19831271,4.0615587,25.702559,-31.00514,52.41126,-3.3501194,-27.975327,45.538548,51.593872
243,-8.326521873474121,-198.7939910888672,63.151920318603516,2.405842104329139,1.4032088337746897,-96.91068438592877,-6.590789,-3.7550764,17.80563,19.69786,-16.326973,1.3359792,-20.38028,-4.803259,-3.3050542,67.14875,-5.8798113,-0.9226628,-1.0298955,3.119244,25.814074,-30.879549,51.6214,-2.4373991,-27.865215,45.680653,52.39235
244,-8.365029335021973,-199.6025390625,63.24753189086914,2.3725017530498076,1.3769264515319093,-96.65594251573982,-5.3879647,-3.994519,17.512136,18.374645,-16.156826,1.1474278,-20.983871,-4.4902134,-3.3575351,65.07629,-6.3871813,-0.5188035,-1.8508906,2.185797,25.933744,-30.756107,50.801758,-1.569807,-27.751375,45.76418,53.196583
245,-8.401418685913086,-200.41322326660156,63.325958251953125,2.353982301194522,1.3638023048866867,-96.40181158435304,-4.2383986,-4.2203746,17.21059,17.156403,-15.989942,1.0197139,-21.543903,-4.241114,-3.452989,62.825115,-6.819316,-0.06471066,-2.6661413,1.2530706,26.06264,-30.653454,49.94916,-0.7606084,-27.636795,45.796288,54.01769
246,-8.433125495910645,-201.21778869628906,63.384456634521484,2.3483197564165184,1.3663269511364737,-96.14995681990305,-3.1311111,-4.4332213,16.910707,16.009565,-15.8285,0.9321243,-22.067596,-4.0393662,-3.575121,60.39575,-7.197345,0.42501935,-3.4742,0.313461,26.201077,-30.572624,49.067406,0.008825025,-27.522326,45.76437,54.838627
247,-8.468682289123535,-202.02508544921875,63.421791076660156,2.357451889308829,1.37584462677239,-95.90141741716154,-2.0644734,-4.6381607,16.623035,14.95131,-15.697985,0.8531515,-22.545517,-3.8980813,-3.7550235,57.812145,-7.5209274,0.8958335,-4.2523665,-0.63922155,26.348808,-30.51621,48.17473,0.7397518,-27.409714,45.67065,55.65445
248,-8.497401237487793,-202.82530212402344,63.4326171875,2.38424001869964,1.3840415250007416,-95.65752726189142,-1.0342047,-4.8404975,16.358448,13.990859,-15.623115,0.75092673,-22.967693,-3.8251934,-4.0241375,55.09421,-7.7883053,1.2978331,-4.98089,-1.6095803,26.50478,-30.484829,47.28897,1.4285693,-27.301043,45.52534,56.461468
249,-8.528468132019043,-203.62098693847656,63.42539978027344,2.4235294502086404,1.3929779302134238,-95.4182996831797,-0.04919783,-5.03687,16.128428,13.13775,-15.605841,0.6281834,-23.33065,-3.8135073,-4.411194,52.221554,-8.003882,1.6228942,-5.6627865,-2.6005268,26.667484,-30.471249,46.406376,2.0717688,-27.197287,45.323902,57.254944
250,-8.560215950012207,-204.41212463378906,63.400482177734375,2.474026248577112,1.4067224341672695,-95.18425137291057,0.8911008,-5.2272882,15.926549,12.382717,-15.635728,0.4987862,-23.640013,-3.8453481,-4.892032,49.19037,-8.165583,1.9121641,-6.306378,-3.6076477,26.836668,-30.475193,45.517803,2.672543,-27.098839,45.06245,58.03386
251,-8.587850570678711,-205.2042999267578,63.35321807861328,2.5464772278481385,1.4207314622832574,-94.9567848076557,1.7995652,-5.4202967,15.7380085,11.714921,-15.713879,0.34640294,-23.899427,-3.9100034,-5.4181776,46.03991,-8.2615595,2.1900632,-6.899186,-4.622943,27.012037,-30.507664,44.630135,3.2318094,-27.007698,44.759148,58.804256
252,-8.615096092224121,-205.99777221679688,63.28202438354492,2.6486657886154243,1.4301696712106922,-94.73800998265705,2.6834686,-5.6221914,15.54944,11.139041,-15.851852,0.15374362,-24.115026,-3.999793,-5.9396434,42.812023,-8.279204,2.4773817,-7.4331517,-5.644863,27.193893,-30.580862,43.757114,3.74958,-26.925903,44.440727,59.56781
253,-8.643813133239746,-206.79995727539062,63.1887092590332,2.789969596694401,1.429345744956215,-94.5211532901786,3.5521464,-5.84026,15.359863,10.642522,-16.045475,-0.0958657,-24.270107,-4.1274667,-6.4966774,39.46668,-8.184871,2.7550652,-7.9189253,-6.6784,27.38187,-30.700851,42.901962,4.2147775,-26.855696,44.123276,60.33092
254,-8.67912769317627,-207.60134887695312,63.07441711425781,2.9579309866553976,1.4227739967453665,-94.30972236280856,4.3944216,-6.0662093,15.180719,10.236218,-16.29734,-0.3905842,-24.368475,-4.2735963,-7.095529,35.994514,-7.994107,3.0322595,-8.361126,-7.7336955,27.575418,-30.861053,42.06788,4.6258655,-26.797485,43.804546,61.085815
255,-8.712850570678711,-208.40187072753906,62.94295883178711,3.13227095648187,1.4210034394019724,-94.11990874980067,5.1951113,-6.280059,15.016344,9.937344,-16.615723,-0.7048317,-24.44756,-4.390051,-7.636402,32.47681,-7.769233,3.3596466,-8.742919,-8.814024,27.773346,-31.050196,41.27056,4.999052,-26.750406,43.482513,61.814945
256,-8.731901168823242,-209.19244384765625,62.78726577758789,3.29863880388631,1.435793938012411,-93.96807775839017,5.941078,-6.470875,14.870086,9.755482,-16.997858,-1.0131973,-24.539413,-4.4482465,-8.016275,28.980768,-7.5672445,3.7760127,-9.0463505,-9.914679,27.97415,-31.254179,40.51404,5.3445916,-26.71282,43.15703,62.50919
257,-8.760488510131836,-209.9873046875,62.6171875,3.4621738583532817,1.4788326169065786,-93.86051300665676,6.6352925,-6.64755,14.741922,9.658378,-17.435259,-1.3133264,-24.648468,-4.4524636,-8.177644,25.418379,-7.358572,4.2927303,-9.262928,-11.040758,28.176449,-31.459492,39.78888,5.65136,-26.683714,42.829433,63.17539
258,-8.794013023376465,-210.79660034179688,62.43141174316406,3.624620191535047,1.5423746684309352,-93.79123021537083,7.2464223,-6.8024545,14.640564,9.741145,-17.984232,-1.6198827,-24.750916,-4.423126,-8.179306,21.762148,-7.118506,4.8726134,-9.405779,-12.18489,28.380142,-31.663485,39.092003,5.917618,-26.662579,42.50486,63.814087
259,-8.825490951538086,-211.5958709716797,62.23438262939453,3.773147981235872,1.6087392634383115,-93.75489418919793,7.8163466,-6.93118,14.56547,9.938211,-18.586933,-1.9286033,-24.831724,-4.3590684,-8.099732,18.156326,-6.9029,5.4795265,-9.49532,-13.324886,28.584553,-31.870546,38.442135,6.170216,-26.648317,42.189964,64.40652
260,-8.849967002868652,-212.39654541015625,62.034969329833984,3.9024548927382288,1.6610648691827667,-93.74069345626523,8.376733,-7.0296974,14.5105295,10.208424,-19.19765,-2.2364676,-24.878166,-4.2589893,-8.02428,14.749142,-6.760547,6.08612,-9.554557,-14.435874,28.789167,-32.08551,37.853706,6.4354086,-26.63948,41.888683,64.9358
261,-8.879843711853027,-213.20407104492188,61.84001159667969,3.9518328411961883,1.7004929186657605,-93.76608113568078,8.919122,-7.039234,14.509734,10.579451,-19.846407,-2.5413964,-24.747856,-4.030577,-7.962133,11.1394205,-6.5463524,6.5871334,-9.505873,-15.589834,29.079222,-32.43421,37.325752,6.813915,-26.633549,41.509773,65.31058
262,-8.916584014892578,-214.02096557617188,61.626827239990234,4.091780914439931,1.7389905290241359,-93.74508060964232,9.449923,-7.1215916,14.445474,11.00249,-20.500984,-2.8394427,-24.751825,-3.9234786,-7.873249,8.015647,-6.6599793,7.0550823,-9.489491,-16.634426,29.345192,-32.725933,36.733196,7.112666,-26.638462,41.184032,65.72514
263,-8.955599784851074,-214.85379028320312,61.387847900390625,4.364318446289195,1.8209239411291704,-93.61764114593208,9.933509,-7.3054357,14.239488,11.455813,-21.116837,-3.1463208,-24.33845,-3.915953,-7.8879633,4.055799,-6.1267896,7.678639,-9.549887,-17.54127,29.588173,-32.90717,36.015022,7.230269,-26.654621,40.875786,66.258644
264,-9.0001220703125,-215.69468688964844,61.12582778930664,4.7424564242982035,1.925583969127273,-93.43947848635595,10.405808,-7.575132,13.93337,11.889299,-21.635498,-3.4776902,-23.021105,-3.8925037,-8.055408,-1.7782143,-4.1240935,8.634644,-9.690616,-18.295746,29.741606,-32.913494,35.279617,7.165547,-26.673449,40.63501,66.92131
265,-9.057812690734863,-216.5476531982422,60.877132415771484,5.059512112465273,2.007723756752969,-93.32808474834496,10.898327,-7.776771,13.678071,12.342049,-22.104057,-3.8537774,-23.256737,-4.02049,-8.242937,-3.2730322,-4.3238645,10.283127,-9.821581,-18.934896,29.822544,-32.85752,34.692158,7.089959,-26.685934,40.469868,67.53039
266,-9.1207914352417,-217.3936309814453,60.62444305419922,5.397475529650263,2.125283503116749,-93.19383066609646,11.271157,-7.9541545,13.387191,13.010357,-22.63679,-4.262195,-23.933393,-4.235123,-8.532231,-3.4076548,-5.0488753,12.411531,-9.963084,-19.627363,29.906128,-32.75513,34.165634,6.936072,-26.700428,40.253704,68.166885
267,-9.181649208068848,-218.2359619140625,60.3846435546875,5.661694631310128,2.2512553945156726,-93.07892716502147,11.597082,-8.037631,13.099426,13.772559,-23.12308,-4.694968,-24.616577,-4.3879137,-8.815954,-3.1084888,-5.7212048,14.323944,-10.082289,-20.31066,29.993235,-32.63005,33.757996,6.800207,-26.715244,40.00878,68.7277
268,-9.265192985534668,-219.0653533935547,60.16362380981445,5.739549056823692,2.397962849805254,-93.08902036548189,11.838084,-7.909881,12.933025,14.70964,-23.576155,-5.1756535,-25.12745,-4.1828675,-8.796024,-2.7887447,-6.08905,14.323944,-10.048658,-21.04596,30.16874,-32.477116,33.497448,6.8518515,-26.738987,39.587982,69.06073
269,-9.321126937866211,-219.90756225585938,59.971954345703125,5.702874682019812,2.444239200729736,-93.1960164379641,12.233124,-7.7232904,12.794002,15.492003,-23.816069,-5.657331,-25.149275,-3.9713075,-8.721389,-2.736522,-5.9395056,14.323944,-9.968396,-21.608145,30.26362,-32.412865,33.44378,6.9926577,-26.748201,39.405544,69.30909
270,-9.36639404296875,-220.7611846923828,59.80226516723633,5.506946144355331,2.455878876608513,-93.36164447903813,12.612577,-7.3830047,12.689967,16.385136,-24.010761,-6.1547227,-25.17014,-3.715081,-8.6264105,-1.9868927,-5.864477,14.323944,-9.861115,-22.281534,30.368317,-32.376053,33.678238,7.2467985,-26.75257,39.241165,69.417046
271,-9.44497013092041,-221.6036376953125,59.68644714355469,5.027173741262959,2.43119207493483,-93.65223591731537,12.916036,-6.7491765,12.759263,17.583542,-24.242603,-6.666522,-25.935148,-3.2872577,-8.391977,1.0542746,-6.828932,14.158057,-9.697283,-23.192514,30.577013,-32.483635,34.3245,7.8546247,-26.749298,38.998688,69.13231
272,-9.564574241638184,-222.44615173339844,59.61346435546875,4.409332350670146,2.4416415818342503,-94.02041734365854,13.144272,-5.9615335,12.953547,18.906246,-24.347189,-7.173902,-27.215168,-2.6196942,-7.949866,5.3184757,-8.223702,13.036688,-9.306035,-23.977476,31.032242,-32.890965,34.77366,8.611289,-26.720045,38.551685,68.668945
273,-9.670438766479492,-223.32411193847656,59.54073715209961,3.665778864692088,2.472370983125158,-94.44187867522463,13.3579445,-5.060723,13.25223,20.256372,-24.313026,-7.658165,-27.460781,-1.6021582,-7.4720387,7.050108,-7.710339,11.53187,-8.871372,-24.529612,31.637823,-33.26761,35.089264,9.34035,-26.636644,38.075386,68.16134
274,-9.777359962463379,-224.20997619628906,59.48190689086914,2.9038642777198485,2.5130418772259095,-94.86472407180081,13.555387,-4.1379905,13.564926,21.65245,-24.150564,-8.131202,-28.20799,-0.60164976,-6.9146304,10.169405,-7.6213236,9.640461,-8.565306,-24.890455,32.235085,-33.425224,35.43845,9.878996,-26.519186,37.776485,67.73552
275,-9.905906677246094,-225.10659790039062,59.43436050415039,2.2470586183670815,2.5692359929151616,-95.15609198291023,13.668742,-3.2704659,13.724544,23.185589,-23.793974,-8.581982,-29.030197,0.2607481,-6.400698,13.491283,-7.486168,7.817642,-8.405711,-25.025972,32.720165,-33.377945,35.74002,10.24378,-26.407007,37.521175,67.42216
276,-10.057016372680664,-226.01602172851562,59.39869689941406,1.687819452735495,2.635723882616733,-95.29476165747135,13.64787,-2.4331796,13.6984215,24.937675,-23.173485,-9.005306,-29.612453,0.9909044,-5.9642906,16.148964,-7.03093,6.4949584,-8.389375,-25.024412,33.101376,-33.226166,36.048115,10.508365,-26.307228,37.249054,67.157776
277,-10.210803985595703,-226.9490966796875,59.37342071533203,1.1776161185823033,2.72391227910326,-95.25945618452428,13.498746,-1.5644151,13.47258,26.889263,-22.266397,-9.459301,-29.927414,1.597147,-5.5589566,18.03817,-6.098818,5.8957787,-8.562762,-24.96218,33.415394,-33.015602,36.416546,10.713654,-26.21188,36.95766,66.878555
278,-10.360119819641113,-227.89845275878906,59.36049270629883,0.6742207073331709,2.8097529406385537,-95.11526149988671,13.257644,-0.6493047,13.123834,29.020458,-21.115395,-9.933833,-30.054575,2.1322782,-5.149609,19.503906,-4.826765,5.714917,-8.77956,-24.710302,33.663895,-32.73603,36.74548,10.944928,-26.111397,36.55998,66.56191
279,-10.499957084655762,-228.84976196289062,59.36582565307617,0.2076295461678915,2.879752344164067,-94.96141483453489,12.898465,0.24278024,12.743002,31.36521,-19.738302,-10.320073,-30.08095,2.6115203,-4.7624655,20.837208,-3.6789045,5.606916,-9.002635,-24.28354,33.86836,-32.36816,37.088345,11.142089,-26.009996,36.1588,66.25568
280,-10.642741203308105,-229.80477905273438,59.37940979003906,-0.18864774463511413,2.905288243671725,-94.8950739278955,12.409176,1.0429153,12.423782,33.95871,-18.149271,-10.506632,-30.068213,3.0540693,-4.4331684,22.272318,-3.089279,5.2470098,-9.149582,-23.67624,33.99686,-31.902235,37.48993,11.2706375,-25.917196,35.80675,66.00925
281,-10.77443790435791,-230.74888610839844,59.40073776245117,-0.4957030475637967,2.8672241170210313,-94.95034473903314,11.792301,1.7297218,12.203744,36.87868,-16.313366,-10.492191,-30.05772,3.4640117,-4.1673827,23.949799,-3.2985632,4.5641937,-9.195664,-22.897217,34.0154,-31.332327,37.99152,11.315903,-25.83361,35.485596,65.86485
282,-10.890958786010742,-231.676513671875,59.44142150878906,-0.7368683724048435,2.7785428829193624,-95.07585900664718,11.05846,2.3520727,12.045138,40.079533,-14.230213,-10.317475,-30.010538,3.8356574,-3.9274657,25.722424,-4.039743,3.7390673,-9.1636715,-21.983194,33.919353,-30.698004,38.587936,11.309884,-25.754862,35.155125,65.781334
283,-11.006101608276367,-232.59378051757812,59.49931335449219,-0.9439533861057507,2.6676537326861576,-95.23782818789185,10.196743,2.9516969,11.935974,43.42706,-11.958178,-9.938197,-29.883533,4.1869373,-3.6945686,27.39382,-4.983011,2.83667,-9.080067,-21.05479,33.72581,-30.091927,39.325394,11.263612,-25.682735,34.87517,65.68298
284,-11.119373321533203,-233.51499938964844,59.57659912109375,-1.1458365694333328,2.5622576784413322,-95.40054799923722,9.197604,3.563317,11.864002,46.788914,-9.548892,-9.320235,-29.628166,4.536318,-3.4641824,28.755487,-5.789909,1.920582,-8.962567,-20.192533,33.456425,-29.586185,40.216457,11.194736,-25.619812,34.693707,65.495186
285,-11.235403060913086,-234.42869567871094,59.67494201660156,-1.3399993942512805,2.45447011936491,-95.59168510828644,8.005291,4.1624784,11.78134,50.295864,-6.9614716,-8.240821,-29.218748,4.905405,-3.2155588,29.753145,-6.403046,0.9527579,-8.79992,-19.375181,33.109924,-29.143793,41.287113,11.097338,-25.567646,34.65061,65.230835
286,-11.355807304382324,-235.32870483398438,59.78755187988281,-1.5128776712277239,2.3359172556598753,-95.8173745449886,6.650236,4.7523756,11.748124,53.944847,-4.1543655,-6.7950287,-28.692217,5.2963576,-2.9586208,30.500479,-6.9834933,-0.07811888,-8.586558,-18.550842,32.692932,-28.732426,42.49697,10.969615,-25.524694,34.70877,64.914215
287,-11.480130195617676,-236.2161865234375,59.91519546508789,-1.6851349899108063,2.2380369302669614,-96.0097861617915,5.240375,5.418578,11.88029,57.439983,-1.2147287,-5.40519,-28.095179,5.6880097,-2.7479568,31.040306,-7.525212,-1.0730623,-8.364739,-17.76842,32.244225,-28.431387,43.777817,10.824384,-25.490398,34.81913,64.488
288,-11.611088752746582,-237.08908081054688,60.054290771484375,-1.8723524275947108,2.193574237608453,-96.1006267373078,3.8736887,6.2542186,12.249708,60.520664,1.7239249,-4.466318,-27.474178,6.046792,-2.6389763,31.417864,-8.033396,-1.9332743,-8.181248,-17.066515,31.80628,-28.311314,45.05455,10.673913,-25.464035,34.933884,63.89341
289,-11.749027252197266,-237.94749450683594,60.1989860534668,-2.092092005087322,2.2291208254275325,-96.03577265246793,2.5460339,7.401763,12.969791,63.187744,4.9430428,-4.1677547,-26.838463,6.349958,-2.6929836,31.614916,-8.52121,-2.6417968,-8.081183,-16.454073,31.39907,-28.39605,46.311764,10.526643,-25.444284,35.039745,63.091484
290,-11.890542030334473,-238.79885864257812,60.360782623291016,-2.3325172366641374,2.324643454506756,-95.86798278224447,1.206299,8.804376,13.922084,65.620125,8.365621,-4.214308,-26.16226,6.6179,-2.8643017,31.611214,-8.986633,-3.2503037,-8.029973,-15.878664,31.015907,-28.625423,47.559116,10.374765,-25.43205,35.1643,62.116524
291,-12.025603294372559,-239.63865661621094,60.533416748046875,-2.5729986651571384,2.4401571903416928,-95.68437834720218,-0.12848221,10.217078,14.801417,67.82519,11.314327,-4.3314023,-25.44042,6.8710966,-3.0519075,31.452684,-9.414091,-3.7595775,-7.9567046,-15.27792,30.653812,-28.9399,48.753914,10.1949835,-25.431427,35.321518,61.037273
292,-12.152708053588867,-240.4684600830078,60.709716796875,-2.790749654148894,2.533039270642992,-95.5644308714769,-1.4419748,11.369121,15.335426,69.776306,13.124213,-4.2802644,-24.672136,7.1223526,-3.1601458,31.198341,-9.792691,-4.169025,-7.796344,-14.586168,30.309414,-29.280842,49.848846,9.958641,-25.446966,35.525997,59.928493
293,-12.25648021697998,-241.27957153320312,60.88588333129883,-2.977544649767425,2.59573892606064,-95.50579256397336,-2.7544136,12.147093,15.42649,71.45558,13.480684,-3.9897532,-23.858484,7.360491,-3.190756,30.857994,-10.128537,-4.452145,-7.549606,-13.767577,29.979164,-29.649849,50.80704,9.658335,-25.481817,35.798767,58.788475
294,-12.355966567993164,-242.0848846435547,61.06550598144531,-3.1408607316112755,2.645985694654989,-95.46569022905562,-4.0721316,12.6629095,15.239372,72.86931,12.802791,-3.6203468,-23.00055,7.5709596,-3.192489,30.412455,-10.428853,-4.61499,-7.2521996,-12.857739,29.664192,-30.072865,51.655857,9.298109,-25.533972,36.12764,57.59722
295,-12.443506240844727,-242.88430786132812,61.24541091918945,-3.2800572659965965,2.677385039043321,-95.4607403434426,-5.357813,12.986636,14.923097,74.01314,11.538143,-3.2718823,-22.099588,7.7585354,-3.1415348,29.881601,-10.684058,-4.7072406,-6.896944,-11.894773,29.367271,-30.526299,52.443523,8.874776,-25.598595,36.47653,56.393543
296,-12.52149772644043,-243.67649841308594,61.43107986450195,-3.3945354971859727,2.683541646759159,-95.51149544129963,-6.5735707,13.206312,14.6331005,74.88532,10.130066,-3.03617,-21.158363,7.930377,-3.0106547,29.284077,-10.881281,-4.780065,-6.4730062,-10.910345,29.091284,-30.983597,53.21394,8.385208,-25.671217,36.809692,55.21767
297,-12.59011173248291,-244.4661865234375,61.62089538574219,-3.479728508416665,2.6538065189310953,-95.63810764793752,-7.7064004,13.271605,14.321291,75.44726,8.501195,-2.9749618,-20.169817,8.083213,-2.7747757,28.622776,-11.016359,-4.840894,-5.9581923,-9.902604,28.834694,-31.47005,53.972073,7.805433,-25.75493,37.14977,54.087334
298,-12.645684242248535,-245.24786376953125,61.80936813354492,-3.5417812358794416,2.616410076884737,-95.82158617007053,-8.800401,13.16966,13.92117,75.712234,6.4791985,-3.028433,-19.152618,8.219996,-2.4625452,27.885897,-11.098446,-4.868399,-5.3772116,-8.550223,28.790611,-31.738903,54.357655,7.1877713,-25.790056,37.39254,52.963974
299,-12.693346977233887,-246.03233337402344,62.001399993896484,-3.57712964483251,2.513822614427843,-96.03459794166984,-9.797238,13.037391,13.616494,75.75102,4.377918,-3.075064,-18.058552,8.32876,-2.1010003,27.09061,-11.131787,-4.865489,-4.747253,-7.7459807,28.401627,-32.482456,55.357212,6.4315796,-25.951561,37.840813,51.883144
300,-12.739465713500977,-246.81082153320312,62.189125061035156,-3.619413001397222,2.4317083312455585,-96.23729343329923,-10.774885,13.032053,13.533453,75.63584,2.494873,-3.0341754,-16.96072,8.431503,-1.7478788,26.234917,-11.127896,-4.8351283,-4.108214,-6.7276034,28.164528,-32.98563,56.099052,5.746155,-26.053926,38.05396,50.766064
301,-12.791755676269531,-247.5888671875,62.37339782714844,-3.661750087291201,2.3470300809011673,-96.42669544227299,-11.710302,13.193115,13.748205,75.37136,0.88615435,-2.8990462,-15.830807,8.520692,-1.4059672,25.302422,-11.0731325,-4.7636204,-3.4838,-5.673995,27.96569,-33.417107,56.804966,5.067964,-26.153875,38.176956,49.63418
302,-12.842138290405273,-248.36819458007812,62.5560302734375,-3.69893230228519,2.251763203602813,-96.61961342069522,-12.597326,13.437866,14.168735,74.92125,-0.60031825,-2.7249098,-14.665524,8.59047,-1.0537995,24.299637,-10.968494,-4.649826,-2.8482275,-4.608668,27.782818,-33.821728,57.50129,4.3818946,-26.256725,38.231068,48.494656
303,-12.89314079284668,-249.15020751953125,62.730743408203125,-3.73279624366287,2.157162430704728,-96.81405205190599,-13.449172,13.715238,14.704941,74.29613,-1.9660912,-2.5136247,-13.4893675,8.642419,-0.6903913,23.259912,-10.839579,-4.513114,-2.2042415,-3.536951,27.60967,-34.171272,58.177746,3.7004392,-26.361465,38.211372,47.34364
304,-12.945545196533203,-249.92938232421875,62.893943786621094,-3.766367758255857,2.0750743589671954,-97.008136469686,-14.27904,13.977326,15.267627,73.50634,-3.2145104,-2.2618306,-12.330825,8.680862,-0.31575498,22.225842,-10.71279,-4.3758407,-1.5567685,-2.4614038,27.44343,-34.43171,58.820984,3.0346808,-26.467033,38.117245,46.175793
305,-12.988432884216309,-250.70831298828125,63.04322052001953,-3.7994226373470688,2.005728982792331,-97.1973345588943,-15.091591,14.236007,15.885557,72.5661,-4.3199196,-1.9130898,-11.187106,8.706295,0.07304083,21.191996,-10.590642,-4.2506557,-0.9102117,-1.3809065,27.281961,-34.583416,59.43381,2.4029903,-26.571768,37.924355,44.97494
306,-13.031834602355957,-251.4817657470703,63.18235397338867,-3.832789452553748,1.9440873673898245,-97.38379951382107,-15.878651,14.502762,16.590603,71.46625,-5.2929707,-1.4961112,-10.048649,8.717522,0.4732786,20.146683,-10.463655,-4.1247535,-0.2635675,-0.2972991,27.125023,-34.645958,60.027054,1.8019818,-26.677006,37.644215,43.74121
307,-13.074185371398926,-252.2450714111328,63.3040657043457,-3.87156968461623,1.8946107385162543,-97.57603112196409,-16.640514,14.738794,17.29953,70.19026,-6.188452,-1.1250588,-8.93217,8.718812,0.8768009,19.116333,-10.337813,-3.985317,0.38668522,0.781009,26.973314,-34.641785,60.59893,1.2024015,-26.786592,37.335293,42.497513
308,-13.11153793334961,-253.00503540039062,63.41067123413086,-3.919178134212746,1.8615898275320442,-97.7823543299298,-17.376402,14.910818,17.93066,68.71837,-7.0571985,-0.9075723,-7.851517,8.71527,1.2761732,18.120018,-10.214768,-3.8198893,1.0316131,1.875603,26.843058,-34.566418,61.121296,0.5517077,-26.887709,37.075356,41.288662
309,-13.141620635986328,-253.77099609375,63.5050048828125,-3.9724597712988396,1.852141821723176,-98.00692529263893,-18.094803,15.008607,18.462143,67.03719,-7.9395456,-0.8758677,-6.8077326,8.704284,1.6697084,17.140244,-10.084027,-3.6063244,1.6873469,2.9672258,26.721481,-34.43157,61.610565,-0.14200291,-26.987856,36.853806,40.099724
310,-13.176916122436523,-254.52749633789062,63.58314895629883,-4.031047876113324,1.8617531540273897,-98.24497426723558,-18.794117,15.05649,18.944592,65.16053,-8.797825,-0.96331424,-5.794124,8.685626,2.0614507,16.17347,-9.948425,-3.3594606,2.3536448,4.0432177,26.592556,-34.23829,62.08611,-0.8530492,-27.102161,36.638268,38.90886
311,-13.2121000289917,-255.28469848632812,63.64874267578125,-4.105548417173788,1.8771286297777547,-98.4920133861475,-19.458956,15.080425,19.404295,63.11114,-9.568364,-1.1262972,-4.807513,8.671303,2.4538422,15.250987,-9.824509,-3.122746,3.018447,5.09035,26.47165,-34.010483,62.557564,-1.5781797,-27.215021,36.43869,37.729145
312,-13.242025375366211,-256.0391540527344,63.69480895996094,-4.200320547923403,1.8857560629301335,-98.74287073689933,-20.07356,15.099858,19.866354,60.906822,-10.18548,-1.322789,-3.8532054,8.670914,2.847954,14.422756,-9.739976,-2.9404404,3.670268,6.097578,26.346231,-33.765488,63.033566,-2.3197403,-27.344946,36.259155,36.57758
313,-13.274553298950195,-256.7959289550781,63.72537612915039,-4.325654584361424,1.8865240089482544,-99.0039501441156,-20.639568,15.126617,20.333672,58.54367,-10.626428,-1.5539725,-2.934111,8.693371,3.2619178,13.694062,-9.686327,-2.8355296,4.3287597,7.06175,26.23059,-33.501186,63.513557,-3.0945606,-27.472849,36.10543,35.473164
314,-13.306374549865723,-257.5497741699219,63.74049377441406,-4.473651786948072,1.8859266565794288,-99.27488698801632,-21.16484,15.1481905,20.794619,56.015537,-10.92911,-1.8353368,-2.0529797,8.732348,3.6887515,13.054741,-9.660351,-2.7842424,4.9787073,7.989353,26.114237,-33.187027,64.00285,-3.8875484,-27.611784,35.972916,34.384724
315,-13.332611083984375,-258.3108825683594,63.7347297668457,-4.6408948407060215,1.8802397801707775,-99.53948250551574,-21.647076,15.158125,21.243298,53.35095,-11.129872,-2.1505482,-1.202488,8.787291,4.091108,12.507035,-9.691462,-2.7607906,5.6096745,8.87554,26.012783,-32.882877,64.48418,-4.7168794,-27.741123,35.859543,33.352802
316,-13.360567092895508,-259.0692443847656,63.70817947387695,-4.819726114331893,1.869302870295558,-99.7822680522199,-22.08428,15.1444,21.677065,50.56842,-11.260052,-2.4830573,-0.37755656,8.85321,4.4318013,12.049557,-9.805755,-2.737285,6.176509,9.723855,25.91493,-32.594307,64.95761,-5.539575,-27.881618,35.751003,32.332382
317,-13.396139144897461,-259.8272705078125,63.658966064453125,-5.012420075470671,1.84656409655472,-100.00496448947953,-22.46254,15.114257,22.112936,47.643192,-11.327806,-2.8108344,0.43599224,8.932117,4.6989727,11.661126,-9.998883,-2.6919155,6.7123294,10.522087,25.83785,-32.37975,65.42284,-6.397128,-28.005299,35.64952,31.384779
318,-13.428556442260742,-260.59710693359375,63.590248107910156,-5.220492734080059,1.815972977264575,-100.21206569977907,-22.79246,15.06951,22.541996,44.581562,-11.32045,-3.1499867,1.2319276,9.028658,4.911347,11.342376,-10.255889,-2.6440482,7.2168126,11.274816,25.77723,-32.20731,65.881744,-7.2689924,-28.11254,35.550514,30.479973
319,-13.46561336517334,-261.3638916015625,63.50306701660156,-5.433034894793952,1.7891868640952875,-100.39149258202106,-23.099455,14.983366,22.92667,41.430378,-11.239316,-3.5369375,1.9847696,9.13465,5.0751915,11.137435,-10.596791,-2.6255333,7.6691537,11.986691,25.717472,-32.044907,66.32268,-8.139483,-28.231236,35.43634,29.601803
320,-13.503311157226562,-262.1352233886719,63.39601135253906,-5.656549280154322,1.7748519411623125,-100.537603964638,-23.414913,14.860761,23.22472,38.257042,-11.097818,-4.005988,2.6868489,9.260602,5.2070622,11.050798,-11.017825,-2.6681378,8.057762,12.637153,25.673223,-31.917606,66.73459,-8.995498,-28.325726,35.31535,28.753391
321,-13.540436744689941,-262.91375732421875,63.26774215698242,-5.862302071562923,1.7780791350141933,-100.63805308214609,-23.74105,14.665314,23.413963,34.99631,-10.81722,-4.531024,3.3071842,9.385569,5.288206,11.15361,-11.559174,-2.8034697,8.380892,13.299675,25.631996,-31.7928,67.050865,-9.8531475,-28.422316,35.15534,27.945635
322,-13.581177711486816,-263.6839599609375,63.122867584228516,-6.057470571427468,1.793707597370551,-100.69862846791281,-24.075356,14.425017,23.510502,31.672901,-10.443398,-5.095591,3.874212,9.514113,5.3185344,11.38442,-12.1883745,-3.0055473,8.64345,13.950152,25.594084,-31.685448,67.299324,-10.695268,-28.525677,34.962395,27.163525
323,-13.622325897216797,-264.4591369628906,62.96435546875,-6.2284119448002455,1.8189231494296263,-100.73019136827097,-24.399628,14.139114,23.568762,28.373995,-10.11042,-5.738987,4.347555,9.6271,5.3098316,11.837889,-12.957385,-3.2171645,8.874548,14.58085,25.559813,-31.595976,67.48799,-11.53266,-28.63519,34.74528,26.44069
324,-13.661358833312988,-265.2315368652344,62.7929801940918,-6.368988274135963,1.85220937354034,-100.74353949167748,-24.694368,13.808681,23.645088,25.168451,-9.936122,-6.5069237,4.8120184,9.7019825,5.2954164,12.301951,-13.736103,-3.3800473,9.092973,15.184676,25.5276,-31.512632,67.63107,-12.3686075,-28.751064,34.513798,25.797487
325,-13.69480037689209,-266.0018005371094,62.618343353271484,-6.472092373566771,1.901482292038204,-100.72973928557822,-24.957422,13.404291,23.714323,21.950705,-9.94201,-7.37123,5.28758,9.729755,5.266363,12.713062,-14.513463,-3.486982,9.290816,15.767386,25.496025,-31.429821,67.71319,-13.244803,-28.874163,34.278053,25.257936
326,-13.721473693847656,-266.7781677246094,62.437129974365234,-6.538439692702881,1.965166800561427,-100.6820613401015,-25.177485,12.9196205,23.768854,18.660294,-10.031263,-8.316956,5.7652555,9.716907,5.2113185,13.102656,-15.302415,-3.5633113,9.446346,16.33718,25.464499,-31.345802,67.73198,-14.145364,-29.00411,34.0427,24.802156
327,-13.746055603027344,-267.5555114746094,62.26512145996094,-6.5160636579975355,2.0279150114864724,-100.59022969435216,-25.157213,12.221465,23.935081,14.995283,-9.90026,-9.3998785,6.2378225,9.607412,5.120117,13.512871,-16.07633,-3.598879,9.583507,16.977379,25.423487,-31.257769,67.61819,-15.022879,-29.201038,33.777096,24.433126
328,-13.76004695892334,-268.341552734375,62.10080337524414,-6.437214488628153,2.089325114776562,-100.52136071526805,-24.660496,11.251527,24.370083,10.515404,-9.16021,-10.688262,6.683848,9.422113,5.065415,13.985203,-16.802765,-3.5844994,9.751034,17.583637,25.370394,-31.1999,67.47854,-15.702903,-29.550283,33.479717,23.951393
329,-13.768159866333008,-269.17425537109375,61.84347152709961,-6.954759689274793,2.2801373338266355,-100.90975943996719,-21.604086,9.603007,25.656975,-0.80894977,-4.379743,-12.385747,6.9934535,9.759732,5.532249,14.498286,-17.458904,-3.5382566,10.144167,17.553518,25.356491,-30.962423,67.93251,-15.968648,-29.823063,32.9737,22.769165
330,-13.770633697509766,-269.98992919921875,61.571651458740234,-7.5796455758067625,2.419721485973151,-101.24509636823545,-21.235323,9.370617,26.511404,-4.72656,-3.8577273,-14.323944,7.333935,10.200853,5.9811554,15.052628,-18.082903,-3.4565604,10.443184,17.37995,25.363907,-30.741776,68.54292,-16.341984,-29.898144,32.6136,21.814545
331,-13.722552299499512,-270.817626953125,61.313133239746094,-8.006161860645536,2.490993107976962,-101.28899754504083,-21.336643,8.872688,26.838104,-7.0266347,-4.044971,-14.323944,7.6682143,10.436736,6.151014,15.809035,-18.764795,-3.2835667,10.501703,17.352135,25.367933,-30.586617,69.00188,-16.71924,-29.94034,32.368584,21.170088
332,-13.689051628112793,-271.6257629394531,61.07605743408203,-8.297611525400846,2.5873256803052773,-101.28361933283975,-21.73828,8.575555,26.96893,-7.8801665,-4.5741153,-14.323944,7.919055,10.552579,6.3054147,16.679737,-19.377203,-3.0739837,10.534857,17.340647,25.372742,-30.299318,69.38598,-17.044945,-30.025314,31.92837,20.588526
333,-13.674209594726562,-272.4312438964844,60.854209899902344,-8.514983597430469,2.637662783666314,-101.28221223030094,-21.810648,8.2705765,27.061804,-8.655081,-4.6416006,-14.323944,8.184184,10.593276,6.528275,17.592873,-19.885447,-2.808218,10.575226,17.348555,25.375528,-30.162268,69.72553,-17.37796,-30.073467,31.712437,20.228909
334,-13.665485382080078,-273.2446594238281,60.6398811340332,-8.670962638992464,2.6885210984021275,-101.28122104323656,-21.87598,8.033616,27.132704,-8.7697115,-4.7024126,-14.323944,8.379989,10.576098,6.7903767,18.647451,-20.36861,-2.4869442,10.619182,17.305933,25.37846,-30.015398,70.07135,-17.737162,-30.126453,31.492758,19.993622
335,-13.666542053222656,-274.0646057128906,60.461551666259766,-8.624558654647341,2.710085681966051,-101.21354302105608,-22.265486,7.9222283,27.171877,-7.3774867,-5.2070775,-14.323944,8.570604,10.382817,6.988526,19.771194,-20.744633,-2.1475453,10.646577,17.33769,25.377062,-29.893837,70.2889,-18.120512,-30.188892,31.316488,20.021715
336,-13.650412559509277,-274.84930419921875,60.37532043457031,-8.310465875504079,2.694638242429006,-101.09088592513433,-22.807846,7.8214464,27.266092,-5.07593,-5.7479877,-14.323944,8.7356615,9.9655695,7.095155,21.055754,-21.03079,-1.833784,10.717258,17.619246,25.362505,-29.771242,70.21514,-18.585506,-30.31954,31.175789,20.413399
337,-13.682998657226562,-275.671630859375,60.32732009887695,-7.701522148385635,2.640641025469466,-100.88876283626806,-23.978472,8.083633,27.354744,-0.3896087,-6.9586043,-14.323944,8.9543705,9.302383,7.093918,22.319044,-21.15802,-1.5787122,10.757683,18.132538,25.307709,-29.754398,69.86582,-19.106094,-30.647467,31.318277,21.070293
338,-13.760061264038086,-276.5173645019531,60.28947830200195,-6.90920586724399,2.556839537229604,-100.59026890324053,-26.887642,9.398725,27.031229,9.624932,-10.612036,-14.323944,9.179944,8.506778,6.9834228,23.654184,-21.187723,-1.3582085,10.700996,18.58841,25.18977,-29.842253,69.54301,-19.612644,-31.167494,31.67876,21.837141
339,-13.773031234741211,-277.3787841796875,60.18891906738281,-6.59833655881891,2.5752953093208775,-100.3518159836834,-28.549746,9.943449,26.290983,15.5330925,-11.687597,-11.322391,9.267765,8.143331,6.998365,25.121298,-21.071613,-1.0747331,10.602254,18.540678,25.13571,-29.807882,69.679375,-19.772968,-31.397467,31.71231,22.267527
340,-13.758063316345215,-278.2341003417969,60.12165069580078,-6.24575246911867,2.638750514154012,-100.17829028175359,-29.539785,9.931682,25.627434,19.30658,-11.731801,-8.493004,9.236648,7.719912,7.0543866,26.714636,-20.685175,-0.72056973,10.553588,18.533087,25.083342,-29.719788,69.658005,-19.784386,-31.624537,31.678297,22.689966
341,-13.734726905822754,-279.1061706542969,60.07878112792969,-5.7882427114302795,2.742865470394903,-100.05142261721171,-30.13967,9.598474,24.901855,21.802597,-11.223708,-6.5953374,9.09205,7.186568,7.115955,28.467716,-20.07616,-0.3233274,10.542471,18.586565,25.015839,-29.632153,69.45198,-19.823944,-31.862623,31.731752,23.263704
342,-13.709871292114258,-280.00396728515625,60.051639556884766,-5.241632011573448,2.8732265639046046,-99.93905747333665,-30.55387,9.106042,24.082352,23.782503,-10.442842,-5.107795,8.852098,6.5669136,7.164668,30.371077,-19.274977,0.09961683,10.532602,18.682613,24.934643,-29.528536,69.110855,-19.888557,-32.082985,31.868586,24.000786
343,-13.683293342590332,-280.91619873046875,60.039424896240234,-4.668708514320356,2.9994102993471268,-99.8286415634973,-30.798903,8.553267,23.34742,25.45215,-9.710496,-3.9158578,8.513574,5.9322915,7.213399,32.426277,-18.192495,0.58488023,10.525547,18.78667,24.853918,-29.4416,68.689476,-19.879385,-32.24818,32.01091,24.855564
344,-13.64915943145752,-281.8338928222656,60.036067962646484,-4.128527841749279,3.0862972046994055,-99.70657791434725,-30.88414,8.02264,22.863394,26.96664,-9.315843,-2.921233,8.084205,5.3530426,7.2768927,34.62642,-16.73593,1.1750693,10.512749,18.869415,24.786463,-29.396597,68.24146,-19.66674,-32.329224,32.06863,25.75649
345,-13.617785453796387,-282.7598571777344,60.040916442871094,-3.6295246739277864,3.1242286868645333,-99.57134516423233,-30.82046,7.5525393,22.695557,28.408737,-9.420247,-2.2838404,7.582985,4.850413,7.3769307,36.98965,-14.813711,1.9789565,10.527839,18.922268,24.738539,-29.418133,67.77337,-19.249527,-32.29312,32.00237,26.761461
346,-13.61267375946045,-283.6781005859375,60.04911804199219,-3.1430249428392405,3.1265932655700923,-99.4265310549741,-30.621338,7.130464,22.708975,29.763845,-9.884306,-2.0020652,7.0047503,4.396851,7.5134945,39.52121,-12.504021,2.9473972,10.542371,18.970715,24.699947,-29.466524,67.25803,-18.644346,-32.168205,31.842573,27.844046
347,-13.60622501373291,-284.5965576171875,60.08259201049805,-2.671964543822522,3.1093224151520023,-99.2671214463749,-30.317425,6.7259083,22.771568,30.988642,-10.514322,-1.7579013,6.3157096,3.9892004,7.663518,42.18333,-9.950622,3.9013376,10.530651,18.994112,24.669102,-29.552332,66.6946,-17.961538,-31.981262,31.67584,29.007113
348,-13.587326049804688,-285.51007080078125,60.14350128173828,-2.2192272823902344,3.08907916959712,-99.09009375708172,-29.932787,6.2739124,22.761185,31.987862,-11.09639,-1.2407658,5.4846673,3.621197,7.7915044,44.932617,-7.288508,4.671005,10.461683,18.974577,24.644382,-29.679592,66.08415,-17.302776,-31.754602,31.593876,30.249432
349,-13.567911148071289,-286.4130859375,60.22621536254883,-1.7815477799818529,3.05342634413146,-98.84798425828286,-29.460835,5.687067,22.608559,32.686184,-11.56078,-0.2912408,4.479947,3.3245008,7.889251,47.88808,-4.4254127,5.1144595,10.298946,18.916412,24.628227,-29.888605,65.42898,-16.643742,-31.48884,31.572962,31.591682
350,-13.545841217041016,-287.3049621582031,60.32444763183594,-1.3582901161359617,3.0000935898929253,-98.56011578320074,-28.907196,4.984802,22.392168,33.130512,-11.998526,0.88188934,3.3391955,3.1045382,7.96896,51.008392,-1.3117973,5.406392,10.065827,18.827066,24.62059,-30.160479,64.724594,-15.929394,-31.187574,31.57454,33.00739
351,-13.510828018188477,-288.1860656738281,60.43075942993164,-0.956161037069157,2.9638406703155753,-98.32647769163124,-28.309134,4.2606254,22.21805,33.393288,-12.436006,2.041245,2.1200614,2.9026093,8.032887,54.03746,1.8373048,5.819657,9.827577,18.691162,24.616177,-30.413017,63.96784,-15.220772,-30.875992,31.676342,34.433315
352,-13.467456817626953,-289.0539855957031,60.55023193359375,-0.587809737839485,2.98115350824102,-98.24261700230174,-27.688818,3.6261528,22.186335,33.54043,-12.916888,2.9485307,0.87471443,2.6519547,8.097043,56.732277,4.7928576,6.579889,9.644522,18.491688,24.609854,-30.559456,63.160416,-14.5668545,-30.578554,31.950933,35.794456
353,-13.40964126586914,-289.90289306640625,60.683746337890625,-0.26375242830975026,3.0829937053113605,-98.37796119248604,-27.051462,3.1345882,22.363943,33.57185,-13.497425,3.5279415,-0.4332251,2.3091292,8.208783,59.071796,7.85092,7.9655375,9.569703,18.22197,24.598186,-30.56781,62.287285,-13.957551,-30.299767,32.40852,37.046574
354,-13.339606285095215,-290.7303466796875,60.826080322265625,0.021380700790452022,3.246212278789279,-98.66415198189465,-26.380997,2.7257192,22.682358,33.451763,-14.140552,3.9047441,-1.8303617,1.9327108,8.39146,61.21765,10.995173,9.769335,9.557257,17.891468,24.584694,-30.484768,61.3584,-13.365782,-30.03346,33.010914,38.22976
355,-13.270607948303223,-291.54541015625,60.97415542602539,0.28153330072696126,3.425218675271109,-98.99480153467536,-25.662998,2.3454068,23.044415,33.19155,-14.758255,4.141045,-3.257528,1.5598519,8.565614,63.198097,13.520917,11.418949,9.528102,17.509258,24.574461,-30.346258,60.410465,-12.801648,-29.782885,33.745674,39.390747
356,-13.210850715637207,-292.34393310546875,61.12593460083008,0.5355440036619693,3.5727128002547124,-99.2606465348785,-24.89381,1.9354281,23.3528,32.82002,-15.268677,4.3090487,-4.6544647,1.1700273,8.570306,65.0172,14.735547,12.286304,9.400183,17.086706,24.572199,-30.188578,59.476067,-12.26818,-29.551409,34.5995,40.571373
357,-13.161824226379395,-293.1272888183594,61.28059768676758,0.8018827526061686,3.684518504791077,-99.46211480936812,-24.07016,1.4687557,23.622133,32.32252,-15.649364,4.401423,-6.0249457,0.6725199,8.290027,66.68413,14.123287,11.980517,9.178106,16.640783,24.576015,-30.006895,58.528805,-11.766823,-29.34022,35.60786,41.785145
358,-13.117096900939941,-293.91705322265625,61.44654083251953,1.0676125948281392,3.781426534804439,-99.64701600872827,-23.196133,0.97473764,23.895292,31.688948,-15.939443,4.3938723,-7.38985,0.08104581,7.8252096,68.17843,12.169705,10.89812,8.899066,16.162579,24.5845,-29.788338,57.560547,-11.291396,-29.145424,36.763508,43.00789
359,-13.081921577453613,-294.69512939453125,61.621986389160156,1.3074910407685192,3.8509475944287304,-99.7789096423569,-22.278406,0.47276086,24.115908,30.958897,-16.155134,4.3384843,-8.710617,-0.48556587,7.3129115,69.44087,9.701793,9.578169,8.527918,15.625553,24.602654,-29.552742,56.63071,-10.81556,-28.962801,37.98285,44.2112
360,-13.057737350463867,-295.47216796875,61.804115295410156,1.4977194178788975,3.8785309709867444,-99.82287130528404,-21.31462,-0.016198024,24.228601,30.156769,-16.301552,4.287566,-9.953201,-0.9474199,6.824016,70.411194,7.5608582,8.494984,8.031993,15.002102,24.636227,-29.32491,55.799164,-10.316218,-28.790642,39.188446,45.368343
361,-13.038728713989258,-296.24566650390625,61.992652893066406,1.6062285831385157,3.8425402037769634,-99.75627122476239,-20.29467,-0.46176174,24.20146,29.301018,-16.380617,4.2428064,-11.101564,-1.2672856,6.3348556,71.05068,5.867395,7.679144,7.745891,14.128228,24.675453,-29.447676,55.149742,-9.26477,-28.775848,39.647564,46.194157
362,-13.030611038208008,-297.0181884765625,62.18070983886719,1.712128538876876,3.7721570914357048,-99.59415106805274,-19.207134,-0.95627457,24.081148,28.293282,-16.343403,4.188023,-12.196422,-1.5483499,5.8275757,71.41954,4.1939173,6.9184823,6.6233497,13.421255,24.763464,-28.957085,54.507755,-9.229115,-28.519667,41.644966,47.528038
363,-13.024300575256348,-297.7991027832031,62.371700286865234,1.7493824120230335,3.653944647895934,-99.39886812218722,-18.083445,-1.3871982,23.893154,27.285366,-16.291504,4.130751,-13.209487,-1.7426997,5.3059955,71.52647,2.6381419,6.250378,6.155986,12.426114,24.813393,-29.101273,53.981743,-8.181894,-28.50258,42.13879,48.32898
364,-13.02310562133789,-298.5712585449219,62.55461502075195,1.7777563806645327,3.5194859672320686,-99.19686004984487,-16.931644,-1.815955,23.672853,26.237532,-16.213324,4.0834126,-14.159339,-1.9404396,4.7695246,71.4206,1.2578883,5.718024,5.569494,11.38308,24.882532,-29.241568,53.49382,-7.243288,-28.478367,42.8136,49.136703
365,-13.020825386047363,-299.35595703125,62.737770080566406,1.806522857018788,3.3852976272051003,-98.9877907033984,-15.760394,-2.247751,23.410416,25.134884,-16.098608,4.0499263,-15.056431,-2.167895,4.1842985,71.090256,0.10303724,5.3798227,4.090448,10.759749,25.043001,-28.476723,52.83904,-7.3850145,-28.139257,45.079323,50.4557
366,-13.017339706420898,-300.1316223144531,62.91030502319336,1.785775384259358,3.2070883805068204,-98.77873655016522,-14.55099,-2.621378,23.105457,24.041111,-15.977579,4.014389,-15.867978,-2.3578029,3.561623,70.51242,-0.85791475,5.1916323,3.522605,9.759993,25.098516,-28.60624,52.30728,-6.338402,-28.116741,45.48742,51.183525
367,-13.012022972106934,-300.9079895019531,63.0717887878418,1.755467655836508,3.016425678903431,-98.54967195885723,-13.318805,-2.9808505,22.76829,22.908785,-15.830868,3.965745,-16.62897,-2.527152,2.9363546,69.73231,-1.712624,5.044302,2.8316045,8.697194,25.178354,-28.739784,51.83172,-5.3607974,-28.08601,46.02564,51.89069
368,-13.005645751953125,-301.685791015625,63.22227096557617,1.7315692531007452,2.8406138462484747,-98.31141325897528,-12.088693,-3.3380516,22.433268,21.742878,-15.676494,3.8939145,-17.37459,-2.664764,2.3715458,68.7957,-2.5475893,4.8287206,2.0561445,7.662157,25.271013,-28.820446,51.31951,-4.4431705,-28.04345,46.56771,52.569565
369,-13.006331443786621,-302.4656066894531,63.35857391357422,1.7160091167926486,2.679784830851958,-98.06099322796256,-10.848697,-3.699411,22.103277,20.5135,-15.510855,3.7917392,-18.116531,-2.751589,1.8922998,67.71517,-3.3787105,4.4838,1.1983855,6.6708074,25.371876,-28.835093,50.757793,-3.5369098,-27.987541,47.03932,53.193024
370,-13.008430480957031,-303.2402038574219,63.4783821105957,1.6987687162728895,2.5246512748965775,-97.7978212937125,-9.593347,-4.0572777,21.764755,19.231165,-15.331066,3.669378,-18.839476,-2.7976959,1.4641445,66.46751,-4.163925,4.0763445,0.27862433,5.71274,25.480436,-28.799488,50.157833,-2.6160395,-27.919458,47.415207,53.761913
371,-13.015799522399902,-304.0072021484375,63.580997467041016,1.686046759631376,2.381006026172925,-97.5301914264149,-8.35178,-4.4029694,21.423672,17.960482,-15.155068,3.5473459,-19.532478,-2.835577,1.056671,65.04812,-4.9062376,3.6900668,-0.6625921,4.7798986,25.596495,-28.729052,49.518166,-1.7010094,-27.842175,47.690025,54.300083
372,-13.023161888122559,-304.77398681640625,63.65333938598633,1.6949367710152614,2.2755186980029896,-97.31698506896721,-7.228177,-4.7154994,21.144667,16.916685,-15.093903,3.4405491,-20.236876,-2.888972,0.69439954,63.511063,-5.6360755,3.4110715,-1.4084423,3.9906116,25.680433,-28.684006,48.716732,-0.91004014,-27.786905,47.786175,54.87859
373,-13.026168823242188,-305.54620361328125,63.740665435791016,1.698307458301162,2.159172063045885,-97.00723676929746,-6.0094037,-5.058628,20.753258,15.638506,-14.852001,3.393793,-20.800991,-2.9884746,0.22031896,61.656826,-6.285855,3.2977104,-2.466252,2.9532592,25.82272,-28.56154,48.098785,0.060843457,-27.694916,47.876774,55.32118
374,-13.028576850891113,-306.3088073730469,63.79726028442383,1.7213702739962478,2.0839967445755194,-96.74265059909209,-4.907323,-5.370314,20.416248,14.574928,-14.721565,3.3743093,-21.381401,-3.0874522,-0.20069405,59.67171,-6.933323,3.2916007,-3.389866,2.0845323,25.965704,-28.414131,47.290813,0.87752086,-27.602427,47.841328,55.812294
375,-13.032383918762207,-307.078857421875,63.82954025268555,1.754978466230343,2.019617743135445,-96.48579337984582,-3.8357859,-5.668564,20.090954,13.571304,-14.621047,3.344861,-21.921835,-3.1987627,-0.6431911,57.525448,-7.5036087,3.31774,-4.279242,1.2393494,26.114388,-28.26555,46.447174,1.6697547,-27.510214,47.702324,56.29546
376,-13.04140567779541,-307.84375,63.84474182128906,1.7890960654158967,1.9541317641649831,-96.24223743142215,-2.7965317,-5.936891,19.78597,12.66121,-14.575607,3.2616565,-22.412706,-3.3167126,-1.1369815,55.241245,-7.949871,3.3019898,-5.1205087,0.37934667,26.27193,-28.144396,45.63183,2.436633,-27.420279,47.4972,56.779602
377,-13.048564910888672,-308.59619140625,63.84065628051758,1.8120181665345725,1.8893143918142685,-96.01349994925032,-1.7947397,-6.160555,19.509863,11.849008,-14.589191,3.1082249,-22.855394,-3.4344466,-1.7171425,52.811512,-8.251084,3.2152557,-5.9211755,-0.514411,26.43949,-28.060595,44.8611,3.179663,-27.333145,47.235523,57.253323
378,-13.054182052612305,-309.3619384765625,63.818538665771484,1.8288668475950767,1.8294580271581662,-95.795950297331,-0.8315185,-6.351076,19.257423,11.127354,-14.65534,2.9131787,-23.251905,-3.5439394,-2.362663,50.227577,-8.435829,3.1099052,-6.68871,-1.4369185,26.616991,-28.013235,44.116497,3.8954577,-27.248781,46.910492,57.714035
379,-13.06110954284668,-310.125,63.776119232177734,1.8594057693575456,1.7679194801306264,-95.58949493762749,0.109378725,-6.5376487,19.01827,10.477898,-14.769811,2.6988187,-23.595568,-3.6402135,-3.0159159,47.50916,-8.535951,3.030314,-7.4049234,-2.3794901,26.804413,-28.012548,43.398254,4.5657554,-27.16863,46.539047,58.19183
380,-13.069598197937012,-310.8802490234375,63.71723556518555,1.922988723244099,1.6983863897676899,-95.39462463045317,1.0378735,-6.745471,18.782705,9.899106,-14.937755,2.4845803,-23.881027,-3.724898,-3.6170807,44.672256,-8.578299,3.0147328,-8.05483,-3.338431,27.001001,-28.069271,42.71097,5.16615,-27.094942,46.1485,58.719036
381,-13.078451156616211,-311.6410827636719,63.6392936706543,2.0253032166483136,1.6152613609390296,-95.21028427401693,1.955352,-6.9790072,18.55043,9.396284,-15.163736,2.267986,-24.096945,-3.8167517,-4.1813955,41.682835,-8.552046,3.0239215,-8.644816,-4.3219004,27.205982,-28.186598,42.05868,5.673416,-27.02954,45.754192,59.308983
382,-13.079266548156738,-312.4090270996094,63.542850494384766,2.151130630650556,1.52426375676933,-95.038255649226,2.8521783,-7.220576,18.329618,8.975929,-15.450333,2.0392559,-24.252655,-3.9020839,-4.7295156,38.54476,-8.449678,3.054185,-9.183704,-5.338597,27.418413,-28.358791,41.44775,6.097794,-26.972666,45.355045,59.94123
383,-13.079263687133789,-313.1756286621094,63.42281723022461,2.2927100295462535,1.4367776688448268,-94.88353683668203,3.7119732,-7.460653,18.125443,8.658125,-15.803728,1.8041503,-24.374392,-3.9495034,-5.206824,35.324146,-8.302696,3.1846244,-9.661522,-6.3866262,27.637108,-28.579502,40.886284,6.463708,-26.923813,44.954185,60.597218
384,-13.073311805725098,-313.943603515625,63.280765533447266,2.4428466800474826,1.3638355475512443,-94.74936681282092,4.5248036,-7.6937494,17.940262,8.448247,-16.226488,1.5687374,-24.488482,-3.9402697,-5.55891,32.083,-8.140217,3.4838564,-10.071173,-7.461037,27.860174,-28.839752,40.38032,6.7956386,-26.881933,44.55556,61.258926
385,-13.069226264953613,-314.71246337890625,63.12099838256836,2.612450849957282,1.311310541418492,-94.63570728696781,5.1891665,-7.89571,17.79094,8.596194,-16.868286,1.3391918,-24.585508,-3.8917203,-5.738198,28.729916,-7.9273324,3.969176,-10.411793,-8.562612,28.08613,-29.131765,39.92018,7.0776386,-26.846909,44.165936,61.944874
386,-13.066699981689453,-315.49700927734375,62.944435119628906,2.807797410567716,1.2750196337599042,-94.5428630753544,5.826028,-8.11594,17.663591,8.796556,-17.549,1.1124755,-24.648787,-3.8343434,-5.776862,25.235964,-7.651069,4.5787625,-10.689554,-9.688343,28.313993,-29.449745,39.499847,7.2972755,-26.818705,43.787907,62.661613
387,-13.069001197814941,-316.2789001464844,62.756736755371094,3.0080633459501764,1.2484737895287228,-94.47398544269254,6.4543786,-8.337309,17.555208,9.015732,-18.242056,0.8639404,-24.685585,-3.7652147,-5.746214,21.74455,-7.365643,5.2629786,-10.912193,-10.826896,28.542574,-29.787945,39.133926,7.4891167,-26.795912,43.41938,63.367676
388,-13.067543029785156,-317.06353759765625,62.555259704589844,3.1940485688484386,1.22505294026522,-94.42645487513519,7.0810633,-8.537668,17.458984,9.246409,-18.934248,0.56937605,-24.692162,-3.6680846,-5.727599,18.371046,-7.107771,5.9839873,-11.093047,-11.96856,28.770945,-30.142729,38.840748,7.6929474,-26.776524,43.054516,64.018715
389,-13.065888404846191,-317.8495788574219,62.346736907958984,3.3210886396681185,1.2121964290231202,-94.41593745980221,7.6871367,-8.670173,17.395903,9.526365,-19.664703,0.20224041,-24.5885,-3.4738383,-5.730957,14.848226,-6.7638264,6.7512484,-11.11674,-13.203454,29.090782,-30.68196,38.60253,8.028331,-26.751554,42.540245,64.53568
390,-13.069161415100098,-318.6399230957031,62.12327575683594,3.4893085409415634,1.2064071535858356,-94.40268656273783,8.306777,-8.844746,17.313492,9.777117,-20.381231,-0.21319292,-24.444473,-3.3094037,-5.716106,11.317324,-6.4217553,7.5839686,-11.135364,-14.34501,29.38297,-31.157377,38.34126,8.305295,-26.732662,42.060177,65.06995
391,-13.075579643249512,-319.4343566894531,61.884342193603516,3.702580065925027,1.2259765035467192,-94.3519018317986,8.903061,-9.047946,17.182302,10.041897,-21.077284,-0.6411446,-24.307512,-3.2075536,-5.740707,7.9965425,-6.11038,8.452519,-11.181709,-15.4372015,29.653446,-31.57596,38.088707,8.5182,-26.719467,41.607517,65.61174
392,-13.08570671081543,-320.235595703125,61.63594055175781,3.9824484123938544,1.2860380922110144,-94.22856010647381,9.456603,-9.292242,16.965946,10.326231,-21.723967,-1.0435065,-24.556667,-3.253088,-5.836415,5.929375,-6.340637,9.33739,-11.276798,-16.462446,29.904922,-31.925552,37.81736,8.6445465,-26.712196,41.16964,66.17595
393,-13.102846145629883,-321.0458984375,61.381954193115234,4.3238778078165305,1.3679900657001531,-94.07014271374761,9.997133,-9.5852785,16.701635,10.596872,-22.321087,-1.4114215,-24.764427,-3.3689303,-6.00819,4.0505223,-6.48212,10.335887,-11.4677515,-17.400938,30.072506,-32.11376,37.617477,8.644233,-26.711697,40.86148,66.77564
394,-13.118953704833984,-321.85540771484375,61.122493743896484,4.671927349580014,1.4844669212075092,-93.88926733703157,10.507933,-9.870502,16.409464,10.868476,-22.886703,-1.7681988,-24.159899,-3.3957608,-6.297083,0.37671533,-5.405893,11.422348,-11.651016,-18.368977,30.243143,-32.29617,37.494545,8.620041,-26.714306,40.537533,67.33053
395,-13.14264965057373,-322.66741943359375,60.87989807128906,4.957842456193352,1.5977116744883204,-93.73837715056284,11.005953,-10.078896,16.146439,11.184186,-23.403316,-2.1245723,-24.105911,-3.419537,-6.5900936,-1.513736,-5.1713877,12.39878,-11.7906885,-19.33407,30.415834,-32.484463,37.49272,8.6476345,-26.717527,40.216015,67.792435
396,-13.170673370361328,-323.4725341796875,60.66039276123047,5.134859552645206,1.6813714734814134,-93.63878446602251,11.503904,-10.166768,15.933768,11.570286,-23.841326,-2.487189,-24.436028,-3.3979335,-6.8774467,-1.8413591,-5.5889773,13.055939,-11.870401,-20.26879,30.589151,-32.68658,37.634678,8.777641,-26.717726,39.909443,68.13699
397,-13.197004318237305,-324.27484130859375,60.464988708496094,5.274812448224824,1.76946585944665,-93.5152411617541,11.945996,-10.185882,15.685499,12.085274,-24.235703,-2.8403153,-24.609999,-3.3647945,-7.3166904,-1.9146456,-5.9385476,13.419024,-11.881676,-21.207708,30.82943,-32.97616,37.8124,9.008103,-26.71435,39.50797,68.39657
398,-13.235902786254883,-325.0971374511719,60.285099029541016,5.350672849413096,1.819234889206209,-93.4017566188931,12.283414,-10.084933,15.461347,12.954302,-24.73736,-3.19274,-24.932774,-3.313293,-7.847911,-0.9652105,-6.681019,13.571095,-11.903265,-22.043295,31.047268,-33.20163,38.098797,9.283605,-26.705019,39.17479,68.600464
399,-13.280205726623535,-325.9293212890625,60.11717987060547,5.261307638432735,1.8520125093733928,-93.34304636697078,12.560694,-9.797385,15.32267,14.014019,-25.230776,-3.5716107,-25.50378,-3.1489885,-8.277102,1.0330769,-7.707343,13.396781,-11.869565,-22.875978,31.30898,-33.49108,38.529743,9.70101,-26.680767,38.849358,68.619
400,-13.32048225402832,-326.7687072753906,59.97373962402344,4.967425788717854,1.895749909808678,-93.36736174338046,12.804788,-9.300744,15.306716,15.12981,-25.612234,-4.0009255,-26.127747,-2.7824876,-8.424849,3.3522549,-8.463924,12.781268,-11.709499,-23.657198,31.722555,-33.90489,38.96367,10.27458,-26.617958,38.48038,68.41433
401,-13.384909629821777,-327.5826416015625,59.9017448425293,4.413484706874299,1.9331010483337998,-93.5431991936149,13.071377,-8.577746,15.486734,16.215147,-25.877996,-4.5030074,-26.657824,-2.1195018,-8.220775,5.76008,-8.661003,11.48326,-11.549288,-24.48122,32.19206,-34.33098,39.67667,10.9016075,-26.514177,38.35075,68.01113
402,-13.447075843811035,-328.4190368652344,59.83423614501953,3.707814902132103,1.9522475655950342,-93.8083082861871,13.343384,-7.712626,15.781095,17.34639,-26.063581,-5.054348,-26.926325,-1.2492275,-7.794736,7.8746867,-8.152825,9.651292,-11.364055,-25.271818,32.626293,-34.73364,40.580563,11.545706,-26.387629,38.38476,67.50439
403,-13.515411376953125,-329.2767028808594,59.762596130371094,3.067225739242763,1.9991348260867532,-93.9772869804106,13.5425,-6.858112,15.966852,18.594536,-26.105707,-5.6133475,-27.721582,-0.53600353,-7.2534847,11.294542,-8.138707,7.7533555,-11.277535,-26.024187,32.946575,-35.08203,41.529373,12.071428,-26.277155,38.454704,67.02242
404,-13.610593795776367,-330.13507080078125,59.71477508544922,2.500438622665312,2.069575603418699,-93.99215105003073,13.616682,-5.985837,15.990557,20.07654,-25.973146,-6.1491313,-28.393082,0.10740898,-6.69929,14.18062,-7.7878222,6.1984563,-11.319345,-26.639143,33.20313,-35.351406,42.39397,12.513759,-26.176086,38.470844,66.541916
405,-13.728313446044922,-331.0031433105469,59.693359375,1.8862725297729723,2.144601126582177,-93.88957848034654,13.596006,-4.9807215,15.938043,21.789776,-25.723633,-6.6488547,-28.80339,0.8351428,-5.9711814,16.162407,-6.756791,5.020932,-11.4303255,-27.12644,33.434914,-35.60739,43.207542,13.010046,-26.067127,38.385735,65.938736
406,-13.843466758728027,-331.90057373046875,59.68514633178711,1.1938834811620156,2.225198294964395,-93.72636299459327,13.50139,-3.8433063,15.864075,23.694397,-25.35862,-7.1433845,-29.052406,1.665481,-5.086216,17.664354,-5.2299623,4.0025496,-11.58739,-27.556946,33.64931,-35.884476,44.063885,13.561549,-25.94845,38.263252,65.20261
407,-13.95075511932373,-332.81573486328125,59.686256408691406,0.5133138459887066,2.2916678548761014,-93.54291542978625,13.320496,-2.686671,15.742193,25.808554,-24.755962,-7.667933,-29.173403,2.4781606,-4.3246827,18.951439,-3.7049582,3.1552873,-11.756908,-27.816437,33.829533,-36.0834,44.887436,14.096455,-25.831804,38.132374,64.43831
408,-14.068706512451172,-333.74822998046875,59.69745635986328,-0.06778058304349202,2.321864806449257,-93.37837192083306,13.0307865,-1.6172165,15.53953,28.160759,-23.792212,-8.250044,-29.192774,3.1430562,-3.947074,20.248943,-2.6648245,2.4829671,-11.903174,-27.793625,33.95731,-36.103638,45.600956,14.543827,-25.728693,38.010292,63.748604
409,-14.179923057556152,-334.6741027832031,59.704673767089844,-0.5280711173496232,2.3029670798499104,-93.21959892672551,12.639929,-0.6407312,15.218151,30.763031,-22.35934,-9.040236,-29.11098,3.5697942,-4.125671,21.63444,-2.2952275,2.1515074,-12.034788,-27.434866,34.026196,-35.88926,46.162403,14.906144,-25.639856,37.870594,63.153038
410,-14.279643058776855,-335.5928955078125,59.71726608276367,-0.9189649708331155,2.241453348321024,-93.0618307102059,12.149924,0.2982116,14.797041,33.606228,-20.555746,-9.962227,-28.935675,3.8092651,-4.654221,23.05368,-2.3656828,2.076602,-12.142925,-26.778795,34.049747,-35.48503,46.59577,15.230264,-25.557652,37.6939,62.592854
411,-14.374728202819824,-336.50396728515625,59.74974060058594,-1.26132691319523,2.156552931458921,-92.95397279397031,11.523686,1.1887399,14.336371,36.676548,-18.551014,-10.710203,-28.713114,3.9644713,-5.2237725,24.487455,-2.7164292,1.9108537,-12.220968,-26.009466,34.017242,-35.021484,47.060745,15.473653,-25.486717,37.56621,62.05047
412,-14.457244873046875,-337.40179443359375,59.79152297973633,-1.5704153734467527,2.05164766213838,-92.93809057445496,10.751442,2.0120487,13.913358,39.93761,-16.498016,-10.995697,-28.461573,4.1713777,-5.529007,25.865694,-3.1668887,1.3337599,-12.188962,-25.14546,33.92584,-34.556602,47.560417,15.642734,-25.425928,37.483875,61.506046
413,-14.533916473388672,-338.2918701171875,59.84275436401367,-1.8329395601051826,1.9099543368768885,-93.07583089445097,9.829388,2.737772,13.581165,43.498363,-14.455454,-10.631066,-28.206127,4.527722,-5.416205,27.216179,-3.71198,0.12948489,-12.001739,-24.17871,33.75862,-34.069763,48.126724,15.726329,-25.37603,37.4649,60.98636
414,-14.611564636230469,-339.17327880859375,59.907257080078125,-2.046383312163533,1.7323935957934018,-93.32520776345986,8.781041,3.3890688,13.325213,47.30321,-12.298272,-9.820448,-27.930044,4.989031,-5.0623994,28.531843,-4.3948097,-1.4532777,-11.695074,-23.11265,33.51224,-33.55884,48.746834,15.735546,-25.335863,37.48518,60.48626
415,-14.699694633483887,-340.0488586425781,59.985595703125,-2.237586687172595,1.5594572111206602,-93.57149693548315,7.6263924,4.0339165,13.120408,51.08884,-9.911818,-8.863433,-27.588104,5.486277,-4.665961,29.671423,-5.116395,-3.0368004,-11.352987,-22.041273,33.20921,-33.128044,49.416183,15.689592,-25.304056,37.52128,59.93447
416,-14.790214538574219,-340.9155578613281,60.077510833740234,-2.436899499253797,1.4344111908374784,-93.70209735000596,6.371613,4.7399945,12.917147,54.62125,-7.203989,-8.049523,-27.137547,5.9170475,-4.43017,30.509863,-5.818277,-4.2526803,-11.067673,-21.059338,32.877007,-32.87908,50.133778,15.599619,-25.280262,37.55924,59.26503
417,-14.891721725463867,-341.767333984375,60.18819808959961,-2.64718775288851,1.3722077013170302,-93.67959809352078,4.9535813,5.529985,12.625638,57.96036,-3.9827611,-7.362977,-26.5565,6.239812,-4.425284,30.99952,-6.5458364,-4.986399,-10.871112,-20.150602,32.528664,-32.82118,50.87405,15.473062,-25.263994,37.59501,58.44973
418,-14.998692512512207,-342.6143798828125,60.31195068359375,-2.856645929200377,1.3511697029397172,-93.56827424043071,3.3802762,6.376946,12.2912245,61.21263,-0.36072162,-6.665567,-25.874313,6.5023193,-4.53898,31.221708,-7.323831,-5.4377317,-10.715198,-19.257149,32.163593,-32.89543,51.62641,15.299951,-25.256052,37.63832,57.53049
419,-15.103779792785645,-343.44781494140625,60.44750213623047,-3.064116442714011,1.3578083737744617,-93.40557340851278,1.7560493,7.276136,12.032313,64.2466,3.2729113,-6.05193,-25.125814,6.7233653,-4.709909,31.24801,-8.078541,-5.714458,-10.563424,-18.377254,31.791708,-33.080627,52.384266,15.0715275,-25.256874,37.687702,56.541805
420,-15.201626777648926,-344.2633972167969,60.593379974365234,-3.259797633666832,1.378355630391612,-93.23339926856583,0.19045988,8.218234,11.961457,66.923355,6.524448,-5.6110578,-24.342514,6.9257493,-4.8712363,31.141369,-8.729958,-5.9312396,-10.374488,-17.508207,31.422768,-33.35405,53.136726,14.770152,-25.2676,37.740532,55.527664
421,-15.299542427062988,-345.07147216796875,60.7548942565918,-3.447151273619833,1.4246364591623148,-93.02394070083439,-1.3188481,9.310171,12.222178,69.2534,9.569559,-5.37966,-23.527561,7.1094127,-5.056439,30.884607,-9.261911,-6.089805,-10.165366,-16.647963,31.064236,-33.7382,53.85799,14.38607,-25.288662,37.79734,54.476143
422,-15.391494750976562,-345.8689880371094,60.928707122802734,-3.625194228126386,1.4980322284605534,-92.77466353103763,-2.8257143,10.533898,12.683736,71.33454,12.501468,-5.2913346,-22.667234,7.2771163,-5.2862363,30.448835,-9.704987,-6.1453996,-9.942973,-15.793638,30.71888,-34.23546,54.55309,13.926856,-25.319838,37.856014,53.374184
423,-15.473039627075195,-346.65069580078125,61.10651397705078,-3.7901842675126267,1.5672731601068173,-92.55903938704093,-4.290193,11.655707,13.045579,73.13355,14.815664,-5.324057,-21.767572,7.4467373,-5.476146,29.893988,-10.064712,-6.143693,-9.658716,-14.938906,30.386797,-34.79234,55.25575,13.397205,-25.361076,37.91304,52.27111
424,-15.550701141357422,-347.43865966796875,61.288780212402344,-3.9282024555026234,1.6005775168314402,-92.43321978550146,-5.6660447,12.420786,13.047308,74.57928,16.0291,-5.443488,-20.825745,7.615617,-5.550311,29.27634,-10.351342,-6.1251855,-9.279539,-14.056649,30.066044,-35.342957,55.98157,12.796794,-25.412775,37.96778,51.22329
425,-15.611433982849121,-348.2192077636719,61.472232818603516,-4.035071324618159,1.5824846313055925,-92.40963487854664,-6.9359326,12.675124,12.555971,75.605156,15.77831,-5.6720505,-19.83396,7.773553,-5.4901843,28.60553,-10.556597,-6.080092,-8.794868,-13.132257,29.75445,-35.904808,56.738155,12.112228,-25.477873,38.03814,50.24497
426,-15.651671409606934,-348.99200439453125,61.65974044799805,-4.112721584254556,1.5292045223011879,-92.44757387950379,-8.119748,12.570289,11.77216,76.25881,14.407733,-5.9962335,-18.792652,7.913952,-5.34695,27.860046,-10.687219,-5.996268,-8.232911,-12.1767,29.452986,-36.505215,57.508987,11.343151,-25.556108,38.12119,49.31301
427,-15.676595687866211,-349.76129150390625,61.842811584472656,-4.168046800777346,1.472884084936282,-92.52718310568767,-9.244226,12.325013,10.952344,76.63208,12.5046625,-6.3172016,-17.733341,8.042422,-5.1483173,27.05614,-10.774981,-5.9055247,-7.726446,-10.840392,29.404865,-36.73594,57.926266,10.480139,-25.59046,38.245148,48.437374
428,-15.695977210998535,-350.5307312011719,62.02498245239258,-4.1879428892934945,1.3793090023746974,-92.6330049225239,-10.277058,12.149284,10.387362,76.808975,10.675397,-6.515303,-16.629877,8.140698,-4.9051514,26.21507,-10.844267,-5.830928,-6.993817,-10.106953,28.94535,-37.532513,58.921158,9.640705,-25.73173,38.229107,47.563614
429,-15.714937210083008,-351.2984619140625,62.204505920410156,-4.17070336397147,1.2908245263193054,-92.76541026018141,-11.2614155,12.038654,10.0529,76.76963,8.942445,-6.638194,-15.514989,8.206608,-4.616824,25.329292,-10.900554,-5.767156,-6.2992325,-9.116582,28.641768,-38.014217,59.674377,8.73781,-25.827448,38.182297,46.759495
430,-15.737457275390625,-352.06597900390625,62.378536224365234,-4.120924468068201,1.1885851890251407,-92.93403628013779,-12.180489,11.907014,9.828868,76.47794,7.0369616,-6.719779,-14.372322,8.23911,-4.272479,24.394743,-10.927578,-5.6975713,-5.5778856,-8.035817,28.381744,-38.41268,60.35501,7.76684,-25.9302,38.129883,46.011063
431,-15.761545181274414,-352.8309020996094,62.547950744628906,-4.0592767321684535,1.083910648655043,-93.12397790242046,-13.052103,11.852012,9.796883,76.00182,5.1148396,-6.6729264,-13.218252,8.2565565,-3.8988578,23.42526,-10.932171,-5.630366,-4.831952,-6.928067,28.142365,-38.73835,60.99099,6.78307,-26.037539,38.04784,45.268158
432,-15.784443855285645,-353.6007995605469,62.70880126953125,-4.0129961624477595,0.9889979372751201,-93.31984862726883,-13.895087,11.960492,10.034244,75.41097,3.3295162,-6.4229336,-12.072696,8.2787485,-3.523727,22.440569,-10.920771,-5.576876,-4.077092,-5.823473,27.922867,-38.966293,61.579964,5.8348174,-26.145761,37.9225,44.48331
433,-15.805952072143555,-354.3638916015625,62.856544494628906,-3.9827762592372773,0.9023543671845575,-93.51848531408761,-14.706933,12.269085,10.607223,74.72204,1.7040888,-5.9362936,-10.931516,8.3105755,-3.147672,21.4385,-10.893424,-5.5510674,-3.3166668,-4.728306,27.720688,-39.09918,62.133987,4.9389033,-26.253637,37.74566,43.6403
434,-15.82160472869873,-355.11761474609375,62.99125671386719,-3.9591038240245235,0.8190276229936111,-93.72708724376507,-15.478258,12.704527,11.447022,73.89763,0.15934046,-5.2916393,-9.789798,8.340071,-2.7595115,20.417768,-10.850059,-5.5412354,-2.5448298,-3.6276712,27.529865,-39.144577,62.65641,4.0694394,-26.364098,37.529243,42.764305
435,-15.84480094909668,-355.8754577636719,63.112850189208984,-3.942910631387115,0.7478744076964322,-93.94420456570857,-16.21581,13.189347,12.431791,72.9268,-1.3094611,-4.581417,-8.666352,8.3637705,-2.370498,19.401838,-10.803607,-5.5269895,-1.765947,-2.519223,27.348715,-39.079323,63.12845,3.1998622,-26.480322,37.297375,41.872646
436,-15.860274314880371,-356.6305236816406,63.21701431274414,-3.936239535280449,0.697387550839368,-94.16908104899687,-16.930183,13.6543665,13.444128,71.8012,-2.702623,-3.8854506,-7.579354,8.380747,-1.9917699,18.411573,-10.7645035,-5.4925537,-0.9862231,-1.4007359,27.176376,-38.87543,63.531635,2.3007288,-26.60584,37.07603,40.98496
437,-15.86618709564209,-357.37548828125,63.3049430847168,-3.947870975728055,0.6727937583119535,-94.40313853062992,-17.628849,14.121017,14.52113,70.533104,-4.0422606,-3.1623094,-6.520026,8.399114,-1.625117,17.408781,-10.713871,-5.4417653,-0.17489181,-0.24131678,27.056097,-38.516335,63.801933,1.3146483,-26.697008,36.859592,40.16855
438,-15.874650001525879,-358.1197204589844,63.37922668457031,-3.970667549681696,0.6674500032705796,-94.64585465761192,-18.302885,14.599653,15.706277,69.12476,-5.3265977,-2.4038625,-5.486835,8.416194,-1.265596,16.40819,-10.659095,-5.3884926,0.63539165,0.89103395,26.912842,-38.013508,64.06172,0.32982913,-26.815535,36.635666,39.310894
439,-15.88021183013916,-358.8604431152344,63.43496322631836,-4.0068082974007595,0.6733943322697941,-94.89234260017847,-18.946218,15.033009,16.890915,67.555275,-6.517407,-1.7217811,-4.4901023,8.430655,-0.91389453,15.461937,-10.631995,-5.3342104,1.4457185,2.0089965,26.776825,-37.440285,64.28148,-0.6651516,-26.933327,36.417534,38.456184
440,-15.878767013549805,-359.5929260253906,63.473201751708984,-4.048221479299576,0.6834505419412122,-95.13922782501592,-19.55343,15.36865,17.974886,65.79936,-7.5685406,-1.2127354,-3.5407195,8.435834,-0.5681546,14.620829,-10.664961,-5.277557,2.2308288,3.121692,26.6315,-36.812847,64.46162,-1.6606945,-27.071846,36.225082,37.613914
441,-15.875297546386719,-360.3218688964844,63.496826171875,-4.095820771357368,0.7021213797185963,-95.39157059415791,-20.129467,15.611076,18.957827,63.84402,-8.474116,-0.8796659,-2.6483634,8.429556,-0.21975689,13.895039,-10.755715,-5.2240014,3.0127685,4.223829,26.48402,-36.128635,64.59229,-2.6500275,-27.223097,36.053516,36.781174
442,-15.87185001373291,-361.05255126953125,63.503211975097656,-4.148857329608063,0.7312647132406122,-95.64913697868813,-20.67857,15.790789,19.894451,61.70723,-9.253998,-0.666278,-1.8018608,8.418412,0.12880306,13.250954,-10.887416,-5.1750383,3.795363,5.314532,26.336868,-35.37221,64.675766,-3.644613,-27.384577,35.900352,35.958405
443,-15.87108039855957,-361.78436279296875,63.48636245727539,-4.219979548236623,0.7584298936868089,-95.90211729242759,-21.195354,15.907592,20.766304,59.409603,-9.900087,-0.5691877,-0.986509,8.413823,0.46022016,12.689467,-11.070222,-5.1190605,4.5451837,6.3805127,26.19605,-34.606987,64.74266,-4.6462955,-27.554377,35.776226,35.147892
444,-15.8672513961792,-362.5176696777344,63.45102310180664,-4.31414119190577,0.7710498474973593,-96.14015081524747,-21.674036,15.964224,21.553143,56.96909,-10.403827,-0.58206993,-0.18872973,8.427868,0.7563719,12.213335,-11.315326,-5.042804,5.275145,7.3757577,26.079988,-33.968357,64.827774,-5.678822,-27.707758,35.663887,34.400917
445,-15.869434356689453,-363.249267578125,63.39787292480469,-4.4310980097187205,0.7647619293616527,-96.36467048734009,-22.110674,15.978836,22.270384,54.382797,-10.764168,-0.6824879,0.59717065,8.463787,1.0056959,11.815462,-11.622103,-4.9300275,5.982456,8.29577,25.984835,-33.451767,64.94351,-6.7348723,-27.848188,35.559906,33.704178
446,-15.87618637084961,-363.9863586425781,63.32707977294922,-4.567798584501409,0.7502337123617546,-96.57895122484855,-22.514538,15.950745,22.923067,51.648552,-10.989744,-0.8678172,1.3598524,8.514422,1.2179278,11.496369,-11.98842,-4.7904162,6.6414723,9.16776,25.894247,-32.96002,65.077995,-7.7853055,-28.003181,35.469006,33.002087
447,-15.881536483764648,-364.7269592285156,63.23847198486328,-4.717398036698528,0.7307484752783507,-96.77705754150564,-22.890987,15.859551,23.47525,48.779667,-11.088315,-1.158093,2.0893283,8.576552,1.4081036,11.278468,-12.420966,-4.648777,7.2826514,9.973406,25.825209,-32.58163,65.21743,-8.866412,-28.135942,35.382713,32.375744
448,-15.889936447143555,-365.46807861328125,63.12889862060547,-4.857106159869179,0.7192013640765952,-96.95290838713984,-23.259073,15.676731,23.894451,45.80306,-11.072598,-1.5689203,2.7630072,8.631269,1.5899026,11.196398,-12.9381695,-4.5299883,7.8548937,10.744804,25.758457,-32.24084,65.348976,-9.958875,-28.282047,35.30379,31.787344
449,-15.903072357177734,-366.2044677734375,62.99995803833008,-5.006469555709441,0.7109849894085832,-97.11163892506879,-23.621037,15.4289255,24.14601,42.689224,-10.900895,-2.048914,3.3166163,8.701443,1.7629335,11.417652,-13.645963,-4.4464846,8.366853,11.448776,25.713066,-32.010654,65.48301,-11.04625,-28.393267,35.22973,31.236708
450,-15.919034004211426,-366.9422302246094,62.860713958740234,-5.151270007828383,0.7103217151254599,-97.2524982756898,-23.96182,15.116827,24.259596,39.41845,-10.581617,-2.5846698,3.8277886,8.768022,1.9249728,11.739694,-14.423903,-4.3797145,8.827204,12.157807,25.670488,-31.809917,65.57118,-12.182567,-28.5178,35.160778,30.748663
451,-15.933834075927734,-367.6856689453125,62.71147155761719,-5.297051555135255,0.721748288869423,-97.36791127970666,-24.275682,14.758469,24.271675,36.06917,-10.231248,-3.2544158,4.32437,8.832386,2.0716267,12.083652,-15.207999,-4.3084083,9.223443,12.844732,25.632551,-31.645983,65.63895,-13.316601,-28.651976,35.098934,30.290604
452,-15.945068359375,-368.4319152832031,62.55324935913086,-5.435413433675148,0.7486939324599091,-97.45348512975654,-24.542685,14.349377,24.234743,32.682384,-9.944472,-4.1405163,4.8119445,8.883616,2.1971018,12.425485,-15.9666605,-4.2103724,9.555958,13.519071,25.597813,-31.50748,65.68164,-14.422736,-28.792637,35.034523,29.865902
453,-15.956332206726074,-369.18023681640625,62.39024353027344,-5.570898876688956,0.7973846954771096,-97.50081024652161,-24.751944,13.873895,24.121555,29.138042,-9.698026,-5.3010955,5.291691,8.926791,2.2945557,12.753679,-16.701689,-4.075662,9.824949,14.186135,25.566385,-31.404802,65.68694,-15.5440445,-28.939869,34.973392,29.500917
454,-15.962932586669922,-369.9353332519531,62.222896575927734,-5.702723972664427,0.8649635137428896,-97.51260256745475,-24.897602,13.33846,23.922472,25.407787,-9.4402,-6.6622367,5.7631855,8.960606,2.365637,13.07608,-17.422619,-3.9146037,10.029385,14.840987,25.538876,-31.344553,65.657936,-16.679012,-29.09214,34.916283,29.190968
455,-15.963290214538574,-370.69073486328125,62.05161666870117,-5.81598338735181,0.9450012071603109,-97.50402904898966,-24.963043,12.759472,23.726053,21.637192,-9.20261,-8.120777,6.2219925,8.969998,2.421048,13.410281,-18.117691,-3.7364774,10.194593,15.478016,25.513472,-31.310406,65.60567,-17.787237,-29.248917,34.856552,28.932878
456,-15.959671020507812,-371.4411926269531,61.8884391784668,-5.838234873713728,1.0354735314671497,-97.46573719891485,-24.83455,12.014972,23.649845,17.701103,-8.846423,-9.572046,6.6569085,8.878066,2.4394345,13.782122,-18.784197,-3.5489037,10.360673,16.179712,25.480366,-31.292526,65.43703,-18.885538,-29.475683,34.803097,28.77654
457,-15.950643539428711,-372.1983642578125,61.72190856933594,-5.895370798910168,1.1483244827210723,-97.46586468442119,-24.623697,11.277702,23.677265,13.770326,-8.545116,-11.021091,7.085827,8.806898,2.499979,14.115938,-19.39265,-3.3545175,10.521795,16.773897,25.448278,-31.253544,65.33861,-19.885544,-29.690998,34.72574,28.585108
458,-15.928956985473633,-372.96923828125,61.563968658447266,-5.895564626876348,1.303848939604522,-97.50199696069468,-23.987331,10.25387,23.88558,8.850235,-7.7378826,-12.482565,7.458859,8.657742,2.5843418,14.496057,-20.0009,-3.1406357,10.698144,17.394842,25.39866,-31.193598,65.14831,-20.74044,-30.068968,34.59921,28.271376
459,-15.906880378723145,-373.76617431640625,61.33946228027344,-6.351463594259545,1.5468672174387952,-97.80629497145837,-22.309114,9.270421,24.393051,1.3037845,-5.259773,-14.026358,7.76048,8.928514,3.0031335,14.855446,-20.499134,-2.9342537,10.997376,17.514114,25.383049,-31.0332,65.44677,-21.348686,-30.278563,34.271065,27.597353
460,-15.859918594360352,-374.56317138671875,61.109519958496094,-6.833346648624142,1.7340827304568902,-97.9776475415811,-21.379587,8.5349,24.59513,-3.752662,-3.9382403,-14.323944,8.078991,9.21715,3.3240566,15.312691,-20.927662,-2.7000105,11.153415,17.588938,25.379066,-30.88433,65.8395,-21.872036,-30.376015,33.9772,27.038473
461,-15.785494804382324,-375.35638427734375,60.88303756713867,-7.287478526106237,1.8931727090218522,-98.03416252708293,-21.14925,8.025926,24.626741,-6.367855,-3.8574665,-14.323944,8.272774,9.478831,3.5364473,16.157295,-21.469837,-2.4449778,11.212168,17.665096,25.375849,-30.69841,66.250206,-22.257008,-30.470022,33.620354,26.5212
462,-15.701916694641113,-376.1405029296875,60.658180236816406,-7.70054318551021,2.022006710539689,-98.05009636293214,-21.693563,7.8451533,24.562243,-6.369682,-5.172805,-14.323944,8.406997,9.698413,3.7166562,17.216074,-22.030197,-2.1772757,11.240225,17.767782,25.371681,-30.496147,66.64483,-22.526793,-30.562353,33.241272,26.061525
463,-15.643223762512207,-376.94061279296875,60.443241119384766,-8.028649191636553,2.1321467771761893,-98.05520259745138,-22.024397,7.6055226,24.563421,-6.352754,-6.0774264,-14.323944,8.530027,9.849565,3.9015298,18.342136,-22.492155,-1.9034274,11.254223,17.927635,25.365215,-30.313099,66.97282,-22.717466,-30.655497,32.88035,25.689512
464,-15.628457069396973,-377.7524108886719,60.257972717285156,-8.14022868689234,2.209496348120101,-98.03250916522259,-22.074858,7.300778,24.682402,-6.3707013,-6.2138996,-14.323944,8.670863,9.818666,4.0643077,19.488008,-22.79085,-1.6265717,11.264764,18.255476,25.352396,-30.216492,67.10236,-22.91437,-30.754858,32.60889,25.548838
465,-15.617243766784668,-378.5285949707031,60.181575775146484,-7.87493159488958,2.197054468667157,-97.89125340972603,-22.323854,7.124646,24.911158,-4.7034793,-6.2783823,-14.323944,8.882871,9.463276,4.114826,20.669874,-22.977005,-1.3379309,11.267894,18.926237,25.320143,-30.31332,66.88674,-23.189516,-30.919682,32.498554,25.822746
466,-15.634602546691895,-379.331787109375,60.14300537109375,-7.329118474940081,2.1296662613498265,-97.68333694986013,-22.679178,7.028211,25.19908,-1.8139517,-6.236344,-14.323944,9.094026,8.860208,4.095617,21.98103,-23.109041,-1.0401993,11.335652,19.614288,25.241718,-30.784698,66.5878,-23.509497,-31.305239,32.588493,26.345863
467,-15.677433967590332,-380.1654052734375,60.11616134643555,-6.593589647079648,2.0501884419707106,-97.4192110661275,-23.794252,7.2664704,25.214808,3.4403913,-7.232247,-14.323944,9.26735,8.083773,3.9884486,23.395721,-23.090082,-0.7429105,11.364111,20.356573,25.148409,-31.3788,66.16442,-23.906225,-31.696232,32.830765,27.110518
468,-15.717166900634766,-381.0066833496094,60.09951400756836,-5.886013007135792,2.0249905238732326,-97.20276271770453,-24.81469,7.436549,24.954126,8.071284,-7.993539,-14.323944,9.321755,7.3316426,3.8837469,24.954626,-22.86257,-0.46213362,11.354049,21.006947,25.066727,-31.935532,65.74,-24.273039,-31.99787,33.100567,27.882927
469,-15.72007942199707,-381.84356689453125,60.097225189208984,-5.285767026792503,2.115982615209945,-97.05941441646233,-25.939274,7.540187,24.281918,12.265031,-8.646392,-13.482484,9.218593,6.6672907,3.8014727,26.65402,-22.482344,-0.20442005,11.306203,21.465157,24.999905,-32.435856,65.387634,-24.544432,-32.21978,33.30336,28.519989
470,-15.678665161132812,-382.68194580078125,60.108238220214844,-4.582413625802181,2.2573576351578195,-96.7634743855677,-26.86638,6.9858894,23.283627,15.44271,-8.649158,-10.384677,9.015506,5.8962245,3.5162714,28.523098,-22.00177,0.07303445,11.093992,21.893887,24.92824,-32.998997,64.96049,-24.809261,-32.436253,33.552357,29.236551
471,-15.635174751281738,-383.54986572265625,60.11898422241211,-3.8880750900852,2.4102182820515505,-96.52820028599919,-27.608185,6.344015,22.422274,18.107935,-8.437471,-7.513825,8.694448,5.125965,3.2671535,30.57786,-21.262472,0.3653096,10.90051,22.244368,24.86511,-33.53649,64.52325,-24.971567,-32.606125,33.787132,29.944828
472,-15.585652351379395,-384.438720703125,60.12725067138672,-3.284946116064778,2.526742541816027,-96.40170450805508,-28.045378,5.7630587,21.877308,20.211044,-8.18274,-5.5034623,8.251978,4.4286957,3.1323676,32.853527,-20.136904,0.7071645,10.774831,22.482738,24.8151,-33.990936,64.14739,-24.883718,-32.71675,33.918743,30.54332
473,-15.53642749786377,-385.3392333984375,60.131690979003906,-2.7879941711361997,2.597408455784042,-96.42887059164771,-28.150469,5.349059,21.689621,21.811531,-7.9717994,-4.781069,7.69765,3.815037,3.1521707,35.37969,-18.541513,1.1897606,10.763972,22.610373,24.777248,-34.345264,63.85299,-24.486925,-32.763866,33.899193,30.999334
474,-15.487395286560059,-386.2358093261719,60.13294982910156,-2.3319595264872093,2.6404216202877397,-96.55307303480939,-28.037746,5.0689344,21.69767,23.150778,-7.836278,-4.8874993,7.040856,3.2350984,3.262568,38.126842,-16.560635,1.771129,10.818068,22.669254,24.74613,-34.638542,63.58326,-23.887897,-32.752445,33.80103,31.411293
475,-15.442644119262695,-387.1355285644531,60.1428337097168,-1.8899084273290432,2.652891693976912,-96.68031340877373,-27.799948,4.850475,21.75452,24.386078,-7.852277,-5.154715,6.2743864,2.6810424,3.3905501,41.03721,-14.30255,2.296929,10.856663,22.678108,24.72122,-34.903004,63.300632,-23.181993,-32.68361,33.69921,31.869135
476,-15.399868965148926,-388.0406188964844,60.165035247802734,-1.4381002898060415,2.632569915456848,-96.72020029929513,-27.511898,4.56201,21.719099,25.571922,-8.073139,-4.9544444,5.3948774,2.144844,3.4555233,44.04629,-11.865121,2.6228564,10.792264,22.65735,24.7031,-35.15596,62.96402,-22.463928,-32.562527,33.67747,32.449135
477,-15.359134674072266,-388.930908203125,60.20694351196289,-0.970756993397347,2.559157278354582,-96.62499787497997,-27.199959,4.1110315,21.513502,26.721575,-8.561762,-4.0983496,4.389116,1.6515503,3.4435475,47.253155,-9.212784,2.617134,10.594165,22.617033,24.692837,-35.412964,62.56845,-21.710686,-32.38253,33.71668,33.17698
478,-15.318500518798828,-389.8119812011719,60.264408111572266,-0.5024872198516505,2.4395822840580887,-96.45215090206965,-26.841053,3.5348847,21.214643,27.778423,-9.242969,-2.9648826,3.278331,1.2046217,3.3747625,50.62693,-6.2866673,2.4289465,10.308277,22.545612,24.689243,-35.655346,62.12912,-20.894228,-32.14727,33.790977,34.008747
479,-15.280172348022461,-390.6873779296875,60.3293342590332,-0.04241931929371047,2.3118846150902463,-96.27406478363265,-26.428797,2.8867588,20.919321,28.669022,-9.970312,-1.7855856,2.1007512,0.7556064,3.2369092,53.932854,-3.162208,2.3132198,9.972348,22.424477,24.688904,-35.855812,61.64169,-20.053719,-31.879015,33.93441,34.884205
480,-15.234379768371582,-391.5547790527344,60.402183532714844,0.3967857245739725,2.2194479793330557,-96.15935353988792,-25.938519,2.2487843,20.729118,29.306784,-10.618681,-0.7847732,0.8810861,0.25073472,3.0426047,56.957684,0.0664068,2.4916446,9.6342745,22.22181,24.690224,-36.00156,61.11089,-19.261896,-31.599026,34.19892,35.771507
481,-15.176963806152344,-392.4169006347656,60.48781204223633,0.8128009085851472,2.1725771547262034,-96.10746713048908,-25.345055,1.6404147,20.666595,29.647402,-11.185476,0.008349481,-0.41013038,-0.33126086,2.8414507,59.710808,3.7415996,3.1287973,9.2904005,21.935669,24.69286,-36.08674,60.527992,-18.491268,-31.313738,34.578423,36.64078
482,-15.109359741210938,-393.2577819824219,60.58320999145508,1.2115238722042663,2.1514595456112673,-96.0814876646115,-24.672663,1.0301665,20.674007,29.75272,-11.736388,0.70577466,-1.792255,-0.944929,2.6652436,62.32962,7.7727284,4.078751,8.918931,21.57771,24.698128,-36.12169,59.897736,-17.70447,-31.022833,35.04589,37.5022
483,-15.034039497375488,-394.0709533691406,60.690223693847656,1.5860479239686427,2.1527703745099624,-96.10793149212604,-23.939657,0.44038713,20.747381,29.677065,-12.262642,1.2909558,-3.208249,-1.5719781,2.4838424,64.75781,11.415746,5.0387177,8.542152,21.142988,24.705856,-36.10292,59.24973,-16.920523,-30.737167,35.60734,38.351643
484,-14.957613945007324,-394.8706970214844,60.809104919433594,1.9384256911591562,2.173617420527896,-96.21088489262567,-23.172903,-0.109697945,20.883835,29.485386,-12.757392,1.7497467,-4.6056685,-2.2452521,2.1900752,66.938286,13.924113,5.633144,8.183227,20.626091,24.715963,-36.0303,58.61265,-16.170835,-30.468351,36.27655,39.19567
485,-14.878131866455078,-395.65740966796875,60.93932342529297,2.2736992949707866,2.2279066802579806,-96.44649445511453,-22.374956,-0.6120274,21.14553,29.166798,-13.2297,2.0540814,-6.000677,-3.0998516,1.6369773,68.88373,15.057235,5.6716967,7.885542,20.029936,24.72688,-35.899834,57.9703,-15.4693,-30.221973,37.091156,40.0217
486,-14.796708106994629,-396.4327697753906,61.07646942138672,2.592213949361103,2.3129605621973854,-96.78434168966183,-21.530222,-1.0873749,21.516474,28.6871,-13.674159,2.2176435,-7.412588,-4.1314845,0.877358,70.62489,15.219452,5.311576,7.6253395,19.358978,24.739286,-35.711365,57.317024,-14.799508,-29.994156,38.038345,40.83438
487,-14.72441577911377,-397.20550537109375,61.223602294921875,2.8821784833362214,2.398532972691609,-97.1193872438523,-20.63969,-1.5533906,21.879274,28.073586,-14.055713,2.2942579,-8.791949,-5.170894,0.07121423,72.11749,14.643938,4.684138,7.325139,18.604572,24.75711,-35.47377,56.701687,-14.1377,-29.77849,39.046997,41.656345
488,-14.661933898925781,-397.97674560546875,61.37946319580078,3.1324855267686447,2.4524513352298882,-97.35037692351315,-19.703846,-2.025864,22.117937,27.35846,-14.343388,2.3408182,-10.091267,-6.0227547,-0.6090081,73.30988,13.577719,3.9482768,6.913057,17.755722,24.784958,-35.20014,56.171898,-13.466963,-29.570633,40.0531,42.514618
489,-14.614458084106445,-398.7355651855469,61.54460906982422,3.3455980475569387,2.4623249338915802,-97.45927127376595,-18.709415,-2.5151358,22.214325,26.52294,-14.512983,2.356772,-11.305424,-6.5958915,-1.0717787,74.17332,11.794833,3.0650132,6.368657,16.7824,24.827524,-34.918636,55.75598,-12.790272,-29.369787,41.077976,43.422836
490,-14.577020645141602,-399.4959716796875,61.71265411376953,3.507052649975847,2.429669610291731,-97.50268161439173,-17.654778,-2.985401,22.22539,25.584501,-14.603152,2.3228965,-12.447015,-6.9315686,-1.3743101,74.730064,9.278228,2.0463336,6.0853915,15.536492,24.867191,-34.973648,55.512085,-11.623229,-29.34703,41.456257,44.100266
491,-14.5511474609375,-400.252197265625,61.884315490722656,3.657040655056644,2.3985342831196275,-97.49199775049381,-16.568256,-3.4747443,22.171776,24.524275,-14.613266,2.2681491,-13.555904,-7.137512,-1.5813458,75.0226,6.5780973,1.0922061,5.070977,14.519937,24.950142,-34.301777,55.176872,-11.338211,-29.041826,43.13561,45.238712
492,-14.532670021057129,-401.0146179199219,62.0554084777832,3.7343817593132633,2.336820185705403,-97.43621939336425,-15.467615,-3.8930035,22.040607,23.482029,-14.626398,2.2147162,-14.586918,-7.250792,-1.8296093,75.063034,4.2684326,0.3596166,4.304339,13.361733,25.01606,-33.81812,54.9449,-10.652338,-28.823257,44.17564,46.21443
493,-14.517842292785645,-401.7740783691406,62.22199249267578,3.7427800787439085,2.23171339526606,-97.33332289741914,-14.32886,-4.248133,21.824924,22.429035,-14.626716,2.1576338,-15.531906,-7.309908,-2.1710668,74.845146,2.44193,-0.13052459,3.9216416,11.951971,25.05909,-33.753193,54.861443,-9.484012,-28.797022,44.461857,46.988075
494,-14.505974769592285,-402.52874755859375,62.385093688964844,3.683251320529983,2.132820649069801,-97.15133552977764,-13.19373,-4.5469756,21.499544,21.342537,-14.596376,2.0841181,-16.430477,-7.2816052,-2.5880444,74.34258,0.8230626,-0.4770159,2.6544197,10.856007,25.174023,-32.669537,54.7147,-9.045863,-28.51587,45.99311,48.025394
495,-14.497796058654785,-403.2933654785156,62.54212951660156,3.609678671082996,1.9877247756875671,-96.96493283637936,-12.007385,-4.8228045,21.157856,20.232347,-14.543052,2.0042114,-17.254612,-7.2098074,-2.9886951,73.6271,-0.61061174,-0.7118785,2.202082,9.3627405,25.22002,-32.535847,54.703896,-7.8733764,-28.485102,46.230812,48.840767
496,-14.492240905761719,-404.0506896972656,62.6899299621582,3.509631848899499,1.8880771526342353,-96.74167551124292,-10.878599,-5.0576034,20.78322,19.15354,-14.496342,1.928289,-18.061657,-7.1006145,-3.410375,72.698875,-1.8600595,-0.8754523,0.87528455,8.34413,25.35973,-31.278471,54.47309,-7.339931,-28.207289,47.57932,49.806667
497,-14.486577033996582,-404.7966613769531,62.82075500488281,3.4199854355970536,1.7783799219282959,-96.53491791407832,-9.73161,-5.2889013,20.430231,18.05986,-14.4369135,1.8563491,-18.821587,-6.984212,-3.8096693,71.58703,-2.893516,-0.9522658,0.0037449857,7.1899962,25.457485,-30.489147,54.20377,-6.410576,-28.041346,48.17811,50.65433
498,-14.487091064453125,-405.5627746582031,62.94036102294922,3.3348165685143596,1.6516021194638326,-96.33089239974585,-8.558317,-5.5154023,20.078611,16.940575,-14.356357,1.7829294,-19.531237,-6.8549147,-4.2036886,70.28018,-3.7202165,-0.9363872,-0.46566275,5.8067713,25.49789,-30.230099,53.97716,-5.185552,-28.007547,48.20402,51.412247
499,-14.492268562316895,-406.32623291015625,63.048439025878906,3.216496087088488,1.545742878085209,-96.0869622402055,-7.434034,-5.6844406,19.692629,15.889378,-14.297324,1.7127773,-20.201523,-6.6781187,-4.615325,68.755035,-4.4123845,-0.87483585,-1.173211,4.4315796,25.570053,-29.682232,53.773743,-3.9308732,-27.942226,48.277782,52.045162
500,-14.494405746459961,-407.0793151855469,63.13541030883789,3.1308036227336538,1.4613038488839865,-95.83693476035705,-6.3495684,-5.8638654,19.322065,14.886386,-14.244928,1.6560919,-20.858538,-6.4986863,-4.9466147,67.07454,-5.0849295,-0.80931044,-1.9092958,3.2290688,25.656845,-29.07031,53.370243,-2.809989,-27.865694,48.381554,52.73815
501,-14.50156021118164,-407.8360595703125,63.20779800415039,3.077735012935742,1.3978188796668471,-95.57782353882983,-5.3069243,-6.0531282,18.969383,13.933636,-14.191512,1.6239021,-21.511211,-6.3025875,-5.159702,65.24002,-5.7652855,-0.7575589,-2.5742939,2.101313,25.730858,-28.573719,52.807384,-1.760643,-27.802248,48.413326,53.472786
502,-14.50938892364502,-408.5857849121094,63.26544189453125,3.0132794392228957,1.3684226949682567,-95.27262435216707,-4.3303576,-6.205908,18.589815,13.059388,-14.154246,1.6111048,-22.144579,-6.0724835,-5.3405256,63.20441,-6.3877816,-0.70183736,-3.450217,1.0266974,25.848341,-27.810177,52.19926,-0.7011015,-27.701654,48.446705,54.11673
503,-14.518613815307617,-409.3330383300781,63.298946380615234,2.9903869641056104,1.332231640848091,-94.98904262998687,-3.3574152,-6.384729,18.242971,12.219926,-14.135495,1.6065704,-22.740074,-5.877049,-5.47239,61.031998,-6.955483,-0.6339205,-4.1797996,0.029289914,25.941467,-27.26379,51.442493,0.2563976,-27.626362,48.408855,54.849262
504,-14.529866218566895,-410.0824279785156,63.316707611083984,2.9771873495842835,1.2924722758144067,-94.70313961311777,-2.3980792,-6.5580015,17.894508,11.434654,-14.163228,1.594827,-23.26347,-5.725066,-5.662143,58.691322,-7.4285603,-0.537061,-4.9688907,-0.9951598,26.052755,-26.71436,50.72514,1.1879671,-27.545408,48.325397,55.553436
505,-14.539837837219238,-410.83197021484375,63.315696716308594,2.978168359506054,1.2454508119716003,-94.42156624651791,-1.4517146,-6.729838,17.54977,10.709098,-14.249083,1.6017696,-23.710943,-5.6206326,-5.915711,56.173637,-7.804492,-0.39060465,-5.7795243,-1.989291,26.183245,-26.205276,49.97095,2.0499382,-27.461569,48.195,56.270866
506,-14.54443073272705,-411.5902404785156,63.30021667480469,2.991407396007723,1.1960552492646763,-94.14061618228232,-0.5244702,-6.898762,17.209764,10.04574,-14.382915,1.6231362,-24.095978,-5.544389,-6.202169,53.482372,-8.095576,-0.20367925,-6.591709,-2.9440944,26.332724,-25.751253,49.154125,2.8555963,-27.375908,48.001472,56.999718
507,-14.549583435058594,-412.34130859375,63.26280212402344,3.0213474324427163,1.138908315373625,-93.87407372925857,0.38628235,-7.06166,16.891356,9.453831,-14.563091,1.600178,-24.424025,-5.487539,-6.502524,50.654823,-8.3078985,0.0011475305,-7.364499,-3.8760054,26.502243,-25.378828,48.312504,3.6113856,-27.290545,47.76007,57.749104
508,-14.555395126342773,-413.1008605957031,63.200931549072266,3.063558215233661,1.068225646109431,-93.63581913774233,1.2734096,-7.2096486,16.61356,8.971928,-14.802459,1.4759421,-24.703512,-5.436259,-6.7989516,47.734364,-8.455137,0.2019683,-8.06514,-4.8177557,26.693089,-25.11675,47.503407,4.3209996,-27.207857,47.502308,58.523388
509,-14.563759803771973,-413.85540771484375,63.12040710449219,3.1251002347915082,0.9815042337243157,-93.4267713231081,2.1486123,-7.351355,16.386038,8.57559,-15.095875,1.2022027,-24.921328,-5.4021497,-7.126622,44.67627,-8.510706,0.35907957,-8.690411,-5.7907166,26.905897,-24.985363,46.736206,4.974959,-27.129604,47.246586,59.335407
510,-14.565086364746094,-414.61297607421875,63.0211067199707,3.2024841463868277,0.8820160026870886,-93.2409388554999,2.9494386,-7.4656296,16.209057,8.411212,-15.532403,0.82026076,-25.077026,-5.370295,-7.482983,41.471645,-8.47743,0.5055252,-9.256152,-6.800782,27.139658,-24.984785,46.00588,5.5722914,-27.056091,46.984573,60.174614
511,-14.564424514770508,-415.3756103515625,62.907684326171875,3.2972823131536626,0.7762382962070163,-93.08551359529352,3.7398396,-7.588555,16.066868,8.305228,-15.99602,0.41438043,-25.190367,-5.3185234,-7.777559,38.183475,-8.390391,0.71986306,-9.746945,-7.8341575,27.39125,-25.099579,45.311054,6.110551,-26.9874,46.705917,61.039852
512,-14.563714981079102,-416.1439514160156,62.77338409423828,3.416838768679516,0.6708817350515872,-92.9684888853494,4.499581,-7.7246695,15.954393,8.298713,-16.494902,0.06301525,-25.2816,-5.2326107,-7.9195743,34.870808,-8.28225,1.0681254,-10.15288,-8.875284,27.6547,-25.305037,44.654705,6.5885634,-26.923975,46.40219,61.924774
513,-14.563986778259277,-416.9148864746094,62.624202728271484,3.5707308138994382,0.5665510607388528,-92.89366591649215,5.2216363,-7.882853,15.875372,8.412868,-17.031128,-0.21771683,-25.340887,-5.1235914,-7.8743033,31.451052,-8.111217,1.5777848,-10.474267,-9.915777,27.927279,-25.589333,44.027225,6.9865746,-26.866808,46.075962,62.84733
514,-14.57064437866211,-417.696044921875,62.46455383300781,3.717340202237727,0.47072133887261564,-92.86834892611107,5.884194,-8.015813,15.851466,8.681133,-17.63645,-0.47177982,-25.340027,-4.9608684,-7.6971755,27.843374,-7.8347416,2.1908445,-10.610503,-11.031546,28.321335,-26.10824,43.398964,7.4036508,-26.794481,45.59349,63.752968
515,-14.576119422912598,-418.48291015625,62.29472351074219,3.8843838249652283,0.38307046826757335,-92.88081066909083,6.540311,-8.172653,15.854235,8.963782,-18.242556,-0.703484,-25.330027,-4.8014665,-7.402001,24.287413,-7.588491,2.851267,-10.687463,-12.10952,28.690403,-26.643192,42.789703,7.7594934,-26.736242,45.114975,64.65562
516,-14.580455780029297,-419.2731018066406,62.117530822753906,4.011695566477376,0.31683544194505453,-92.93534846006553,7.156229,-8.28793,15.892948,9.314767,-18.898216,-0.9280015,-25.306797,-4.5919085,-7.0388646,20.866722,-7.4158525,3.5007982,-10.617028,-13.253196,29.134491,-27.336998,42.222416,8.202746,-26.673477,44.502583,65.43955
517,-14.585921287536621,-420.0687255859375,61.93223571777344,4.117144289210041,0.26483882743907783,-93.03828574846537,7.761144,-8.391267,15.964723,9.676826,-19.57273,-1.1419965,-25.267313,-4.347902,-6.5262203,17.518507,-7.3601866,4.095267,-10.447804,-14.424279,29.611736,-28.107437,41.704887,8.692449,-26.613464,43.811382,66.134415
518,-14.595200538635254,-420.8611145019531,61.742801666259766,4.224359933520013,0.21373426180817895,-93.18465995505005,8.375385,-8.502914,16.063824,10.031401,-20.243755,-1.3423284,-25.170044,-4.0917296,-5.87462,14.13681,-7.3365455,4.6692314,-10.293524,-15.610584,30.034895,-28.827393,41.323895,9.136825,-26.567402,43.194145,66.79052
519,-14.606719017028809,-421.6557922363281,61.551536560058594,4.3101759175206364,0.19071856508187596,-93.32882787326056,8.9561205,-8.58497,16.156364,10.422629,-20.93009,-1.5412112,-24.970663,-3.8235772,-5.286427,10.728073,-7.1920977,5.2978473,-10.087196,-16.812103,30.480513,-29.59537,40.980988,9.593441,-26.523117,42.52802,67.36183
520,-14.621804237365723,-422.4618835449219,61.34075927734375,4.463870830700236,0.20176001171076444,-93.38382884448603,9.520297,-8.716876,16.141733,10.786613,-21.580172,-1.7404735,-24.842695,-3.6867762,-4.942404,7.8722205,-7.1069574,6.0754833,-10.038138,-17.882778,30.818974,-30.125166,40.661247,9.921525,-26.495129,41.99595,67.93897
521,-14.645275115966797,-423.2850036621094,61.10398864746094,4.7327284674208325,0.2773841174384651,-93.303977650861,10.032158,-8.938036,15.972895,11.151335,-22.258215,-1.9253639,-24.337955,-3.6920671,-4.952912,4.352236,-6.3554864,7.1866794,-10.030168,-18.726425,31.133629,-30.478407,40.12502,10.121695,-26.47513,41.41234,68.56185
522,-14.671273231506348,-424.1070251464844,60.85598373413086,5.052669838853223,0.38198893826690067,-93.204633461352,10.545445,-9.2091255,15.763601,11.464785,-22.927095,-2.0987287,-23.29698,-3.7021744,-5.169402,-0.24282655,-4.752657,8.533685,-10.205042,-19.610416,31.32776,-30.647371,39.817974,10.158865,-26.471407,41.051975,69.19173
523,-14.707140922546387,-424.93023681640625,60.62081527709961,5.289915242563498,0.4791153865274747,-93.15039351218482,11.048853,-9.384061,15.598483,11.829805,-23.553835,-2.299846,-23.181568,-3.7041545,-5.432198,-2.0875306,-4.5215416,9.788411,-10.270362,-20.420776,31.531105,-30.80379,39.562466,10.274948,-26.467924,40.656433,69.68926
524,-14.7435884475708,-425.7454833984375,60.41633605957031,5.39160359816541,0.5585884735981466,-93.17913211290634,11.539556,-9.416745,15.518514,12.269253,-24.059744,-2.559862,-23.547686,-3.6129274,-5.687241,-2.1297798,-5.053851,10.614898,-10.181528,-21.172487,31.796232,-30.996271,39.370296,10.560672,-26.459929,40.19114,69.98571
525,-14.777562141418457,-426.5632629394531,60.23786163330078,5.448261118139711,0.6213682208163335,-93.2287446983832,11.974458,-9.374363,15.4514885,12.883143,-24.497776,-2.8843317,-23.665564,-3.4709003,-6.076995,-2.050849,-5.372056,10.9859495,-10.092246,-21.838474,32.040882,-31.078173,39.28726,10.84762,-26.45005,39.824757,70.22386
526,-14.817992210388184,-427.38958740234375,60.08015441894531,5.372242604022277,0.6515752648948926,-93.33666621445839,12.284627,-9.149771,15.472772,13.8897505,-25.04288,-3.266412,-24.255058,-3.2550583,-6.558674,-0.12178868,-6.516911,11.055925,-9.960407,-22.418993,32.31918,-31.095951,39.32338,11.238055,-26.431591,39.521183,70.30174
527,-14.866354942321777,-428.2251281738281,59.93568801879883,5.1587793018215775,0.6739429767096401,-93.4924187419659,12.558407,-8.771459,15.558977,15.009714,-25.497368,-3.6882007,-25.082447,-2.944801,-6.9827137,2.7940228,-7.9209027,10.776472,-9.839607,-22.898188,32.69894,-31.045609,39.428997,11.671103,-26.39743,39.331757,70.22623
528,-14.934370994567871,-429.052978515625,59.84082794189453,4.790594906743662,0.6870101718046119,-93.68836710583169,12.796843,-8.216497,15.709655,16.236357,-25.823019,-4.1356645,-25.853813,-2.4800265,-7.2102103,5.737648,-8.957986,10.095939,-9.772596,-23.220148,33.19113,-30.895573,39.578587,12.106912,-26.34086,39.319176,70.00341
529,-15.002197265625,-429.88079833984375,59.780906677246094,4.219241821884915,0.690433337439005,-93.96326478126208,13.0146675,-7.4545937,15.976392,17.557217,-26.06665,-4.6147156,-25.89495,-1.704826,-7.229942,7.0862927,-8.536276,8.761182,-9.702467,-23.642529,33.701916,-30.830772,40.02111,12.596774,-26.26597,39.490425,69.57808
530,-15.068958282470703,-430.7264404296875,59.721702575683594,3.5805938212557926,0.7025236422146206,-94.24857689115842,13.204634,-6.6085277,16.261726,18.948269,-26.208414,-5.125634,-26.472532,-0.93829685,-7.1039963,10.011995,-8.595929,6.9108562,-9.630699,-24.113798,34.16905,-30.800982,40.643803,13.065573,-26.187403,39.757828,69.06481
531,-15.152743339538574,-431.5854187011719,59.67391586303711,2.9921123104111675,0.7313118262303084,-94.42133538551549,13.304071,-5.7534432,16.417475,20.51083,-26.183022,-5.6508327,-27.146717,-0.267021,-6.920569,13.186549,-8.569548,5.0237503,-9.615599,-24.521578,34.534912,-30.746191,41.28442,13.466095,-26.116747,39.976624,68.54696
532,-15.267231941223145,-432.4415588378906,59.654808044433594,2.446772319993447,0.764880449526647,-94.46339604959776,13.27301,-4.8579197,16.424665,22.338789,-25.931501,-6.1803174,-27.607292,0.3593027,-6.6944823,15.674642,-8.127521,3.5534995,-9.696793,-24.755602,34.871647,-30.619026,41.838215,13.820078,-26.045942,40.095917,68.00747
533,-15.395209312438965,-433.31170654296875,59.656959533691406,1.8735378878740032,0.795687883336999,-94.36606659484681,13.119146,-3.8424964,16.298988,24.459883,-25.49024,-6.7344456,-27.81384,1.0102233,-6.299776,17.332178,-7.071052,2.591697,-9.873807,-24.90216,35.180702,-30.504887,42.385834,14.214933,-25.966541,40.0706,67.362656
534,-15.510209083557129,-434.20306396484375,59.66279602050781,1.249145576096683,0.826367564456752,-94.18054585089129,12.865206,-2.711016,16.09424,26.821768,-24.878975,-7.3187532,-27.867865,1.7033893,-5.7582808,18.552124,-5.573516,1.8882917,-10.116594,-24.987123,35.47483,-30.40868,42.975777,14.650234,-25.877134,39.96707,66.60462
535,-15.618875503540039,-435.1065673828125,59.66889190673828,0.6478977019922999,0.8426665397139659,-93.97940987653297,12.502527,-1.5745544,15.842357,29.410276,-24.005688,-7.897522,-27.82059,2.3585138,-5.2623954,19.607449,-4.1197352,1.3786687,-10.356013,-24.942879,35.70416,-30.270359,43.582947,15.058234,-25.790886,39.830074,65.826004
536,-15.732444763183594,-436.0121154785156,59.677947998046875,0.14134243117707845,0.8327714242693686,-93.83528299885916,12.018021,-0.5366726,15.573189,32.211895,-22.77703,-8.431329,-27.723042,2.8963604,-4.9979467,20.74151,-3.1791732,0.9954733,-10.541104,-24.684006,35.85017,-30.003298,44.158134,15.353812,-25.719273,39.718784,65.120575
537,-15.838447570800781,-436.9172058105469,59.68803787231445,-0.24203035519509447,0.7813217748741955,-93.75076696889613,11.425421,0.37961507,15.280073,35.256092,-21.071844,-9.071334,-27.589184,3.254554,-5.080617,22.05906,-2.9445627,0.8589524,-10.65978,-24.14273,35.891384,-29.539268,44.663494,15.522644,-25.664726,39.598877,64.522675
538,-15.930459976196289,-437.810791015625,59.70493698120117,-0.5512050314320647,0.6972313242764548,-93.70036611093818,10.720095,1.236038,14.947607,38.548763,-18.97766,-9.774701,-27.411135,3.4720533,-5.367934,23.47002,-3.1748915,0.9431263,-10.744007,-23.443346,35.82831,-28.969908,45.190952,15.605462,-25.620832,39.464798,63.971233
539,-16.02266502380371,-438.6911315917969,59.73308563232422,-0.8217716536196024,0.5901312245157344,-93.71000929215184,9.883068,2.053203,14.605794,42.029747,-16.693447,-10.224843,-27.188057,3.6349378,-5.661424,24.882988,-3.668224,0.98016465,-10.7453165,-22.679802,35.671787,-28.419682,45.776096,15.6365595,-25.584146,39.345806,63.41588
540,-16.113901138305664,-439.5711975097656,59.7733154296875,-1.0857315346983762,0.4756723343799644,-93.79989906060669,8.900364,2.848762,14.306881,45.618515,-14.395782,-10.126154,-26.911724,3.8584723,-5.76592,26.163527,-4.20335,0.7200036,-10.635059,-21.970236,35.437798,-28.019592,46.47639,15.638177,-25.553467,39.287823,62.807144
541,-16.197223663330078,-440.4411315917969,59.82335662841797,-1.3379140947020032,0.3437916957593331,-94.02041700245717,7.7379074,3.591516,14.052146,49.44795,-12.129152,-9.183586,-26.588331,4.2136617,-5.5700836,27.307232,-4.7731495,0.042498734,-10.380093,-21.319096,35.11808,-27.76314,47.33225,15.616103,-25.528782,39.30622,62.146793
542,-16.28158950805664,-441.305908203125,59.88798141479492,-1.5624191750275105,0.19007092961234198,-94.34289623924823,6.4333878,4.2853756,13.875928,53.46428,-9.739289,-7.6565633,-26.219608,4.665295,-5.1940155,28.350657,-5.45047,-0.8803419,-9.999409,-20.67171,34.710693,-27.598541,48.298122,15.56146,-25.510445,39.36974,61.452778
543,-16.365041732788086,-442.1553649902344,59.96664810180664,-1.785720932461791,0.04335417947881786,-94.66890068382784,5.0731316,5.017729,13.862481,57.33159,-7.1313004,-6.0561147,-25.791914,5.167973,-4.7926655,29.225384,-6.140544,-1.8596113,-9.569182,-20.070942,34.2467,-27.581902,49.32642,15.463449,-25.4985,39.47437,60.69628
544,-16.464859008789062,-443.0047607421875,60.0588264465332,-2.0302811335413504,-0.0649949643535152,-94.90055052405077,3.7282393,5.891047,14.049683,60.756866,-4.2684755,-4.854991,-25.289455,5.6499486,-4.522928,29.864382,-6.767557,-2.712287,-9.16724,-19.540161,33.76413,-27.756294,50.35382,15.302659,-25.493933,39.6193,59.858578
545,-16.574249267578125,-443.8418884277344,60.16436767578125,-2.3198181858499,-0.12055065424134921,-94.99963983680382,2.3667047,7.017421,14.460884,63.762802,-0.7790605,-4.13145,-24.695246,6.0905466,-4.4485765,30.228052,-7.346569,-3.4301417,-8.830597,-19.068459,33.28759,-28.138895,51.35795,15.087428,-25.496904,39.830868,58.901764
546,-16.67989730834961,-444.662109375,60.278385162353516,-2.639783925252766,-0.1381118467165326,-95.02275106918819,0.9538115,8.363514,15.041289,66.530754,3.156348,-3.579261,-24.023014,6.5214963,-4.4799466,30.36145,-7.916085,-4.100863,-8.519371,-18.592768,32.820274,-28.669119,52.328743,14.816537,-25.507616,40.106544,57.849636
547,-16.79210090637207,-445.4662780761719,60.40541458129883,-2.958860205274993,-0.13221180854203074,-95.01925770628742,-0.44551897,9.777455,15.671968,69.012115,6.722545,-3.120441,-23.30005,6.930804,-4.5406947,30.328125,-8.448361,-4.6855135,-8.196876,-18.053045,32.365772,-29.265802,53.217533,14.45789,-25.526852,40.39905,56.771404
548,-16.90039825439453,-446.2561950683594,60.547088623046875,-3.2416653844213243,-0.11969834338948378,-95.03236905327438,-1.7675525,11.075646,16.234467,71.147896,9.105005,-2.7197998,-22.557205,7.3024187,-4.560948,30.203655,-8.919793,-5.144455,-7.8312373,-17.395674,31.927488,-29.854906,53.97897,13.978867,-25.555307,40.660957,55.742992
549,-16.99860191345215,-447.02716064453125,60.694610595703125,-3.486997107972435,-0.09840768911106866,-95.04070371238103,-3.0021617,12.247257,16.758812,72.937744,9.965338,-2.446922,-21.8036,7.6253133,-4.565239,29.993162,-9.325685,-5.4414477,-7.436369,-16.617403,31.512844,-30.45618,54.59035,13.35903,-25.594646,40.89175,54.768494
550,-17.083036422729492,-447.7956237792969,60.845436096191406,-3.7033191750977656,-0.06412935999513975,-95.02554154724238,-4.1843147,13.344281,17.277752,74.4157,9.778547,-2.3155754,-21.019466,7.8996887,-4.583122,29.661871,-9.67817,-5.603528,-7.029684,-15.739422,31.124641,-31.100065,55.072308,12.615214,-25.644287,41.10943,53.82306
551,-17.154739379882812,-448.5451354980469,61.00043487548828,-3.876509900459883,-0.0319904861894526,-95.03738092468497,-5.3316073,14.26604,17.694952,75.58096,8.954036,-2.2248297,-20.208723,8.128044,-4.553654,29.25055,-9.985542,-5.68839,-6.580103,-14.761343,30.757395,-31.743446,55.455997,11.772567,-25.701717,41.29918,52.93358
552,-17.222196578979492,-449.2983703613281,61.16037368774414,-3.9962405440854525,-0.017701412039197263,-95.13009203905791,-6.4653997,14.913227,17.907177,76.43324,7.9011154,-2.0798626,-19.379107,8.316749,-4.414188,28.805655,-10.257779,-5.7556148,-6.053625,-13.679798,30.405443,-32.34199,55.770767,10.859014,-25.764458,41.449066,52.12363
553,-17.273347854614258,-450.0439147949219,61.32771301269531,-4.044884131090304,-0.028234348718254247,-95.32859534208006,-7.614273,15.149475,17.761454,76.927086,6.5288286,-1.8497212,-18.53357,8.453075,-4.138379,28.344238,-10.495406,-5.804596,-5.4217086,-12.473474,30.063591,-32.900276,55.9982,9.848992,-25.83513,41.585777,51.430298
554,-17.31157875061035,-450.7820129394531,61.498294830322266,-4.032655357410831,-0.057036275324111825,-95.59716675030533,-8.765946,15.049279,17.33771,77.07405,4.6966763,-1.6032665,-17.665138,8.537311,-3.7688935,27.841602,-10.695161,-5.8120174,-4.70886,-11.168651,29.734804,-33.462032,56.143433,8.737962,-25.914774,41.712242,50.835125
555,-17.339290618896484,-451.5158996582031,61.67138671875,-3.9925576536609406,-0.09783006614488997,-95.90059839495038,-9.876051,14.845804,16.89693,76.9598,2.7326045,-1.3766102,-16.767784,8.595034,-3.3440065,27.283298,-10.86177,-5.802265,-3.9576924,-9.82471,29.42503,-34.03266,56.263798,7.59044,-25.998121,41.777603,50.272713
556,-17.358388900756836,-452.2515869140625,61.84587478637695,-3.9578546038218203,-0.14396860842460918,-96.20320781876556,-10.900674,14.771373,16.70888,76.662674,0.9656585,-1.2115433,-15.838326,8.647233,-2.9000366,26.658596,-11.001627,-5.7956705,-3.211915,-8.49125,29.138573,-34.60614,56.40863,6.471085,-26.080011,41.72889,49.676933
557,-17.383792877197266,-452.98577880859375,62.017189025878906,-3.9275847226599154,-0.20164927404865868,-96.50587346067,-11.814782,14.870236,16.859552,76.172516,-0.565532,-1.1706591,-14.863987,8.689532,-2.4217565,25.953821,-11.113881,-5.7877927,-2.4726532,-7.161727,28.87212,-35.19594,56.582355,5.370684,-26.16063,41.55474,49.060223
558,-17.404489517211914,-453.721435546875,62.1851806640625,-3.8851162222774156,-0.2717213400614405,-96.82443874056611,-12.646387,15.025706,17.208595,75.45456,-2.0167084,-1.2204801,-13.852312,8.708235,-1.8973882,25.182484,-11.197826,-5.7652535,-1.7155676,-5.8171453,28.620552,-35.805725,56.76098,4.265668,-26.243023,41.28048,48.44853
559,-17.41988182067871,-454.46124267578125,62.349979400634766,-3.8436416791347616,-0.3390510470956995,-97.1456706477823,-13.427523,15.218651,17.686586,74.54049,-3.3507752,-1.271173,-12.829764,8.710389,-1.3687978,24.370953,-11.258442,-5.7334695,-0.9511877,-4.4817734,28.38427,-36.40134,56.94895,3.197984,-26.32632,40.907925,47.794876
560,-17.43638038635254,-455.1981506347656,62.50831985473633,-3.8151392987802835,-0.3875624424498417,-97.45557593295237,-14.192805,15.430322,18.219368,73.46455,-4.533644,-1.2318847,-11.819262,8.707079,-0.878359,23.537184,-11.299629,-5.701709,-0.19269334,-3.1776195,28.164068,-36.942566,57.150425,2.2062297,-26.409788,40.441845,47.05301
561,-17.456758499145508,-455.93572998046875,62.65514373779297,-3.8020189268874627,-0.4143012771603124,-97.74946355208571,-14.949223,15.6820755,18.843382,72.24297,-5.5403786,-1.0635265,-10.819815,8.704424,-0.44394323,22.675928,-11.31575,-5.672355,0.55173385,-1.9005468,27.957804,-37.42498,57.369686,1.3166664,-26.49074,39.85423,46.19662
562,-17.469154357910156,-456.6680908203125,62.79135513305664,-3.8012632265411894,-0.42750268133143343,-98.0343789733163,-15.680032,15.964465,19.579407,70.8561,-6.3968334,-0.8327759,-9.821539,8.69839,-0.042779297,21.780893,-11.306802,-5.640401,1.2871536,-0.6372317,27.76198,-37.86088,57.60329,0.50412184,-26.570932,39.156242,45.25167
563,-17.486915588378906,-457.3932189941406,62.91573715209961,-3.8105526298763803,-0.4280768364447621,-98.31465939750844,-16.38469,16.218655,20.329346,69.29193,-7.1494265,-0.59855455,-8.835773,8.686194,0.34350112,20.880156,-11.291383,-5.6078196,2.0172653,0.606902,27.57577,-38.228237,57.84267,-0.2661889,-26.655851,38.414246,44.24275
564,-17.495437622070312,-458.1158142089844,63.027584075927734,-3.826601734068832,-0.41644448413555757,-98.59476100360811,-17.064487,16.392595,20.9946,67.53654,-7.8417535,-0.4125196,-7.873981,8.665803,0.7337514,19.996557,-11.282969,-5.5790515,2.7422411,1.8267534,27.399097,-38.501354,58.080307,-1.03271,-26.751802,37.69917,43.19569
565,-17.501977920532227,-458.8388977050781,63.12804412841797,-3.8508506795950517,-0.38696914371291896,-98.87721492916663,-17.729738,16.477934,21.562183,65.586235,-8.487368,-0.24306612,-6.9431777,8.635233,1.1362026,19.130718,-11.280847,-5.576387,3.457441,3.0330591,27.22827,-38.6468,58.309437,-1.7840753,-26.860207,37.005955,42.083683
566,-17.50834846496582,-459.56231689453125,63.21598815917969,-3.8843729748141245,-0.3411230771803877,-99.15907463851426,-18.378082,16.503468,22.081816,63.450855,-9.0652685,-0.0745316,-6.037939,8.599109,1.5387907,18.27651,-11.281455,-5.5954337,4.132681,4.265177,27.07792,-38.633442,58.5078,-2.5421138,-26.963001,36.357056,40.92242
567,-17.512712478637695,-460.2808837890625,63.29018020629883,-3.933553543233842,-0.2914603434824042,-99.43707390968115,-18.990005,16.480404,22.551142,61.13678,-9.56729,0.02559328,-5.14648,8.564674,1.931149,17.441223,-11.295568,-5.601118,4.772773,5.493581,26.950766,-38.51751,58.69352,-3.3384001,-27.05241,35.788334,39.769463
568,-17.51030158996582,-461.0006408691406,63.34405517578125,-4.0030962679906645,-0.24941050388820982,-99.70854307212014,-19.545568,16.41869,22.96914,58.644478,-9.9817915,-0.0082949335,-4.261416,8.537961,2.3025615,16.638838,-11.333958,-5.5565424,5.4114423,6.648225,26.826296,-38.396328,58.92015,-4.1503477,-27.153349,35.27514,38.637363
569,-17.52206802368164,-461.7180480957031,63.37783432006836,-4.09439920408918,-0.2126088210990641,-99.97810782824732,-20.037518,16.32551,23.345093,55.946587,-10.31464,-0.19920596,-3.3757277,8.517346,2.654509,15.843149,-11.382939,-5.440056,6.0514536,7.7307644,26.703648,-38.257404,59.19136,-4.988608,-27.26857,34.82657,37.52586
570,-17.53160285949707,-462.44293212890625,63.3931999206543,-4.2040935324802975,-0.17695940782807426,-100.24535778934484,-20.477976,16.197115,23.678158,53.05333,-10.569496,-0.5043911,-2.4987261,8.501189,2.9905434,15.063352,-11.44452,-5.277017,6.685802,8.76062,26.583963,-38.07441,59.49039,-5.859158,-27.394562,34.440865,36.430576
571,-17.528104782104492,-463.1608581542969,63.38945770263672,-4.3320432714774695,-0.14852279855967385,-100.50020485665159,-20.873827,16.029976,23.951939,50.012463,-10.731821,-0.88811064,-1.634414,8.494935,3.3050323,14.338202,-11.547749,-5.1004186,7.2971063,9.737412,26.462887,-37.848537,59.820877,-6.704494,-27.537064,34.08187,35.316166
572,-17.526384353637695,-463.8868713378906,63.3674201965332,-4.4771220944070516,-0.13620284712117156,-100.73224008254724,-21.230642,15.821106,24.14933,46.869747,-10.784415,-1.3116889,-0.7895178,8.502439,3.5915937,13.717214,-11.726787,-4.9443383,7.873431,10.672154,26.343422,-37.59674,60.159428,-7.5592723,-27.692627,33.761536,34.24844
573,-17.531532287597656,-464.616455078125,63.32560729980469,-4.652833702342295,-0.14462898854482503,-100.94561018262053,-21.550987,15.598338,24.260128,43.61211,-10.711592,-1.6843066,0.041644502,8.541055,3.8516996,13.195885,-11.980814,-4.82889,8.41944,11.557354,26.238977,-37.314476,60.52223,-8.363239,-27.838385,33.47072,33.162426
574,-17.54383659362793,-465.3502502441406,63.26700973510742,-4.849101326069014,-0.16856028138221754,-101.14096025869405,-21.83062,15.35537,24.291098,40.228786,-10.536104,-2.0423467,0.85512835,8.59907,4.0845237,12.767344,-12.304204,-4.7363334,8.941441,12.404675,26.1362,-36.979134,60.900867,-9.152447,-27.995298,33.199066,32.08945
575,-17.550642013549805,-466.08294677734375,63.189231872558594,-5.053650621975295,-0.19693784295030844,-101.30643593406343,-22.07776,15.074701,24.241852,36.77877,-10.307359,-2.534791,1.6365298,8.664256,4.2839327,12.439403,-12.69913,-4.644263,9.41298,13.21261,26.036047,-36.616035,61.276882,-9.941516,-28.165903,32.95982,31.045704
576,-17.566051483154297,-466.8221435546875,63.0870475769043,-5.23759527762528,-0.21971594036328498,-101.43421341199384,-22.297874,14.727697,24.123844,33.315994,-10.072938,-3.3069704,2.3570323,8.7090225,4.444142,12.260534,-13.187046,-4.5284915,9.824945,13.98731,25.941025,-36.261658,61.617313,-10.774251,-28.348827,32.764427,30.08927
577,-17.581787109375,-467.55560302734375,62.9656867980957,-5.403632394104317,-0.24253647196957004,-101.51966015382855,-22.473122,14.309363,23.900562,29.741354,-9.789457,-4.415392,2.9874272,8.740333,4.5507565,12.320342,-13.826318,-4.3791447,10.201947,14.709482,25.8666,-35.975925,61.927315,-11.69297,-28.507347,32.624287,29.289543
578,-17.601900100708008,-468.29443359375,62.83023452758789,-5.557274462048257,-0.26386182752685294,-101.56552371619625,-22.581,13.836455,23.583689,25.993862,-9.427771,-5.7493916,3.548246,8.763244,4.606986,12.563271,-14.585774,-4.2082243,10.5213175,15.404253,25.794544,-35.68319,62.214115,-12.640377,-28.680416,32.521503,28.5538
579,-17.61621856689453,-469.038818359375,62.686954498291016,-5.688950937088191,-0.27283330495490543,-101.57908026166604,-22.606867,13.316548,23.261547,22.159685,-9.034559,-7.2115335,4.092433,8.759876,4.637322,12.829974,-15.362429,-4.021439,10.752248,16.108158,25.710997,-35.33397,62.444748,-13.568151,-28.912695,32.45508,27.81268
580,-17.626798629760742,-469.7801513671875,62.53562545776367,-5.809261293175114,-0.2669087887665143,-101.58472205810618,-22.546244,12.780336,23.031414,18.364964,-8.669871,-8.725061,4.6230125,8.739453,4.6780753,13.097444,-16.129814,-3.8247402,10.959532,16.77436,25.635605,-35.00172,62.630215,-14.496227,-29.142431,32.38464,27.139063
581,-17.631988525390625,-470.51800537109375,62.378047943115234,-5.90589659258179,-0.23926716965340766,-101.57291401059945,-22.326246,12.14477,22.871347,14.316323,-8.233631,-10.303344,5.14201,8.685212,4.723257,13.354442,-16.897816,-3.6031158,11.130059,17.457201,25.565153,-34.651707,62.712143,-15.409405,-29.37223,32.297417,26.501808
582,-17.63775062561035,-471.26251220703125,62.211387634277344,-6.017020796364079,-0.176077576203915,-101.58201248188631,-21.866018,11.415184,22.799576,9.726779,-7.5494275,-11.976424,5.632406,8.633132,4.8055787,13.61285,-17.671179,-3.3549094,11.269721,18.10673,25.490808,-34.2425,62.751514,-16.259605,-29.649265,32.184532,25.800354
583,-17.639999389648438,-472.0248107910156,61.998050689697266,-6.387598578752892,-0.04580289995549154,-101.7558385078484,-21.472576,11.0559225,22.908133,5.4830627,-6.9694924,-13.7515335,6.053596,8.826163,5.0840807,13.88455,-18.414186,-3.1097753,11.500965,18.426208,25.444689,-33.838577,63.041767,-16.958881,-29.855919,31.9281,24.88974
584,-17.609027862548828,-472.7957763671875,61.75104904174805,-6.898905753847424,0.101495042518064,-101.9218312055669,-19.799128,10.090626,23.330269,-1.8546146,-4.3213143,-14.323944,6.4231286,9.142382,5.3727584,14.242756,-19.15076,-2.8689857,11.671159,18.55379,25.41946,-33.461086,63.487785,-17.537392,-30.004507,31.571844,23.924936
585,-17.54853630065918,-473.5592956542969,61.5074462890625,-7.353692555530286,0.21910945491665723,-101.96102342605654,-19.879179,9.710956,23.529276,-4.1816607,-4.408998,-14.323944,6.777847,9.384301,5.5333424,14.703697,-19.92196,-2.6199708,11.709171,18.674105,25.404736,-33.17467,63.903217,-18.12636,-30.106943,31.238756,23.15036
586,-17.473682403564453,-474.3145446777344,61.26859664916992,-7.774480388668583,0.3612200204994562,-101.96528592721076,-20.488342,9.470622,23.782717,-4.8281555,-5.3292828,-14.323944,7.101667,9.582656,5.6626396,15.175548,-20.67134,-2.3718007,11.694149,18.785036,25.393364,-32.889896,64.25274,-18.726673,-30.21455,30.86056,22.475918
587,-17.41742706298828,-475.0567321777344,61.03673553466797,-8.119493677994653,0.49658699225431646,-101.96287046554384,-20.953463,9.187261,24.17199,-5.3227863,-6.004015,-14.323944,7.306686,9.729114,5.7714634,15.951835,-21.507765,-2.1439416,11.65831,18.922287,25.384766,-32.636356,64.530716,-19.296545,-30.325611,30.457592,21.932854
588,-17.390296936035156,-475.79412841796875,60.82782745361328,-8.318190133032237,0.5907436385471398,-101.94387692374002,-21.165817,8.910002,24.691301,-5.6789107,-6.2414355,-14.323944,7.5028353,9.767472,5.8618197,16.847485,-22.255154,-1.9511437,11.61958,19.14936,25.375435,-32.43922,64.705345,-19.835804,-30.439112,30.04554,21.609386
589,-17.40377426147461,-476.5398864746094,60.653953552246094,-8.38013183276541,0.6194253525711435,-101.903526416273,-21.062336,8.689092,25.444086,-5.77785,-5.958722,-14.323944,7.735081,9.712966,5.9441466,17.802666,-22.878334,-1.8182544,11.581884,19.466408,25.364511,-32.323402,64.80329,-20.34917,-30.551182,29.627296,21.529776
590,-17.43592071533203,-477.28973388671875,60.520164489746094,-8.21396045690988,0.56837211233895,-101.76721337942531,-21.402866,8.704601,26.256235,-3.6704025,-6.414271,-14.323944,7.9959416,9.46499,5.9252496,18.87217,-23.441444,-1.7244751,11.514598,19.942213,25.348692,-32.33043,64.73976,-20.916048,-30.664293,29.24898,21.816599
591,-17.458059310913086,-478.0241394042969,60.45016098022461,-7.870992069148488,0.48332120650579236,-101.5671277398353,-22.038599,8.83882,26.95037,-0.25853777,-7.299439,-14.323944,8.255004,9.056711,5.8259926,20.039648,-23.920355,-1.6282094,11.4941435,20.500004,25.323662,-32.50487,64.542755,-21.462484,-30.832981,28.814798,22.359642
592,-17.490962982177734,-478.78790283203125,60.396034240722656,-7.406943154383128,0.43147371545248975,-101.32874399692778,-23.228678,9.192936,27.307407,4.5900087,-8.920488,-14.323944,8.484745,8.5253935,5.662273,21.213993,-24.240088,-1.4883885,11.530297,20.926006,25.285215,-32.882034,64.34424,-21.89783,-31.09371,28.29538,22.987782
593,-17.541624069213867,-479.5888977050781,60.34184265136719,-6.884814361660479,0.44739519895672514,-101.08897138690928,-24.039988,9.3480625,27.464157,8.249123,-9.75439,-14.323944,8.678285,7.9397025,5.470352,22.355114,-24.422613,-1.303265,11.542156,21.261368,25.23723,-33.281647,64.13309,-22.346798,-31.375187,27.782213,23.724625
594,-17.563779830932617,-480.3808288574219,60.28666687011719,-6.4587780889071595,0.5333384368799585,-100.81912974850523,-25.377554,9.736228,27.138205,13.109362,-11.123802,-12.989133,8.80504,7.4374466,5.24842,23.536787,-24.515135,-1.0680708,11.435465,21.446196,25.192425,-33.58379,64.02738,-22.677038,-31.611265,27.183937,24.388021
595,-17.54231834411621,-481.1662292480469,60.248809814453125,-6.0447938123755796,0.6486022185095559,-100.46832172860235,-26.401958,9.610884,26.544758,16.780283,-11.728398,-10.021506,8.850124,6.929224,4.9428997,24.855143,-24.471672,-0.78013456,11.235192,21.556229,25.151773,-33.834827,63.9356,-22.868227,-31.806202,26.493101,25.04537
596,-17.496732711791992,-481.9598693847656,60.224525451660156,-5.66260234340246,0.7705279812093635,-100.21646736277582,-27.111143,9.372698,26.000181,19.54534,-11.785791,-7.715488,8.786501,6.4419527,4.7420135,26.367416,-24.21023,-0.48715794,11.127628,21.566696,25.11287,-34.047962,63.86917,-22.775795,-31.99125,25.64547,25.566133
597,-17.4532413482666,-482.7784118652344,60.20628356933594,-5.2766970631912935,0.9070353954850928,-100.06920492074396,-27.53707,9.034164,25.42686,21.474512,-11.207317,-6.3066263,8.609675,5.9385095,4.6495614,28.099754,-23.779896,-0.20129888,11.093829,21.533901,25.075565,-34.175518,63.77199,-22.551924,-32.13537,24.743492,26.078377
598,-17.42181396484375,-483.6145324707031,60.19765853881836,-4.867277218111052,1.0579737532522262,-99.97889010702774,-27.790293,8.632952,24.781076,22.940483,-10.2239485,-5.4233813,8.341293,5.404667,4.612153,30.005388,-23.188932,0.08524281,11.11381,21.450455,25.034412,-34.26499,63.65286,-22.145372,-32.263176,23.72576,26.564087
599,-17.37806510925293,-484.45367431640625,60.20026397705078,-4.455428142060712,1.193662313373085,-99.91293396740662,-27.911444,8.213186,24.181347,24.191305,-9.265128,-4.7942853,7.9743395,4.86846,4.597157,32.099876,-22.343727,0.38904843,11.132204,21.345186,24.994997,-34.308525,63.51164,-21.6116,-32.350433,22.718521,27.061659
600,-17.330310821533203,-485.3017272949219,60.2032470703125,-4.073061936249672,1.2862628752704803,-99.83968715856054,-27.946804,7.8252225,23.737906,25.456692,-8.754502,-4.1629596,7.509026,4.370726,4.57491,34.383183,-21.136654,0.7303586,11.162595,21.182602,24.962273,-34.373043,63.391537,-20.874296,-32.399395,21.690073,27.530054
601,-17.288175582885742,-486.1486511230469,60.20425033569336,-3.721856143340617,1.3158553683513643,-99.7641821147764,-27.898834,7.4920306,23.496786,26.817062,-8.875681,-3.5883417,6.9647856,3.9216166,4.551474,36.889835,-19.487604,1.2103226,11.179827,21.000498,24.937874,-34.40954,63.285263,-19.976465,-32.380627,20.69484,28.0167
602,-17.24736976623535,-487.0038146972656,60.214622497558594,-3.3913272797036256,1.2965732977116933,-99.69566575103241,-27.763424,7.2039967,23.361555,28.194805,-9.408116,-3.1767116,6.347946,3.5106156,4.5425277,39.597473,-17.463608,1.7916886,11.195726,20.78976,24.917807,-34.419178,63.18904,-18.85875,-32.289204,19.651878,28.476112
603,-17.2018985748291,-487.85272216796875,60.24269485473633,-3.069866455179331,1.25451697379416,-99.60942886206084,-27.555542,6.907543,23.251492,29.49405,-10.11866,-2.7513433,5.627336,3.1196911,4.519424,42.44624,-15.191772,2.3009334,11.209229,20.523111,24.90668,-34.47335,63.080395,-17.767443,-32.130733,18.727968,29.078999
604,-17.148561477661133,-488.7041931152344,60.291236877441406,-2.7444295052596424,1.2026148184189636,-99.48339839045886,-27.268808,6.537573,23.09526,30.58691,-10.758166,-2.1359775,4.7880564,2.7309132,4.4438753,45.371014,-12.788861,2.5746906,11.149172,20.21727,24.90317,-34.571125,62.928646,-16.807386,-31.880695,18.061024,29.870916
605,-17.09824562072754,-489.55194091796875,60.35343933105469,-2.3845458982683714,1.1464201298067154,-99.27063447758087,-26.892054,6.0009747,22.847572,31.388826,-11.256057,-1.2244978,3.788492,2.3396974,4.2994576,48.486343,-10.2212715,2.4524996,10.906229,19.945385,24.898928,-34.641205,62.67154,-16.089317,-31.596252,17.796036,30.919096
606,-17.04459571838379,-490.392578125,60.4217414855957,-2.0120302925585207,1.0754915534339484,-98.99766274127528,-26.437843,5.3471956,22.54984,31.980467,-11.735841,-0.1399108,2.66931,1.9674664,4.086389,51.74841,-7.4130764,2.1063888,10.57161,19.651516,24.899424,-34.73882,62.35914,-15.434065,-31.27044,17.733543,32.12203
607,-16.98403549194336,-491.2232360839844,60.49445724487305,-1.6433712383617811,1.0106946267312102,-98.7549947334875,-25.934038,4.6632814,22.296307,32.42063,-12.210726,0.95694244,1.4863793,1.568343,3.8023567,54.921684,-4.4681315,1.8472017,10.208633,19.327353,24.902235,-34.81873,61.98888,-14.835258,-30.938883,17.903894,33.38138
608,-16.9078311920166,-492.0452575683594,60.57612991333008,-1.2919321263079069,0.975366944271177,-98.63328151387198,-25.404936,4.0421805,22.183224,32.76786,-12.703659,1.9057708,0.2795856,1.0874462,3.4747274,57.808777,-1.5236232,1.9449575,9.88287,18.965334,24.904703,-34.83637,61.558914,-14.319727,-30.63041,18.363405,34.629128
609,-16.82954216003418,-492.8463134765625,60.66279983520508,-0.9672660400306335,0.9877506691320131,-98.67865830142534,-24.856369,3.5186665,22.261044,33.025948,-13.249108,2.698352,-0.98794305,0.51573414,3.2006867,60.40885,1.7340893,2.5951908,9.63165,18.556307,24.906254,-34.786972,61.066074,-13.87458,-30.344957,19.124157,35.839233
610,-16.739973068237305,-493.6249694824219,60.752296447753906,-0.664578292150812,1.0351788650693006,-98.83040849204576,-24.281214,3.0418518,22.464466,33.168423,-13.827939,3.4081984,-2.3419268,-0.10638586,2.987914,62.862,5.23443,3.606534,9.411466,18.101955,24.908838,-34.693577,60.52012,-13.447208,-30.073544,20.1342,37.017063
611,-16.64820098876953,-494.3861389160156,60.8419303894043,-0.37074118242933296,1.094724034240794,-99.02474167604508,-23.66727,2.5841255,22.723408,33.195488,-14.386645,3.995861,-3.7060902,-0.7881533,2.7043695,65.14057,8.269835,4.6049643,9.177048,17.605307,24.914736,-34.556446,59.942165,-13.023413,-29.826488,21.367496,38.156082
612,-16.56189727783203,-495.1397399902344,60.93603515625,-0.07393773973727229,1.141903358378984,-99.19579814544484,-23.00584,2.111547,22.969643,33.107212,-14.864659,4.4266143,-5.005568,-1.5916424,2.1461258,67.20916,10.137872,5.1543026,8.881097,17.072092,24.925558,-34.375652,59.35001,-12.594908,-29.614807,22.802288,39.254265
613,-16.475801467895508,-495.87579345703125,61.033565521240234,0.2445763895638221,1.1755811677161039,-99.35860656677804,-22.291214,1.6044651,23.23985,32.887886,-15.242717,4.656928,-6.2176433,-2.6689684,1.1277469,69.071434,10.459629,5.084767,8.537414,16.516602,24.940086,-34.149597,58.71289,-12.157555,-29.442486,24.480728,40.30178
614,-16.393428802490234,-496.6070556640625,61.14345932006836,0.5766240406494406,1.2077910752954915,-99.53570362410319,-21.53212,1.0746307,23.556568,32.539635,-15.550516,4.720918,-7.3716288,-3.9882104,-0.22585104,70.74409,9.666179,4.6044607,8.167826,15.932349,24.958357,-33.883522,58.029583,-11.720892,-29.299648,26.39653,41.31139
615,-16.31907081604004,-497.3268127441406,61.26249313354492,0.8858991336430538,1.22969463027865,-99.67310737169561,-20.744452,0.54124874,23.831297,32.099434,-15.801224,4.7025156,-8.470935,-5.341375,-1.6785032,72.19938,8.278862,3.83317,7.73316,15.297307,24.983662,-33.585423,57.36005,-11.274001,-29.173584,28.445353,42.295963
616,-16.253965377807617,-498.0389099121094,61.39231872558594,1.1395753483440536,1.2293541793082001,-99.71966035737161,-19.93838,0.025702698,23.975927,31.607088,-16.010088,4.6827583,-9.529984,-6.5106735,-2.9998715,73.40701,6.83079,2.8860695,7.1956935,14.587429,25.020136,-33.267273,56.7665,-10.805451,-29.055902,30.530895,43.264618
617,-16.202411651611328,-498.74005126953125,61.522579193115234,1.320858646231992,1.194880995424965,-99.65341456403867,-19.108822,-0.4565495,23.955704,31.072199,-16.172634,4.659737,-10.566157,-7.4209585,-4.1489863,74.35877,5.2651606,1.636159,6.5243263,13.781129,25.07185,-32.942177,56.280884,-10.313633,-28.950087,32.710503,44.19922
618,-16.161991119384766,-499.4479675292969,61.66170883178711,1.4508055017361663,1.1302926118683316,-99.5087728224166,-18.245592,-0.9135446,23.82529,30.473812,-16.283087,4.597257,-11.5718,-8.145639,-5.1999454,75.066124,3.3675325,0.13113993,5.751334,12.893308,25.13777,-32.60996,55.868244,-9.804928,-28.85455,35.02053,45.101818
619,-16.120994567871094,-500.14947509765625,61.80233383178711,1.5457139279876728,1.0464811833999452,-99.32031134594419,-17.349136,-1.3554366,23.62962,29.807976,-16.354097,4.5224137,-12.533033,-8.719114,-6.1408896,75.525154,1.4512979,-1.3059793,4.9277496,11.952412,25.213657,-32.259174,55.500996,-9.275849,-28.758533,37.33883,46.004562
620,-16.089391708374023,-500.8539733886719,61.9464111328125,1.622712048073988,0.9554648715156013,-99.12052055111211,-16.420324,-1.7904346,23.41206,29.069304,-16.397095,4.4610624,-13.433392,-9.205868,-6.9982734,75.73493,-0.16904488,-2.388519,4.105746,10.987616,25.29507,-31.879267,55.149456,-8.723354,-28.654835,39.538513,46.940037
621,-16.05463409423828,-501.5509948730469,62.095909118652344,1.6752081811546045,0.8526168633056781,-98.9033530250648,-15.452561,-2.220073,23.163782,28.250734,-16.411333,4.4210334,-14.262425,-9.64172,-7.8422666,75.68024,-1.4049032,-3.0573955,3.2747312,9.988651,25.382204,-31.460253,54.831356,-8.166475,-28.547173,41.655117,47.929123
622,-16.02064323425293,-502.2503967285156,62.247230529785156,1.7002388375986004,0.7316848442431754,-98.6566216648824,-14.442473,-2.634288,22.867407,27.35704,-16.39024,4.3822002,-15.032162,-9.997307,-8.664483,75.365814,-2.4166367,-3.47856,2.4148967,8.947463,25.47846,-31.016628,54.555332,-7.6019235,-28.438936,43.743626,48.951107
623,-15.992179870605469,-502.95147705078125,62.400691986083984,1.7123120303515398,0.6018761252903453,-98.40249352370569,-13.399005,-3.0366495,22.552147,26.397667,-16.335018,4.329645,-15.760671,-10.253187,-9.392915,74.82164,-3.2636905,-3.7229702,1.5630851,7.8939686,25.583906,-30.572386,54.277046,-6.9944296,-28.327175,45.698364,49.98031
624,-15.962547302246094,-503.650390625,62.553077697753906,1.7187541362932162,0.47430694129515744,-98.1871395408788,-12.336584,-3.4115758,22.268997,25.401468,-16.261528,4.25105,-16.47321,-10.3719,-9.932501,74.072586,-3.9995668,-3.864222,1.3605142,6.644519,25.642061,-30.707365,53.963997,-5.70544,-28.321892,46.345173,50.775547
625,-15.937727928161621,-504.3484191894531,62.69835662841797,1.749025246410973,0.34153425956374567,-97.94357561215112,-11.227745,-3.8222713,21.961994,24.290667,-16.127554,4.159978,-17.15416,-10.398784,-10.328938,73.12551,-4.6037765,-3.8941703,0.07147751,5.814847,25.821846,-29.834381,53.568348,-5.4693127,-28.118313,48.769836,51.966618
626,-15.912847518920898,-505.0380859375,62.8328742980957,1.7717509608387088,0.2080277325853246,-97.7509895830748,-10.089988,-4.2081547,21.698494,23.133116,-15.984321,4.0527377,-17.824804,-10.297162,-10.550995,71.96334,-5.0492153,-3.8020296,-0.17408232,4.6388826,25.878395,-29.903147,53.15595,-4.204024,-28.09979,49.248318,52.825348
627,-15.89305591583252,-505.7335510253906,62.96369934082031,1.7936790539110528,0.07412748114105959,-97.5460012508237,-8.941881,-4.58877,21.415258,21.945583,-15.811921,3.9320736,-18.459665,-10.110425,-10.661004,70.59073,-5.422803,-3.6275542,-0.57539856,3.4238312,25.957397,-29.925297,52.79039,-3.0427332,-28.069561,49.841415,53.692276
628,-15.875929832458496,-506.4268493652344,63.08518600463867,1.828564499259006,-0.027212583380015875,-97.34187526023102,-7.8297887,-4.9618263,21.124575,20.768476,-15.618712,3.7931578,-19.086123,-9.856178,-10.645779,69.02138,-5.8157177,-3.4148765,-1.0879307,2.2437878,26.049698,-29.850004,52.39162,-1.9836452,-28.02446,50.400253,54.541573
629,-15.863958358764648,-507.1199035644531,63.19903564453125,1.876398089227686,-0.08576929383674758,-97.14178119113735,-6.764747,-5.3286524,20.82365,19.60047,-15.3906145,3.6504097,-19.721193,-9.5140705,-10.455516,67.25102,-6.259296,-3.172754,-1.69018,1.1091279,26.15152,-29.659855,51.940685,-0.989959,-27.963392,50.82626,55.35869
630,-15.858004570007324,-507.8060607910156,63.3013916015625,1.9344796534342614,-0.11127294826074788,-96.94569347309658,-5.7304473,-5.690131,20.515053,18.426619,-15.132825,3.5055037,-20.353565,-9.093533,-10.108106,65.27911,-6.7084975,-2.8940463,-2.3482625,0.022479257,26.262648,-29.373259,51.431564,-0.027800597,-27.887413,51.08202,56.152813
631,-15.847116470336914,-508.4930419921875,63.38612365722656,2.002827449134388,-0.1171774458249403,-96.74719948295237,-4.7078986,-6.049947,20.202814,17.24328,-14.869949,3.3345456,-20.947851,-8.653478,-9.705593,63.11893,-7.136842,-2.5899863,-3.0370457,-1.0199045,26.385496,-29.036854,50.87384,0.905478,-27.799965,51.179787,56.92301
632,-15.83832836151123,-509.1697082519531,63.45386505126953,2.078880788076487,-0.11711600121997275,-96.53929186662408,-3.685264,-6.405064,19.890617,16.057299,-14.625272,3.1118839,-21.471437,-8.246424,-9.351461,60.780094,-7.51418,-2.2666678,-3.7378106,-2.0282052,26.523241,-28.703978,50.282978,1.802744,-27.705479,51.153847,57.669594
633,-15.831268310546875,-509.8498840332031,63.503448486328125,2.156571106554297,-0.11155620011197742,-96.31463134643943,-2.6455843,-6.755791,19.57823,14.825315,-14.389179,2.8088827,-21.919498,-7.864873,-9.054527,58.24591,-7.8581853,-1.9196267,-4.465708,-3.022313,26.677708,-28.401901,49.668797,2.6692557,-27.606636,50.9985,58.37773
634,-15.829971313476562,-510.5352478027344,63.540138244628906,2.2354703609239595,-0.0968817831883995,-96.07658845154997,-1.5969747,-7.098565,19.261675,13.557454,-14.152543,2.4471102,-22.304209,-7.48633,-8.769837,55.516594,-8.177388,-1.5484132,-5.209638,-4.012528,26.85028,-28.136272,49.03429,3.5133004,-27.50391,50.69124,59.046635
635,-15.828296661376953,-511.22283935546875,63.5584602355957,2.3225208420461825,-0.07912551611254777,-95.8355395219084,-0.55961084,-7.433408,18.93974,12.323147,-13.937226,2.0758557,-22.620869,-7.1307755,-8.517047,52.616505,-8.420521,-1.1519003,-5.919046,-4.992226,27.040638,-27.92181,48.38186,4.3291144,-27.399715,50.25314,59.69381
636,-15.823949813842773,-511.90838623046875,63.56195831298828,2.4243943270748316,-0.06537001845779793,-95.6034448630712,0.44356942,-7.7619357,18.614183,11.203355,-13.77298,1.7441353,-22.86279,-6.8150363,-8.312443,49.56434,-8.535587,-0.72495824,-6.551643,-5.9575176,27.24611,-27.769384,47.719402,5.100345,-27.29755,49.727673,60.34052
637,-15.815120697021484,-512.5922241210938,63.549922943115234,2.5355969315182767,-0.04178183102376621,-95.3661345166226,1.3921282,-8.075009,18.270882,10.213764,-13.653596,1.4627777,-23.020927,-6.5378084,-8.174856,46.29299,-8.480824,-0.25340927,-7.047127,-6.858323,27.55455,-27.694784,46.920994,5.897815,-27.160992,48.938305,60.97543
638,-15.810319900512695,-513.2802734375,63.51565170288086,2.662214112444231,-0.0259672742402921,-95.15325256456993,2.3013296,-8.378273,17.947365,9.359119,-13.599603,1.2076017,-23.099623,-6.277126,-8.056306,42.82695,-8.292333,0.26464555,-7.488439,-7.7591543,27.856558,-27.707014,46.13577,6.597231,-27.042,48.129288,61.61925
639,-15.802046775817871,-513.9679565429688,63.45344161987305,2.7814288117962813,-0.0007232062047070753,-94.94698748411999,3.134896,-8.644688,17.632137,8.685926,-13.660562,0.9747266,-23.131685,-6.007002,-7.98074,39.252342,-8.022141,0.82074577,-7.7770543,-8.6362915,28.234392,-27.837746,45.263706,7.3380833,-26.912935,47.12291,62.20255
640,-15.785208702087402,-514.6541748046875,63.362972259521484,2.9004755773747544,0.0188569989714425,-94.75118640269312,3.8867142,-8.875168,17.334772,8.244624,-13.880433,0.7582897,-23.135057,-5.7296953,-7.9412837,35.673515,-7.729285,1.3993409,-8.042011,-9.569178,28.584206,-28.003736,44.504227,8.007781,-26.811075,46.215324,62.74534
641,-15.773651123046875,-515.3445434570312,63.25526809692383,3.0387409539926513,0.027070063727619276,-94.56709433618313,4.484749,-9.059915,17.069021,8.231443,-14.386232,0.5411992,-23.106354,-5.4688544,-7.928997,32.04459,-7.374876,1.925753,-8.367781,-10.550793,28.846731,-28.11488,43.91472,8.572178,-26.746834,45.525818,63.259636
642,-15.760773658752441,-516.0421142578125,63.12889862060547,3.1919746068075114,0.041618762181224234,-94.39566593807317,5.0603876,-9.2541685,16.815075,8.267235,-14.94292,0.33391023,-23.03857,-5.2221527,-7.9412704,28.305403,-6.935689,2.4295347,-8.630763,-11.538414,29.117313,-28.248789,43.339417,9.086936,-26.692083,44.828285,63.748215
643,-15.745586395263672,-516.7416381835938,62.99132537841797,3.342161434550189,0.07028775355769963,-94.23958139692611,5.5914273,-9.431349,16.583012,8.38859,-15.557189,0.15124466,-22.915812,-4.9572625,-7.9866347,24.491764,-6.4662514,3.0435164,-8.741599,-12.480424,29.467081,-28.461742,42.665237,9.64277,-26.635334,43.995266,64.161545
644,-15.731148719787598,-517.4388427734375,62.84136962890625,3.5075813344137035,0.08258579822641664,-94.09775250291423,6.1296153,-9.62612,16.365582,8.536413,-16.176142,0.012195574,-22.699196,-4.689605,-8.063009,20.662058,-6.0279303,3.9020374,-8.927489,-13.399502,29.72504,-28.570732,42.124275,10.097058,-26.600866,43.384563,64.562126
645,-15.714515686035156,-518.145263671875,62.6718635559082,3.6830596359169636,0.10348314619703312,-93.96109003071476,6.635469,-9.8229,16.15686,8.757426,-16.830389,-0.07938776,-22.327621,-4.397613,-8.183476,16.551714,-5.566461,5.0795574,-9.065576,-14.279506,29.984318,-28.660633,41.57236,10.527934,-26.57232,42.781834,64.9172
646,-15.69961929321289,-518.8533325195312,62.48973083496094,3.901764129861694,0.13767963574982833,-93.80900801260452,7.1109614,-10.054049,15.931209,9.040545,-17.518139,-0.13448669,-21.773432,-4.124497,-8.36089,12.046432,-4.9738083,6.4859776,-9.176522,-15.083372,30.240067,-28.7073,40.965706,10.90029,-26.551212,42.1975,65.263466
647,-15.68753433227539,-519.5645751953125,62.287879943847656,4.211447753356819,0.19999645196754226,-93.59646088156697,7.549672,-10.364323,15.637257,9.36646,-18.21388,-0.1619873,-21.113823,-3.9526358,-8.631926,7.433439,-4.2437887,8.015355,-9.308589,-15.788231,30.48786,-28.688036,40.26852,11.1643505,-26.539808,41.64185,65.65237
648,-15.676084518432617,-520.276611328125,62.0570182800293,4.640784381299392,0.26680160261549013,-93.34099563411233,7.9828053,-10.78432,15.2842245,9.709756,-18.891653,-0.17155221,-21.585964,-4.1205144,-8.902696,5.9636207,-5.1092963,9.587683,-9.488554,-16.386194,30.65106,-28.578634,39.559002,11.244293,-26.538568,41.24003,66.1648
649,-15.668142318725586,-520.9944458007812,61.817718505859375,5.137410607980882,0.35631594955935775,-93.01468571823234,8.389776,-11.255356,14.858159,10.069165,-19.56174,-0.1452886,-21.724548,-4.3227277,-9.361494,3.922223,-5.4002137,11.356943,-9.693065,-16.901781,30.81392,-28.405535,38.78718,11.259988,-26.545168,40.82236,66.67129
650,-15.67106819152832,-521.7167358398438,61.58078384399414,5.61130000421056,0.43901499887227347,-92.70154134796,8.78574,-11.68795,14.4519005,10.484337,-20.256306,-0.093861245,-21.615116,-4.446272,-9.939327,1.5299574,-5.3146176,13.312559,-9.863822,-17.359629,30.978123,-28.198141,38.047688,11.285792,-26.559248,40.426212,67.09676
651,-15.688654899597168,-522.429931640625,61.360836029052734,5.942962867797056,0.5005208582365646,-92.50891302126658,9.176027,-11.954928,14.178013,10.960931,-20.945282,-0.082890995,-22.194275,-4.4330153,-10.367113,1.2568214,-6.1949744,14.323944,-9.928859,-17.827444,31.14852,-28.000889,37.48793,11.424192,-26.576088,40.083275,67.35173
652,-15.71812629699707,-523.14111328125,61.15230178833008,6.155149930517876,0.5326640042116189,-92.47169330747661,9.600231,-12.103204,14.047517,11.41705,-21.54845,-0.1451268,-22.444178,-4.165928,-10.603506,0.70609814,-6.4909997,14.323944,-9.87756,-18.319288,31.243395,-27.88145,37.20123,11.580079,-26.584042,39.92327,67.555984
653,-15.726163864135742,-523.8469848632812,60.9661979675293,6.246048231504327,0.5985025460634983,-92.44456894680904,9.991463,-12.132004,13.922346,11.856107,-22.077433,-0.26068324,-22.693842,-3.8931909,-10.971657,0.7576353,-6.697533,14.323944,-9.770074,-18.932707,31.429663,-27.695454,37.041813,11.895298,-26.596985,39.661617,67.57654
654,-15.729519844055176,-524.5634155273438,60.807464599609375,6.262681998547173,0.6487858158298478,-92.46277313315905,10.377541,-12.093945,13.8424015,12.330946,-22.574575,-0.41132978,-22.654623,-3.5536456,-11.438656,0.68044883,-6.439205,14.323944,-9.594939,-19.447775,31.613659,-27.53201,36.9527,12.245214,-26.606487,39.485687,67.534454
655,-15.72904109954834,-525.2606201171875,60.686439514160156,6.142885652970288,0.6805075572316694,-92.51009411635367,10.624336,-11.886876,13.824149,13.185559,-23.194252,-0.6039283,-22.495872,-3.1541991,-11.801513,0.71870023,-5.8974314,14.323944,-9.41311,-19.976831,31.796785,-27.396307,37.058758,12.651159,-26.609621,39.395267,67.38894
656,-15.736908912658691,-525.9453125,60.615684509277344,5.836736651921105,0.7418766066260295,-92.58809658324601,10.780981,-11.481898,13.856991,14.19932,-23.76498,-0.8411426,-22.346008,-2.690341,-11.825582,0.91074,-5.1355863,14.323944,-9.291604,-19.884224,32.540287,-26.948174,36.657177,13.120025,-26.608868,39.4209,67.05881
657,-15.735466957092285,-526.6455688476562,60.562957763671875,5.311778523353831,0.756470059429697,-92.85485518982782,10.992445,-10.880249,14.072976,15.2055025,-24.228651,-1.1513846,-22.45453,-2.0819044,-11.130669,2.0806968,-4.505543,13.435101,-9.269523,-19.385311,33.46086,-26.122593,36.288887,13.413957,-26.562479,39.959595,66.77605
658,-15.75042724609375,-527.3656616210938,60.51245880126953,4.562178037142061,0.7165769701941268,-93.3577094343655,11.196315,-10.045608,14.547251,16.381603,-24.699677,-1.5597122,-22.966581,-1.1093601,-9.810285,4.559387,-4.1643996,10.631566,-9.024089,-19.346985,34.196724,-25.657839,36.594246,13.802594,-26.479832,40.620228,66.38984
659,-15.768471717834473,-528.0851440429688,60.48838424682617,3.7489837514218074,0.657625083379992,-93.88769341113564,11.371474,-9.131194,15.062112,17.679285,-25.056973,-2.0065854,-23.014261,0.05297688,-8.400766,5.93859,-2.8965006,7.770372,-8.665775,-19.642557,34.7381,-25.518005,37.312206,14.22308,-26.387156,41.19719,65.94701
660,-15.817773818969727,-528.7962646484375,60.495018005371094,3.027984877911628,0.6183909233551574,-94.29954873242707,11.458668,-8.265785,15.468484,19.142635,-25.235033,-2.4593854,-23.301878,1.053606,-7.23488,7.7403355,-1.9172574,5.540989,-8.360573,-19.935207,35.11936,-25.431799,38.092575,14.5271435,-26.301702,41.634434,65.55553
661,-15.881087303161621,-529.5252685546875,60.50974655151367,2.4046328881477375,0.6264887754843361,-94.55680004105297,11.454946,-7.4467916,15.7429905,20.73577,-25.275442,-2.88275,-23.864153,1.8499526,-6.3094716,9.974961,-1.200521,4.0249968,-8.153111,-20.08981,35.389893,-25.2883,38.802406,14.698553,-26.220695,41.92044,65.22483
662,-15.92261791229248,-530.2769165039062,60.517086029052734,1.797387666565251,0.6634546551276415,-94.7326144231343,11.373544,-6.6010194,15.956629,22.463617,-25.196756,-3.2993388,-24.316969,2.589264,-5.478187,11.8693905,-0.21094012,2.832373,-8.000807,-20.18287,35.58611,-25.138628,39.55178,14.794848,-26.138231,42.126225,64.89891
663,-15.953415870666504,-531.0458984375,60.52430725097656,1.2263659520407475,0.6937198607932764,-94.8375907842306,11.195963,-5.7389793,16.090242,24.402342,-24.897976,-3.7611191,-24.623875,3.247963,-4.8571815,13.513207,0.7021167,1.9102367,-7.902163,-20.155304,35.706512,-24.959913,40.32551,14.831767,-26.058968,42.26069,64.570045
664,-15.978630065917969,-531.8187866210938,60.53402328491211,0.7288587144766104,0.686252039163948,-94.87247133843232,10.898131,-4.8885546,16.110039,26.633007,-24.273382,-4.3198023,-24.798756,3.775816,-4.5491176,15.081306,1.1505744,1.2278751,-7.8725266,-19.985369,35.728794,-24.738956,41.13922,14.801392,-25.990902,42.341713,64.25179
665,-16.01148223876953,-532.5970458984375,60.55010986328125,0.3131274647959287,0.6237626589104268,-94.81858832089526,10.484437,-4.053271,16.000763,29.212711,-23.277296,-5.0628014,-24.829836,4.1091456,-4.6655617,16.633184,0.91772103,0.995506,-7.914564,-19.60516,35.63797,-24.431282,41.95896,14.712873,-25.931967,42.341805,63.967068
666,-16.050457000732422,-533.3729858398438,60.573177337646484,-0.06488842254737448,0.5252162735458898,-94.70218923960287,9.961945,-3.1970577,15.796058,32.08943,-21.978481,-5.929815,-24.729057,4.2889814,-5.0883484,18.112984,0.23386788,1.1529142,-8.025218,-19.178799,35.436565,-24.133522,42.916687,14.577527,-25.877947,42.28818,63.680256
667,-16.090303421020508,-534.1466674804688,60.60831069946289,-0.43179986766861206,0.3933098713380243,-94.5773269003892,9.332799,-2.3160212,15.520877,35.17953,-20.433645,-6.7620797,-24.542665,4.41556,-5.5764203,19.531528,-0.63505495,1.288889,-8.112343,-18.711481,35.150257,-23.906467,43.97238,14.449382,-25.827354,42.160725,63.322372
668,-16.1367130279541,-534.919921875,60.65654754638672,-0.8044654146811302,0.24716170147955902,-94.48923774059585,8.592276,-1.4148439,15.199897,38.38372,-18.6926,-7.4196954,-24.310078,4.613055,-5.8881707,20.838236,-1.4072679,1.0002304,-8.157594,-18.357101,34.797573,-23.860853,45.227276,14.335689,-25.78378,42.00988,62.829567
669,-16.18153190612793,-535.6836547851562,60.716976165771484,-1.1833601509083123,0.07222661659133137,-94.473035721655,7.756429,-0.5027497,14.8635,41.73913,-16.705164,-7.922132,-24.034752,4.9559436,-5.9143815,22.026037,-2.0226464,0.081345424,-8.130915,-18.071535,34.3794,-23.954245,46.694622,14.256274,-25.747639,41.81969,62.183144
670,-16.235462188720703,-536.4560546875,60.78843307495117,-1.5588638982124834,-0.1335906238940456,-94.49252758463552,6.8318667,0.40227035,14.488103,45.254555,-14.450099,-8.361747,-23.699911,5.389742,-5.795436,23.100782,-2.6144032,-1.202825,-8.0588665,-17.763622,33.900208,-24.120094,48.29674,14.1994295,-25.717037,41.577484,61.416393
671,-16.28887367248535,-537.2157592773438,60.866737365722656,-1.9203385027151862,-0.33518382540042985,-94.48202220563307,5.8014402,1.2810377,14.019552,48.79247,-12.01404,-8.71377,-23.302822,5.8468723,-5.665352,24.012878,-3.1919901,-2.5516717,-7.9866967,-17.443914,33.386517,-24.407356,49.931385,14.1348,-25.69184,41.311115,60.54963
672,-16.343828201293945,-537.9667358398438,60.949337005615234,-2.2627596956674196,-0.4979075215896461,-94.37768615609691,4.6435513,2.121484,13.404254,52.22472,-9.484591,-8.940521,-22.838387,6.2439356,-5.656902,24.720861,-3.7832863,-3.6674366,-7.951219,-17.098518,32.866764,-24.857813,51.473526,14.035839,-25.671827,41.04052,59.604782
673,-16.41640853881836,-538.7142333984375,61.03932189941406,-2.583840473850198,-0.6110249496238761,-94.14426880579153,3.274511,2.9097726,12.495308,55.666965,-6.6877894,-8.896795,-22.290844,6.553525,-5.8203588,25.194475,-4.4241657,-4.4824004,-7.9884334,-16.696844,32.354156,-25.482594,52.89005,13.900797,-25.657974,40.77273,58.566265
674,-16.492162704467773,-539.45458984375,61.13522720336914,-2.8868598199472024,-0.6908329826793801,-93.82293825517306,1.7312769,3.6321893,11.366654,59.126446,-3.6198397,-8.679938,-21.669786,6.81466,-6.077697,25.470825,-5.101148,-5.144837,-8.073812,-16.205107,31.851387,-26.233313,54.204334,13.743648,-25.650555,40.499744,57.428577
675,-16.571983337402344,-540.1946411132812,61.23583221435547,-3.176492350851226,-0.7432884507192826,-93.46303027154111,0.15694821,4.3134046,10.284621,62.361576,-0.6598683,-8.562203,-21.013502,7.0398917,-6.374409,25.618034,-5.7758884,-5.682963,-8.158675,-15.620577,31.370129,-27.072823,55.389435,13.556927,-25.648693,40.22232,56.230328
676,-16.64344596862793,-540.908447265625,61.334983825683594,-3.448996290612397,-0.7753972520387505,-93.1164616697415,-1.3105716,5.0114274,9.509087,65.15033,1.7836676,-8.765167,-20.35992,7.2461243,-6.655599,25.699888,-6.403019,-6.1320567,-8.190291,-14.939882,30.92142,-27.963287,56.415154,13.328754,-25.65149,39.93952,55.014824
677,-16.70799446105957,-541.600341796875,61.435508728027344,-3.710765401930138,-0.7767693447977756,-92.76190424650537,-2.6472197,5.831683,9.170016,67.455986,3.7422886,-9.470226,-19.722141,7.4409657,-6.9525166,25.711111,-6.968073,-6.4979115,-8.1795435,-14.171074,30.512058,-28.946436,57.255547,13.067002,-25.657444,39.629032,53.757298
678,-16.76722526550293,-542.2876586914062,61.54298782348633,-3.956332371806755,-0.7489880172142918,-92.38485615519582,-3.9320574,6.7542195,9.102099,69.43375,5.364114,-10.452964,-19.078,7.6208386,-7.2826333,25.619883,-7.4868107,-6.764623,-8.142148,-13.331705,30.13969,-30.044146,57.94156,12.773825,-25.66767,39.294662,52.449623
679,-16.80954933166504,-542.9606323242188,61.65486145019531,-4.174848254077426,-0.7195451883465714,-92.05153481527839,-5.1749516,7.659053,9.143775,71.13098,6.419756,-11.316899,-18.413385,7.7854896,-7.5685596,25.447157,-7.954148,-6.943152,-8.025183,-12.425977,29.797514,-31.186417,58.518517,12.411709,-25.686447,38.97771,51.174694
680,-16.84027099609375,-543.6156005859375,61.76462936401367,-4.3513998078036265,-0.7159100719828012,-91.82185144341851,-6.373712,8.416248,9.142561,72.56323,6.6859646,-11.682579,-17.710537,7.931117,-7.73694,25.213373,-8.369081,-7.0455227,-7.784042,-11.443613,29.47962,-32.294277,59.019627,11.938951,-25.718302,38.72152,50.016544
681,-16.856895446777344,-544.2691650390625,61.87788391113281,-4.481764074140178,-0.7483397343469489,-91.7186644493625,-7.525777,8.946024,9.019247,73.6974,5.823513,-11.361898,-16.958408,8.053591,-7.76619,24.908625,-8.720081,-7.0432415,-7.391059,-10.369446,29.182808,-33.39563,59.42666,11.3056965,-25.769533,38.573772,49.010933
682,-16.87109375,-544.932861328125,61.99955368041992,-4.571147559760432,-0.8058235763132876,-91.70349389725747,-8.62903,9.318378,8.85786,74.52906,4.0553966,-10.605313,-16.167374,8.159239,-7.7044916,24.53186,-9.015028,-6.9499807,-6.8772326,-9.23122,28.907585,-34.53616,59.74257,10.533266,-25.837942,38.50022,48.122437
683,-16.879680633544922,-545.5905151367188,62.12250518798828,-4.627344166276001,-0.8835181752625074,-91.74379094669168,-9.677961,9.628466,8.756497,75.097084,2.0062547,-9.694732,-15.3454895,8.254633,-7.5799437,24.106188,-9.277363,-6.8367143,-6.285228,-8.064844,28.652775,-35.652477,60.01706,9.695091,-25.913712,38.417908,47.317455
684,-16.880521774291992,-546.2359619140625,62.248069763183594,-4.6594954692078465,-0.9751155719188568,-91.80797462861446,-10.663637,9.9969225,8.845664,75.44308,0.29467362,-8.888115,-14.502021,8.34252,-7.417829,23.652748,-9.526135,-6.766839,-5.6569204,-6.8968425,28.417295,-36.67552,60.29328,8.868215,-25.986837,38.246788,46.55968
685,-16.885692596435547,-546.8910522460938,62.37679672241211,-4.658596146920378,-1.0872190787420017,-91.89883768244171,-11.576547,10.448412,9.176833,75.554985,-0.98026115,-8.214805,-13.630858,8.409749,-7.208722,23.176168,-9.766155,-6.746115,-4.986194,-5.716792,28.197718,-37.61947,60.570686,8.059057,-26.055714,37.968346,45.864925
686,-16.895437240600586,-547.5377807617188,62.497859954833984,-4.624387891943958,-1.2214135077653667,-92.03000716060603,-12.420842,10.924393,9.679349,75.41709,-2.1278663,-7.554538,-12.7296505,8.453075,-6.9431024,22.6687,-9.988358,-6.73818,-4.2520156,-4.5172544,27.991201,-38.523018,60.831554,7.234088,-26.1256,37.62729,45.24469
687,-16.90899085998535,-548.1996459960938,62.62284469604492,-4.580213732410782,-1.3610993091609822,-92.18581223326208,-13.208125,11.438595,10.326907,75.06648,-3.149261,-6.924866,-11.816336,8.488622,-6.644877,22.132467,-10.186884,-6.7383657,-3.4778912,-3.3214085,27.796375,-39.33844,61.08974,6.412679,-26.196497,37.23976,44.650784
688,-16.918489456176758,-548.8534545898438,62.7432746887207,-4.550113090273154,-1.4891548979448053,-92.35084270535161,-13.949475,12.003887,11.094172,74.537964,-4.0437136,-6.343003,-10.9070015,8.534743,-6.3380213,21.564411,-10.353223,-6.7432094,-2.6936433,-2.1495078,27.612465,-40.00755,61.358673,5.613836,-26.268385,36.823643,44.03174
689,-16.91636085510254,-549.4918823242188,62.85798645019531,-4.541879498854198,-1.6019478031817498,-92.52759474344299,-14.638764,12.671378,12.069342,73.84113,-4.7683134,-5.84734,-10.00128,8.599609,-6.0174203,20.953709,-10.478786,-6.7569766,-1.8996239,-1.0107542,27.436502,-40.51379,61.655704,4.8381906,-26.33968,36.37323,43.386986
690,-16.92239761352539,-550.1321411132812,62.961830139160156,-4.542664554605511,-1.7075160378536212,-92.72198926467017,-15.268969,13.40897,13.24409,72.95764,-5.338384,-5.4278817,-9.091843,8.670113,-5.6737833,20.30553,-10.569925,-6.7727427,-1.0873442,0.115781315,27.266035,-40.878662,61.96632,4.078342,-26.411121,35.886517,42.73503
691,-16.918832778930664,-550.7757568359375,63.059322357177734,-4.552632058683393,-1.8046977495617926,-92.92320294222456,-15.855626,14.109015,14.444184,71.88343,-5.841343,-5.0257344,-8.18625,8.737822,-5.326965,19.640526,-10.640913,-6.776297,-0.27287695,1.249712,27.101057,-41.099167,62.25877,3.3267083,-26.487673,35.394684,42.062088
692,-16.91721534729004,-551.42724609375,63.15520477294922,-4.5729096618185485,-1.893299164034208,-93.12018636060336,-16.420162,14.670624,15.489297,70.614044,-6.367831,-4.576341,-7.2912683,8.797497,-4.997162,18.978521,-10.706069,-6.759903,0.52272075,2.4123251,26.941977,-41.164143,62.502148,2.581659,-26.57414,34.92671,41.349068
693,-16.904382705688477,-552.0726928710938,63.23842239379883,-4.606084077320759,-1.9725434712265888,-93.31740893299198,-16.980087,15.078343,16.340836,69.15715,-6.960568,-3.980338,-6.406736,8.855332,-4.6875715,18.318327,-10.764202,-6.7424946,1.2988394,3.62177,26.784527,-41.02487,62.689487,1.8426563,-26.672596,34.488792,40.586285
694,-16.88481330871582,-552.7144165039062,63.3128776550293,-4.656075697960694,-2.0429557165644336,-93.51772369832176,-17.52647,15.387197,17.088049,67.516365,-7.570495,-3.2971265,-5.52963,8.917431,-4.3895683,17.651249,-10.8098755,-6.7283597,2.0591965,4.8666906,26.627733,-40.692318,62.83627,1.1110584,-26.78054,34.069195,39.781425
695,-16.856582641601562,-553.35595703125,63.37664794921875,-4.719676536634339,-2.106449756001755,-93.70778986545967,-18.040073,15.610744,17.741405,65.67614,-8.147162,-2.693462,-4.662967,8.980919,-4.1060214,16.99113,-10.857934,-6.691796,2.80289,6.132759,26.499262,-40.25715,62.922123,0.35005984,-26.868847,33.678875,38.986435
696,-16.835966110229492,-553.9884643554688,63.430763244628906,-4.791560460228564,-2.164108143266129,-93.87470066039057,-18.501936,15.756769,18.317741,63.6151,-8.632097,-2.334452,-3.80791,9.037062,-3.838728,16.349007,-10.925953,-6.6046777,3.516301,7.3599696,26.370241,-39.81545,62.994495,-0.41753277,-26.971027,33.31511,38.17691
697,-16.80943489074707,-554.635009765625,63.472930908203125,-4.869798146930378,-2.2116108100114094,-94.0148385245717,-18.906036,15.820667,18.813946,61.294155,-9.020227,-2.2995148,-2.9640398,9.080974,-3.588729,15.70775,-11.00676,-6.4437013,4.2000947,8.550316,26.245085,-39.33305,63.052273,-1.191923,-27.082478,32.984592,37.34202
698,-16.77967071533203,-555.2785034179688,63.49837875366211,-4.961782789001162,-2.2494580025339292,-94.13553586303654,-19.263906,15.8052225,19.228699,58.73438,-9.333599,-2.4818263,-2.1281407,9.120794,-3.3544483,15.060114,-11.0931,-6.233295,4.8631516,9.722415,26.119905,-38.78368,63.08499,-1.9678713,-27.205774,32.678173,36.479305
699,-16.754913330078125,-555.9185791015625,63.51246643066406,-5.061361114218721,-2.2864662829160953,-94.24104383885214,-19.573805,15.722843,19.587091,55.98741,-9.5485935,-2.7669818,-1.3092304,9.161344,-3.1342716,14.456603,-11.206749,-6.013274,5.4734416,10.871994,25.991074,-38.213802,63.103546,-2.7414494,-27.34966,32.39673,35.597088
700,-16.73007583618164,-556.5493774414062,63.508541107177734,-5.175026851796038,-2.32792569333906,-94.3342036944483,-19.841602,15.595766,19.905605,53.11259,-9.649979,-3.041198,-0.5142304,9.216983,-2.9280248,13.936149,-11.362738,-5.82187,6.0198393,11.986999,25.879862,-37.72476,63.109997,-3.4835796,-27.485945,32.126644,34.67915
701,-16.702566146850586,-557.2076416015625,63.48881149291992,-5.304958528534533,-2.3790535333749876,-94.41561919176988,-20.061655,15.440103,20.196617,50.101307,-9.635122,-3.2336738,0.25611964,9.289619,-2.7322521,13.515728,-11.5597315,-5.664599,6.523841,13.0675955,25.786362,-37.33607,63.10091,-4.225475,-27.61046,31.85855,33.774338
702,-16.678295135498047,-557.8594360351562,63.45662307739258,-5.445563185789396,-2.4331427338212355,-94.48224684609274,-20.234642,15.24301,20.445406,46.92779,-9.516514,-3.413321,1.0028169,9.373789,-2.5501144,13.17129,-11.790595,-5.522701,6.9819083,14.105489,25.694073,-36.988167,63.092968,-4.941725,-27.748503,31.57454,32.84451
703,-16.656076431274414,-558.509033203125,63.41194534301758,-5.594027060379558,-2.4831220338100617,-94.53459990505428,-20.374517,14.988431,20.629816,43.640697,-9.309758,-3.670225,1.7173914,9.464369,-2.3893056,12.903823,-12.076921,-5.3965793,7.3860903,15.102531,25.622252,-36.720085,63.05566,-5.6235995,-27.86626,31.30353,31.884619
704,-16.641584396362305,-559.1448364257812,63.34567642211914,-5.722744095352327,-2.524565935696166,-94.57292662113808,-20.493477,14.645484,20.736633,40.284344,-9.032518,-4.08554,2.3687475,9.532368,-2.2622974,12.775851,-12.4708605,-5.286544,7.7442746,16.039515,25.553232,-36.52152,62.996784,-6.3337264,-27.996044,31.03082,30.984486
705,-16.640499114990234,-559.7953491210938,63.26435089111328,-5.84793944264327,-2.559975451307907,-94.60042100796274,-20.598526,14.243303,20.72207,36.815872,-8.652578,-4.592185,2.955703,9.595062,-2.172246,12.792764,-12.985543,-5.2009835,8.024649,16.928753,25.506636,-36.419994,62.887707,-7.028625,-28.096254,30.804783,30.07783
706,-16.630496978759766,-560.439453125,63.17805480957031,-5.9490713512773885,-2.5921748216365583,-94.61231613522814,-20.664337,13.777819,20.613031,33.20111,-8.16798,-5.1492057,3.4415205,9.630131,-2.1270204,13.055875,-13.671119,-5.1343303,8.263072,17.810278,25.464779,-36.385517,62.71679,-7.739383,-28.208693,30.566479,29.210056
707,-16.616230010986328,-561.0858154296875,63.08638000488281,-6.038099764408058,-2.6131390090434343,-94.60947558716381,-20.67133,13.269846,20.476576,29.51438,-7.6528654,-5.885166,3.909632,9.652402,-2.1013465,13.343748,-14.381058,-5.068138,8.460984,18.645199,25.429193,-36.41316,62.518185,-8.434484,-28.330235,30.318792,28.362486
708,-16.61271095275879,-561.7317504882812,62.98508071899414,-6.115833831272596,-2.617113200478541,-94.59496906457805,-20.584095,12.709276,20.393929,25.782394,-7.1510506,-6.934969,4.3695965,9.657952,-2.0799432,13.619812,-15.078309,-4.983383,8.629304,19.43305,25.397966,-36.473736,62.297375,-9.109356,-28.458588,30.051304,27.555105
709,-16.603605270385742,-562.3827514648438,62.87363052368164,-6.185094780118577,-2.599314532319349,-94.56263033019053,-20.358809,12.065599,20.411615,21.83397,-6.655424,-8.340679,4.82509,9.65285,-2.0638204,13.874848,-15.760457,-4.8689127,8.755598,20.186401,25.369959,-36.555634,62.040703,-9.774556,-28.592785,29.760761,26.781727
710,-16.5915584564209,-563.0363159179688,62.7528190612793,-6.256283267677259,-2.5610112555884417,-94.52036620363793,-19.968258,11.345026,20.494696,17.534304,-6.057108,-10.0171795,5.2694736,9.650466,-2.0509758,14.125487,-16.442657,-4.7370114,8.824947,20.900057,25.34545,-36.652782,61.758812,-10.389342,-28.730892,29.443516,25.990173
711,-16.572021484375,-563.6904296875,62.628108978271484,-6.359493522644773,-2.491936328530339,-94.50638169130109,-19.404682,10.605734,20.608755,12.9441,-5.2308025,-11.918272,5.6886487,9.675561,-2.0055366,14.370374,-17.115313,-4.6028767,8.89962,21.520609,25.325699,-36.75782,61.50564,-10.972641,-28.871532,29.101316,25.198505
712,-16.545591354370117,-564.3468017578125,62.48503875732422,-6.549312265365536,-2.3851953754814508,-94.57466360858807,-18.684965,9.951522,20.716394,8.20442,-4.0975776,-14.006206,6.067705,9.777615,-1.8730854,14.616343,-17.770977,-4.481893,9.008789,21.98821,25.31098,-36.831173,61.360893,-11.433641,-29.008802,28.709827,24.315865
713,-16.459550857543945,-565.003662109375,62.302642822265625,-6.887053627530308,-2.220217068929701,-94.64134380474859,-18.768183,9.445842,20.47007,5.4448643,-3.9330251,-14.323944,6.3421407,9.963817,-1.7407365,14.973032,-18.492962,-4.31999,9.065993,22.255978,25.301918,-36.837105,61.37839,-11.729156,-29.136889,28.231089,23.261839
714,-16.3596134185791,-565.6647338867188,62.08540344238281,-7.371049833544771,-2.0054812288938297,-94.70021164757364,-18.718645,8.931402,19.978342,2.36384,-3.4554102,-14.323944,6.5721536,10.277403,-1.6020757,15.342199,-19.230505,-4.1483994,9.05021,22.355331,25.29779,-36.773296,61.53874,-11.836337,-29.25152,27.649164,22.026453
715,-16.26096534729004,-566.3158569335938,61.875213623046875,-7.800393838484554,-1.79040900772131,-94.78857040977839,-18.497213,8.425486,19.482187,-0.7101333,-2.8562071,-14.323944,6.7355976,10.537123,-1.4492016,15.8665905,-20.023727,-3.9837234,9.0430975,22.41644,25.296803,-36.674015,61.68718,-11.834418,-29.356585,27.007141,20.826162
716,-16.17323112487793,-566.95849609375,61.689178466796875,-8.015859973774598,-1.6359044371021918,-94.84674085071289,-18.896622,8.188325,19.05963,-1.353342,-3.5088441,-14.323944,6.8822365,10.60082,-1.3553578,16.565392,-20.853413,-3.834868,9.055866,22.582048,25.29561,-36.615032,61.696323,-11.875209,-29.46344,26.405785,19.935118
717,-16.114526748657227,-567.5966186523438,61.51580810546875,-8.14040929543024,-1.5403320583161781,-94.94248523813684,-19.077923,8.051456,18.980886,-1.6379676,-4.2421956,-14.323944,7.044469,10.59959,-1.2277395,17.335968,-21.671719,-3.7278607,9.126022,22.738909,25.295319,-36.577183,61.710884,-11.917425,-29.569765,25.851788,19.249046
718,-16.07643699645996,-568.2317504882812,61.34797286987305,-8.208252526507515,-1.4893313704905862,-95.07565562028218,-19.052504,7.9488406,19.17957,-1.7285169,-4.922348,-14.323944,7.20308,10.550755,-1.0660763,18.191774,-22.495882,-3.6499662,9.221744,22.86866,25.294943,-36.53668,61.74845,-11.916347,-29.67231,25.333654,18.686543
719,-16.058324813842773,-568.8726196289062,61.207027435302734,-8.181832673176851,-1.4779208078792894,-95.13965918669959,-19.296232,7.931491,19.476292,-0.6201533,-5.921897,-14.323944,7.41787,10.418936,-0.9786951,19.005806,-23.201757,-3.5713902,9.206409,22.997013,25.293182,-36.524937,61.787273,-12.082031,-29.72452,25.077082,18.437922
720,-16.053707122802734,-569.531494140625,61.07609939575195,-7.98158646371692,-1.5040409704547664,-95.26084921589707,-19.288654,7.7499256,20.03705,0.18423085,-6.168355,-14.323944,7.5346546,10.102225,-0.8856009,20.1313,-23.925348,-3.4666054,9.285523,23.21779,25.288906,-36.57566,61.687534,-12.139374,-29.831253,24.678581,18.274136
721,-16.02999496459961,-570.1759033203125,61.014400482177734,-7.7294822968208665,-1.541629532155254,-95.25717787568567,-19.608932,7.7099032,20.662525,2.1746733,-6.292593,-14.323944,7.7584243,9.753704,-0.9203049,21.058931,-24.395609,-3.3392484,9.160796,23.387882,25.286846,-36.67583,61.65115,-12.27569,-29.890324,24.534695,18.304409
722,-16.03207015991211,-570.838623046875,60.955055236816406,-7.270443125562429,-1.677445866771857,-95.23966041527028,-19.512753,7.478898,21.57797,3.7661133,-5.555722,-14.323944,7.9443727,9.197133,-1.0179425,22.314232,-24.935768,-3.2014127,9.108737,23.650768,25.283464,-37.009953,61.5007,-12.44392,-30.011803,24.39803,18.632349
723,-16.044614791870117,-571.5046997070312,60.914493560791016,-6.74136975109739,-1.8015615164967802,-95.22751976223249,-19.033,7.1084604,22.490328,4.499207,-4.124316,-14.323944,8.12003,8.561964,-1.1288047,23.552853,-25.301947,-3.05058,9.050401,23.809626,25.279955,-37.419342,61.374397,-12.639815,-30.136671,24.377079,19.09388
724,-16.049474716186523,-572.162109375,60.91350173950195,-6.1543882991267935,-1.8822554992171612,-95.30605877736546,-18.598566,6.725935,23.219782,5.1482596,-2.863064,-14.323944,8.18441,7.8396506,-1.1811022,24.920057,-25.527948,-2.8774645,9.06809,23.864702,25.273499,-37.83554,61.222023,-12.886637,-30.265102,24.44078,19.656914
725,-16.04022216796875,-572.8160400390625,60.94546890258789,-5.491739000814611,-1.8904970125915643,-95.54839664866546,-18.336493,6.3776793,23.80665,5.926611,-1.907733,-14.323944,8.097244,7.018815,-1.1291115,26.464796,-25.67467,-2.6753938,9.266989,23.746605,25.25704,-38.335938,61.07009,-13.242229,-30.4535,24.60694,20.34586
726,-16.01744842529297,-573.4827270507812,60.98216247558594,-4.760251496471396,-1.8238852210560124,-95.81418031978816,-18.985546,6.2929764,24.172142,8.826681,-2.2360203,-13.543988,7.882731,6.1082935,-1.103775,28.1624,-25.74956,-2.4278436,9.447909,23.486124,25.213085,-38.841976,60.934025,-13.581546,-30.76912,24.868282,21.008919
727,-15.955601692199707,-574.1549682617188,61.007659912109375,-3.9771817165596373,-1.753385392800036,-95.95976828386551,-19.350315,5.672109,24.46108,10.691979,-2.096729,-10.824007,7.576817,5.095704,-1.2065698,30.065948,-25.698418,-2.1081748,9.402818,23.337107,25.152496,-39.117607,60.675034,-13.746046,-31.117453,25.172367,21.569357
728,-15.890348434448242,-574.84375,61.023597717285156,-3.228353278822955,-1.7090759192592335,-96.18879719562983,-19.616373,5.089814,24.725967,12.420408,-2.084464,-8.386777,7.170567,4.0799093,-1.1943842,32.186512,-25.416582,-1.764774,9.358184,23.240074,25.097654,-39.23017,60.35622,-13.81328,-31.403599,25.54173,22.123306
729,-15.81604290008545,-575.5407104492188,61.03908920288086,-2.4870925415781917,-1.69139525638743,-96.53384704747344,-19.769285,4.521017,24.89096,14.0151415,-2.214153,-6.2410736,6.6704187,3.0317886,-1.0522647,34.561295,-24.915422,-1.3106937,9.35264,23.190601,25.03871,-39.194717,59.972584,-13.825661,-31.64759,26.020279,22.712057
730,-15.723152160644531,-576.2361450195312,61.067535400390625,-1.7230859198016992,-1.6880960582391367,-96.97025507368998,-19.818739,3.9222836,24.96797,15.454875,-2.4319336,-4.23634,6.0893445,1.9417638,-0.8222307,37.156143,-24.222784,-0.7577791,9.381494,23.177572,24.97896,-39.055634,59.52276,-13.906178,-31.796688,26.652199,23.476696
731,-15.607354164123535,-576.9342041015625,61.09657287597656,-0.9546614123633795,-1.713470374267766,-97.42755595235708,-19.717438,3.2750387,25.047703,16.641026,-2.6925356,-2.4597974,5.42182,0.83869106,-0.5446446,39.930126,-23.300047,-0.2496784,9.389668,23.202805,24.922373,-38.88226,59.013214,-14.009616,-31.850267,27.391989,24.40549
732,-15.484258651733398,-577.6316528320312,61.12636184692383,-0.19220379472542412,-1.7745152893993903,-97.8360282863705,-19.439919,2.5663664,25.21958,17.500252,-2.96175,-1.0039527,4.6579723,-0.25074473,-0.26215667,42.834118,-22.097555,0.07627763,9.345078,23.249876,24.874432,-38.759514,58.448864,-14.194409,-31.82948,28.24594,25.553354
733,-15.369166374206543,-578.3104248046875,61.15785217285156,0.5921152515439878,-1.9002668639530036,-98.18096718694973,-18.950659,1.7499892,25.515444,17.996298,-3.2686448,0.06242516,3.8147762,-1.3578688,0.0019855136,45.90025,-20.479536,0.27461258,9.221649,23.38409,24.83092,-38.661507,57.77559,-14.337527,-31.745731,29.161375,26.857752
734,-15.261800765991211,-579.0020141601562,61.202152252197266,1.407319031053045,-2.075417099042644,-98.49424326917807,-18.29235,0.84192115,25.863651,18.218264,-3.6361735,0.79399186,2.9107053,-2.4775062,0.25367442,49.115196,-18.491325,0.43808776,9.055468,23.583582,24.790516,-38.581844,56.99752,-14.459145,-31.610828,30.14232,28.32003
735,-15.158510208129883,-579.68212890625,61.24886703491211,2.200094342642135,-2.2637305105701837,-98.78060736671551,-17.557503,-0.06470967,26.204632,18.305447,-4.0302124,1.2837404,1.947601,-3.532026,0.5006255,52.36954,-16.351284,0.46912128,8.829852,23.750433,24.759298,-38.544476,56.196297,-14.53031,-31.435493,31.148981,29.838097
736,-15.05581283569336,-580.36181640625,61.29969787597656,2.9123628098003898,-2.4273870057110294,-99.04099057449882,-16.836096,-0.88448507,26.482473,18.36295,-4.395789,1.6312245,0.915619,-4.457463,0.7497396,55.549366,-14.26775,0.2348605,8.5315695,23.77482,24.744694,-38.579243,55.462788,-14.554782,-31.230772,32.16085,31.331429
737,-14.961441040039062,-581.0114135742188,61.351741790771484,3.5074442543632,-2.5636815890026154,-99.24910314533892,-16.158728,-1.5722948,26.664501,18.43788,-4.733992,1.7687463,-0.2609057,-5.1732874,1.1244481,58.741302,-12.076648,-0.4935711,8.130453,23.616354,24.753141,-38.70961,54.83076,-14.484006,-30.99781,33.15414,32.75256
738,-14.87772274017334,-581.664306640625,61.406272888183594,4.021443382014105,-2.6937543674522377,-99.4106751656496,-15.48336,-2.2025566,26.789679,18.445452,-5.0545206,1.6803201,-1.5543334,-5.7453556,1.5512125,61.948643,-9.698367,-1.5850405,7.6392794,23.332909,24.779789,-38.913483,54.24909,-14.312105,-30.744701,34.136936,34.128185
739,-14.803693771362305,-582.3123779296875,61.46147918701172,4.506525566069097,-2.814683710764492,-99.57491010606212,-14.78866,-2.8515341,26.909464,18.31346,-5.3300924,1.5436963,-2.8429437,-6.3622565,1.7709912,64.96399,-7.520787,-2.7105536,7.110857,22.964245,24.81466,-39.147964,53.68493,-14.116246,-30.493649,35.149532,35.49709
740,-14.733010292053223,-582.94189453125,61.51729202270508,5.013081548250379,-2.9214191055122902,-99.78979392535403,-14.047076,-3.5812814,27.069244,17.977442,-5.529672,1.5346222,-4.0153055,-7.237403,1.5627147,67.618385,-5.9893456,-3.5866256,6.595334,22.55101,24.84781,-39.36991,53.10439,-13.9648905,-30.264622,36.22427,36.891193
741,-14.647802352905273,-583.5671997070312,61.57901382446289,5.569670979428446,-3.0088612357122595,-100.06652124585767,-13.248214,-4.4099255,27.27591,17.437668,-5.6532016,1.6940569,-5.03118,-8.534455,0.8075052,69.88155,-5.346425,-4.1086845,6.0915475,22.102468,24.879292,-39.620434,52.488266,-13.932239,-30.065514,37.436195,38.36084
742,-14.553324699401855,-584.1817626953125,61.64992904663086,6.148247250933559,-3.0794595257993485,-100.38058188678762,-12.391739,-5.300475,27.501944,16.715725,-5.711277,1.9196627,-5.961141,-10.156095,-0.32157838,71.88154,-5.3617735,-4.5093555,5.57797,21.595839,24.913847,-39.905933,51.859753,-13.957778,-29.88476,38.74822,39.871754
743,-14.446520805358887,-584.7890625,61.72953414916992,6.7196259243654035,-3.139061462812293,-100.7331850282496,-11.458069,-6.229471,27.744059,15.774362,-5.67578,2.1650846,-6.8569193,-11.907191,-1.5826131,73.67264,-5.770108,-4.9964843,5.0845222,21.025166,24.948292,-40.12927,51.255367,-13.922623,-29.714085,40.029736,41.344677
744,-14.333211898803711,-585.3793334960938,61.81504821777344,7.250248269550656,-3.193951880565931,-101.1278058961161,-10.431425,-7.169741,28.00075,14.584068,-5.5253496,2.38541,-7.7770724,-13.576824,-2.7371604,75.29515,-6.3008356,-5.7665563,4.642589,20.388409,24.979158,-40.193993,50.709393,-13.716491,-29.550621,41.150127,42.704594
745,-14.215222358703613,-585.9971313476562,61.90422821044922,7.7370112228264825,-3.2431374267259905,-101.61285466083045,-9.260903,-8.146172,28.304157,13.012367,-5.203258,2.5907507,-8.760569,-15.185892,-3.7979107,76.794754,-7.0407395,-7.0094166,4.2966886,19.675062,25.007462,-40.10821,50.23996,-13.300704,-29.39728,42.080574,43.91323
746,-14.102222442626953,-586.6141357421875,61.9580078125,8.068218092471444,-3.279996180699534,-102.17995873822917,-8.292418,-8.84661,28.674597,12.002619,-5.2485566,2.7466276,-9.776179,-16.662806,-4.8665547,78.158165,-8.118032,-8.554078,4.0065856,18.799313,25.041977,-39.883137,49.97573,-12.63303,-29.251083,42.819016,44.86323
747,-14.006842613220215,-587.2220458984375,62.01487350463867,8.259787940354546,-3.316818244263671,-102.7236310260904,-7.6302404,-9.230889,29.048012,11.823827,-5.7657413,2.7981975,-10.763045,-17.86607,-5.8384447,79.26528,-9.246877,-10.047619,3.6894934,17.79814,25.081045,-39.485203,49.882313,-11.819777,-29.112751,43.41898,45.66612
748,-13.924028396606445,-587.8060913085938,62.0786018371582,8.380675863419752,-3.3593194380532787,-103.16309927538762,-6.9790735,-9.558441,29.320427,11.635055,-6.23365,2.753657,-11.689625,-18.720104,-6.5666165,80.061646,-10.16703,-11.131828,3.2926912,16.739166,25.12022,-38.887127,49.86672,-11.006077,-28.981215,43.956577,46.486004
749,-13.855558395385742,-588.3805541992188,62.14234924316406,8.380114116070137,-3.4216853721896023,-103.5166658311159,-6.3145494,-9.777131,29.492044,11.40763,-6.6441917,2.5976183,-12.554351,-19.127142,-7.0097384,80.54037,-10.81344,-11.72677,2.8153236,15.566617,25.16375,-38.05778,50.01707,-10.158383,-28.851704,44.436466,47.27176
750,-13.797481536865234,-588.9336547851562,62.1985969543457,8.272008719429104,-3.5020949915165955,-103.81873930607077,-5.6356163,-9.885791,29.597992,11.137566,-7.011255,2.3647828,-13.382859,-19.175442,-7.2423778,80.744385,-11.306785,-12.00951,2.2809012,14.27026,25.214762,-37.03719,50.335514,-9.269416,-28.723825,44.8681,48.013863
751,-13.753141403198242,-589.46826171875,62.25324249267578,8.115714525390741,-3.580069765962411,-104.00848278673458,-5.0121164,-9.912551,29.610003,10.933137,-7.378419,2.1256998,-14.176734,-18.97867,-7.338715,80.70056,-11.676036,-12.036283,1.6513711,12.912791,25.270702,-35.870792,50.715897,-8.406905,-28.598005,45.261574,48.792583
752,-13.727460861206055,-589.9953002929688,62.3096809387207,7.968719209067094,-3.6310574575193657,-104.02677229916829,-4.477858,-9.921775,29.491447,10.813602,-7.7383842,1.9449261,-14.937657,-18.650105,-7.369113,80.43652,-11.955475,-11.862346,0.89385813,11.559855,25.327185,-34.597626,51.048943,-7.629841,-28.474453,45.616016,49.681217
753,-13.70559024810791,-590.4989013671875,62.36738586425781,7.830343540747421,-3.6425964324495883,-103.83014688130238,-4.0524974,-9.939295,29.210806,10.788189,-8.089623,1.840791,-15.677288,-18.15238,-7.2921896,79.94376,-12.105356,-11.44064,-0.034525305,10.209601,25.379915,-33.164124,51.328285,-6.968767,-28.353745,45.956585,50.703674
754,-13.698922157287598,-590.980224609375,62.4278678894043,7.678689328665347,-3.6289954651784613,-103.46220962135689,-3.7135642,-9.943669,28.797678,10.849979,-8.444704,1.7878817,-16.393614,-17.46222,-7.0866246,79.213425,-12.132484,-10.772204,-1.1046383,8.814621,25.433846,-31.575031,51.61609,-6.3845124,-28.23448,46.27824,51.81833
755,-13.707124710083008,-591.4564819335938,62.48236846923828,7.526965721554883,-3.605633822775822,-102.99330848264508,-3.412527,-9.94966,28.299719,10.936674,-8.778752,1.7805985,-17.069645,-16.71318,-6.8540993,78.27509,-12.141573,-9.985073,-2.2337534,7.385052,25.497356,-29.953693,51.893356,-5.814379,-28.11441,46.510555,52.989544
756,-13.726350784301758,-591.9298095703125,62.53157424926758,7.386027787862433,-3.6003218584920647,-102.49609390142132,-3.11007,-9.948633,27.76841,11.041938,-9.098681,1.8073032,-17.677105,-16.023897,-6.6999044,77.15514,-12.224179,-9.206125,-3.093889,5.695521,25.549189,-28.804989,52.27155,-4.9997444,-28.04336,46.257816,54.12612
757,-13.748674392700195,-592.3953247070312,62.57639694213867,7.273123344713167,-3.5972702410326107,-101.93163623127914,-2.828475,-9.957876,27.163418,11.165745,-9.380813,1.8927515,-18.22823,-15.424494,-6.6406603,75.858284,-12.414515,-8.413343,-4.039248,4.1310863,25.612707,-27.616417,52.49418,-4.2091446,-27.962921,45.921623,55.31491
758,-13.780843734741211,-592.8463745117188,62.6200065612793,7.168991319739983,-3.593027041580514,-101.28348725875671,-2.5862627,-9.958973,26.478569,11.345647,-9.648009,2.032853,-18.728989,-14.850376,-6.629359,74.36543,-12.655032,-7.57094,-5.091875,2.6157188,25.694763,-26.312016,52.647133,-3.418881,-27.86168,45.490204,56.543324
759,-13.813469886779785,-593.3047485351562,62.66161346435547,7.07415807473195,-3.586869840369992,-100.63734924752309,-2.3228922,-9.977509,25.794355,11.466278,-9.884431,2.1728067,-19.183828,-14.3281,-6.6654625,72.68917,-12.92465,-6.764922,-6.083547,1.1315923,25.783665,-25.13609,52.708153,-2.6520727,-27.762323,45.00047,57.816826
760,-13.845836639404297,-593.7686767578125,62.702369689941406,6.973746008163736,-3.591728710444437,-100.10584758610342,-1.9828922,-10.000346,25.218138,11.46893,-10.110835,2.2538133,-19.58898,-13.8467,-6.7343926,70.834785,-13.183488,-6.078491,-6.9211516,-0.4003661,25.878141,-24.1701,52.788536,-1.8989283,-27.673193,44.52598,59.101406
761,-13.868241310119629,-594.2308349609375,62.73789978027344,6.840171442308343,-3.5772282634833705,-99.65679177765134,-1.5953319,-9.999249,24.721567,11.357811,-10.346849,2.246903,-19.952738,-13.389336,-6.8929443,68.77458,-13.483183,-5.5277004,-7.688411,-1.8659992,26.003422,-23.237894,52.786602,-1.1509264,-27.574736,44.01776,60.36449
762,-13.886048316955566,-594.6961059570312,62.7697868347168,6.710673867855308,-3.584923153815728,-99.32138682428612,-1.1170588,-10.006218,24.329634,11.113298,-10.558695,2.1844802,-20.260227,-12.943921,-7.0652623,66.52739,-13.812921,-5.064904,-8.273712,-3.31716,26.115564,-22.568611,52.73693,-0.4848895,-27.497559,43.562233,61.72533
763,-13.912362098693848,-595.1781005859375,62.806190490722656,6.571341528925768,-3.5747228865927227,-99.0058028748213,-0.6416434,-10.000375,23.962996,10.850026,-10.781181,2.1061296,-20.520845,-12.540095,-7.327225,64.112404,-14.060122,-4.6434245,-8.828982,-4.731327,26.255741,-21.924156,52.627155,0.23959409,-27.410803,43.049458,63.01037
764,-13.933422088623047,-595.6456909179688,62.83732223510742,6.461394912759109,-3.567275989477452,-98.76427850377661,-0.15673481,-10.018817,23.674898,10.587984,-11.009868,2.0479565,-20.739143,-12.191425,-7.6055946,61.5808,-14.109244,-4.230052,-9.25463,-6.017721,26.422504,-21.382849,52.37147,1.0082393,-27.320911,42.558712,64.23579
765,-13.958962440490723,-596.1141357421875,62.85417175292969,6.383277255024346,-3.5716655382561973,-98.62634192327886,0.34181917,-10.061539,23.497265,10.339589,-11.2526455,2.0386605,-20.90965,-11.882246,-7.877133,58.91589,-13.876195,-3.7665086,-9.531522,-7.178619,26.613573,-20.973312,51.973885,1.8194861,-27.23028,42.10818,65.41594
766,-13.97143268585205,-596.5863647460938,62.867156982421875,6.322860967530326,-3.585801119320448,-98.58519071830644,0.86006016,-10.116987,23.420166,10.085703,-11.508455,2.051078,-21.027744,-11.581609,-8.157567,56.100372,-13.433137,-3.2731392,-9.6692915,-8.24319,26.826477,-20.698273,51.463196,2.6527164,-27.139988,41.6898,66.56796
767,-13.985318183898926,-597.0587158203125,62.87056350708008,6.27908412529177,-3.601496884201445,-98.60506237616099,1.3905191,-10.185849,23.400803,9.819939,-11.76685,2.0401356,-21.102795,-11.287973,-8.462961,53.176495,-12.902926,-2.8312335,-9.683258,-9.24273,27.058245,-20.555973,50.87086,3.4962833,-27.05265,41.324543,67.659935
768,-13.997186660766602,-597.529052734375,62.87467575073242,6.248729976856767,-3.609509121427697,-98.64532144753427,1.9236048,-10.267905,23.39263,9.53835,-12.017854,1.9607276,-21.143726,-11.008801,-8.815461,50.185406,-12.414263,-2.5241952,-9.60268,-10.208985,27.305128,-20.534538,50.23216,4.3420887,-26.971573,41.048084,68.65087
769,-14.007149696350098,-598.0012817382812,62.87226867675781,6.234137372294572,-3.6083710021394073,-98.71048366090231,2.4731097,-10.372006,23.401773,9.202258,-12.244774,1.764209,-21.15764,-10.762417,-9.245991,47.13235,-11.969552,-2.4358132,-9.4351225,-11.156473,27.56512,-20.63371,49.56486,5.2126493,-26.899467,40.900986,69.51805
770,-14.011688232421875,-598.4776611328125,62.86009979248047,6.233405490448132,-3.6004137317555176,-98.81364999110588,3.0363567,-10.491076,23.44532,8.825584,-12.456801,1.4857156,-21.143608,-10.523537,-9.739317,44.005157,-11.519211,-2.486298,-9.1951885,-12.096566,27.836546,-20.843235,48.886875,6.101724,-26.83694,40.889233,70.27372
771,-14.026607513427734,-598.9641723632812,62.842689514160156,6.2351571657914615,-3.5808429005945306,-98.92365709699688,3.5794735,-10.607094,23.491377,8.475868,-12.676511,1.2067751,-21.096725,-10.252411,-10.251038,40.80351,-11.116027,-2.5217147,-8.925672,-13.044729,28.11511,-21.127424,48.223377,6.962514,-26.783829,40.991707,70.92786
772,-14.046104431152344,-599.435546875,62.81578063964844,6.230357462971157,-3.54234095717316,-99.00233428570505,4.063082,-10.7008915,23.500502,8.230547,-12.933548,1.0087384,-21.009668,-9.923819,-10.739181,37.513603,-10.802613,-2.396244,-8.669404,-13.998638,28.39598,-21.44209,47.57831,7.745605,-26.739567,41.178616,71.49568
773,-14.069808959960938,-599.9089965820312,62.785762786865234,6.218415850515581,-3.4766930298866825,-99.03757067463252,4.464334,-10.766678,23.45304,8.126139,-13.237769,0.93554497,-20.87814,-9.553604,-11.225664,34.0672,-10.650744,-2.1371706,-8.422003,-14.936988,28.67657,-21.772758,46.920723,8.44533,-26.705038,41.4663,71.97576
774,-14.097515106201172,-600.385986328125,62.751556396484375,6.204129005023774,-3.3868435600707216,-99.04534642285422,4.806185,-10.815206,23.367779,8.113126,-13.5706215,0.9364578,-20.705729,-9.154527,-11.724949,30.471016,-10.606384,-1.8006841,-8.182705,-15.856901,28.956282,-22.118322,46.25395,9.082002,-26.680548,41.872524,72.35896
775,-14.12955379486084,-600.8688354492188,62.72010803222656,6.144401404378575,-3.2779420146271465,-99.03576560317207,5.077109,-10.788017,23.281015,8.240748,-13.980139,0.9472059,-20.456972,-8.655703,-12.1985235,26.724781,-10.46792,-1.3090141,-8.02806,-16.863867,29.347637,-22.532215,45.692913,9.61441,-26.65425,42.47794,72.63197
776,-14.158100128173828,-601.3529052734375,62.67924880981445,6.119970403465851,-3.1712271758547237,-98.99411059542139,5.375115,-10.798092,23.174072,8.303923,-14.361008,0.91704655,-20.170292,-8.154459,-12.568183,23.036144,-10.155015,-0.5851311,-7.928645,-17.655865,29.70052,-22.776804,45.010506,10.117875,-26.633923,42.99174,72.81753
777,-14.189275741577148,-601.83935546875,62.63090896606445,6.1134349557056265,-3.0475828198364736,-98.91956274583944,5.6840134,-10.831014,23.057209,8.295791,-14.721317,0.8320039,-19.816982,-7.628831,-12.801292,19.245361,-9.60906,0.33367115,-7.881899,-18.328794,30.029276,-22.904373,44.26501,10.630679,-26.619566,43.417217,72.84582
778,-14.222900390625,-602.3256225585938,62.577110290527344,6.12561004368506,-2.9070676618387385,-98.80817725525807,5.9848185,-10.877855,22.919628,8.269407,-15.081633,0.72171265,-19.359327,-7.096438,-12.935972,15.235325,-8.852568,1.3960755,-7.853023,-18.867416,30.340927,-22.942848,43.426273,11.145131,-26.61203,43.766834,72.73675
779,-14.258485794067383,-602.81396484375,62.51512908935547,6.179102720527854,-2.7703275673263152,-98.65190681073291,6.283519,-10.953262,22.741964,8.262552,-15.443858,0.5930636,-18.75806,-6.6093383,-13.028703,11.059412,-7.804118,2.6480985,-7.855899,-19.228802,30.636002,-22.875317,42.488888,11.60031,-26.610514,44.006943,72.595604
780,-14.3048734664917,-603.30859375,62.435829162597656,6.3440477365758525,-2.636406972075626,-98.41860927864357,6.5670066,-11.123672,22.476624,8.314575,-15.813494,0.45538923,-18.108767,-6.292103,-13.129333,7.0578747,-6.545758,4.157476,-7.963002,-19.42707,30.907228,-22.670706,41.479782,11.880049,-26.61654,44.121532,72.56782
781,-14.345732688903809,-603.8170166015625,62.315582275390625,6.710430318480604,-2.516278846358258,-98.06676069811095,6.8391542,-11.469741,22.070944,8.447448,-16.196484,0.3016703,-17.971298,-6.389604,-13.20074,4.623973,-5.8300643,6.106085,-8.173875,-19.288942,31.13717,-22.233473,40.22157,11.906662,-26.631754,44.060028,72.77293
782,-14.385398864746094,-604.3348388671875,62.181705474853516,7.07854350799121,-2.4564838227692674,-97.7747042867425,7.1569724,-11.804725,21.722836,8.631298,-16.598658,0.1191113,-17.964594,-6.5338974,-13.137294,2.8527513,-5.196214,8.3818035,-8.3571825,-19.150343,31.267702,-21.79358,39.13496,11.874454,-26.646244,43.90199,72.9815
783,-14.430585861206055,-604.8551025390625,62.055442810058594,7.402100611162048,-2.4034353720946298,-97.4355587035593,7.4727225,-12.0858345,21.329458,8.812737,-16.973265,-0.05486468,-18.468658,-6.828371,-13.003234,2.7003841,-5.335324,10.719917,-8.611594,-18.587902,31.444065,-21.048117,37.79472,11.866914,-26.671848,43.562607,73.06743
784,-14.472176551818848,-605.3695068359375,61.933631896972656,7.695611189843611,-2.3536273528295,-97.17430172671403,7.7946386,-12.342564,21.007826,8.991167,-17.342714,-0.19952574,-18.902327,-7.100241,-12.754903,2.75608,-5.5123515,12.810171,-8.820698,-17.978434,31.604277,-20.280933,36.563377,11.872002,-26.700207,43.16162,73.065865
785,-14.524404525756836,-605.878173828125,61.80868148803711,8.02502059392287,-2.2822612305765326,-96.95809738559218,8.088379,-12.62311,20.724342,9.19533,-17.716043,-0.3057725,-19.175425,-7.329241,-12.399058,2.7928286,-5.6675606,14.323944,-9.00472,-17.009634,31.790417,-19.262503,35.121227,11.90505,-26.740267,42.548336,72.96497
786,-14.607983589172363,-606.3778686523438,61.6727294921875,8.371644178454531,-2.209263364312058,-96.8774849991769,8.319465,-12.867023,20.586391,9.578198,-18.18319,-0.42639416,-19.22493,-7.27891,-11.806735,2.5760243,-5.6290717,14.323944,-9.094293,-16.038715,31.940134,-18.241844,33.810295,11.90507,-26.779503,41.8344,72.82316
787,-14.687040328979492,-606.87744140625,61.54716110229492,8.649188537946307,-2.1464982296473845,-96.81510898043862,8.571732,-13.0532255,20.462427,9.927255,-18.620993,-0.5400316,-19.1854,-7.2034473,-11.243561,2.48899,-5.5274906,14.323944,-9.154166,-15.085275,32.059532,-17.279924,32.6479,11.920161,-26.81817,41.10368,72.60187
788,-14.749649047851562,-607.3770751953125,61.44965744018555,8.746576552846381,-2.116217967168536,-96.77840151195456,8.879712,-13.085102,20.36579,10.198046,-19.005447,-0.6683979,-19.089352,-7.067585,-10.768633,2.5731294,-5.253021,14.323944,-9.188322,-14.4974375,32.13892,-16.63678,31.9832,11.927151,-26.845007,40.594025,72.31489
789,-14.803400993347168,-607.8580932617188,61.414344787597656,8.633672848768942,-2.118403538202017,-96.79118807076034,9.2599,-12.9475155,20.323784,10.341253,-19.314241,-0.8078636,-18.848013,-6.869999,-10.367202,2.6822562,-4.5445232,14.323944,-9.146543,-14.202669,32.19537,-16.281301,31.75238,11.952838,-26.860943,40.321503,71.95133
790,-14.84035873413086,-608.3489990234375,61.395294189453125,8.371807922624038,-2.1414294216953396,-96.82667634231932,9.698404,-12.694622,20.30791,10.358239,-19.539335,-0.94742155,-18.733183,-6.68396,-9.962065,3.4631498,-3.8575356,14.323944,-9.074262,-14.112619,32.22823,-16.134409,31.850782,11.951017,-26.86711,40.21544,71.551796
791,-14.851880073547363,-608.8601684570312,61.39366149902344,7.932803942316089,-2.191433443964298,-96.89539540216342,10.172996,-12.26976,20.343771,10.3445,-19.734098,-1.1095665,-19.02617,-6.4475355,-9.5060625,5.421247,-3.7108433,14.323944,-8.978921,-14.043168,32.274376,-16.038616,32.138813,12.030216,-26.869352,40.13912,70.989815
792,-14.889182090759277,-609.3736572265625,61.40822219848633,7.393331540106989,-2.250666750031191,-96.96020575970336,10.482104,-11.654926,20.427902,10.80718,-20.193151,-1.3183908,-18.684132,-5.9730964,-9.133129,5.73314,-2.672967,14.268071,-8.914064,-13.936883,32.37681,-15.963579,32.538517,12.238629,-26.86782,40.016804,70.220116
793,-14.985429763793945,-609.8675537109375,61.4387321472168,6.682840341336085,-2.2876703991842384,-97.04962586229748,10.692451,-10.774065,20.572275,11.488112,-20.783188,-1.6287264,-18.376444,-5.000617,-8.828196,5.858659,-1.690975,11.724803,-8.789544,-13.83038,32.703876,-16.040073,32.970387,12.56666,-26.844505,39.747894,69.247696
794,-15.082258224487305,-610.3631591796875,61.47909927368164,5.811153220691094,-2.3051494486297823,-97.11150831321173,10.853223,-9.689797,20.713587,12.256537,-21.426762,-1.9872442,-18.08922,-3.838376,-8.656809,5.968417,-0.7521046,8.552128,-8.662144,-13.767311,33.256077,-16.278944,33.48006,12.912777,-26.768156,39.440075,68.16054
795,-15.183256149291992,-610.87109375,61.515384674072266,4.929896610964963,-2.3376828481900187,-97.12250593192728,10.9974785,-8.56352,20.825386,13.095168,-22.031607,-2.3619719,-17.78977,-2.6848063,-8.617842,6.0727215,0.18658018,5.4089603,-8.631738,-13.790885,33.66617,-16.558115,34.230125,13.170288,-26.675085,39.22046,67.11308
796,-15.301568984985352,-611.3853759765625,61.533348083496094,4.149641855114824,-2.3753328637198967,-97.03775403555039,11.06871,-7.4894414,20.87871,14.123935,-22.586882,-2.7264702,-17.957823,-1.7947727,-8.700408,7.3786016,0.4549275,2.9692802,-8.638134,-13.872716,33.880825,-16.921972,35.10722,13.359859,-26.586327,38.958797,66.16416
797,-15.418550491333008,-611.9093627929688,61.54588317871094,3.5120563790670034,-2.4034189716056984,-96.82284138073203,11.071371,-6.518543,20.860094,15.311649,-23.086891,-3.0710022,-17.996817,-1.1508754,-8.954145,8.398419,1.009482,1.4909341,-8.680993,-13.816487,33.929207,-17.254402,35.90826,13.462198,-26.503855,38.628784,65.35531
798,-15.537296295166016,-612.4437866210938,61.56765365600586,2.9384665336791547,-2.4098458863645362,-96.50772203616,11.010682,-5.578703,20.787718,16.624052,-23.546753,-3.4129007,-17.916422,-0.64694434,-9.357673,9.145556,1.7853122,0.5678264,-8.814533,-13.898943,33.862335,-17.689896,36.90332,13.480227,-26.42438,38.305748,64.61375
799,-15.658225059509277,-612.9779663085938,61.59147644042969,2.394882674954976,-2.4267311795761928,-96.1438395022442,10.893421,-4.626924,20.666225,18.09933,-23.938152,-3.7619016,-17.763138,-0.21394956,-9.833645,9.791507,2.5603507,-0.13140076,-8.942527,-13.9133,33.719105,-18.168867,37.92948,13.502963,-26.341702,37.906822,63.883568
800,-15.781349182128906,-613.513427734375,61.61438751220703,1.85141225048385,-2.4676133752357226,-95.778775393415,10.713573,-3.6263947,20.49647,19.769804,-24.234373,-4.128967,-17.605192,0.21467781,-10.310901,10.508564,3.0993843,-0.91499794,-9.062264,-13.932262,33.524372,-18.731161,39.081753,13.556365,-26.256449,37.446777,63.11545
801,-15.90085220336914,-614.0499267578125,61.6353645324707,1.3040719097767373,-2.5336835893120546,-95.40793689168065,10.475045,-2.5761538,20.279963,21.640484,-24.464792,-4.5223346,-17.470129,0.6426893,-10.790494,11.3395815,3.391751,-1.8400868,-9.190621,-13.955458,33.280476,-19.367342,40.37296,13.64488,-26.167088,36.89179,62.295353
802,-16.02678108215332,-614.5836181640625,61.66506576538086,0.7628757739179373,-2.616039531457725,-95.01156935533571,10.182272,-1.4968774,20.017385,23.684793,-24.62842,-4.939035,-17.317577,1.0511761,-11.295642,12.165232,3.5774279,-2.733191,-9.333611,-13.92065,32.98781,-20.033419,41.73702,13.756718,-26.073065,36.256443,61.445015
803,-16.168468475341797,-615.1220092773438,61.70210266113281,0.2245692437783392,-2.7120299637168515,-94.61271699917074,9.823096,-0.3861657,19.706167,25.897232,-24.650393,-5.3735476,-17.108866,1.4728416,-11.789783,12.896666,3.6451848,-3.5453463,-9.476226,-13.855994,32.659737,-20.746067,43.190453,13.882283,-25.97776,35.63471,60.572506
804,-16.316198348999023,-615.6652221679688,61.737674713134766,-0.32030691036828407,-2.8208596613407266,-94.23556225336388,9.386761,0.7594111,19.343588,28.27465,-24.457624,-5.8221126,-16.809242,1.9371228,-12.234024,13.468281,3.5661137,-4.229739,-9.59689,-13.771251,32.31164,-21.51492,44.733948,14.0133505,-25.88533,35.11548,59.68467
805,-16.461698532104492,-616.2012329101562,61.769805908203125,-0.8830630733961612,-2.9466445756799717,-93.88278687134964,8.870665,1.9481696,18.924128,30.848482,-24.035892,-6.297775,-16.397572,2.4614594,-12.605439,13.871429,3.2562852,-4.74798,-9.69293,-13.635593,31.953348,-22.32355,46.364235,14.161941,-25.794737,34.70572,58.774887
806,-16.607858657836914,-616.7396850585938,61.8057861328125,-1.4609162353884635,-3.088830260439011,-93.54551548054584,8.282503,3.171199,18.455915,33.606064,-23.41961,-6.8092737,-15.897813,3.034733,-12.916414,14.14761,2.7555964,-5.1247606,-9.773612,-13.423047,31.589224,-23.151354,48.058624,14.328262,-25.705128,34.369473,57.834404
807,-16.743030548095703,-617.2656860351562,61.840904235839844,-2.0445209200957724,-3.2413622615609476,-93.22996033067581,7.634406,4.404387,17.95379,36.461926,-22.607677,-7.346716,-15.335529,3.6393638,-13.183567,14.302216,2.2185504,-5.410195,-9.8303175,-13.134604,31.224785,-23.994516,49.773815,14.488647,-25.621166,34.119274,56.86412
808,-16.87904167175293,-617.79296875,61.877952575683594,-2.620575410768362,-3.3978382526793505,-92.94177254009735,6.9364305,5.6267276,17.42916,39.336174,-21.59907,-7.8992176,-14.737758,4.2571564,-13.427829,14.34103,1.797515,-5.6572423,-9.85492,-12.774592,30.864513,-24.852324,51.467674,14.616595,-25.547958,33.968132,55.867874
809,-17.014429092407227,-618.3212280273438,61.91283416748047,-3.1943509542616666,-3.5599449005427637,-92.68717576679543,6.197621,6.847902,16.898987,42.22531,-20.32204,-8.590236,-14.104187,4.8969183,-13.64957,14.250828,1.531402,-5.8648086,-9.844842,-12.337508,30.507603,-25.718449,53.158375,14.708912,-25.486555,33.933872,54.84767
810,-17.143091201782227,-618.8261108398438,61.94446563720703,-3.765906370556556,-3.730069097181724,-92.46145068454244,5.4108415,8.06445,16.342075,45.1686,-18.805971,-9.399644,-13.419957,5.5622406,-13.838272,14.033407,1.3422656,-6.0057926,-9.798842,-11.813861,30.156927,-26.5933,54.847004,14.774827,-25.435507,34.000675,53.800507
811,-17.272205352783203,-619.3314819335938,61.9705810546875,-4.329852314738644,-3.904793957115142,-92.25275421528389,4.55917,9.243171,15.716909,48.15211,-17.192215,-10.098666,-12.701765,6.229956,-14.004266,13.7384615,1.1914631,-6.099182,-9.713742,-11.198711,29.821339,-27.484268,56.46409,14.81451,-25.395014,34.125854,52.715347
812,-17.39869499206543,-619.82861328125,61.99677658081055,-4.876249404797188,-4.07942839779283,-92.04959013341852,3.6239753,10.355343,14.993605,51.155624,-15.60788,-10.452669,-11.964751,6.880773,-14.158114,13.394508,1.0577615,-6.1675186,-9.588569,-10.492156,29.507812,-28.400768,57.94144,14.821587,-25.36548,34.26785,51.58784
813,-17.522018432617188,-620.3128051757812,62.01105880737305,-5.39779257716032,-4.254935113371495,-91.84220254628227,2.5593886,11.393594,14.116701,54.2727,-14.114469,-10.275442,-11.2236395,7.510104,-14.313475,13.021744,0.9182875,-6.21703,-9.430514,-9.686702,29.212288,-29.363474,59.26803,14.805518,-25.347124,34.424255,50.402164
814,-17.64177894592285,-620.7943725585938,62.01277542114258,-5.847230963235057,-4.43083730946019,-91.63710238039069,1.3896427,12.312193,13.134837,57.46606,-12.611945,-9.735931,-10.632208,8.034362,-14.476979,12.992985,0.55996495,-6.235129,-9.224376,-8.735549,28.923962,-30.340261,60.40444,14.7129545,-25.344618,34.60086,49.230526
815,-17.763620376586914,-621.2721557617188,62.00832748413086,-6.271361220846538,-4.607974219016046,-91.45079892509754,0.19938911,13.164279,12.174867,60.544926,-10.988868,-9.122685,-10.082854,8.529056,-14.627857,13.04558,0.14861578,-6.2322197,-8.959289,-7.7092476,28.655945,-31.332392,61.41022,14.555365,-25.354128,34.789814,48.062813
816,-17.872983932495117,-621.7425537109375,62.00269317626953,-6.687039173173461,-4.785161666229143,-91.294738768157,-0.9371189,13.979144,11.339465,63.349667,-9.171158,-8.713602,-9.529802,9.015626,-14.746137,13.075149,-0.2400409,-6.214047,-8.624632,-6.643035,28.416733,-32.316307,62.298355,14.307945,-25.374964,34.97855,46.931004
817,-17.976417541503906,-622.2066650390625,61.99261474609375,-7.102369365663856,-4.96574412581969,-91.15440690643217,-2.0487196,14.773976,10.569889,65.91026,-6.95019,-8.483335,-8.965734,9.502964,-14.843095,13.07734,-0.60509896,-6.177492,-8.229989,-5.5554204,28.206285,-33.329765,63.082012,13.938733,-25.41347,35.222935,45.84306
818,-18.068157196044922,-622.6560668945312,61.980281829833984,-7.51309778541874,-5.152289112500611,-91.02923399937134,-3.162799,15.550026,9.830048,68.30105,-4.434293,-8.2986145,-8.390989,9.990404,-14.922084,13.045521,-0.9482113,-6.1248055,-7.7820497,-4.4451604,28.018715,-34.378704,63.774437,13.4626255,-25.46809,35.51271,44.78517
819,-18.156816482543945,-623.1025390625,61.971534729003906,-7.894010243254302,-5.342573822970821,-90.95061934467239,-4.208923,16.30583,9.236942,70.44726,-2.0491626,-8.264785,-7.829506,10.450985,-14.955716,13.026091,-1.2909609,-6.0635962,-7.265506,-3.311331,27.851076,-35.38788,64.377,12.917582,-25.52757,35.73173,43.772293
820,-18.237335205078125,-623.5296020507812,61.96506118774414,-8.217679827301826,-5.53408494332667,-90.94986837700041,-5.1139617,17.04256,8.904303,72.28079,-0.23151693,-8.484516,-7.2868366,10.8631525,-14.911897,13.022369,-1.6276015,-5.9996214,-6.6616535,-2.1567156,27.701733,-36.288822,64.88861,12.346961,-25.580563,35.763172,42.81763
821,-18.313289642333984,-623.9557495117188,61.96049499511719,-8.47514626584266,-5.730820984925495,-91.03267921249817,-5.8323607,17.822361,8.954875,73.786064,0.97887033,-9.148035,-6.757193,11.21823,-14.780927,13.03301,-1.9550319,-5.9251685,-5.961223,-0.97811186,27.570272,-37.091793,65.2946,11.765394,-25.62469,35.56563,41.914867
822,-18.389259338378906,-624.3733520507812,61.95650863647461,-8.682158865633474,-5.934813210738056,-91.18494422000134,-6.413595,18.641481,9.292546,75.02612,1.7782171,-10.1244955,-6.235849,11.531407,-14.57649,13.048312,-2.269337,-5.839637,-5.1757393,0.20466247,27.455061,-37.838146,65.61628,11.153686,-25.6662,35.207756,41.05976
823,-18.450910568237305,-624.7789306640625,61.96004867553711,-8.840422630965135,-6.137893686939713,-91.40234962870781,-6.9225383,19.39269,9.713597,76.031845,2.090739,-11.039905,-5.7317057,11.805412,-14.304396,13.071989,-2.5746975,-5.7557735,-4.3233776,1.3626674,27.352528,-38.504257,65.89474,10.508518,-25.70609,34.735306,40.267338
824,-18.507286071777344,-625.1730346679688,61.96528244018555,-8.95777850930714,-6.332738712397253,-91.68126395371347,-7.4273496,19.969286,10.0168,76.82819,1.8359569,-11.528577,-5.265167,12.039726,-13.972987,13.133519,-2.8891852,-5.6855083,-3.421172,2.4716043,27.259531,-39.064495,66.169586,9.825981,-25.745245,34.197483,39.550797
825,-18.554506301879883,-625.564697265625,61.975181579589844,-9.024184300314083,-6.523905679906637,-92.03004690057176,-7.93928,20.301958,10.124842,77.39747,0.78606266,-11.427507,-4.8266935,12.225438,-13.569498,13.219102,-3.2035804,-5.6275196,-2.454854,3.5272658,27.175314,-39.501305,66.44281,9.087443,-25.784393,33.590607,38.941814
826,-18.596351623535156,-625.93310546875,61.985755920410156,-9.040208319531983,-6.713005321317866,-92.44640850785072,-8.427882,20.453499,10.143626,77.731026,-0.941954,-10.96287,-4.4114556,12.358537,-13.096005,13.32772,-3.5175853,-5.57356,-1.4258162,4.542008,27.099602,-39.835453,66.69856,8.294707,-25.824554,32.904583,38.431103
827,-18.632923126220703,-626.2924194335938,61.99708557128906,-9.026743123552592,-6.88733106664623,-92.91072776000918,-8.900915,20.512663,10.14564,77.861176,-2.915374,-10.355151,-4.027739,12.45337,-12.579439,13.450888,-3.8245049,-5.5273643,-0.37532407,5.5229545,27.029963,-40.091106,66.94277,7.482067,-25.865332,32.171135,37.962734
828,-18.661794662475586,-626.6376953125,62.01570510864258,-9.003357541879414,-7.037159421475652,-93.40236264056132,-9.359968,20.5795,10.221797,77.81781,-4.7032547,-9.815666,-3.680921,12.52916,-12.047395,13.579169,-4.116695,-5.4941974,0.550216,6.5781274,26.97843,-40.136543,67.1331,6.5913415,-25.894585,31.572098,37.5273
829,-18.68653106689453,-626.9735107421875,62.04014587402344,-8.975371518805629,-7.154380662172583,-93.94553304795646,-9.807441,20.680218,10.423918,77.60081,-6.2768383,-9.311906,-3.3804846,12.598927,-11.481004,13.709382,-4.3868084,-5.490043,1.5266477,7.543926,26.921045,-40.17039,67.36019,5.750833,-25.927881,30.879383,37.05941
830,-18.697717666625977,-627.3037719726562,62.06764602661133,-8.934062695231486,-7.247206633664329,-94.5408668906516,-10.2404175,20.76315,10.690928,77.197945,-7.8394403,-8.762757,-3.1212118,12.65501,-10.876129,13.848122,-4.6411934,-5.508722,2.500713,8.470036,26.865261,-40.1112,67.59744,4.8895545,-25.958328,30.18423,36.612156
831,-18.705692291259766,-627.6195068359375,62.09638214111328,-8.875973577451711,-7.316037887532659,-95.13494502264314,-10.660767,20.819366,10.969165,76.61589,-9.3123865,-8.300059,-2.8857622,12.686743,-10.277482,13.975577,-4.8815746,-5.5222573,3.4615483,9.38342,26.806538,-40.05392,67.794815,4.0669355,-25.993113,29.424536,36.14593
832,-18.71445083618164,-627.934326171875,62.128726959228516,-8.80529054534474,-7.366096038692384,-95.67214599114112,-11.066536,20.852066,11.207246,75.864296,-10.618792,-8.053223,-2.6495345,12.69263,-9.731592,14.062062,-5.10291,-5.503352,4.295205,10.333629,26.752266,-40.010338,67.914406,3.2840025,-26.026209,28.710932,35.632275
833,-18.720834732055664,-628.2420654296875,62.16306686401367,-8.720313002383083,-7.383446833211614,-96.14596999887213,-11.474027,20.865992,11.416044,74.940605,-11.718943,-8.1202965,-2.4229548,12.66659,-9.243348,14.096218,-5.2998133,-5.4344053,5.042806,11.310893,26.697021,-40.0042,67.94659,2.545073,-26.062521,27.959166,35.083046
834,-18.723743438720703,-628.5453491210938,62.203182220458984,-8.621883900891351,-7.372072049163232,-96.58219215117948,-11.874829,20.860819,11.627848,73.837364,-12.658591,-8.410162,-2.210457,12.61375,-8.791112,14.091126,-5.47413,-5.334947,5.7240095,12.298529,26.642206,-40.01578,67.916504,1.8259261,-26.100025,27.185709,34.51988
835,-18.71786880493164,-628.8226318359375,62.24296188354492,-8.513343670830734,-7.356867851821018,-96.9768149845978,-12.233383,20.82763,11.827245,72.555214,-13.484625,-8.767378,-1.9885492,12.541869,-8.380505,14.067654,-5.6425405,-5.231469,6.2745934,13.325982,26.594057,-40.03672,67.82258,1.1483104,-26.13281,26.49964,33.899734
836,-18.713546752929688,-629.114013671875,62.28178024291992,-8.395209791491151,-7.355377635161594,-97.33526449122161,-12.518187,20.749332,12.005708,71.090385,-14.246229,-9.034977,-1.7614721,12.44628,-8.012437,14.086817,-5.841932,-5.14965,6.7554502,14.397861,26.548641,-40.14777,67.65056,0.59533036,-26.169367,25.80447,33.17262
837,-18.7110652923584,-629.4232177734375,62.322391510009766,-8.264357438741962,-7.384874643710461,-97.61459322837052,-12.719611,20.584427,12.083643,69.42861,-14.962232,-9.192107,-1.4960543,12.321194,-7.7277565,14.140729,-6.0783067,-5.096879,7.0452347,15.575713,26.512716,-40.321133,67.37637,0.12688397,-26.19927,25.239784,32.351307
838,-18.720033645629883,-629.747802734375,62.36882019042969,-8.115106677711495,-7.42733156688427,-97.84705938909971,-12.848012,20.35259,12.113738,67.57087,-15.60618,-9.31512,-1.2190368,12.164406,-7.495754,14.229308,-6.3437963,-5.0590935,7.2621574,16.809862,26.480122,-40.602524,67.01179,-0.20569628,-26.231653,24.643255,31.418144
839,-18.724685668945312,-630.065185546875,62.417274475097656,-7.960596361997227,-7.463675693469641,-98.07879699109206,-12.915224,20.127144,12.206065,65.54689,-16.16086,-9.3939295,-0.9576966,11.996962,-7.2679157,14.329213,-6.6106505,-5.0275903,7.4570584,17.999588,26.45214,-40.97498,66.62184,-0.43076253,-26.266424,24.03791,30.37918
840,-18.72368621826172,-630.3831176757812,62.467227935791016,-7.808757372909,-7.47212450845624,-98.37021301952906,-12.930824,19.97601,12.485492,63.381084,-16.607311,-9.426264,-0.74473965,11.837218,-6.98299,14.419352,-6.849665,-4.993959,7.693792,19.067585,26.427591,-41.39785,66.252235,-0.57541376,-26.303076,23.435095,29.238075
841,-18.718706130981445,-630.67578125,62.51589584350586,-7.652570959108895,-7.442284624056691,-98.76641732589276,-12.904124,19.915672,13.017029,61.07005,-16.929699,-9.425417,-0.6042963,11.684795,-6.599984,14.495478,-7.046379,-4.9640026,7.995781,20.018549,26.405485,-41.86955,65.88008,-0.65048206,-26.34105,22.857754,27.972887
842,-18.71219825744629,-630.8470458984375,62.54783248901367,-7.490237205584554,-7.385185452132175,-99.22957093735276,-12.827448,19.8962,13.729885,58.602222,-17.142822,-9.402199,-0.51944643,11.52974,-6.157082,14.576951,-7.223733,-4.939063,8.315568,20.892477,26.385212,-42.390137,65.487686,-0.6438547,-26.379358,22.31493,26.584038
843,-18.684040069580078,-631.0987548828125,62.57355880737305,-7.335049789259776,-7.309598821488883,-99.68995984541291,-12.690357,19.881384,14.539032,55.985348,-17.270796,-9.354043,-0.45001718,11.37783,-5.7133923,14.64748,-7.3892226,-4.9038243,8.611553,21.676046,26.365711,-42.912773,65.117615,-0.5582975,-26.417522,21.794296,25.117748
844,-18.668764114379883,-631.3866577148438,62.61000061035156,-7.204990600418054,-7.225221065263943,-100.07707154708496,-12.483476,19.838093,15.356899,53.22639,-17.339912,-9.2769,-0.35747486,11.235927,-5.329756,14.696666,-7.554975,-4.8435006,8.832194,22.369055,26.345463,-43.37201,64.8043,-0.38682675,-26.455482,21.280193,23.611307
845,-18.65937614440918,-631.6909790039062,62.6490478515625,-7.117286402582261,-7.1298195995460825,-100.35222514712491,-12.1657095,19.783825,16.249926,50.20954,-17.381357,-9.208442,-0.2308649,11.115701,-5.0362864,14.721977,-7.7233605,-4.7502875,8.93307,22.98483,26.32227,-43.69545,64.56016,-0.086194366,-26.491304,20.75171,22.01561
846,-18.651256561279297,-631.9972534179688,62.68421936035156,-7.061505041818858,-7.025623294114712,-100.52401105240926,-11.760145,19.694908,17.202354,46.957005,-17.367237,-9.156779,-0.08173513,11.009656,-4.830037,14.726428,-7.8924727,-4.632911,8.839627,23.589203,26.300596,-43.829624,64.32661,0.19033782,-26.510895,20.372059,20.429132
847,-18.6348819732666,-632.298828125,62.712711334228516,-7.00229999492084,-6.910079675415197,-100.7051670872049,-11.3417635,19.528976,18.109226,43.69676,-17.248278,-9.057722,0.06495249,10.896718,-4.615999,14.71054,-8.052471,-4.5029483,8.728827,24.160492,26.276484,-43.9181,64.06741,0.589719,-26.532745,19.989632,18.765808
848,-18.616857528686523,-632.5918579101562,62.73619079589844,-6.917722426628036,-6.79209509140292,-100.9184940489845,-11.007161,19.259232,18.768417,40.67815,-16.989584,-8.8109865,0.2096903,10.7607355,-4.3824277,14.659877,-8.198515,-4.372644,8.6160345,24.69229,26.252993,-44.035854,63.761513,1.0135903,-26.563156,19.661053,17.14158
849,-18.594579696655273,-632.8510131835938,62.75398254394531,-6.781708491839611,-6.665169447456385,-101.19777092565826,-10.795602,18.861038,19.097359,37.792038,-16.50387,-8.258635,0.34177122,10.580323,-4.105063,14.565314,-8.324617,-4.23886,8.518233,25.199083,26.232634,-44.262547,63.363136,1.3951623,-26.606188,19.4282,15.604299
850,-18.58490562438965,-633.117431640625,62.77351379394531,-6.60855031643689,-6.53001697740925,-101.51740952009514,-10.657637,18.388538,19.209173,34.99662,-15.861018,-7.459986,0.460426,10.362562,-3.8022125,14.45433,-8.446742,-4.0975385,8.441166,25.637611,26.216166,-44.600655,62.919254,1.7127675,-26.661873,19.286625,14.17534
851,-18.565959930419922,-633.3924560546875,62.825836181640625,-6.427092624113518,-6.404008382256992,-101.82575573822429,-10.55037,17.935455,19.207388,32.63325,-15.250642,-6.638543,0.58697414,10.1330185,-3.513487,14.349638,-8.578197,-3.956844,8.385446,25.947584,26.202623,-44.98354,62.523678,1.9833744,-26.727798,19.205845,12.88555
852,-18.539966583251953,-633.6640625,62.882266998291016,-6.323819831284854,-6.332261943745416,-101.97864128256677,-10.466587,17.611101,19.078733,31.100634,-14.881223,-6.033562,0.76631796,9.961355,-3.3672757,14.294593,-8.757229,-3.8257608,8.231986,26.137184,26.195166,-45.18078,62.297222,2.1036434,-26.7641,19.191174,11.906738
853,-18.50452995300293,-633.9515991210938,62.94891357421875,-6.225818811788159,-6.272491207214467,-102.11319326722041,-10.300241,17.366552,18.997187,30.43639,-14.687986,-5.7318306,0.983357,9.79025,-3.2257106,14.220721,-8.931625,-3.7050948,8.136116,26.188766,26.18716,-45.320415,62.138187,2.3026352,-26.806192,19.18899,10.953077
854,-18.472232818603516,-634.3194580078125,62.98995590209961,-6.160097319545228,-6.235895695457932,-102.20609876756399,-10.127155,17.213427,18.846146,30.538214,-14.642919,-5.600131,1.2098892,9.641866,-3.1217911,14.211066,-9.154049,-3.5899396,8.053754,26.110077,26.177944,-45.373615,62.08307,2.5482466,-26.854956,19.192106,10.065423
855,-18.459423065185547,-634.6150512695312,62.987911224365234,-6.122215927284286,-6.2124750945859795,-102.2675434840578,-9.955075,17.118525,18.675632,30.956944,-14.68529,-5.560589,1.4431294,9.518281,-3.045274,14.213184,-9.380643,-3.4844248,7.9515624,25.919239,26.168001,-45.349277,62.1081,2.8284595,-26.909672,19.208838,9.251802
856,-18.464323043823242,-634.8731689453125,62.956886291503906,-6.091237649144769,-6.185923958616975,-102.32409029167319,-9.782342,17.029346,18.559027,31.221678,-14.745393,-5.5370226,1.665863,9.406534,-2.9730458,14.195964,-9.577946,-3.3899639,7.811715,25.62817,26.15869,-45.280746,62.175556,3.1318936,-26.969292,19.25437,8.519949
857,-18.45258903503418,-635.1296997070312,62.93088150024414,-6.067981729578983,-6.150580706226788,-102.39728650648091,-9.599951,16.942863,18.53074,31.24378,-14.834076,-5.547921,1.8569403,9.306785,-2.885425,14.181166,-9.751691,-3.3133736,7.649678,25.217924,26.151749,-45.19685,62.28751,3.442924,-27.033878,19.344522,7.873951
858,-18.426359176635742,-635.3794555664062,62.928855895996094,-6.048046852716145,-6.109799369572664,-102.48652373555474,-9.401176,16.873713,18.57003,31.23683,-14.9653635,-5.620797,2.02832,9.215128,-2.7814274,14.164217,-9.905018,-3.2505732,7.4911566,24.672247,26.14803,-45.10319,62.456093,3.740358,-27.102728,19.483093,7.3348
859,-18.394329071044922,-635.6260986328125,62.95994567871094,-6.011417111266649,-6.064352080749155,-102.57935022470741,-9.192969,16.789062,18.662636,31.195131,-15.080093,-5.6977386,2.187624,9.107391,-2.6756628,14.141867,-10.043668,-3.1874535,7.334076,24.015682,26.147123,-45.001637,62.651234,4.001692,-27.175236,19.664337,6.9507227
860,-18.35804557800293,-635.8660888671875,63.00974655151367,-5.929497154748046,-6.014915622077084,-102.65682679878014,-8.976669,16.642563,18.791521,31.094267,-15.108913,-5.7173686,2.3483784,8.952398,-2.5894055,14.097402,-10.16559,-3.109678,7.1659756,23.287216,26.147919,-44.88955,62.829548,4.216034,-27.249783,19.876215,6.7644176
861,-18.314043045043945,-636.063232421875,63.055152893066406,-5.783342953312418,-5.968053855294062,-102.696734769577,-8.74803,16.40714,18.958803,30.913034,-15.015164,-5.647281,2.5223265,8.731686,-2.544773,14.020862,-10.268291,-3.0055308,6.968414,22.506628,26.15035,-44.778152,62.974422,4.362144,-27.325941,20.11586,6.8198867
862,-18.28035545349121,-636.2573852539062,63.09783935546875,-5.585275282409442,-5.927819741206732,-102.69772393747016,-8.507687,16.09777,19.157028,30.656883,-14.832983,-5.5206347,2.7028968,8.456124,-2.5430868,13.931126,-10.3598995,-2.8847153,6.745667,21.66484,26.154747,-44.673332,63.09989,4.4452386,-27.402761,20.38459,7.1058717
863,-18.260295867919922,-636.4782104492188,63.13676834106445,-5.357377100499518,-5.884299427471299,-102.67760967914582,-8.271993,15.74232,19.355959,30.355436,-14.608927,-5.376589,2.875978,8.147422,-2.5678382,13.842821,-10.448832,-2.7654998,6.530819,20.74962,26.160244,-44.557198,63.216957,4.4815574,-27.478054,20.673529,7.5816436
864,-18.23162078857422,-636.7127685546875,63.17922592163086,-5.109961867984592,-5.783466949081244,-102.65488618140083,-8.07796,15.349173,19.529837,30.00595,-14.374683,-5.255568,2.992332,7.8152018,-2.6043653,13.757987,-10.539205,-2.6651454,6.1906652,19.644844,26.159039,-44.262997,63.401127,4.3205714,-27.610504,21.21984,8.2497835
865,-18.189716339111328,-636.89599609375,63.21885681152344,-4.838655434425804,-5.595153692487746,-102.68824787543001,-7.9425764,14.929572,19.721413,29.644556,-14.155477,-5.1791563,2.985608,7.454231,-2.5981758,13.765528,-10.68087,-2.5963576,4.845423,19.392216,26.056698,-42.378166,63.097298,3.2916582,-28.005121,23.284794,9.13623
866,-18.1557559967041,-637.1127319335938,63.26584243774414,-4.61796038431796,-5.41714930806212,-102.74893373183167,-7.812536,14.572469,19.911833,29.34548,-13.973028,-5.1316094,3.0316453,7.1462493,-2.556023,13.651316,-10.737974,-2.5513682,4.4437304,18.425562,26.023142,-41.49958,63.188385,3.0018706,-28.033892,23.993628,10.0358305
867,-18.10997200012207,-637.322509765625,63.32411193847656,-4.4017376483919275,-5.220591417870258,-102.82580677023486,-7.689021,14.217073,20.1125,29.027267,-13.797548,-5.092442,3.060251,6.844797,-2.5046299,13.515326,-10.770301,-2.5091734,4.171246,17.323984,26.002346,-40.6666,63.30129,2.7946453,-28.026114,24.560217,11.000054
868,-18.057350158691406,-637.5151977539062,63.385684967041016,-4.189735665838787,-5.020646335963534,-102.91135027067911,-7.5561843,13.861918,20.327364,28.663881,-13.629637,-5.0459414,3.0786693,6.5503764,-2.4566398,13.365505,-10.777432,-2.4509027,3.9145913,16.215265,25.988352,-39.74563,63.33412,2.5743983,-28.008392,25.16059,12.02442
869,-18.006778717041016,-637.6963500976562,63.4417610168457,-3.9754456491687717,-4.810955399986395,-103.01199794999363,-7.4157,13.501718,20.56972,28.232874,-13.464535,-4.9839134,3.0832393,6.2601805,-2.4110477,13.186639,-10.744102,-2.3644147,3.675908,15.100499,25.9813,-38.710762,63.269943,2.3257983,-27.978756,25.796062,13.129264
870,-17.968799591064453,-637.8812255859375,63.492618560791016,-3.7595662800041674,-4.586369517909439,-103.1286247104449,-7.272745,13.134622,20.833857,27.747849,-13.300928,-4.91626,3.0699914,5.9719696,-2.364212,12.986476,-10.679186,-2.2616367,3.4569001,13.961396,25.978874,-37.562943,63.142616,2.0565438,-27.936977,26.458984,14.319991
871,-17.91596794128418,-638.027587890625,63.54080581665039,-3.551627878987644,-4.36689796149994,-103.24455964002645,-7.121353,12.7722225,21.093447,27.243938,-13.147198,-4.853016,3.0522234,5.6928687,-2.3239577,12.798428,-10.613833,-2.160736,3.2445815,12.817656,25.981594,-36.34844,62.966457,1.7955512,-27.888218,27.16182,15.548445
872,-17.875478744506836,-638.14111328125,63.575626373291016,-3.334787096869874,-4.175269851921879,-103.35050051787461,-6.959507,12.407693,21.329285,26.780666,-13.025472,-4.80431,2.970209,5.402629,-2.2987251,12.839244,-10.687239,-2.0795257,3.0372658,11.711734,25.988,-35.11517,62.723152,1.5448838,-27.842894,27.925638,16.801588
873,-17.838478088378906,-638.2359619140625,63.59760665893555,-3.1332669083794222,-4.014699772557671,-103.45889949955593,-6.7816205,12.066923,21.546562,26.354382,-12.938009,-4.7720942,2.8646176,5.1264024,-2.2713783,13.008855,-10.834093,-2.0265331,2.8436413,10.632735,25.997894,-33.840714,62.428425,1.3445431,-27.795277,28.734318,18.04176
874,-17.807374954223633,-638.4114990234375,63.6252326965332,-2.9469258828083875,-3.8749829817869705,-103.56933491564722,-6.5886564,11.747155,21.750732,25.935993,-12.871545,-4.749759,2.7597744,4.8678246,-2.2422862,13.219182,-10.999429,-1.9905926,2.6662107,9.56422,26.012445,-32.518543,62.08408,1.185944,-27.743097,29.574366,19.28622
875,-17.765371322631836,-638.5969848632812,63.65264129638672,-2.771390344649364,-3.753664450747159,-103.64363646838311,-6.388253,11.432568,21.910671,25.51907,-12.814279,-4.7340517,2.6716895,4.6186943,-2.2429976,13.444252,-11.182291,-1.961668,2.473599,8.507657,26.035,-31.215277,61.6917,1.0474485,-27.693388,30.453674,20.537676
876,-17.73322296142578,-638.7640380859375,63.675193786621094,-2.5975057502287084,-3.647717797238582,-103.64321706920825,-6.1853857,11.106442,21.99597,25.094032,-12.752933,-4.7227407,2.623843,4.3708954,-2.304988,13.642406,-11.378345,-1.9294965,2.2366288,7.4663773,26.06935,-29.996479,61.250168,0.9059684,-27.653326,31.379543,21.800005
877,-17.715299606323242,-638.9193725585938,63.693450927734375,-2.4214382367870746,-3.5650820199141533,-103.53307981683008,-5.971707,10.757782,21.975912,24.651571,-12.6804285,-4.720541,2.6338785,4.1195254,-2.4613247,13.810933,-11.596772,-1.8926003,1.9315565,6.453625,26.117403,-28.866457,60.73565,0.7680257,-27.626072,32.352688,23.07536
878,-17.698192596435547,-639.0661010742188,63.70635223388672,-2.2527414216743313,-3.5270794835141936,-103.37447159466241,-5.7209406,10.409896,21.906857,24.207361,-12.6110325,-4.728919,2.7024717,3.8741267,-2.6535878,13.967425,-11.829139,-1.8564131,2.184889,5.073612,26.143496,-28.587843,60.287624,1.1312969,-27.628849,32.5526,24.21405
879,-17.670438766479492,-639.2208862304688,63.71718215942383,-2.080346655914983,-3.4512714444536265,-103.13010693174142,-5.5246997,10.042789,21.745218,23.747139,-12.531485,-4.7336044,2.7512603,3.6265697,-2.9235787,14.111314,-12.075999,-1.8195459,1.2850846,4.4759808,26.245762,-26.858574,59.506027,0.5641604,-27.601704,34.329456,25.625053
880,-17.641050338745117,-639.4615478515625,63.72891616821289,-1.9379573271911414,-3.4203930936907114,-103.03578968817644,-5.2845893,9.750637,21.71905,23.352037,-12.501287,-4.740345,2.8119166,3.4170334,-3.0336528,14.253786,-12.287428,-1.7840677,1.6792225,3.3122458,26.267246,-26.722643,58.832085,0.9642198,-27.605053,34.47644,26.713594
881,-17.621858596801758,-639.6306762695312,63.738258361816406,-1.7623108526078182,-3.2991441674926256,-102.83261303272695,-5.145184,9.395231,21.573238,22.885614,-12.427853,-4.7237043,2.7800784,3.1779096,-3.245724,14.423218,-12.527716,-1.7436277,0.7578849,2.5364456,26.414852,-25.13378,58.15003,0.21367055,-27.570837,36.487362,28.232203
882,-17.607112884521484,-639.7537231445312,63.74268341064453,-1.637022084576476,-3.2474169586022352,-102.77603041689306,-4.9490294,9.137437,21.555546,22.51316,-12.422652,-4.715917,2.7933385,2.9966912,-3.2962193,14.567211,-12.718703,-1.7061095,1.1781956,1.4429793,26.43992,-25.051155,57.37633,0.58875245,-27.576162,36.677166,29.30774
883,-17.585554122924805,-639.8685913085938,63.74369812011719,-1.4868465960115966,-3.1345084113257147,-102.66354436017117,-4.808717,8.834908,21.48103,22.08711,-12.378859,-4.7003303,2.7490292,2.7899323,-3.4023433,14.720071,-12.929976,-1.6655909,1.3559058,0.06593662,26.50239,-24.892937,56.796623,0.7152073,-27.591352,37.251034,30.530605
884,-17.572629928588867,-639.9876098632812,63.74660110473633,-1.3310274883230113,-3.0205091330215907,-102.53503680842563,-4.6835217,8.531108,21.392363,21.679485,-12.325986,-4.6841855,2.7029512,2.5784943,-3.5290315,14.875661,-13.15244,-1.6247125,0.2659984,-0.29697406,26.735968,-23.193232,55.868332,-0.36304888,-27.520422,39.82115,32.163673
885,-17.558317184448242,-640.1151733398438,63.74729919433594,-1.2136893906429471,-2.9793561166089595,-102.4667757499013,-4.5173283,8.299273,21.359362,21.37519,-12.315872,-4.6750193,2.7391534,2.4092662,-3.5979838,14.969621,-13.335608,-1.5885526,0.66164315,-1.192782,26.761068,-23.15925,54.95405,0.030630676,-27.524818,40.035416,33.247486
886,-17.53481101989746,-640.2278442382812,63.746803283691406,-1.06513164049147,-2.9106375073478814,-102.30976911568682,-4.3831606,8.012499,21.240948,21.017757,-12.254286,-4.6547785,2.7540956,2.2055995,-3.7602785,15.076069,-13.550694,-1.5499063,0.82548743,-2.2968626,26.826546,-23.13028,54.168232,0.1854477,-27.536037,40.646164,34.516068
887,-17.515138626098633,-640.33984375,63.74654769897461,-0.9248988286124789,-2.8485295997435567,-102.14129388313495,-4.262464,7.742839,21.109524,20.696806,-12.198027,-4.6337814,2.781354,2.0130708,-3.9340687,15.164,-13.754609,-1.5091153,-0.07409824,-2.6754818,27.077488,-21.926134,53.231678,-0.670315,-27.444828,42.949554,36.126736
888,-17.49847984313965,-640.4503173828125,63.74442672729492,-0.8165548087957939,-2.808433429760203,-102.07302927567605,-4.127573,7.536374,21.07595,20.454823,-12.185023,-4.6209965,2.8251686,1.8562938,-4.0046997,15.222623,-13.914174,-1.4641832,0.2653156,-3.3935773,27.101734,-21.917027,52.25395,-0.26665178,-27.446188,43.151623,37.21166
889,-17.48430824279785,-640.5621948242188,63.74403762817383,-0.6928215677992167,-2.754398158947882,-101.97941904876818,-4.0069013,7.3094425,21.022453,20.195904,-12.1458235,-4.6000257,2.8574545,1.6853192,-4.099963,15.286046,-14.071828,-1.4118947,0.50798625,-4.1528964,27.138514,-21.92493,51.329494,0.090522625,-27.446787,43.439358,38.35011
890,-17.470897674560547,-640.6700439453125,63.7469482421875,-0.5564972643565229,-2.675755922367264,-101.80759338682239,-3.9257963,7.060813,20.893538,19.92529,-12.079283,-4.568455,2.884762,1.5057062,-4.2733746,15.328617,-14.224783,-1.3535378,0.5109342,-5.02731,27.218437,-21.933054,50.532875,0.25984406,-27.437868,44.02076,39.60727
891,-17.458520889282227,-640.776611328125,63.7500114440918,-0.452316038855661,-2.6008826901052844,-101.65967290272403,-3.865746,6.8621116,20.78413,19.72327,-12.04401,-4.5421824,2.926154,1.3610901,-4.421391,15.327027,-14.338244,-1.2905322,-0.18845181,-5.2719507,27.51942,-21.075197,49.55855,-0.2782874,-27.275402,45.71596,41.128258
892,-17.44312858581543,-640.8748779296875,63.753501892089844,-0.3614726022269063,-2.545197923280633,-101.61085125321343,-3.7812629,6.697472,20.771343,19.557196,-12.033931,-4.527394,2.9593143,1.2298101,-4.4718075,15.346664,-14.436948,-1.21819,0.045853116,-5.795756,27.542671,-21.066412,48.632053,0.11254333,-27.27041,45.862167,42.188442
893,-17.432912826538086,-640.9752197265625,63.756065368652344,-0.26878483603177755,-2.460759884081748,-101.5546032922467,-3.7256255,6.527054,20.751518,19.378757,-12.01006,-4.5191407,2.9618838,1.0956266,-4.5314684,15.367983,-14.525667,-1.1238532,0.24744566,-6.356012,27.57675,-21.081102,47.743343,0.44442138,-27.263712,46.07057,43.293922
894,-17.410320281982422,-641.0635375976562,63.75640106201172,-0.1775705243625914,-2.3099971093147964,-101.4741703590589,-3.7390647,6.3554544,20.707455,19.195728,-11.976607,-4.515077,2.914065,0.9653218,-4.6165657,15.362688,-14.595102,-1.01255,0.33208242,-7.0273294,27.65309,-21.116837,46.941044,0.5875837,-27.242113,46.489384,44.49525
895,-17.396316528320312,-641.1456298828125,63.75896453857422,-0.1236530078266803,-2.165574481989167,-101.42657428800409,-3.771185,6.2431135,20.689707,19.08782,-11.984898,-4.518456,2.8827662,0.87770385,-4.6690106,15.307712,-14.62325,-0.90912,0.031294305,-7.339597,27.927374,-20.701477,46.070503,0.28560233,-27.08743,47.568054,45.851635
896,-17.379148483276367,-641.2222900390625,63.758216857910156,-0.06185855661323492,-2.088296777910626,-101.41276498266895,-3.7308223,6.123771,20.706045,18.96704,-11.985093,-4.5176444,2.8775458,0.7774783,-4.6921372,15.321007,-14.683629,-0.82980347,0.22517294,-7.703978,27.949465,-20.69674,45.24125,0.61729354,-27.080328,47.688107,46.81953
897,-17.36076545715332,-641.2991333007812,63.76233673095703,0.0034382377268958398,-1.9862341438150624,-101.40323043049744,-3.7042773,5.9980245,20.728397,18.819763,-11.972239,-4.514789,2.8331385,0.6721488,-4.717711,15.363456,-14.767096,-0.79001623,0.3966488,-8.079328,27.979778,-20.713259,44.425415,0.89529973,-27.071745,47.850586,47.77147
898,-17.342378616333008,-641.3755493164062,63.76324462890625,0.07172091698609838,-1.8220326833210243,-101.41028405376487,-3.7245758,5.869237,20.768887,18.650505,-11.951312,-4.5133643,2.7182922,0.5633149,-4.7316055,15.423988,-14.86432,-0.77541524,0.5153347,-8.504065,28.046934,-20.74493,43.637672,1.0217083,-27.049364,48.16095,48.7513
899,-17.31878089904785,-641.451904296875,63.76655578613281,0.12467114375606715,-1.6999617029525138,-101.43122668994914,-3.7188983,5.762218,20.817947,18.515837,-11.94739,-4.509757,2.641612,0.46947938,-4.7317824,15.473275,-14.946596,-0.76393104,0.6144438,-8.827635,28.113228,-20.74976,42.90346,1.1643767,-27.02418,48.44306,49.64313
900,-17.304807662963867,-641.5146484375,63.77171325683594,0.18607508049219548,-1.5922730490480292,-101.46464274404349,-3.6901648,5.640112,20.875938,18.35838,-11.935721,-4.4986634,2.5808568,0.36545995,-4.7170744,15.512636,-15.015931,-0.7286742,0.70680505,-9.061313,28.176332,-20.724155,42.172783,1.2972916,-26.998217,48.696194,50.477276
901,-17.291427612304688,-641.5829467773438,63.77704620361328,0.25617260712101375,-1.4832408755760145,-101.52691011876595,-3.649463,5.5012035,20.957832,18.179136,-11.919244,-4.4805636,2.5221107,0.24900158,-4.670125,15.536296,-15.063703,-0.6584283,0.6751712,-9.060236,28.31782,-20.479357,41.34978,1.251815,-26.929302,49.15834,51.336285
902,-17.258825302124023,-641.65771484375,63.78432083129883,0.33556844518711637,-1.4027886843412702,-101.57950296286876,-3.579709,5.343137,21.026224,17.982233,-11.892837,-4.4540925,2.491416,0.120474674,-4.631483,15.558962,-15.1049185,-0.5670667,0.7777198,-9.090594,28.353867,-20.388535,40.596718,1.4026778,-26.912842,49.2974,52.035446
903,-17.22175407409668,-641.7315673828125,63.78705596923828,0.42217328823006856,-1.322267166542305,-101.65017749401171,-3.4984794,5.1730747,21.111696,17.76195,-11.855015,-4.4231396,2.455392,-0.017427618,-4.5747385,15.586762,-15.148034,-0.47012937,0.870215,-9.059133,28.386496,-20.277773,39.86188,1.5187713,-26.898617,49.432175,52.682674
904,-17.193477630615234,-641.7984619140625,63.788211822509766,0.512444368301605,-1.2490973825648426,-101.72435443196161,-3.406358,4.9994493,21.2009,17.530708,-11.8088045,-4.3885517,2.4190407,-0.15846074,-4.5153213,15.627132,-15.206301,-0.38292876,0.9332388,-8.974626,28.416185,-20.150728,39.16466,1.6169018,-26.88652,49.55073,53.267033
905,-17.171085357666016,-641.870849609375,63.792747497558594,0.6076110644334646,-1.1879682014602728,-101.79807062269502,-3.2994018,4.8205028,21.290174,17.286175,-11.750801,-4.344033,2.390419,-0.30349886,-4.4583473,15.674981,-15.280248,-0.30209646,0.9642614,-8.832165,28.44332,-20.010927,38.49726,1.7081532,-26.876474,49.642162,53.778503
906,-17.150468826293945,-641.9359741210938,63.79518508911133,0.7082938871695023,-1.1373445874073562,-101.87347691772347,-3.1786394,4.635001,21.380922,17.028603,-11.682472,-4.2911677,2.3699412,-0.4530017,-4.4006634,15.723771,-15.36085,-0.22213106,0.97288203,-8.630025,28.467146,-19.860994,37.854706,1.7928426,-26.868984,49.702164,54.22016
907,-17.123245239257812,-642.0007934570312,63.793724060058594,0.7864791227947957,-1.1015458742265314,-101.91606778571199,-3.072667,4.4798203,21.434105,16.822386,-11.639154,-4.2427588,2.3782191,-0.5764574,-4.374992,15.740358,-15.429779,-0.15650986,0.94505686,-8.508929,28.477186,-19.783743,37.386555,1.8853016,-26.86656,49.71757,54.573803
908,-17.086753845214844,-642.06005859375,63.797821044921875,0.8982204241631536,-1.044107989840846,-102.02280599871209,-2.9276328,4.2725215,21.555887,16.495317,-11.538678,-4.2086625,2.3234208,-0.74163,-4.285021,15.837533,-15.5415125,-0.11187203,0.9642775,-8.170763,28.493784,-19.609081,36.770103,1.9267126,-26.86448,49.715694,54.941692
909,-17.058551788330078,-642.1199340820312,63.80234909057617,0.9621901100309578,-1.0026628678346678,-102.07119180966133,-2.8198566,4.127668,21.60983,16.263824,-11.488747,-4.1974807,2.306662,-0.8538796,-4.2510586,15.882835,-15.6307745,-0.10976102,0.9155531,-7.9865193,28.499887,-19.523085,36.421436,1.9609927,-26.86512,49.69822,55.21355
910,-17.0279598236084,-642.17431640625,63.80434036254883,1.0592913866080174,-0.9293805735062307,-102.18559240806925,-2.6817183,3.9313996,21.733221,15.909371,-11.381152,-4.199891,2.2155542,-1.0064449,-4.1506476,16.011337,-15.766872,-0.13366817,0.92263675,-7.582136,28.508507,-19.337051,35.915936,1.9450843,-26.869501,49.632782,55.478664
911,-17.002897262573242,-642.2346801757812,63.80788040161133,1.1146757666493485,-0.8855495424851173,-102.23744335041388,-2.5741403,3.7947018,21.788141,15.667589,-11.329243,-4.2095966,2.1865737,-1.1108124,-4.1107035,16.068947,-15.866407,-0.16389976,0.8495467,-7.3398166,28.510025,-19.250082,35.685337,1.9272624,-26.873573,49.58302,55.669037
912,-16.97418212890625,-642.2944946289062,63.81204605102539,1.2079718473336716,-0.8153598943411325,-102.35871129544209,-2.4353209,3.603593,21.921629,15.321128,-11.22749,-4.21747,2.103604,-1.2594587,-3.9991682,16.182158,-15.989784,-0.16784546,0.8470523,-6.8626037,28.507772,-19.071499,35.299847,1.873337,-26.88494,49.470356,55.875534
913,-16.940584182739258,-642.3596801757812,63.812721252441406,1.2617046367614735,-0.7809605740493014,-102.41551296592456,-2.3257103,3.4708884,21.988993,15.103603,-11.189543,-4.227343,2.0979033,-1.3641723,-3.9493444,16.212545,-16.066988,-0.1443252,0.7545802,-6.553531,28.502535,-18.992989,35.19629,1.8147372,-26.892702,49.402946,56.028053
914,-16.908737182617188,-642.4185791015625,63.81267166137695,1.3527210523904412,-0.7326995470695176,-102.5496781879385,-2.1688116,3.284762,22.14173,14.773853,-11.098557,-4.240423,2.0468764,-1.51187,-3.8200052,16.301619,-16.168385,-0.101362675,0.7432962,-5.9976697,28.484838,-18.831625,34.947754,1.7269446,-26.910988,49.264664,56.185932
915,-16.8807430267334,-642.4768676757812,63.81003189086914,1.4282849494738545,-0.694418556720344,-102.65609769563987,-2.0314713,3.1231592,22.265682,14.50184,-11.036118,-4.2494445,2.0208497,-1.6410853,-3.7171428,16.359648,-16.252493,-0.049102396,0.6884337,-5.480161,28.461388,-18.69681,34.833916,1.6290636,-26.93193,49.131943,56.30809
916,-16.851179122924805,-642.5355224609375,63.80971145629883,1.4989092188588413,-0.6531286686581629,-102.75394798229735,-1.9061066,2.9672096,22.380535,14.245828,-10.980672,-4.2459154,2.0000408,-1.7648697,-3.6231236,16.398304,-16.325033,0.0076297387,0.6136455,-4.9732585,28.43122,-18.587725,34.81471,1.5119243,-26.95442,48.994267,56.419117
917,-16.82050895690918,-642.594970703125,63.8092041015625,1.5801580309942111,-0.5966783337916264,-102.86389355428416,-1.7852552,2.79378,22.509521,13.966306,-10.915032,-4.2226872,1.9553998,-1.9018528,-3.517211,16.452065,-16.404577,0.07101504,0.56729597,-4.391253,28.354275,-18.448174,34.80903,1.3963847,-27.007624,48.769386,56.507347
918,-16.7959041595459,-642.6543579101562,63.81108093261719,1.6569275090931164,-0.5375096354511261,-102.95695013139984,-1.681942,2.629006,22.621721,13.713665,-10.860574,-4.185355,1.9190961,-2.0320377,-3.4285133,16.48145,-16.469875,0.1420849,0.5146292,-3.8696673,28.277285,-18.39848,34.93028,1.2955486,-27.056728,48.5203,56.553604
919,-16.76352310180664,-642.7068481445312,63.809478759765625,1.7248286040365322,-0.4877822429365585,-103.04286057001148,-1.5820475,2.4756677,22.725416,13.484514,-10.816697,-4.1450863,1.8979588,-2.153447,-3.3458812,16.495209,-16.5248,0.21691252,0.52462304,-3.6056464,28.1241,-18.587257,35.34089,1.2489395,-27.14123,48.157616,56.554096
920,-16.729337692260742,-642.7587280273438,63.81064224243164,1.7822002151801286,-0.4469666758241416,-103.12791220301527,-1.4783854,2.3372068,22.82521,13.26972,-10.779647,-4.113934,1.8948468,-2.2614331,-3.2621698,16.486574,-16.564997,0.29156646,0.49956125,-3.2580755,28.017242,-18.75139,35.753555,1.1244562,-27.17097,47.86739,56.619175
921,-16.702922821044922,-642.8154296875,63.80888366699219,1.8341695724818567,-0.4219076713091252,-103.21237437521394,-1.3617781,2.2067199,22.921679,13.059155,-10.742283,-4.0934343,1.9113498,-2.3611934,-3.1757019,16.46671,-16.596397,0.3688209,0.47301364,-2.870452,27.906582,-18.93259,36.213093,0.99574876,-27.193506,47.57659,56.68558
922,-16.67989158630371,-642.8775634765625,63.80695724487305,1.8801057826902268,-0.4069091193968946,-103.29583250527924,-1.2381299,2.082506,23.015188,12.853555,-10.705469,-4.0778985,1.9429826,-2.45459,-3.087888,16.43367,-16.618437,0.44962984,0.44840023,-2.4652934,27.7886,-19.144758,36.735817,0.86299306,-27.213778,47.274254,56.747486
923,-16.649951934814453,-642.9331665039062,63.80467224121094,1.9227570979989896,-0.39318585071517365,-103.37808756881554,-1.1169108,1.9644648,23.105648,12.657085,-10.673194,-4.0664697,1.9773943,-2.5429094,-3.0008755,16.396536,-16.637608,0.52829885,0.4280017,-2.0528011,27.669373,-19.396053,37.308147,0.72722656,-27.232338,46.950924,56.799393
924,-16.61606216430664,-642.983154296875,63.803035736083984,1.9618894877060642,-0.371634929440989,-103.45899479257898,-1.0030909,1.8502977,23.19335,12.460426,-10.640818,-4.058038,2.0065424,-2.6268613,-2.9168882,16.353743,-16.653584,0.5991827,0.41348457,-1.6458129,27.555414,-19.696346,37.919247,0.5852936,-27.24962,46.602238,56.838516
925,-16.58899688720703,-643.0401000976562,63.801265716552734,1.9960537954073447,-0.3396066579275807,-103.53671881643655,-0.89987034,1.7407768,23.276846,12.264541,-10.60964,-4.0561686,2.0265658,-2.7061727,-2.8381226,16.30896,-16.670462,0.6575927,0.4020203,-1.2465129,27.448645,-20.051128,38.57144,0.4361296,-27.26561,46.219616,56.861713
926,-16.562847137451172,-643.0975952148438,63.801605224609375,2.0249797871982,-0.30189018764903597,-103.61232502062931,-0.80016094,1.635205,23.35683,12.065243,-10.577134,-4.0602493,2.0438669,-2.7802916,-2.7627974,16.257627,-16.684263,0.70751554,0.39534932,-0.84450513,27.345713,-20.454441,39.265137,0.2826743,-27.280241,45.805695,56.871655
927,-16.535192489624023,-643.1489868164062,63.79994583129883,2.050531960286065,-0.2616836756636247,-103.68821447859129,-0.70866394,1.5354705,23.435331,11.878686,-10.5499525,-4.063322,2.0596507,-2.8506172,-2.687383,16.203114,-16.69478,0.75672406,0.3989908,-0.4382776,27.24506,-20.899334,39.989643,0.12744068,-27.29367,45.376102,56.87162
928,-16.5087947845459,-643.2066040039062,63.799903869628906,2.0742575642462007,-0.22111034321912504,-103.76748341240253,-0.6293188,1.4433593,23.51456,11.720053,-10.536166,-4.05892,2.0733385,-2.9180734,-2.6082158,16.14919,-16.701544,0.81285924,0.4148644,-0.030986933,27.145224,-21.378572,40.73974,-0.029131021,-27.306265,44.948006,56.867462
929,-16.480243682861328,-643.2579345703125,63.800655364990234,2.0959651801783297,-0.18070341117884736,-103.853601975833,-0.5613463,1.3568664,23.596708,11.589144,-10.535295,-4.043074,2.0852945,-2.9848552,-2.5218034,16.096643,-16.703466,0.88043815,0.44573087,0.38238853,27.044512,-21.892464,41.52046,-0.18685798,-27.317806,44.521267,56.86013
930,-16.45119857788086,-643.3090209960938,63.79779052734375,2.115942677331153,-0.13820413918597255,-103.94429921763376,-0.504639,1.276412,23.679993,11.481189,-10.544854,-4.0202727,2.0940588,-3.0495257,-2.4308722,16.044897,-16.70161,0.954362,0.4904293,0.8042981,26.943886,-22.44396,42.3297,-0.34759054,-27.32801,44.089256,56.847866
931,-16.42215347290039,-643.360107421875,63.796138763427734,2.1322742807393475,-0.09574559690874339,-104.0329654357737,-0.45716652,1.2047826,23.761045,11.393367,-10.5636835,-3.9958987,2.1036565,-3.1087894,-2.3414583,15.988565,-16.696125,1.0285281,0.545289,1.2381048,26.846064,-23.024042,43.144,-0.5062692,-27.337196,43.653126,56.827274
932,-16.39681625366211,-643.411376953125,63.792999267578125,2.1421195250683467,-0.05409759098434969,-104.11313546291822,-0.41793537,1.1449721,23.836342,11.323526,-10.590657,-3.9750884,2.1171384,-3.1594083,-2.259506,15.922398,-16.687431,1.0967586,0.60596395,1.6819664,26.753862,-23.625494,43.944145,-0.6606009,-27.34546,43.21847,56.794006
933,-16.371288299560547,-643.4497680664062,63.78877258300781,2.145987258080382,-0.013331697418153278,-104.18086341121291,-0.38871267,1.098306,23.902802,11.273122,-10.626149,-3.9576066,2.1358929,-3.2001984,-2.188588,15.842319,-16.674025,1.1608065,0.66791725,2.1294634,26.668936,-24.260265,44.73884,-0.8116893,-27.352324,42.779934,56.747448
934,-16.352588653564453,-643.5013427734375,63.78558349609375,2.1430713927147655,0.027316553234748155,-104.2404236463885,-0.3691377,1.0630126,23.963026,11.242199,-10.670551,-3.941103,2.1581469,-3.2329767,-2.124805,15.7522335,-16.65667,1.2228098,0.73545235,2.5829105,26.589209,-24.928339,45.534504,-0.96154493,-27.35785,42.337364,56.69086
935,-16.3333797454834,-643.5402221679688,63.782257080078125,2.1369223722651656,0.06671297714200328,-104.29742040586909,-0.35361475,1.0366095,24.021841,11.222184,-10.719079,-3.9275954,2.1825397,-3.258833,-2.0631502,15.656647,-16.63627,1.2774025,0.8131772,3.0534337,26.512238,-25.599476,46.312275,-1.1017891,-27.362642,41.901283,56.619858
936,-16.312719345092773,-643.5786743164062,63.78030776977539,2.1244759394877812,0.10369438268681487,-104.35783065876434,-0.3421576,1.019161,24.083723,11.218204,-10.775598,-3.9194117,2.2053714,-3.279276,-1.9984063,15.5653715,-16.617626,1.3189378,0.9071969,3.5488796,26.436249,-26.245203,47.05485,-1.23175,-27.36763,41.488983,56.53564
937,-16.286211013793945,-643.6236572265625,63.77809143066406,2.1047759352226363,0.13731949918804548,-104.4241950019941,-0.32916063,1.0103223,24.151207,11.219245,-10.83286,-3.9186087,2.2267594,-3.2928228,-1.9273013,15.478651,-16.601028,1.3398261,1.0163522,4.070498,26.360638,-26.864153,47.770393,-1.3531387,-27.372688,41.1095,56.438946
938,-16.269023895263672,-643.662109375,63.775367736816406,2.079380710957074,0.16812013427642694,-104.49310163073498,-0.31712902,1.0106142,24.221407,11.230314,-10.89452,-3.923512,2.248909,-3.299272,-1.853334,15.392633,-16.585514,1.345142,1.1368955,4.6109347,26.286816,-27.467484,48.46891,-1.4659905,-27.377295,40.753193,56.328938
939,-16.2556095123291,-643.7007446289062,63.77490234375,2.052112145844321,0.19813494289865435,-104.56107652230187,-0.3077929,1.0152768,24.291227,11.248614,-10.959043,-3.9298246,2.2714942,-3.302685,-1.7811894,15.305712,-16.567587,1.348313,1.2703927,5.162576,26.216213,-28.046885,49.13723,-1.5685815,-27.38177,40.41206,56.204563
940,-16.236440658569336,-643.7391967773438,63.775306701660156,2.026540433064487,0.2286764691274694,-104.6249246438531,-0.30404824,1.020133,24.357374,11.273677,-11.026023,-3.933393,2.2964556,-3.3064668,-1.715829,15.2127495,-16.542812,1.3628974,1.4155606,5.719174,26.1502,-28.591791,49.7625,-1.6560012,-27.38644,40.075455,56.061707
941,-16.21800422668457,-643.7780151367188,63.77418518066406,2.00640454187925,0.25870952307881273,-104.68439191835482,-0.3041369,1.0228802,24.420448,11.306855,-11.097415,-3.9322977,2.326825,-3.312714,-1.6592747,15.112365,-16.508965,1.39646,1.5750529,6.281948,26.08994,-29.10744,50.33906,-1.7274152,-27.39136,39.740383,55.90195
942,-16.20005226135254,-643.8106689453125,63.76824951171875,1.9880981427582445,0.2877403784994441,-104.74104861008189,-0.30748835,1.0258318,24.481768,11.346424,-11.170856,-3.928848,2.3617554,-3.3192787,-1.6086887,15.005196,-16.467743,1.4403895,1.7475435,6.848733,26.0345,-29.598814,50.87904,-1.7860034,-27.396358,39.414078,55.7261
943,-16.18538475036621,-643.8433227539062,63.766746520996094,1.9690245858152926,0.3189817178475751,-104.79398068721864,-0.31522346,1.0312793,24.539114,11.387646,-11.244223,-3.925648,2.3945897,-3.3234422,-1.5615833,14.897063,-16.424795,1.4841946,1.9240232,7.4101768,25.981298,-30.048897,51.39598,-1.8307431,-27.40158,39.10064,55.528564
944,-16.171829223632812,-643.8700561523438,63.763832092285156,1.9453717700020252,0.3556464746143798,-104.84206586167281,-0.33120722,1.0431966,24.590069,11.432522,-11.319034,-3.925446,2.4197202,-3.3226426,-1.5155947,14.790982,-16.38497,1.5174704,2.094316,7.960715,25.927906,-30.438272,51.89903,-1.8651162,-27.407028,38.81007,55.305702
945,-16.158754348754883,-643.8975219726562,63.762821197509766,1.9126817030255436,0.40452379301403146,-104.88562134121693,-0.36291733,1.0669965,24.634539,11.482946,-11.39614,-3.9308236,2.4318151,-3.3122602,-1.4689174,14.683224,-16.347237,1.534547,2.2586534,8.50103,25.870008,-30.756542,52.39263,-1.8829195,-27.413662,38.537533,55.0427
946,-16.142288208007812,-643.931884765625,63.763492584228516,1.8730803438397428,0.4617379675398812,-104.925182822068,-0.4078519,1.1001952,24.673384,11.543248,-11.478781,-3.9397976,2.434786,-3.2948387,-1.4232019,14.573475,-16.309435,1.5420407,2.4155493,9.039105,25.810074,-31.006714,52.86745,-1.889065,-27.420643,38.288498,54.7468
947,-16.129154205322266,-643.9534912109375,63.759849548339844,1.8342419039376363,0.5161258303051364,-104.95952206340117,-0.4503578,1.1321003,24.706568,11.598215,-11.556298,-3.9478636,2.4382544,-3.277791,-1.3813146,14.468725,-16.274708,1.5473937,2.57022,9.561601,25.75336,-31.215893,53.3236,-1.8848345,-27.4267,38.05857,54.439404
948,-16.11746597290039,-643.9806518554688,63.75865936279297,1.803716156188588,0.5561897693210244,-104.9876126557629,-0.47748622,1.1532818,24.733595,11.641015,-11.623747,-3.9504752,2.44908,-3.2684064,-1.3458793,14.378824,-16.246593,1.5579895,2.7293713,10.04941,25.70483,-31.416489,53.765533,-1.8724277,-27.431362,37.843166,54.142803
949,-16.103809356689453,-644.0004272460938,63.75391387939453,1.7843081977176831,0.5751827217239718,-105.01074154486348,-0.4864064,1.1612517,24.755598,11.680128,-11.686211,-3.944496,2.4690492,-3.2710693,-1.3148956,14.315212,-16.231997,1.5761282,2.908678,10.488672,25.664263,-31.634487,54.202984,-1.8435311,-27.436623,37.62823,53.86278
950,-16.088369369506836,-644.0258178710938,63.75197219848633,1.7721121985279553,0.5813785156245334,-105.02887234726406,-0.4817513,1.1595917,24.772404,11.708169,-11.739335,-3.9328048,2.4946709,-3.2809293,-1.2879729,14.26723,-16.22543,1.5977685,3.088614,10.900119,25.63101,-31.832136,54.627457,-1.8072522,-27.440248,37.435886,53.58756
951,-16.070802688598633,-644.0443725585938,63.75044631958008,1.7632977316926042,0.5818938294192294,-105.03957716354614,-0.47207406,1.154324,24.782022,11.730191,-11.786453,-3.9207525,2.5233397,-3.2924826,-1.2695014,14.225414,-16.221035,1.6208466,3.270126,11.277511,25.60231,-32.016396,55.035793,-1.7635679,-27.44405,37.25235,53.313766
952,-16.066516876220703,-644.0699462890625,63.74707794189453,1.7537984674011273,0.5849909522939105,-105.040184636534,-0.46583644,1.1512058,24.782255,11.748814,-11.829084,-3.9136708,2.5524096,-3.3001761,-1.2640413,14.181022,-16.214294,1.6432786,3.4385505,11.62969,25.57702,-32.169964,55.41671,-1.7127222,-27.447075,37.07657,53.030506
953,-16.05766487121582,-644.089599609375,63.74386978149414,1.7439693538969931,0.5939165101299311,-105.02914240215027,-0.46800858,1.1529008,24.7723,11.766006,-11.86641,-3.91282,2.5790167,-3.302061,-1.2743802,14.131631,-16.202724,1.6633731,3.5892398,11.9575615,25.55536,-32.28961,55.76697,-1.6616279,-27.449503,36.919136,52.737347
954,-16.051584243774414,-644.109130859375,63.74081802368164,1.7328863110200747,0.6035168654802734,-105.00819127487247,-0.47314355,1.1558998,24.753384,11.77932,-11.897599,-3.9153895,2.6058056,-3.3009799,-1.2975564,14.081411,-16.18904,1.6825517,3.7356727,12.251024,25.536688,-32.39274,56.096138,-1.599291,-27.452421,36.766865,52.43366
955,-16.043912887573242,-644.1221923828125,63.73537826538086,1.7247983776281133,0.6121154684677965,-104.97938309028281,-0.47596666,1.1576955,24.726496,11.786506,-11.924544,-3.920688,2.6363409,-3.2990165,-1.3296198,14.029091,-16.173918,1.7037053,3.8670022,12.526267,25.520823,-32.45687,56.397266,-1.5362592,-27.45378,36.628178,52.13085
956,-16.035518646240234,-644.1287841796875,63.735084533691406,1.7168570596307982,0.6160329979145618,-104.94507526796855,-0.47331378,1.1572013,24.692505,11.790374,-11.951874,-3.9281645,2.6757348,-3.2982538,-1.3664808,13.972841,-16.158195,1.7297114,3.993882,12.775202,25.505661,-32.49289,56.678513,-1.4667622,-27.454576,36.48236,51.836494
957,-16.02715301513672,-644.147705078125,63.73133850097656,1.7104298714299864,0.6124904016930502,-104.90859757482436,-0.45518786,1.1494999,24.652948,11.778225,-11.975769,-3.9387124,2.7286062,-3.3006501,-1.4058738,13.910608,-16.140951,1.7653273,4.1187406,13.008801,25.49076,-32.487923,56.932472,-1.3888267,-27.45384,36.321487,51.552002
958,-16.02108383178711,-644.15966796875,63.7281608581543,1.7071998152663794,0.6045188772175687,-104.86767456019409,-0.43003327,1.1385659,24.606882,11.761025,-11.999952,-3.952383,2.7899277,-3.304606,-1.4502771,13.846094,-16.12329,1.8076375,4.2398725,13.220982,25.47646,-32.448853,57.161472,-1.3041134,-27.452457,36.151726,51.273838
959,-16.0194091796875,-644.1974487304688,63.724815368652344,1.7032256252419442,0.5959744717437736,-104.81692051825142,-0.406717,1.128226,24.551828,11.742346,-12.020711,-3.9667556,2.8529818,-3.3071022,-1.5029281,13.779614,-16.105078,1.8481063,4.3467436,13.402231,25.46447,-32.38855,57.372807,-1.2219336,-27.450384,35.997463,51.002716
960,-16.013587951660156,-644.21630859375,63.72346878051758,1.69779709118441,0.5923090097491475,-104.75086905838793,-0.3989263,1.1240673,24.485075,11.735845,-12.039874,-3.979548,2.9070413,-3.3050706,-1.5670173,13.718546,-16.089685,1.8779747,4.4354568,13.540655,25.455088,-32.328026,57.57405,-1.1456145,-27.44974,35.867348,50.73713
961,-16.00880241394043,-644.2293090820312,63.721744537353516,1.6891325062304092,0.5961976358621929,-104.66390494039943,-0.4120541,1.1282938,24.401844,11.742567,-12.056208,-3.9895227,2.9485583,-3.2965646,-1.6454132,13.663582,-16.078093,1.8929265,4.4940124,13.626053,25.449444,-32.269264,57.770912,-1.0919412,-27.449883,35.783356,50.48279
962,-16.003211975097656,-644.236328125,63.72090530395508,1.680223955319961,0.604059940165712,-104.56402840527326,-0.43741396,1.1374824,24.308826,11.757108,-12.070281,-3.9981847,2.981968,-3.2839742,-1.7319455,13.614499,-16.069553,1.8982038,4.5379405,13.665409,25.446487,-32.20704,57.959213,-1.0457503,-27.449928,35.722675,50.236168
963,-16.00048065185547,-644.243408203125,63.71974182128906,1.6701733038684716,0.6128747690414844,-104.45676085567413,-0.46922666,1.1494818,24.210524,11.778507,-12.082878,-4.0071683,3.012344,-3.2696795,-1.8257242,13.568399,-16.062214,1.8998682,4.5722528,13.674678,25.445297,-32.139286,58.13132,-0.99836445,-27.450045,35.67801,49.995396
964,-16.000436782836914,-644.243408203125,63.71784210205078,1.6630208924267236,0.6182895873349064,-104.35771647726307,-0.495135,1.1564931,24.122505,11.795024,-12.088899,-4.017629,3.040685,-3.2601123,-1.9154936,13.531802,-16.058094,1.9040272,4.613132,13.673925,25.444244,-32.05619,58.277363,-0.9444148,-27.45007,35.63855,49.76668
965,-15.998699188232422,-644.2490844726562,63.715763092041016,1.6607525547765656,0.6191820330518502,-104.24005417746372,-0.5239733,1.1619487,24.017775,11.823221,-12.094531,-4.0269747,3.0798278,-3.252586,-2.0305912,13.48937,-16.05205,1.9163442,4.6341596,13.673524,25.443027,-31.951807,58.388428,-0.8696977,-27.449377,35.600853,49.53763
966,-15.990236282348633,-644.2477416992188,63.71199035644531,1.6595557098054134,0.6162698873009341,-104.13163535737769,-0.5500595,1.1660638,23.92437,11.857633,-12.100831,-4.0370364,3.1169915,-3.2482724,-2.1402116,13.455447,-16.048536,1.932353,4.659787,13.665651,25.441637,-31.822226,58.47212,-0.78490376,-27.448359,35.572533,49.314297
967,-15.987110137939453,-644.22705078125,63.70729064941406,1.6606140770897209,0.6141179199413023,-104.02518477856145,-0.57341295,1.1674619,23.834894,11.879986,-12.095616,-4.050216,3.1478992,-3.2449117,-2.2486749,13.4318075,-16.049036,1.9423774,4.676539,13.631766,25.441017,-31.68025,58.54352,-0.70803267,-27.447638,35.564713,49.106873
968,-15.985682487487793,-644.2525024414062,63.70579528808594,1.6605142564772213,0.616115087710583,-103.93378148443884,-0.58830595,1.1643558,23.762333,11.873096,-12.071699,-4.070406,3.163816,-3.2422616,-2.3398194,13.426713,-16.05667,1.9368055,4.717439,13.540201,25.442873,-31.600279,58.619926,-0.6530742,-27.446735,35.569305,48.92929
969,-15.982002258300781,-644.2656860351562,63.706146240234375,1.6607469579015173,0.619907061793522,-103.8696952992946,-0.5912605,1.1567999,23.718817,11.83996,-12.032236,-4.0961294,3.159678,-3.2427325,-2.400991,13.453063,-16.079704,1.9093071,4.7786975,13.411746,25.446024,-31.550903,58.684505,-0.61243445,-27.446302,35.580284,48.78137
970,-15.977705955505371,-644.2732543945312,63.70909118652344,1.6576982921192716,0.6262378902356955,-103.78351014866699,-0.59960616,1.1516366,23.655056,11.801384,-11.982943,-4.1243577,3.157341,-3.238556,-2.4838805,13.476378,-16.104292,1.8658197,4.809036,13.236303,25.451548,-31.498695,58.75911,-0.5736798,-27.446447,35.602547,48.636448
971,-15.975326538085938,-644.2681884765625,63.71406173706055,1.6515379458772443,0.6373371742100001,-103.68644677687301,-0.6126127,1.1515809,23.581549,11.753883,-11.923272,-4.1618547,3.1521478,-3.2271492,-2.5764036,13.496308,-16.122244,1.815992,4.8188334,13.026057,25.459322,-31.444363,58.83435,-0.5408548,-27.447277,35.6379,48.49931
972,-15.974587440490723,-644.2510986328125,63.72265625,1.6409848929938904,0.6548562369867557,-103.58675545628844,-0.63040185,1.159908,23.505964,11.696946,-11.854253,-4.214968,3.1396563,-3.2051308,-2.6694665,13.513711,-16.126413,1.7695358,4.8211365,12.789167,25.468494,-31.383495,58.909763,-0.5157544,-27.448656,35.684906,48.37237
973,-15.98081111907959,-644.2344970703125,63.72699737548828,1.6234245827789404,0.6803330411920401,-103.48698971597813,-0.6501138,1.1781018,23.431025,11.623587,-11.773146,-4.290083,3.1207862,-3.169888,-2.7589023,13.524028,-16.11171,1.7230054,4.8255286,12.525516,25.478725,-31.312632,58.985245,-0.49610436,-27.450539,35.74461,48.253647
974,-15.99310302734375,-644.2246704101562,63.73418045043945,1.600343337065984,0.7131474808832221,-103.388509304461,-0.6761751,1.2068471,23.35801,11.546623,-11.687377,-4.382866,3.0927453,-3.1237998,-2.844282,13.534316,-16.085428,1.6731148,4.8272066,12.234805,25.48998,-31.231533,59.058613,-0.483559,-27.452967,35.818535,48.14332
975,-16.0039119720459,-644.2156372070312,63.73893737792969,1.5755851691917577,0.7537525993496328,-103.29519893207338,-0.70521694,1.239643,23.290726,11.453818,-11.588882,-4.4825377,3.053892,-3.0718546,-2.924213,13.5447035,-16.050314,1.6301419,4.8197794,11.923696,25.502024,-31.139528,59.12624,-0.48662642,-27.455872,35.90499,48.04642
976,-16.02271270751953,-644.1939697265625,63.74498748779297,1.5525337869170341,0.8015505829667532,-103.21464237438626,-0.73728025,1.271563,23.23636,11.344618,-11.476319,-4.578575,2.9970322,-3.0198162,-2.9937856,13.565,-16.012308,1.6041677,4.7992034,11.6009865,25.514511,-31.035624,59.183243,-0.5122653,-27.459015,35.999947,47.967968
977,-16.042762756347656,-644.166015625,63.74803161621094,1.533346442180755,0.8543530644868369,-103.15143797293676,-0.7698002,1.2997178,23.199179,11.219361,-11.349851,-4.6671567,2.9236383,-2.9720676,-3.0510468,13.597568,-15.975571,1.6100639,4.770838,11.265857,25.527197,-30.91745,59.22846,-0.55858564,-27.462091,36.0999,47.912315
978,-16.058849334716797,-644.131591796875,63.74953842163086,1.5160446828383107,0.9116430677141769,-103.10607114731926,-0.79980874,1.3254213,23.18,11.073042,-11.206824,-4.753921,2.8332427,-2.9264722,-3.0932004,13.643481,-15.937754,1.638529,4.740624,10.917897,25.539925,-30.78468,59.262783,-0.6214138,-27.46495,36.20456,47.87717
979,-16.077136993408203,-644.092041015625,63.75658416748047,1.4997428276434683,0.9788087970120647,-103.07561598159509,-0.8344995,1.3533334,23.175602,10.910591,-11.051799,-4.8437014,2.7173026,-2.877451,-3.1191494,13.712494,-15.902034,1.6635289,4.7023325,10.565053,25.552673,-30.640429,59.281544,-0.7053439,-27.46768,36.314644,47.85514
980,-16.102519989013672,-644.0401611328125,63.76576232910156,1.4803792790661623,1.123015599402788,-103.0413395376321,-0.932793,1.3861754,23.169596,10.712552,-10.878758,-4.941913,2.526457,-2.814981,-3.1425178,13.7767935,-15.85519,1.6587293,4.5384846,10.167766,25.573143,-30.364492,59.298813,-0.9268394,-27.473103,36.545757,47.835144
981,-16.139949798583984,-643.98486328125,63.7805061340332,1.4628976065631665,1.312340201221225,-103.0170249958695,-1.0645947,1.4170402,23.175,10.482792,-10.686528,-5.050031,2.2660422,-2.747777,-3.1480799,13.89169,-15.823568,1.6181548,3.7580626,10.3042965,25.612822,-29.22477,59.011955,-1.6791022,-27.458193,37.653664,47.94248
982,-16.180864334106445,-643.920166015625,63.79133605957031,1.4399449334099717,1.3876219128431346,-103.01307896945072,-1.1099225,1.4680476,23.196583,10.295312,-10.5083065,-5.16255,2.070483,-2.670209,-3.13033,14.084022,-15.811584,1.5547864,3.7673047,9.987953,25.618761,-29.183697,58.94371,-1.7588542,-27.45772,37.674786,47.94668
983,-16.233041763305664,-643.8348999023438,63.80547332763672,1.4168220298683645,1.5926714304428786,-103.01027892710924,-1.2704828,1.5238898,23.221764,10.085303,-10.321487,-5.282401,1.7461528,-2.5842361,-3.1064303,14.282311,-15.802023,1.4734565,3.6954844,9.494956,25.631893,-29.084925,58.922863,-1.999276,-27.459276,37.753326,47.947964
984,-16.286102294921875,-643.75732421875,63.81632614135742,1.3920163730464288,1.6941526168102512,-103.01785467392108,-1.3601267,1.5979735,23.249823,9.929857,-10.151865,-5.400692,1.4743775,-2.4959855,-3.0724983,14.568137,-15.827984,1.380166,3.6447897,9.173938,25.64041,-29.025738,58.830124,-2.1386652,-27.460972,37.807964,47.945534
985,-16.339984893798828,-643.6715698242188,63.82309341430664,1.3656202470665693,1.8238526950243925,-103.03516815244704,-1.4924241,1.6860498,23.28448,9.808823,-9.996464,-5.5229993,1.1323968,-2.4044015,-3.0271611,14.942019,-15.910426,1.2592427,3.5628927,8.814481,25.650772,-28.959198,58.742363,-2.3153305,-27.463905,37.882385,47.92832
986,-16.402036666870117,-643.5770874023438,63.82625198364258,1.340015228667367,2.0622277613677324,-103.07802646425888,-1.725475,1.7800508,23.344799,9.688052,-9.843775,-5.6530657,0.65160495,-2.3096812,-2.9523542,15.385283,-16.039627,1.1137865,3.3980696,8.345825,25.668798,-28.81947,58.668697,-2.6545465,-27.47198,38.069923,47.905727
987,-16.466157913208008,-643.4662475585938,63.827056884765625,1.3110042959456787,2.163210180171325,-103.11085430680123,-1.8539231,1.8903892,23.387344,9.604701,-9.695061,-5.777591,0.27186078,-2.2063599,-2.8891904,15.881418,-16.166424,0.9782384,3.2726378,8.072913,25.678354,-28.748955,58.52466,-2.8356469,-27.476555,38.174202,47.87932
988,-16.543397903442383,-643.3397827148438,63.825923919677734,1.2897986304677407,2.3866111027909604,-103.19398174931571,-2.1323233,2.0211802,23.479588,9.6314335,-9.620645,-5.906882,-0.27299595,-2.1085467,-2.7715285,16.472748,-16.304905,0.8872599,3.0586064,7.694964,25.696312,-28.60588,58.377228,-3.2008336,-27.487064,38.40603,47.838585
989,-16.625133514404297,-643.2230224609375,63.82130432128906,1.2666800991854126,2.492261916652659,-103.25131430131475,-2.3255415,2.169653,23.538454,9.689084,-9.545828,-6.0264874,-0.7120918,-1.9953108,-2.682684,17.071255,-16.396723,0.85225946,2.8767686,7.479515,25.705896,-28.539385,58.16941,-3.420044,-27.492233,38.5204,47.79641
990,-16.710474014282227,-643.0839233398438,63.816226959228516,1.2486650007028324,2.7308124169202883,-103.37988740044872,-2.654915,2.333856,23.668015,9.805386,-9.515843,-6.1538506,-1.3323616,-1.8796483,-2.5201702,17.77517,-16.515493,0.85447794,2.6260464,7.167175,25.724804,-28.402767,57.933872,-3.8324847,-27.502934,38.757774,47.739826
991,-16.805652618408203,-642.9417724609375,63.81400680541992,1.2260330556126355,2.840199978662349,-103.46217178304907,-2.8721395,2.502479,23.744896,9.901193,-9.455997,-6.26722,-1.8476292,-1.7581502,-2.4089608,18.515554,-16.60584,0.88985115,2.4010983,6.9961586,25.735285,-28.34999,57.67671,-4.077232,-27.508356,38.87701,47.670074
992,-16.901142120361328,-642.7914428710938,63.80851745605469,1.205293498501772,2.983086454114439,-103.58194972427998,-3.1317632,2.6785965,23.857616,10.037767,-9.428642,-6.3775616,-2.4641702,-1.6490835,-2.2624414,19.39195,-16.715086,0.953624,2.162573,6.8053083,25.748318,-28.318121,57.406315,-4.3533573,-27.515472,39.0195,47.558136
993,-16.9979248046875,-642.6333618164062,63.8026237487793,1.1779223816470383,3.135113776220983,-103.73276249773407,-3.3986738,2.8641768,23.999846,10.173991,-9.404999,-6.4766283,-3.1740906,-1.534804,-2.0826766,20.442509,-16.856962,0.96502286,1.9134415,6.6137056,25.763994,-28.313852,57.132763,-4.6380143,-27.524637,39.19173,47.40283
994,-17.088598251342773,-642.4749755859375,63.79038619995117,1.1467990984814422,3.2885678486746643,-103.91083805889242,-3.68664,3.066644,24.166252,10.36339,-9.414483,-6.5666146,-3.9614208,-1.4140282,-1.8772893,21.653574,-17.030857,0.9635931,1.6538054,6.430224,25.782156,-28.339146,56.851295,-4.931384,-27.53604,39.3936,47.216106
995,-17.177499771118164,-642.3074340820312,63.771854400634766,1.1276413793192401,3.541668310882021,-104.2473651391143,-4.034376,3.262965,24.492939,10.552932,-9.451539,-6.6725516,-4.8944707,-1.3068537,-1.527935,22.924082,-17.180948,1.1198403,1.4178098,6.1502256,25.81725,-28.384212,56.57473,-5.4181523,-27.561508,39.808205,47.01449
996,-17.26619529724121,-642.1383666992188,63.759952545166016,1.1125082415308334,3.6429877226484417,-104.43002717109513,-4.24942,3.437332,24.658873,10.679075,-9.428843,-6.7742763,-5.5888243,-1.2315093,-1.3676326,24.00051,-17.200333,1.613823,1.1256888,6.0553603,25.835041,-28.438787,56.29028,-5.697241,-27.575283,40.02401,46.804466
997,-17.356460571289062,-641.9678344726562,63.739566802978516,1.1266059351557562,3.877326658044715,-104.84875441483975,-4.5328116,3.5834496,25.064949,10.799156,-9.448845,-6.91168,-6.448502,-1.1985545,-0.9912591,25.087748,-17.169178,2.4669588,0.91118145,5.842406,25.870775,-28.538595,55.992836,-6.206509,-27.608835,40.4774,46.56512
998,-17.451047897338867,-641.806640625,63.7225227355957,1.1450169821235612,4.067448636707671,-105.23437903150315,-4.7710032,3.7175133,25.434345,10.88838,-9.450768,-7.0549583,-7.230945,-1.1837151,-0.67096734,26.095255,-17.07053,3.605118,0.65981317,5.6989813,25.90249,-28.633324,55.69971,-6.6870313,-27.644142,40.909904,46.314312
999,-17.515417098999023,-641.6322021484375,63.700645446777344,1.175844325605209,4.244198785505266,-105.6440631764386,-4.978971,3.833108,25.827154,10.952236,-9.438842,-7.2066236,-7.9691176,-1.1992203,-0.36491174,27.02561,-16.954313,5.0391016,0.40840468,5.586515,25.932858,-28.744593,55.400757,-7.152179,-27.682411,41.344143,46.040215
1000,-17.5920467376709,-641.4813232421875,63.67902755737305,1.220446664827155,4.391402679668369,-106.07754003458412,-5.1479063,3.9344623,26.243305,11.0139475,-9.418386,-7.364404,-8.6269245,-1.2525022,-0.089459136,27.835985,-16.844505,6.7721233,0.165181,5.4976034,25.963287,-28.885103,55.11125,-7.5933514,-27.723274,41.790234,45.761112
1001,-17.670150756835938,-641.3392944335938,63.65125274658203,1.2883851490150968,4.490876038267853,-106.54989252462241,-5.255229,4.0136395,26.697477,11.07586,-9.387455,-7.53273,-9.152389,-1.3753817,0.1423855,28.435822,-16.71918,8.964108,-0.06642816,5.4438696,25.99497,-29.073679,54.840305,-8.001483,-27.76608,42.259323,45.480507
1002,-17.74230194091797,-641.1823120117188,63.62116241455078,1.3747115797676641,4.554245914191528,-107.0630975056929,-5.311213,4.0741835,27.192024,11.132579,-9.34879,-7.711038,-9.583232,-1.5487807,0.348042,28.89032,-16.596785,11.528892,-0.27882305,5.414432,26.028208,-29.31241,54.584553,-8.390456,-27.810583,42.750927,45.19837
