Frame,root_translateX,root_translateY,root_translateZ,root_rotateX,root_rotateY,root_rotateZ,left_hip_pitch_joint_dof,left_hip_roll_joint_dof,left_hip_yaw_joint_dof,left_knee_joint_dof,left_ankle_pitch_joint_dof,left_ankle_roll_joint_dof,right_hip_pitch_joint_dof,right_hip_roll_joint_dof,right_hip_yaw_joint_dof,right_knee_joint_dof,right_ankle_pitch_joint_dof,right_ankle_roll_joint_dof,waist_yaw_joint_dof,left_shoulder_pitch_joint_dof,left_shoulder_roll_joint_dof,left_shoulder_yaw_joint_dof,left_elbow_joint_dof,right_shoulder_pitch_joint_dof,right_shoulder_roll_joint_dof,right_shoulder_yaw_joint_dof,right_elbow_joint_dof
0,0.1340123414993286,1.6001559495925903,64.49602508544922,1.4780597776880355,8.052400729061471,-108.13029077770464,3.7684,-7.025346,22.928371,6.555216,-8.696836,-3.5455985,-10.897925,-15.935273,-5.4032364,47.567936,-2.0131443,8.445068,-0.9165295,1.6823968,22.626972,-29.846111,54.489292,-4.1277094,-24.16711,39.005207,58.12227
1,0.17838266491889954,1.4289441108703613,64.42789459228516,1.4911217263109977,8.079072707584883,-108.17502424256232,3.850507,-7.1104054,22.884092,6.66619,-8.967761,-3.6060433,-12.360725,-16.190155,-5.5486116,50.291603,-1.0264494,6.6779404,-1.1739371,2.0586088,23.256979,-29.909147,53.077217,-3.9604716,-24.632336,39.353683,57.75446
2,0.22790808975696564,1.2635509967803955,64.3446044921875,1.5499482745883446,8.085918086035031,-108.2244090414145,3.9451914,-7.2426014,22.840462,6.7880754,-9.23388,-3.6629913,-13.833121,-16.556852,-5.720983,53.10126,-0.089664616,4.872413,-1.4038379,2.6032276,23.738214,-29.883514,51.554943,-3.7350597,-25.015097,39.584362,57.43326
3,0.27322614192962646,1.0984176397323608,64.2521743774414,1.6268259732785006,8.078848609495271,-108.26914761305154,4.07653,-7.404557,22.791428,6.855107,-9.486469,-3.7168927,-15.28225,-16.98608,-5.97277,55.85258,0.7882339,2.9209948,-1.646477,3.162711,24.120268,-29.825922,50.046616,-3.5065157,-25.33687,39.75056,57.1651
4,0.3188331723213196,0.9246046543121338,64.15303039550781,1.716354302563838,8.062421931653013,-108.30802721404041,4.2471623,-7.595198,22.73956,6.8624377,-9.754949,-3.7666075,-16.696491,-17.449888,-6.333764,58.4487,1.5777838,0.7300819,-1.9409689,3.6684167,24.434752,-29.784134,48.569427,-3.2918737,-25.611814,39.888832,56.929684
5,0.37281596660614014,0.7465623617172241,64.04945373535156,1.8159312919646335,8.035695423498588,-108.35267485240753,4.461768,-7.818596,22.684935,6.8108535,-10.059898,-3.8000546,-18.10425,-18.040903,-6.996372,60.97108,2.4702861,-2.1241503,-2.3025072,4.0939546,24.703724,-29.799185,47.124165,-3.0913932,-25.849892,40.02577,56.699596
6,0.41690123081207275,0.5573884844779968,63.93303298950195,1.9252976881416672,8.000471227862192,-108.39175208803752,4.7063,-8.065986,22.619637,6.7208924,-10.392484,-3.819144,-19.485823,-18.774475,-7.932616,63.422832,3.396045,-5.5019464,-2.7164068,4.4251237,24.941187,-29.884542,45.72549,-2.9089665,-26.058214,40.170982,56.4827
7,0.4673714339733124,0.3649331331253052,63.81667709350586,2.041876231024972,7.961733524152456,-108.39894929264342,4.966708,-8.318673,22.541096,6.59977,-10.726172,-3.8488622,-20.772902,-19.423422,-8.743988,65.6029,3.9825196,-8.540437,-3.1661289,4.643259,25.155142,-30.026487,44.394184,-2.7586427,-26.241707,40.31777,56.317642
8,0.49805721640586853,0.1717245727777481,63.68580627441406,2.1542677658562277,7.924669641893393,-108.36545834319153,5.1831293,-8.528912,22.473122,6.573119,-11.1040535,-3.9200609,-21.934,-19.654966,-8.92023,67.33293,3.9189117,-10.261038,-3.622032,4.7406325,25.349674,-30.195166,43.150223,-2.6476367,-26.403793,40.45123,56.23401
9,0.5210617184638977,-0.025487950071692467,63.561798095703125,2.255978765209459,7.885741789930662,-108.3078971666494,5.3773775,-8.699354,22.46401,6.573502,-11.492708,-4.0748444,-22.9705,-19.181292,-8.031296,68.54788,2.9466243,-10.000018,-4.056634,4.7358704,25.526857,-30.367788,41.973248,-2.5829327,-26.54724,40.564976,56.251774
10,0.5273354053497314,-0.21384994685649872,63.44078826904297,2.3443502357682977,7.844120389653344,-108.25803278231079,5.5671988,-8.845504,22.522156,6.57395,-11.890372,-4.2908926,-23.909273,-18.179533,-6.4278045,69.38069,1.2765886,-8.3964205,-4.462929,4.6534266,25.68963,-30.540373,40.84276,-2.5533965,-26.674131,40.66136,56.3412
11,0.5260103940963745,-0.40045562386512756,63.32368850708008,2.4156376616748183,7.809932627966422,-108.21303108928849,5.757546,-8.9711275,22.583471,6.574559,-12.279143,-4.4981923,-24.768843,-16.99701,-4.7376842,69.93894,-0.65552825,-6.3854384,-4.862383,4.4941263,25.840956,-30.709465,39.78087,-2.5334723,-26.785357,40.734333,56.4554
12,0.5413460731506348,-0.6010143756866455,63.22927474975586,2.4635467589782007,7.794061874567732,-108.16118185806516,5.950695,-9.07717,22.57402,6.5747805,-12.64018,-4.6249714,-25.595785,-15.944104,-3.485161,70.31224,-2.3285632,-4.7965245,-5.284517,4.2448583,25.98391,-30.873535,38.823196,-2.489334,-26.88098,40.771282,56.536266
13,0.5510452389717102,-0.802930474281311,63.13461685180664,2.4803905804671333,7.802156955093014,-108.08119610431439,6.1482553,-9.154332,22.437624,6.577055,-12.970323,-4.6325703,-26.412577,-15.034523,-2.6993198,70.49241,-3.5828674,-3.6908522,-5.7666616,3.8858864,26.121326,-31.028263,37.98727,-2.4034786,-26.960775,40.750122,56.544563
14,0.5401106476783752,-1.0000399351119995,63.03749084472656,2.4703192872958732,7.830999333890626,-107.96810690573828,6.344116,-9.200981,22.207664,6.5806384,-13.276927,-4.562731,-27.199715,-14.141195,-2.1245923,70.43219,-4.6907005,-2.6664531,-6.2991104,3.4226587,26.2548,-31.173689,37.255177,-2.2715256,-27.02545,40.66175,56.495182
15,0.5376990437507629,-1.2209073305130005,62.95225524902344,2.4438163844189194,7.873694561269859,-107.84404605595869,6.5327845,-9.226326,21.953226,6.5855036,-13.562575,-4.4642243,-27.958853,-13.30178,-1.7627665,70.15774,-5.7139454,-1.7669445,-6.829637,2.8800397,26.385565,-31.320759,36.61132,-2.0892935,-27.077051,40.52102,56.429245
16,0.5418171882629395,-1.4549232721328735,62.87432861328125,2.414899531099419,7.9211934262778625,-107.72584256514821,6.7097435,-9.243008,21.739388,6.590593,-13.828297,-4.386115,-28.6854,-12.558248,-1.6198772,69.69406,-6.711397,-1.0312917,-7.311519,2.2861986,26.514118,-31.485033,36.03819,-1.8612167,-27.118248,40.357468,56.39342
17,0.5380672812461853,-1.6978429555892944,62.8009033203125,2.3940456296607393,7.964463541953645,-107.61586627672577,6.8781257,-9.261081,21.583956,6.5937634,-14.073553,-4.3337245,-29.373903,-11.935799,-1.7341956,69.04138,-7.6968474,-0.46903238,-7.739718,1.6458751,26.641453,-31.679792,35.540257,-1.6026508,-27.151377,40.196976,56.423103
18,0.5220247507095337,-1.9401202201843262,62.73234939575195,2.3748404022107654,8.006141502138918,-107.50743978519654,7.0429916,-9.273673,21.453548,6.596737,-14.298253,-4.2836223,-30.03071,-11.406727,-2.0764396,68.191246,-8.629929,-0.043586597,-8.135804,0.94938654,26.768385,-31.906097,35.119915,-1.3259082,-27.17727,40.04527,56.502804
19,0.5081282258033752,-2.1894755363464355,62.670265197753906,2.345222759897788,8.057030570979162,-107.40528151851879,7.2023144,-9.273867,21.338118,6.5981765,-14.501254,-4.2428236,-30.664068,-10.919394,-2.553307,67.15344,-9.486396,0.27557915,-8.49442,0.20125386,26.893873,-32.157135,34.75852,-1.0297748,-27.19608,39.901073,56.59838
20,0.4831404983997345,-2.4426562786102295,62.614810943603516,2.293292888248931,8.127491849028226,-107.31666829813581,7.3534446,-9.251173,21.23033,6.599505,-14.683451,-4.2193675,-31.288248,-10.423053,-3.071587,65.949844,-10.25071,0.513313,-8.80645,-0.58650714,27.017492,-32.421505,34.431664,-0.7107664,-27.20795,39.758015,56.675186
21,0.458495169878006,-2.7039458751678467,62.56394958496094,2.2159944787779495,8.224424890746853,-107.24174469347585,7.4918447,-9.201849,21.127682,6.5982966,-14.83688,-4.215545,-31.909866,-9.919343,-3.665196,64.57995,-10.937197,0.63030523,-9.072808,-1.4120076,27.13888,-32.689053,34.14666,-0.3644297,-27.212713,39.60826,56.728462
22,0.42129066586494446,-2.97727370262146,62.51341247558594,2.1184989969043486,8.342976961218803,-107.17938128766338,7.617502,-9.130916,21.036852,6.595337,-14.9650345,-4.228094,-32.521526,-9.415494,-4.362106,63.03888,-11.549868,0.6440444,-9.299962,-2.2759407,27.258957,-32.957626,33.909958,0.012540415,-27.210508,39.45169,56.766407
23,0.3837955594062805,-3.2571489810943604,62.46861267089844,2.000988215742161,8.474605515516247,-107.13649007794267,7.7380557,-9.041021,20.965008,6.5921574,-15.082413,-4.2560034,-33.110527,-8.876622,-5.0628223,61.3301,-12.052604,0.6528963,-9.480868,-3.1632013,27.378778,-33.228638,33.687077,0.42238203,-27.202005,39.296124,56.773846
24,0.34651294350624084,-3.5418455600738525,62.43708801269531,1.79303156776248,8.643423090084614,-107.14377023530282,7.8294992,-8.867782,20.95302,6.594907,-15.21074,-4.3039527,-33.662445,-8.1929655,-5.695148,59.374546,-12.36062,0.7401471,-9.503051,-4.376192,27.578686,-33.750874,33.59987,1.043103,-27.181112,39.005016,56.584755
25,0.3023383319377899,-3.835319995880127,62.3962516784668,1.6051847595864663,8.783450989234275,-107.18888385264567,7.957375,-8.726494,20.966423,6.593885,-15.339007,-4.3669744,-34.17723,-7.4670887,-6.179294,57.284767,-12.5243,0.9338284,-9.441386,-5.3379154,27.751343,-34.201565,33.298264,1.6031766,-27.156927,38.753635,56.461807
26,0.2611207067966461,-4.136501789093018,62.353675842285156,1.3957994450205522,8.924150200356195,-107.27333239918863,8.093079,-8.572446,21.014523,6.5909863,-15.46386,-4.447873,-34.656857,-6.6721487,-6.5931063,55.012745,-12.539509,1.1801993,-9.354171,-6.2573466,27.906689,-34.590473,32.964993,2.174506,-27.130354,38.557434,56.3009
27,0.21392467617988586,-4.448230266571045,62.3056640625,1.1815268403603438,9.06679367757486,-107.36651272711796,8.233775,-8.415835,21.076075,6.5878506,-15.587737,-4.5327816,-35.102867,-5.847365,-6.9399486,52.611656,-12.452375,1.4747332,-9.258042,-7.154952,28.049809,-34.93721,32.607357,2.7465196,-27.10344,38.432518,56.114784
28,0.16173739731311798,-4.7689690589904785,62.255340576171875,0.9832858538677037,9.211270789344765,-107.43748320491648,8.378008,-8.270989,21.12939,6.5877414,-15.714068,-4.60757,-35.51706,-5.038356,-7.2194676,50.133514,-12.309356,1.8117503,-9.164239,-8.0296335,28.183918,-35.258644,32.21321,3.3011305,-27.077843,38.39215,55.928204
29,0.11529556661844254,-5.095147132873535,62.200599670410156,0.7972106760823342,9.36101062644686,-107.48988202814004,8.521863,-8.136746,21.18006,6.588752,-15.848489,-4.6597104,-35.895836,-4.2333903,-7.4172826,47.539642,-12.1008215,2.1926835,-9.048942,-8.88465,28.311302,-35.56724,31.76262,3.8500652,-27.054775,38.458157,55.73157
30,0.053071316331624985,-5.424122333526611,62.142364501953125,0.6134370132942125,9.51466941873956,-107.53790778231635,8.667917,-8.006091,21.237524,6.5898113,-15.987971,-4.6997933,-36.239212,-3.4178712,-7.5341053,44.82239,-11.812518,2.6141124,-8.914422,-9.7224455,28.433218,-35.86018,31.268734,4.3873286,-27.034565,38.63037,55.522606
31,-0.013391472399234772,-5.757034778594971,62.07699203491211,0.4453426743427826,9.666696059049489,-107.56595761564299,8.823408,-7.8842416,21.28595,6.59326,-16.120466,-4.748852,-36.555145,-2.6330352,-7.591744,42.073776,-11.486879,3.0635312,-8.808852,-10.534464,28.550032,-36.12624,30.763308,4.8776217,-27.016611,38.877296,55.33005
32,-0.08332983404397964,-6.096551418304443,62.00465393066406,0.30606784388337593,9.811664246810079,-107.55546054083487,8.994926,-7.776029,21.306992,6.598083,-16.230139,-4.8271427,-36.852173,-1.9187117,-7.6147075,39.381355,-11.160983,3.5311759,-8.7752,-11.306965,28.661703,-36.35355,30.27258,5.296156,-26.999598,39.15112,55.177128
33,-0.15961740911006927,-6.447807788848877,61.92219924926758,0.20045883345759707,9.954730778119439,-107.49598406100259,9.17822,-7.6839395,21.30229,6.6033964,-16.313297,-4.943265,-37.126,-1.2732178,-7.5954013,36.676205,-10.756263,4.068951,-8.809843,-12.037805,28.768478,-36.53993,29.782495,5.6485085,-26.983107,39.423397,55.061302
34,-0.23748138546943665,-6.812378883361816,61.83500289916992,0.11926281799970923,10.096819058750174,-107.40114950110774,9.371044,-7.603493,21.282133,6.6103244,-16.378105,-5.0852895,-37.37609,-0.67668957,-7.51895,33.942547,-10.284619,4.6619534,-8.87888,-12.725232,28.87103,-36.693798,29.274794,5.965798,-26.967306,39.691757,54.961773
35,-0.3180280029773712,-7.190675258636475,61.7436408996582,0.056511290359157806,10.226713872595907,-107.28858696006802,9.584795,-7.531581,21.240437,6.619046,-16.426762,-5.2428536,-37.613747,-0.1370308,-7.4027996,31.338682,-9.909988,5.205672,-8.979104,-13.362633,28.970331,-36.823547,28.77369,6.2578497,-26.951881,39.9478,54.880955
36,-0.39610573649406433,-7.574322700500488,61.645362854003906,0.008956108316238463,10.334339763979083,-107.1740789273557,9.829068,-7.466875,21.168634,6.632048,-16.46298,-5.405466,-37.849457,0.33871207,-7.2703853,29.020376,-9.792081,5.6003885,-9.1084175,-13.945851,29.067316,-36.937393,28.303308,6.532061,-26.93629,40.181633,54.824684
37,-0.4795997440814972,-7.978862762451172,61.536354064941406,-0.02117714182046517,10.417609417895063,-107.06715832362718,10.10584,-7.41659,21.06931,6.6499147,-16.494541,-5.5746827,-38.09219,0.7492695,-7.1376066,26.978394,-10.014985,5.7461247,-9.2596655,-14.469641,29.16267,-37.039818,27.845564,6.7908115,-26.920813,40.386536,54.785065
38,-0.5648969411849976,-8.400979042053223,61.4224739074707,-0.03273153146576549,10.482155995554956,-106.95758092524555,10.409571,-7.3801093,20.945599,6.67235,-16.518753,-5.754578,-38.332073,1.1091728,-6.990377,25.136555,-10.472384,5.732029,-9.43056,-14.942056,29.257622,-37.132347,27.395792,7.036687,-26.905611,40.557953,54.759113
39,-0.6580601334571838,-8.83362102508545,61.30266189575195,-0.027234146218357895,10.53154129792792,-106.82591519349474,10.73715,-7.3454666,20.783707,6.6984873,-16.520475,-5.93862,-38.54319,1.4255631,-6.8127146,23.525503,-11.026507,5.738295,-9.627377,-15.377678,29.351057,-37.219776,26.991806,7.270361,-26.890068,40.689693,54.7658
40,-0.7517172694206238,-9.277388572692871,61.177589416503906,-0.0022533231476725914,10.570465856400961,-106.64762294639836,11.009756,-7.2707205,20.573923,6.922938,-16.599184,-6.12404,-38.703228,1.6886109,-6.5926275,22.183252,-11.535272,5.934691,-9.862056,-15.792269,29.443186,-37.307564,26.67158,7.492776,-26.872189,40.77304,54.824387
41,-0.8555676937103271,-9.735006332397461,61.047054290771484,0.06579314986524486,10.60023169192812,-106.3969890305629,11.223928,-7.169661,20.291908,7.358421,-16.772715,-6.304196,-38.78796,1.8557918,-6.3475437,21.056034,-12.012002,6.470902,-10.148308,-16.183485,29.533234,-37.39431,26.420172,7.689955,-26.849054,40.786346,54.98467
42,-0.9652647972106934,-10.213223457336426,60.912418365478516,0.1575557905135373,10.62203754377048,-106.09323007412439,11.435342,-7.0567207,19.947786,7.8530436,-16.955868,-6.4824157,-38.794296,1.9483715,-6.08805,20.077793,-12.474383,7.214387,-10.447478,-16.558174,29.65785,-37.51978,26.200495,7.8898125,-26.806805,40.69751,55.21401
43,-1.0802803039550781,-10.706793785095215,60.77877426147461,0.26683308377191595,10.652954310420254,-105.74087854055506,11.637228,-6.930905,19.537771,8.373216,-17.10207,-6.668648,-38.82164,1.96873,-5.790795,19.47088,-12.915338,7.9090886,-10.684598,-16.85958,29.855417,-37.718616,25.906563,8.110322,-26.731024,40.44094,55.469704
44,-1.1962765455245972,-11.223209381103516,60.64545440673828,0.36939604031800205,10.680000970567415,-105.36925703240796,11.856124,-6.7848015,19.08446,8.867991,-17.153856,-6.873343,-38.913055,1.9537659,-5.4136124,19.386173,-13.283112,8.29524,-10.993641,-17.165274,29.986673,-37.878845,25.79506,8.299947,-26.68359,40.261463,55.66076
45,-1.3057905435562134,-11.762889862060547,60.520751953125,0.44706997631126905,10.68723289520483,-104.9945007808308,12.106552,-6.6073422,18.61063,9.343887,-17.124237,-7.1107693,-39.04026,1.9319483,-4.862062,19.879988,-13.510524,8.31497,-11.397559,-17.469305,30.039888,-37.984165,25.904697,8.4549675,-26.668745,40.21592,55.75485
46,-1.419142723083496,-12.326638221740723,60.395477294921875,0.5161159172003443,10.69134154155295,-104.59034315363186,12.35649,-6.398094,18.094881,9.850159,-17.051918,-7.376055,-39.1996,1.883223,-4.1897945,20.875378,-13.648247,8.111658,-11.835494,-17.798088,30.0961,-38.13899,26.140244,8.597535,-26.658588,40.19118,55.799248
47,-1.5494600534439087,-12.87974739074707,60.30031967163086,0.5686392139646246,10.706976598996393,-104.17397579216419,12.598284,-6.1566806,17.547249,10.357657,-16.895752,-7.6528296,-39.38531,1.8372531,-3.5488005,22.152308,-13.715213,7.7180066,-12.279407,-18.142902,30.152845,-38.32628,26.498732,8.731912,-26.65187,40.175457,55.818897
48,-1.6761740446090698,-13.447006225585938,60.212196350097656,0.5923660305603718,10.748188014000043,-103.76262450219211,12.822801,-5.8768044,16.978138,10.843134,-16.617693,-7.9258075,-39.586056,1.8145634,-3.0937164,23.478662,-13.726198,7.154195,-12.696644,-18.502195,30.209167,-38.5357,26.983723,8.87588,-26.643724,40.148537,55.831604
49,-1.8159782886505127,-14.060406684875488,60.12400817871094,0.560855921931877,10.862318230611528,-103.3475446175121,12.97315,-5.5161343,16.389526,11.348147,-16.265955,-8.193825,-39.867702,1.825508,-2.9123743,24.930286,-13.713555,6.2638736,-12.878375,-19.070406,30.375137,-39.142708,27.532566,9.147156,-26.595417,39.84495,55.80113
50,-1.9614450931549072,-14.687925338745117,60.05223846435547,0.4998016833816657,10.993210460999416,-102.95091696696403,13.137499,-5.126373,15.797438,11.785559,-15.79148,-8.466237,-40.153446,1.8623464,-2.8821843,26.506523,-13.604589,5.083735,-13.055042,-19.564268,30.502964,-39.660408,28.196165,9.446744,-26.524742,39.52029,55.759094
51,-2.1224358081817627,-15.3134765625,60.015804290771484,0.43594806961544663,11.116300246815925,-102.55515038338295,13.306725,-4.727284,15.177636,12.223783,-15.18206,-8.7513275,-40.38335,1.8849179,-2.934329,28.03705,-13.392966,3.9203568,-13.304742,-20.043888,30.536753,-40.079613,29.074276,9.678284,-26.461857,39.329937,55.74904
52,-2.296477794647217,-15.935873985290527,59.99034118652344,0.32647441601433896,11.201357076794608,-102.13640572840792,13.256389,-4.1989675,14.530779,13.280945,-14.747933,-9.065039,-40.49575,1.9040583,-3.0420098,29.344616,-13.069119,3.080172,-13.5800295,-20.475824,30.527939,-40.455544,30.100512,9.942683,-26.397127,39.17395,55.70552
53,-2.465329885482788,-16.573928833007812,59.974510192871094,0.18804552006617192,11.255136180587357,-101.68338390207933,13.17094,-3.6035082,13.804538,14.46468,-14.205386,-9.401945,-40.485317,1.8922263,-3.1799152,30.379805,-12.534694,2.6888843,-13.887709,-20.846262,30.49329,-40.78209,31.243422,10.221094,-26.333494,39.05154,55.63198
54,-2.6376659870147705,-17.230356216430664,59.96978759765625,0.01637983728393345,11.291950535960407,-101.20732407539866,13.039346,-2.942209,13.015854,15.765585,-13.571826,-9.7541065,-40.39439,1.8574778,-3.3777988,31.263662,-11.844968,2.5591161,-14.212379,-21.167938,30.440731,-41.07643,32.50433,10.517462,-26.267048,38.950436,55.53076
55,-2.7980170249938965,-17.90534019470215,59.97151565551758,-0.15667126389368263,11.303922107093088,-100.77116849277468,12.855043,-2.2968595,12.24751,17.207705,-12.832838,-10.102893,-40.23318,1.8169448,-3.573929,32.069263,-11.221619,2.5327353,-14.497914,-21.360825,30.365025,-41.250633,33.805794,10.785873,-26.20094,38.883514,55.474648
56,-2.9452219009399414,-18.596267700195312,59.97806930541992,-0.2968181293326517,11.28086374939082,-100.43877724442811,12.623907,-1.7517958,11.583789,18.795727,-11.9628725,-10.42701,-40.011322,1.7911406,-3.7058687,32.866592,-10.885467,2.4603994,-14.68279,-21.33868,30.261347,-41.20879,35.060505,10.977921,-26.138704,38.857903,55.538025
57,-3.0758886337280273,-19.292678833007812,59.989540100097656,-0.39336063279330435,11.203888054316833,-100.24667086289787,12.379789,-1.3359028,11.034869,20.520142,-10.952312,-10.771021,-39.729633,1.7896171,-3.7543657,33.705627,-10.941083,2.3525681,-14.745106,-21.061323,30.127218,-40.877384,36.259296,11.081423,-26.080399,38.856438,55.770576
58,-3.194061756134033,-19.994522094726562,60.01616668701172,-0.4611937330393138,11.081579765399118,-100.15665257192298,12.111283,-0.99510896,10.558325,22.379208,-9.81365,-11.109555,-39.387516,1.806259,-3.7466962,34.548008,-11.2607975,2.2784076,-14.714206,-20.587175,29.97036,-40.320663,37.437614,11.116187,-26.025034,38.87544,56.124226
59,-3.3218021392822266,-20.698223114013672,60.05747985839844,-0.5110564523999314,10.945433363414695,-100.11896169579096,11.744174,-0.6826596,10.165465,24.432833,-8.5737095,-11.321888,-38.99423,1.8425177,-3.6982343,35.326866,-11.711844,2.1791577,-14.609212,-19.99965,29.801811,-39.6675,38.593266,11.087678,-25.974655,38.940308,56.522697
60,-3.44075345993042,-21.40253257751465,60.115699768066406,-0.5540533320846844,10.828379757605623,-100.0823647718667,11.210549,-0.36014295,9.873569,26.726814,-7.2541165,-11.299404,-38.556904,1.8948541,-3.6260686,35.96854,-12.157759,1.9946252,-14.450171,-19.378477,29.632265,-39.0459,39.724174,11.005934,-25.930698,39.077923,56.88557
61,-3.566718578338623,-22.105411529541016,60.185577392578125,-0.5902793131537731,10.73736394171368,-100.05571048723453,10.481659,-0.03625432,9.720916,29.348583,-5.8697925,-10.922387,-38.072502,1.9710194,-3.5067341,36.449844,-12.591758,1.6779537,-14.217106,-18.725208,29.460793,-38.44401,40.83665,10.874467,-25.891605,39.292057,57.22746
62,-3.698859453201294,-22.806142807006836,60.27615737915039,-0.6163630397046275,10.655461571942244,-100.05744783902898,9.604773,0.2797931,9.705346,32.237743,-4.400144,-10.27713,-37.537594,2.0715387,-3.341823,36.807796,-13.073671,1.269622,-13.904778,-18.012743,29.284203,-37.8159,41.93432,10.695518,-25.856459,39.56293,57.573765
63,-3.843474864959717,-23.4971866607666,60.379249572753906,-0.63735017545452,10.581039479271617,-100.0516787647439,8.622726,0.6187638,9.780004,35.229942,-2.8121347,-9.5743065,-36.955853,2.175091,-3.1849906,37.053417,-13.564084,0.84030414,-13.553138,-17.269802,29.109179,-37.234653,43.00487,10.471978,-25.82836,39.882244,57.867237
64,-3.987241506576538,-24.190689086914062,60.49847412109375,-0.6571545369509006,10.513066844939585,-100.003315428388,7.572229,1.006344,9.885344,38.178,-1.0842426,-9.027005,-36.331333,2.256999,-3.0890553,37.198914,-14.027071,0.4617777,-13.201342,-16.516165,28.940975,-36.76746,44.029507,10.207826,-25.809893,40.240917,58.04832
65,-4.127275466918945,-24.86993408203125,60.63396453857422,-0.6605348045316592,10.449752491023355,-99.87896282462833,6.4194922,1.4370064,9.947131,41.15763,0.8204568,-8.678683,-35.651615,2.285061,-3.0810316,37.23783,-14.473834,0.14743954,-12.876861,-15.732203,28.777365,-36.400738,44.99636,9.898379,-25.802904,40.63864,58.11539
66,-4.274884223937988,-25.547985076904297,60.78350067138672,-0.6498048177402441,10.392379872482834,-99.70649533316538,5.1543202,1.8973887,10.005847,44.23164,2.8701727,-8.430694,-34.917973,2.2759702,-3.1265402,37.16531,-14.918172,-0.1380332,-12.550022,-14.916525,28.616756,-36.10969,45.91769,9.5411,-25.80532,41.079704,58.09797
67,-4.424839973449707,-26.218807220458984,60.93144226074219,-0.6538165702915367,10.343904057692905,-99.5419009645321,3.846735,2.4061108,10.164073,47.244194,4.977077,-8.272821,-34.154232,2.2787657,-3.1874065,36.99204,-15.3256645,-0.39558527,-12.177987,-14.102385,28.464441,-35.931923,46.80338,9.143351,-25.813967,41.555992,57.985016
68,-4.581355094909668,-26.911758422851562,61.085289001464844,-0.7023196505424972,10.30818931616035,-99.44092399976348,2.5672512,2.9963264,10.530599,50.041656,7.0509505,-8.175119,-33.38401,2.3452015,-3.2267277,36.727283,-15.659492,-0.6282359,-11.717147,-13.319413,28.32488,-35.90422,47.66089,8.71036,-25.826113,42.061184,57.765053
69,-4.723958492279053,-27.577999114990234,61.238487243652344,-0.8116455257155855,10.303738798939897,-99.42195646370841,1.316508,3.7498107,11.271639,52.621048,9.304383,-8.152883,-32.62527,2.5014348,-3.2439253,36.3624,-15.9073,-0.8409815,-11.143255,-12.560758,28.195942,-36.043312,48.47572,8.253647,-25.835484,42.594627,57.42438
70,-4.856263637542725,-28.229158401489258,61.39033508300781,-0.9676394195412554,10.322966940478002,-99.45570804969739,0.065718144,4.658129,12.28022,55.080326,11.69354,-8.180495,-31.859228,2.7218568,-3.2564197,35.888313,-16.084038,-1.0325451,-10.484206,-11.805518,28.075113,-36.31564,49.247635,7.7609515,-25.846155,43.16268,56.97388
71,-4.978806972503662,-28.871091842651367,61.55074691772461,-1.1502124795986937,10.330280461010874,-99.52469273529161,-1.1562061,5.5969734,13.254171,57.393074,13.749705,-8.192425,-31.057402,2.9773567,-3.254323,35.324074,-16.19921,-1.1977754,-9.780282,-11.056123,27.966253,-36.678226,50.000984,7.202101,-25.870352,43.77101,56.43528
72,-5.106368541717529,-29.50497055053711,61.70536804199219,-1.334097329511175,10.287985930840502,-99.60638467267894,-2.3291204,6.404983,13.88582,59.51741,15.015849,-8.163676,-30.193048,3.230867,-3.2298045,34.696278,-16.266298,-1.3301396,-9.077533,-10.312396,27.87342,-37.08802,50.75758,6.549556,-25.919514,44.424088,55.831425
73,-5.226144790649414,-30.1299991607666,61.859352111816406,-1.499716903492909,10.192841660871442,-99.70755474011987,-3.458059,6.9784636,14.069213,61.429436,15.292472,-8.136118,-29.277584,3.4651647,-3.1620731,34.032146,-16.292696,-1.4387765,-8.265172,-9.37985,27.86235,-37.411987,51.278923,5.923892,-25.954662,44.858025,55.11391
74,-5.3493523597717285,-30.752685546875,62.010074615478516,-1.6804536693789032,10.038776291797973,-99.8333662208099,-4.5401034,7.4039135,13.969683,63.157772,14.855596,-8.145505,-28.287998,3.7162204,-3.070248,33.286407,-16.253263,-1.5249958,-7.4552484,-8.492081,27.850092,-37.8869,51.860756,5.120985,-26.01414,45.514103,54.35356
75,-5.458999156951904,-31.369421005249023,62.16072463989258,-1.8507013208658232,9.853041260338692,-99.94922821779262,-5.595525,7.712008,13.703381,64.68414,13.988254,-8.148369,-27.25159,3.9473143,-2.979546,32.48725,-16.183792,-1.5658742,-6.7300296,-7.6663475,27.835142,-38.419113,52.518764,4.1959496,-26.089596,46.25716,53.57054
76,-5.570688724517822,-31.983137130737305,62.30891799926758,-1.9899878836796479,9.661481821772535,-100.02566179287493,-6.6426935,7.946392,13.384546,65.99304,12.972437,-8.101645,-26.193089,4.1278253,-2.9144297,31.657187,-16.1155,-1.5381986,-6.1416683,-6.888493,27.816885,-38.945835,53.232777,3.1981385,-26.1715,46.9499,52.800423
77,-5.673023223876953,-32.600162506103516,62.456478118896484,-2.0853946991490435,9.467236862463299,-100.04063245757212,-7.695469,8.044404,12.906421,67.04634,11.793456,-8.027131,-25.115034,4.2353325,-2.8940897,30.80855,-16.063784,-1.4204706,-5.7080636,-6.1238613,27.797754,-39.467686,53.956226,2.1456711,-26.254366,47.51215,52.038456
78,-5.760068416595459,-33.222354888916016,62.60824966430664,-2.146297795139238,9.263183876751716,-100.01383110159374,-8.745703,7.9988117,12.255562,67.86272,10.333627,-7.9328084,-24.011784,4.2872663,-2.903814,29.932709,-16.014687,-1.2300736,-5.3606715,-5.3525467,27.780323,-40.00983,54.657642,1.0631814,-26.33749,47.936096,51.25315
79,-5.864774703979492,-33.8712158203125,62.76725387573242,-2.189075058660596,9.06020860543304,-99.97705313682968,-9.776542,7.9500527,11.679731,68.50274,8.724024,-7.75471,-22.89058,4.3146014,-2.920745,29.012627,-15.951839,-1.0019368,-5.019172,-4.595906,27.764175,-40.559284,55.34901,-0.006324608,-26.41914,48.21292,50.45649
80,-5.95040225982666,-34.47571563720703,62.90572738647461,-2.213337844444174,8.885179896353998,-99.9768914040905,-10.783957,8.017643,11.423094,69.024704,7.089586,-7.4509897,-21.799055,4.3349795,-2.9017236,28.091246,-15.894158,-0.77257204,-4.7085476,-3.8854625,27.754313,-40.872433,56.048313,-0.93172956,-26.464598,48.310814,49.62114
81,-6.045979022979736,-35.11787414550781,63.05988311767578,-2.264641774481589,8.687338664047163,-99.96898944550698,-11.729929,8.309313,11.5406065,69.43859,5.420773,-6.960748,-20.607986,4.3803396,-2.9041843,26.977917,-15.739644,-0.5328051,-4.1770697,-3.1116211,27.73588,-41.45305,56.72124,-2.0361214,-26.547577,48.358513,48.922535
82,-6.1406450271606445,-35.738800048828125,63.2008056640625,-2.2924195555339577,8.50951333406166,-99.98345983676293,-12.654559,8.683586,11.897625,69.71569,3.6496308,-6.371324,-19.42888,4.406941,-2.8862557,25.845833,-15.589489,-0.2745109,-3.6531487,-2.4706388,27.714228,-41.950733,57.451233,-3.015393,-26.620718,48.224537,48.194206
83,-6.2388529777526855,-36.35092544555664,63.33367919921875,-2.3167580639245315,8.33986504251201,-100.01635325397808,-13.552782,9.116172,12.4195385,69.84208,1.8769112,-5.730009,-18.249783,4.43303,-2.8457353,24.684353,-15.417386,-0.018607503,-3.0906084,-1.8530405,27.689707,-42.39989,58.186386,-3.959648,-26.68733,47.950394,47.47242
84,-6.336502552032471,-36.96790313720703,63.4605712890625,-2.3537469059073235,8.185278638879982,-100.08305049830625,-14.433213,9.5787735,13.043754,69.81097,0.19446878,-5.088377,-17.09347,4.47706,-2.7609797,23.521004,-15.217881,0.21345478,-2.1352177,-1.505825,27.633965,-43.27937,58.98213,-4.6379957,-26.814539,47.091938,46.67751
85,-6.428243160247803,-37.590545654296875,63.57953643798828,-2.3915100962111127,8.042975914009006,-100.18721244209651,-15.290547,10.074737,13.81494,69.61822,-1.4011929,-4.4083896,-15.973447,4.5266814,-2.6220021,22.389894,-15.00159,0.4107671,-1.1666114,-1.1586233,27.574728,-44.03345,59.784615,-5.257829,-26.92682,46.09269,45.86635
86,-6.521719932556152,-38.205177307128906,63.68824768066406,-2.4255434822743434,7.905013360526349,-100.32195778309433,-16.114388,10.609331,14.747834,69.267746,-2.9526935,-3.6917558,-14.867774,4.5743475,-2.4395692,21.26369,-14.766899,0.58782244,-0.33451095,-0.72292143,27.530754,-44.50701,60.57758,-5.9591374,-27.00176,45.21335,45.090813
87,-6.620298385620117,-38.82781982421875,63.789398193359375,-2.4616761243402023,7.7718569731306255,-100.46962765099424,-16.912071,11.138221,15.730321,68.76315,-4.4185643,-3.036691,-13.7712,4.6192174,-2.2336614,20.139584,-14.520281,0.7635593,0.5019443,-0.2806772,27.49202,-44.911312,61.35799,-6.674154,-27.069296,44.298397,44.329613
88,-6.697650909423828,-39.42354202270508,63.87078094482422,-2.504143685861063,7.636889781652072,-100.61105553983393,-17.68688,11.6210785,16.654812,68.10641,-5.7513337,-2.5301764,-12.670519,4.6598372,-2.0256083,19.011864,-14.267663,0.9571239,1.2363148,0.20528662,27.460442,-45.169994,62.12881,-7.456779,-27.125141,43.519436,43.576725
89,-6.781938552856445,-40.04051971435547,63.94886779785156,-2.5585869172232445,7.502287185999997,-100.75285187536812,-18.44126,12.071821,17.527092,67.29669,-6.947433,-2.240682,-11.565507,4.701554,-1.8080784,17.87469,-14.002925,1.155236,1.9580463,0.6997724,27.427855,-45.39532,62.89118,-8.224357,-27.186735,42.729294,42.78586
90,-6.866457462310791,-40.66770553588867,64.01752471923828,-2.616506092223036,7.367660556164956,-100.90126131136284,-19.171278,12.50251,18.407156,66.33116,-8.022756,-2.0997312,-10.463368,4.7370367,-1.5735927,16.742222,-13.7305765,1.3559091,2.5885785,1.2360593,27.398438,-45.497738,63.645542,-9.0573,-27.238508,42.065884,41.994865
91,-6.942609786987305,-41.2924690246582,64.07171630859375,-2.682766845564432,7.238886057330699,-101.03893513221058,-19.89161,12.897866,19.261093,65.22222,-8.969544,-1.9846542,-9.361839,4.771187,-1.3442354,15.599709,-13.451265,1.592627,3.235442,1.7401091,27.365458,-45.54485,64.4002,-9.875541,-27.297314,41.3616,41.196877
92,-7.0121564865112305,-41.912818908691406,64.11262512207031,-2.7559642947385625,7.114731269856129,-101.1470602945325,-20.611597,13.235581,20.052214,63.982075,-9.782296,-1.7717171,-8.254368,4.802591,-1.1423633,14.438104,-13.169515,1.8979282,3.883081,2.171739,27.329647,-45.518047,65.17666,-10.693697,-27.364998,40.659664,40.414185
93,-7.087918281555176,-42.52810287475586,64.14281463623047,-2.8271099999801463,6.992446298315725,-101.21862004220415,-21.343864,13.506364,20.774834,62.622272,-10.443288,-1.3465345,-7.131945,4.82095,-0.9728315,13.237079,-12.876477,2.3280866,4.4679456,2.513652,27.300964,-45.39777,66.00293,-11.629481,-27.420168,40.156277,39.71008
94,-7.172739505767822,-43.14058303833008,64.15706634521484,-2.900293758499334,6.880973278221816,-101.26793982304372,-22.089163,13.728005,21.451836,61.141308,-10.970639,-0.7972599,-5.996766,4.8319025,-0.8205685,11.980706,-12.55819,2.848904,5.067201,2.8084216,27.267881,-45.18407,66.83667,-12.594852,-27.48532,39.637375,39.03739
95,-7.269223690032959,-43.753326416015625,64.14836883544922,-2.9827405070509547,6.766717191792391,-101.29792907124376,-22.813366,13.904266,22.083199,59.52688,-11.405083,-0.30060574,-4.8585167,4.8478065,-0.68789876,10.73158,-12.247447,3.3557618,5.63298,3.0731776,27.230455,-44.868214,67.6741,-13.537099,-27.56014,39.117867,38.360935
96,-7.343517303466797,-44.37710189819336,64.12999725341797,-3.087689326372894,6.652635717414596,-101.31394120558565,-23.495728,14.045206,22.667994,57.760414,-11.783,-0.035818916,-3.7370832,4.8878245,-0.574566,9.541109,-11.97474,3.7435467,6.183547,3.3202097,27.18939,-44.455566,68.49013,-14.509775,-27.644167,38.61545,37.722378
97,-7.417158126831055,-44.992740631103516,64.09660339355469,-3.225461342697477,6.543417473718443,-101.31629074736932,-24.133266,14.165597,23.20977,55.819805,-12.118837,-0.07474339,-2.6439185,4.961935,-0.48184854,8.428021,-11.744349,3.9764318,6.6733155,3.6108823,27.127089,-43.763016,69.27876,-15.36689,-27.774757,37.989105,36.978863
98,-7.4968061447143555,-45.61833572387695,64.04978942871094,-3.390723013919718,6.424214773498422,-101.29877613127275,-24.72889,14.26133,23.704594,53.722538,-12.388095,-0.30991638,-1.5620639,5.0646815,-0.41153726,7.380228,-11.55184,4.109739,7.090561,3.867386,27.065039,-42.949753,70.08603,-16.21207,-27.908869,37.449123,36.217533
99,-7.574037551879883,-46.24833679199219,63.98619842529297,-3.569656746937512,6.304312535734797,-101.2673363378326,-25.295277,14.310435,24.153454,51.4945,-12.563513,-0.6506066,-0.64477396,5.1848593,-0.3677865,6.752898,-11.614553,4.177059,7.4320455,4.116203,27.003384,-42.039852,70.87123,-17.057507,-28.044132,36.96581,35.453117
100,-7.642189979553223,-46.899009704589844,63.90788650512695,-3.749781638719215,6.184212201756907,-101.22409614637063,-25.83781,14.294651,24.55216,49.16252,-12.622691,-1.0033038,0.05349537,5.313369,-0.3522167,6.678743,-12.017383,4.2150292,7.6936126,4.386151,26.94653,-41.11307,71.586365,-17.873257,-28.178759,36.536533,34.669685
101,-7.70562219619751,-47.55317687988281,63.81060028076172,-3.922114557184885,6.065217900413043,-101.1696142597161,-26.35753,14.203439,24.904018,46.704784,-12.546915,-1.3189689,0.753248,5.4394984,-0.34071252,6.612766,-12.451968,4.2798753,7.8952737,4.674446,26.898064,-40.220833,72.202545,-18.650616,-28.311289,36.137833,33.869167
102,-7.769821643829346,-48.20039367675781,63.69532775878906,-4.084900187972314,5.946498026498518,-101.10004436683491,-26.858335,14.051952,25.20764,44.13812,-12.369076,-1.6467836,1.4525001,5.5625153,-0.34039852,6.562182,-12.912467,4.338488,8.067325,4.961883,26.858023,-39.361786,72.73581,-19.400295,-28.44157,35.74708,33.078976
103,-7.8514227867126465,-48.8459358215332,63.5455207824707,-4.2443536676506985,5.825517136949954,-101.01236224603532,-27.349361,13.866339,25.449928,41.545155,-12.139526,-2.0403194,2.1419566,5.6942463,-0.3639939,6.5579257,-13.39003,4.2985454,8.218761,5.218936,26.824284,-38.542168,73.24051,-20.1408,-28.571396,35.377033,32.33242
104,-7.919137954711914,-49.4948616027832,63.39599609375,-4.430465160668212,5.687764974529362,-100.90132829630784,-27.811514,13.678346,25.611906,38.958317,-11.882103,-2.553507,2.838042,5.8691883,-0.42164347,6.596227,-13.853914,4.069551,8.407702,5.3564963,26.802166,-37.926083,73.80791,-20.92913,-28.661442,35.07896,31.735209
105,-7.999948978424072,-50.15434646606445,63.23519515991211,-4.644331878951717,5.560341137494905,-100.7503629710071,-28.258865,13.45775,25.66332,36.277466,-11.529364,-3.2370253,3.5323856,6.0954323,-0.5315524,6.6465797,-14.275796,3.5605626,8.46694,5.587845,26.77244,-37.02955,74.34606,-21.626175,-28.801981,34.74182,31.040049
106,-8.084296226501465,-50.81418228149414,63.06261444091797,-4.883639499627885,5.422609853120709,-100.56915068914748,-28.677822,13.215502,25.616133,33.522682,-11.099433,-4.043555,4.2305107,6.365899,-0.67791027,6.739685,-14.690008,2.8441353,8.486492,5.7085004,26.7475,-36.18953,74.96243,-22.339003,-28.944336,34.49155,30.402773
107,-8.154916763305664,-51.47861099243164,62.88521957397461,-5.126915791011145,5.277648388068296,-100.37467566473465,-29.07688,12.974129,25.52111,30.86397,-10.720371,-4.8858466,4.5961885,6.642729,-0.87853557,7.6806726,-15.596084,2.0751238,8.54323,5.7432084,26.731356,-35.58568,75.583405,-23.089794,-29.042051,34.299606,29.908226
108,-8.209717750549316,-52.15430450439453,62.698753356933594,-5.33286820925091,5.1570321443485625,-100.16892009679826,-29.47376,12.711656,25.434038,28.417768,-10.486198,-5.6788077,4.9769263,6.8775682,-1.0908085,8.536269,-16.463703,1.4095967,8.517161,5.859888,26.714703,-34.997078,76.07885,-23.784107,-29.141994,34.11915,29.39009
109,-8.269024848937988,-52.82657241821289,62.50068664550781,-5.5035066986485575,5.055451695315581,-99.9511349602592,-29.86567,12.420583,25.372889,26.149784,-10.452623,-6.426449,5.3631997,7.077625,-1.3250364,9.343612,-17.337877,0.8388354,8.416072,6.0569906,26.700245,-34.489677,76.44157,-24.388172,-29.242159,33.960815,28.820654
110,-8.320822715759277,-53.50730514526367,62.30389404296875,-5.649429873964729,4.968454593705112,-99.7160696733627,-30.238813,12.085875,25.315573,23.971268,-10.531975,-7.170631,5.7455764,7.2542152,-1.5843906,10.1415205,-18.226076,0.29816952,8.275149,6.289666,26.689278,-34.08677,76.70797,-24.925987,-29.338755,33.810413,28.245743
111,-8.352285385131836,-54.188804626464844,62.10602569580078,-5.775474594383981,4.891738631353441,-99.48432931195832,-30.583515,11.732959,25.26097,21.986645,-10.627888,-7.892075,6.141874,7.395421,-1.8236655,10.887591,-19.061043,-0.14546034,8.122425,6.550377,26.680643,-33.789936,76.89149,-25.439743,-29.43516,33.683918,27.713655
112,-8.381597518920898,-54.869564056396484,61.905391693115234,-5.886891757904775,4.831652206179582,-99.2806207274607,-30.89624,11.391785,25.207684,20.296352,-10.645888,-8.56903,6.556666,7.4914627,-1.9963142,11.545395,-19.776957,-0.42656833,7.9849305,6.8333106,26.672197,-33.586246,76.99841,-25.961329,-29.532633,33.58687,27.261356
113,-8.398381233215332,-55.55323791503906,61.70758056640625,-5.99106846636948,4.7997647463042705,-99.11121607040475,-31.19837,11.071053,25.183044,18.90762,-10.534427,-9.184686,6.996678,7.5500317,-2.103146,12.066678,-20.373425,-0.4954053,7.847834,7.16816,26.662212,-33.476845,76.9946,-26.531364,-29.634752,33.540306,26.880095
114,-8.428616523742676,-56.23414993286133,61.520015716552734,-6.090069699976979,4.793656411938812,-98.9685670154889,-31.478209,10.75717,25.179573,17.745867,-10.338023,-9.756672,7.4478717,7.57976,-2.1620643,12.497129,-20.885567,-0.3991105,7.7003922,7.5392113,26.650394,-33.46057,76.89872,-27.134262,-29.742565,33.549255,26.551098
115,-8.44672679901123,-56.9282341003418,61.351478576660156,-6.188425001176324,4.794489289561193,-98.85981528778903,-31.682568,10.462613,25.141045,16.804298,-10.115564,-10.309983,7.888361,7.581787,-2.1477487,12.93535,-21.295183,-0.21883878,7.570494,7.8724585,26.63672,-33.509567,76.80382,-27.708097,-29.853573,33.59317,26.282291
116,-8.459110260009766,-57.640777587890625,61.19306564331055,-6.294652600401743,4.7859470515265246,-98.7960034417695,-31.769773,10.213007,25.012407,16.10115,-9.942455,-10.86987,8.295128,7.560455,-2.028646,13.477287,-21.583338,-0.035212964,7.486739,8.0965805,26.621077,-33.584576,76.80153,-28.15724,-29.961128,33.62331,26.058409
117,-8.471099853515625,-58.372615814208984,61.0363655090332,-6.475648662179764,4.76350191966961,-98.82385789793543,-31.736444,10.113272,24.782904,15.729102,-9.928755,-11.645526,8.629655,7.571894,-1.731223,14.223712,-21.810759,0.13635541,7.443332,8.1840105,26.612343,-33.63437,76.9698,-28.397688,-30.014833,33.60537,25.808931
118,-8.490161895751953,-59.12229919433594,60.872589111328125,-6.607509589463115,4.701648481250928,-98.93554500812094,-31.540855,10.023546,24.553822,15.579886,-9.963246,-12.5467005,8.733474,7.491428,-1.320669,15.610392,-22.264336,0.34628725,7.521679,8.219315,26.594357,-33.76517,77.18211,-28.592392,-30.10986,33.556065,25.656593
119,-8.5025634765625,-59.896583557128906,60.71000671386719,-6.723964763376502,4.6539919863103325,-99.09728648073948,-31.457193,10.04746,24.252054,16.078135,-10.203615,-13.203963,8.780246,7.3824463,-0.84682196,17.10026,-22.603954,0.5965119,7.688986,8.161535,26.563519,-33.950653,77.40705,-28.612318,-30.2366,33.446854,25.520336
120,-8.483081817626953,-60.6707763671875,60.579551696777344,-6.765415682983641,4.643635080091189,-99.23586577710985,-31.572506,10.091985,23.8335,17.22736,-10.556155,-13.222028,8.775315,7.203501,-0.42967808,18.634554,-22.763021,0.8912844,7.9140177,8.019581,26.498625,-34.160965,77.572464,-28.377342,-30.448267,33.182213,25.345636
121,-8.473289489746094,-61.439208984375,60.4827995300293,-6.698799193145601,4.676953753305841,-99.3190743013477,-31.854877,10.086192,23.23482,19.021645,-10.932041,-12.324513,8.735876,6.9212303,-0.11584055,20.183725,-22.775463,1.2380836,8.091609,7.944514,26.41623,-34.199116,77.56733,-27.98962,-30.663624,32.87896,25.229809
122,-8.46385383605957,-62.24901580810547,60.396636962890625,-6.558222037708444,4.7438429845109304,-99.38075137147088,-32.21459,10.0267315,22.498486,21.270844,-11.271464,-10.785483,8.643034,6.559791,0.15237392,21.803976,-22.67041,1.6299473,8.214891,7.9187927,26.319893,-34.073414,77.447174,-27.505703,-30.866688,32.599144,25.180756
123,-8.454389572143555,-63.08251190185547,60.33266830444336,-6.3314037926576034,4.832052188816264,-99.42155789348114,-32.5357,9.832679,21.770102,23.468008,-11.405464,-9.015892,8.470932,6.10926,0.38171548,23.546852,-22.373363,2.049691,8.265542,7.977313,26.215315,-33.842285,77.17116,-27.054703,-31.035305,32.453217,25.281395
124,-8.421974182128906,-63.9205322265625,60.305179595947266,-6.008003311361329,4.93045238820412,-99.44380160659635,-32.73603,9.473433,21.191175,25.223967,-11.26016,-7.411463,8.193049,5.564697,0.58004594,25.46764,-21.808784,2.4833043,8.237917,8.146348,26.103956,-33.57533,76.70275,-26.729876,-31.159956,32.511543,25.589558
125,-8.387957572937012,-64.7591323852539,60.30397415161133,-5.544067875095454,5.05889271081135,-99.45336849097266,-32.81331,8.940325,20.813778,26.464296,-10.706213,-6.002148,7.801514,4.879392,0.73005015,27.578527,-20.993505,2.95641,8.127861,8.454433,25.982891,-33.26917,75.99452,-26.608818,-31.238422,32.82663,26.159374
126,-8.34531307220459,-65.61509704589844,60.32975387573242,-4.965002593340368,5.218434322760345,-99.44980074795896,-32.818073,8.291508,20.576267,27.45546,-9.878439,-4.58213,7.301664,4.080638,0.83462936,29.874144,-19.968811,3.4674397,7.95525,8.8563,25.84818,-32.91893,75.09322,-26.58048,-31.29923,33.307854,26.908215
127,-8.310404777526855,-66.46775817871094,60.35762405395508,-4.365226474425523,5.364938115875896,-99.42650060840795,-32.749706,7.612071,20.425455,28.346722,-9.128923,-3.187853,6.703909,3.2779534,0.9356137,32.354572,-18.680708,3.9668617,7.7554393,9.279397,25.71578,-32.589493,74.08911,-26.509708,-31.333593,33.83781,27.759296
128,-8.273517608642578,-67.33051300048828,60.39931106567383,-3.8364220649562544,5.450380443933495,-99.37699891093862,-32.606583,6.978445,20.283865,29.279097,-8.802064,-1.8662099,6.02495,2.5773497,1.0766932,35.008854,-17.058105,4.4084353,7.550687,9.66361,25.602556,-32.32941,73.067825,-26.278906,-31.32332,34.32181,28.648554
129,-8.229726791381836,-68.19892883300781,60.438961029052734,-3.402943919301292,5.4517175846461265,-99.30786901425442,-32.411274,6.4186664,20.098923,30.378193,-9.089416,-0.5806119,5.2909646,2.0105708,1.2901648,37.84074,-14.9639225,4.8576536,7.3499355,10.02427,25.51003,-32.1076,72.02772,-25.84239,-31.264305,34.74274,29.566603
130,-8.195931434631348,-69.0872573852539,60.46580505371094,-3.013457027779635,5.395552466015689,-99.21973108205786,-32.15466,5.9012213,19.887686,31.556702,-9.797888,0.6737299,4.495372,1.5226462,1.5501853,40.83464,-12.459901,5.32451,7.1412683,10.388166,25.430614,-31.914057,70.925026,-25.264177,-31.165987,35.142757,30.545881
131,-8.152491569519043,-69.972900390625,60.492210388183594,-2.6438470551213946,5.305817757856514,-99.0970131854723,-31.80378,5.4023275,19.670708,32.64864,-10.677145,1.7889631,3.613549,1.0848558,1.8061786,43.934326,-9.762055,5.6839547,6.9018836,10.721862,25.366203,-31.807585,69.781624,-24.5847,-31.035677,35.52758,31.571007
132,-8.127667427062988,-70.85225677490234,60.533447265625,-2.270835679962776,5.208849447509613,-98.92555990682602,-31.333027,4.8815556,19.48804,33.47685,-11.453615,2.6572435,2.6203387,0.6636071,1.9963009,47.084423,-7.0813675,5.809299,6.6187863,10.982231,25.32028,-31.85629,68.62156,-23.866268,-30.879047,35.910923,32.646805
133,-8.114818572998047,-71.71613311767578,60.585182189941406,-1.8851072919012586,5.092674794189659,-98.65690481055334,-30.722166,4.287649,19.346169,33.972836,-12.0597,3.2092175,1.4784403,0.27839923,2.128377,50.413322,-4.4010496,5.49407,6.2415485,11.189151,25.294434,-32.0904,67.431946,-23.06098,-30.702795,36.280113,33.749237
134,-8.064099311828613,-72.58135986328125,60.65670394897461,-1.4991348016642336,4.949206512640277,-98.31428395986492,-30.004955,3.6368737,19.231752,34.24195,-12.627041,3.5109167,0.22188695,-0.06920031,2.197796,53.87948,-1.6019477,4.8785796,5.7960954,11.348824,25.287556,-32.472466,66.20488,-22.157757,-30.50754,36.63228,34.881393
135,-8.016217231750488,-73.43893432617188,60.732521057128906,-1.117677090597999,4.804532530794107,-97.99214837858347,-29.230637,2.9802518,19.171253,34.36054,-13.171045,3.6618931,-1.0775206,-0.45651814,2.1441584,57.21535,1.2271888,4.3248205,5.344402,11.420001,25.295134,-32.922455,64.97448,-21.206934,-30.302048,36.989574,36.019627
136,-7.979720115661621,-74.26880645751953,60.79830551147461,-0.752743631673539,4.686475738002416,-97.77974053369162,-28.437384,2.3767402,19.182451,34.391365,-13.703108,3.7622447,-2.3499813,-0.95957834,1.9371188,60.163757,3.9727075,4.1692204,4.9417152,11.357477,25.312752,-33.356403,63.785233,-20.238567,-30.094952,37.36121,37.12462
137,-7.9489216804504395,-75.07707214355469,60.872196197509766,-0.4095088900345406,4.613553936077632,-97.70854495337352,-27.638288,1.8516437,19.2913,34.340706,-14.240388,3.8014116,-3.613844,-1.6356757,1.5625621,62.70714,6.9362717,4.663606,4.6122622,11.131054,25.34291,-33.80005,62.65074,-19.252363,-29.88292,37.732212,38.192505
138,-7.880776405334473,-75.89039611816406,60.9691162109375,-0.08232824534642508,4.568866061927336,-97.72576873406307,-26.809578,1.3632537,19.483969,34.166504,-14.766908,3.743031,-4.905459,-2.4357882,1.0917598,65.0101,10.044678,5.550478,4.3248305,10.763969,25.386278,-34.28024,61.555443,-18.24123,-29.666037,38.10947,39.248577
139,-7.812339782714844,-76.68193817138672,61.082191467285156,0.23530241179455316,4.527142532722956,-97.79306904759177,-25.93685,0.8771069,19.715496,33.866566,-15.243339,3.646436,-6.191823,-3.2890024,0.5998516,67.10642,12.602309,6.3841324,4.0503974,10.298064,25.43499,-34.71187,60.49958,-17.224915,-29.458181,38.535233,40.300205
140,-7.745102882385254,-77.4472885131836,61.19911193847656,0.5507987373266672,4.463586279758189,-97.87065884058173,-25.010687,0.36344904,19.937115,33.447517,-15.6328745,3.5684695,-7.437857,-4.153423,0.09484006,69.0125,13.912713,6.6867676,3.7608087,9.782837,25.480904,-35.008686,59.47539,-16.23165,-29.272543,39.05695,41.36132
141,-7.67354679107666,-78.21363830566406,61.32145690917969,0.8558655282826285,4.384821458633758,-97.98897349561861,-24.035393,-0.16054936,20.164288,32.916893,-15.934591,3.5058315,-8.645397,-5.068277,-0.4940839,70.731155,13.519108,6.2248473,3.5802264,9.196886,25.50343,-35.18442,58.483547,-14.974967,-29.250298,39.36374,42.17842
142,-7.597886562347412,-78.97562408447266,61.44902801513672,1.2150487600387812,4.2631877480598925,-98.15614496602674,-22.946367,-0.7597821,20.438494,32.185368,-16.11412,3.4366367,-9.802342,-6.102344,-1.1329069,72.280205,11.859209,5.304932,3.233897,8.606065,25.564533,-35.235023,57.483395,-14.309344,-29.01234,40.46888,43.489178
143,-7.51656436920166,-79.74909973144531,61.595130920410156,1.5185591524223863,4.144185490999394,-98.30581257989496,-21.85108,-1.3238362,20.660467,31.400963,-16.257399,3.3718019,-10.928194,-7.0306606,-1.7344196,73.56969,9.660758,4.2282085,2.9173572,7.9556794,25.604692,-35.13534,56.545116,-13.41517,-28.855133,41.31468,44.613556
144,-7.44083833694458,-80.51629638671875,61.747169494628906,1.758725240453307,4.021459072793721,-98.36795787977272,-20.76018,-1.8563997,20.77123,30.583765,-16.372334,3.329766,-12.012985,-7.759107,-2.2308664,74.56094,7.6285176,3.2625303,2.5158033,7.2630973,25.644764,-34.89682,55.676857,-12.461814,-28.718721,42.093822,45.68877
145,-7.381387233734131,-81.2730484008789,61.903255462646484,1.918360118110972,3.895617183111463,-98.31685157413303,-19.679861,-2.3489647,20.748007,29.740755,-16.466532,3.3313248,-13.068251,-8.225816,-2.5898497,75.22425,5.8002973,2.3828523,1.991849,6.516302,25.683798,-34.47326,54.90192,-11.4647045,-28.582779,42.830666,46.73371
146,-7.333727836608887,-82.01942443847656,62.059814453125,2.019144478856833,3.7614672047992816,-98.19390990302745,-18.588297,-2.8085861,20.630152,28.84691,-16.524715,3.358893,-14.09718,-8.486453,-2.8381178,75.59532,3.855869,1.4959738,1.3788706,5.7189264,25.722548,-33.887474,54.20506,-10.448833,-28.447304,43.576225,47.76337
147,-7.292140960693359,-82.75930786132812,62.216217041015625,2.0830927892179063,3.6146831313874266,-98.02855004665493,-17.47673,-3.2410374,20.441757,27.907864,-16.5408,3.3728626,-15.077803,-8.640467,-3.05884,75.71236,1.970356,0.70624286,0.7104759,4.9103365,25.763878,-33.210716,53.547977,-9.419359,-28.314602,44.31121,48.773487
148,-7.261687278747559,-83.50650024414062,62.372005462646484,2.134569732026709,3.4513128537822326,-97.84948140687004,-16.337322,-3.6546454,20.206253,26.92809,-16.508219,3.3352826,-15.98632,-8.796379,-3.348477,75.61275,0.31605902,0.1102435,0.025885707,4.1302423,25.810555,-32.517326,52.888393,-8.381108,-28.188644,45.008022,49.761642
149,-7.22891902923584,-84.24185943603516,62.52190017700195,2.1734457853826252,3.2579702007248588,-97.6466277178254,-15.156379,-4.0478587,19.899998,25.902905,-16.41153,3.2278125,-16.795563,-8.99499,-3.7783716,75.28143,-1.0579119,-0.21664715,-0.6817439,3.3662806,25.863985,-31.812769,52.24762,-7.330108,-28.070068,45.666954,50.739346
150,-7.207622528076172,-84.98252868652344,62.674407958984375,2.1901087232448444,3.040082499736991,-97.4097620384253,-13.94112,-4.4140744,19.519995,24.835974,-16.259605,3.0730805,-17.523203,-9.182398,-4.3010774,74.70426,-2.2412024,-0.35057878,-1.4261671,2.600432,25.923433,-31.069258,51.63912,-6.271169,-27.9577,46.305275,51.70986
151,-7.189764976501465,-85.73296356201172,62.822933197021484,2.1901561796609883,2.822306467696977,-97.16685552253745,-12.717173,-4.752844,19.12209,23.746187,-16.089075,2.8973231,-18.211489,-9.325967,-4.837263,73.91799,-3.2717803,-0.42287087,-2.1792376,1.8648503,25.988445,-30.311436,51.00577,-5.2091923,-27.85151,46.902653,52.649906
152,-7.1616411209106445,-86.47197723388672,62.9674186706543,2.184990440593687,2.6302773503158754,-96.94613567188023,-11.512474,-5.067493,18.76361,22.654802,-15.93361,2.7277477,-18.904716,-9.39279,-5.300973,72.96305,-4.1918063,-0.5646408,-2.90601,1.1940404,26.058279,-29.568325,50.285797,-4.144901,-27.751898,47.429623,53.53625
153,-7.133726596832275,-87.22101593017578,63.09611129760742,2.1640194983938033,2.4635604160737055,-96.76027494408298,-10.32549,-5.3524857,18.463123,21.564465,-15.806324,2.5979028,-19.616032,-9.373879,-5.693028,71.85201,-4.9705405,-0.85612875,-3.3982294,0.43208894,26.097559,-29.121937,49.53431,-2.8898766,-27.703194,47.57895,54.297108
154,-7.1146039962768555,-87.95942687988281,63.205684661865234,2.14109534774777,2.316932051478908,-96.5907769114735,-9.145513,-5.62542,18.190971,20.453054,-15.681663,2.4878917,-20.329693,-9.298662,-6.0498924,70.57213,-5.6070404,-1.2134572,-3.9281778,-0.17819096,26.147015,-28.577875,48.63943,-1.6801413,-27.64335,47.73646,55.037468
155,-7.093696117401123,-88.6973876953125,63.300621032714844,2.1145443627374707,2.1891063980841836,-96.42601668318707,-7.9855614,-5.8781133,17.932545,19.350163,-15.563328,2.3439496,-21.023508,-9.159634,-6.348613,69.10457,-6.1785007,-1.5296898,-4.470665,-0.77375454,26.201841,-28.058691,47.71691,-0.50383836,-27.58371,47.89223,55.733566
156,-7.085544586181641,-89.4220962524414,63.38751220703125,2.100318465910907,2.0806600843812855,-96.25212842229496,-6.853561,-6.120322,17.672598,18.26609,-15.443148,2.1124287,-21.680038,-8.96416,-6.561831,67.43589,-6.7638845,-1.6984408,-4.94606,-1.4584076,26.244747,-27.74708,46.826885,0.62180126,-27.54514,48.00337,56.395138
157,-7.086115837097168,-90.15489196777344,63.46681594848633,2.0829202800219226,1.9971234362568906,-96.06194959099616,-5.743392,-6.3372145,17.414202,17.167952,-15.304398,1.7484965,-22.298147,-8.685107,-6.6647496,65.53749,-7.399924,-1.6824839,-5.5038905,-2.1570113,26.303797,-27.416443,45.960438,1.7143584,-27.505144,48.18092,56.960445
158,-7.089249610900879,-90.87271881103516,63.52756118774414,2.0668036005685466,1.9384216259633356,-95.86272394127184,-4.6502075,-6.5361795,17.163414,16.048346,-15.149167,1.2924939,-22.88825,-8.341518,-6.6807456,63.428158,-8.041767,-1.5522432,-6.1127543,-2.8463125,26.379128,-27.095661,45.079834,2.7381546,-27.466171,48.424904,57.47446
159,-7.0705695152282715,-91.58110809326172,63.56447219848633,2.0566308550007557,1.8871832507537256,-95.66271480433136,-3.5764086,-6.7265887,16.905725,14.959874,-15.000609,0.8167713,-23.430965,-7.9821043,-6.673143,61.1374,-8.628914,-1.3677118,-6.758861,-3.5254276,26.470497,-26.799063,44.198296,3.6862175,-27.428839,48.71151,57.968994
160,-7.057535648345947,-92.28905487060547,63.591712951660156,2.0630212737757776,1.827035765718203,-95.46991022869001,-2.5280058,-6.915855,16.626879,13.963741,-14.886692,0.39416146,-23.906605,-7.648059,-6.7013497,58.69009,-9.098147,-1.178465,-7.4257874,-4.1904798,26.577486,-26.536066,43.32616,4.557061,-27.392778,49.006596,58.475998
161,-7.04648494720459,-93.01214599609375,63.60471725463867,2.0856815948244924,1.754866401443375,-95.28733403932662,-1.5117682,-7.1036887,16.317307,13.082509,-14.810235,0.036086284,-24.316954,-7.3402615,-6.766289,56.078255,-9.454187,-1.0193993,-8.107275,-4.833173,26.700438,-26.322403,42.446556,5.3665285,-27.35757,49.281773,58.986835
162,-7.023301601409912,-93.73963165283203,63.597633361816406,2.120676736659621,1.6789857605582974,-95.11052703789319,-0.52738905,-7.2858057,15.98725,12.2936325,-14.7647,-0.29131296,-24.669323,-7.0379324,-6.840673,53.29224,-9.724254,-0.8545614,-8.789181,-5.4619775,26.840086,-26.17341,41.554234,6.1280184,-27.32367,49.524784,59.4891
163,-7.009152412414551,-94.45048522949219,63.57368087768555,2.168242373785281,1.601252279464148,-94.93771814058829,0.43033713,-7.468394,15.652555,11.584303,-14.766173,-0.5835277,-24.955076,-6.7459645,-6.939849,50.350426,-9.877519,-0.6216461,-9.448089,-6.1000075,26.996193,-26.091648,40.6789,6.837658,-27.291544,49.728935,59.99769
164,-7.002786636352539,-95.15058135986328,63.53169631958008,2.2325526934127793,1.52434270086502,-94.76700761776023,1.3640188,-7.6556034,15.329298,10.944885,-14.831207,-0.837788,-25.16608,-6.467935,-7.0791645,47.264,-9.8812475,-0.2573471,-10.065848,-6.768634,27.167408,-26.070574,39.851704,7.488675,-27.261461,49.89341,60.52762
165,-6.995303153991699,-95.8671646118164,63.47761154174805,2.3124459643912085,1.4476956169850845,-94.587118155719,2.272867,-7.84933,15.007909,10.37341,-14.95968,-1.050979,-25.279247,-6.2081003,-7.267317,43.95843,-9.695484,0.26649314,-10.6514435,-7.4791727,27.354053,-26.119078,39.07618,8.065395,-27.234022,50.02967,61.094604
166,-6.986921310424805,-96.59236907958984,63.402854919433594,2.4067393524264276,1.3721388074212064,-94.40407674163056,3.1407702,-8.040852,14.689667,9.907091,-15.162615,-1.227797,-25.30503,-5.953706,-7.4922175,40.440937,-9.343486,0.9167436,-11.208292,-8.228371,27.555971,-26.240923,38.34407,8.573408,-27.209187,50.13738,61.68586
167,-6.973560333251953,-97.31209564208984,63.3092155456543,2.5132133626891884,1.303412480831245,-94.24274932546572,3.981194,-8.238511,14.398932,9.509503,-15.421673,-1.3736527,-25.283121,-5.6846447,-7.732296,36.82974,-8.86841,1.666551,-11.713208,-9.011132,27.769325,-26.410864,37.665573,9.040625,-27.18592,50.195534,62.26702
168,-6.956820964813232,-98.03849792480469,63.19472122192383,2.630847957640173,1.247605867377089,-94.1275127794868,4.79301,-8.446962,14.163374,9.1806345,-15.740498,-1.49582,-25.257563,-5.388515,-7.968029,33.250126,-8.32166,2.4825354,-12.143067,-9.808601,27.988543,-26.590574,37.040985,9.495178,-27.163073,50.17557,62.808872
169,-6.945285797119141,-98.76762390136719,63.06071472167969,2.760571794693284,1.208555274531867,-94.0674692665545,5.5810194,-8.671318,14.000369,8.90332,-16.12401,-1.5939368,-25.233633,-5.0569997,-8.178438,29.647058,-7.6390243,3.3598838,-12.493208,-10.616623,28.210129,-26.755527,36.470127,9.948655,-27.140167,50.05963,63.298824
170,-6.930435657501221,-99.50366973876953,62.910316467285156,2.9031977267126803,1.1837794737498248,-94.05000036394034,6.3419213,-8.913599,13.894135,8.683534,-16.56648,-1.6659292,-25.187155,-4.703758,-8.370323,25.96126,-6.8117375,4.3083367,-12.774297,-11.424074,28.43337,-26.907722,35.936436,10.390045,-27.117727,49.852028,63.750748
171,-6.912197113037109,-100.23786926269531,62.73767852783203,3.04960104580717,1.168372644493572,-94.06381641641654,7.0555015,-9.150774,13.820685,8.578181,-17.077091,-1.7152764,-25.12336,-4.340737,-8.577758,22.325937,-5.978589,5.3194027,-12.998535,-12.212952,28.65748,-27.052027,35.434513,10.825232,-27.095861,49.56289,64.15479
172,-6.898184776306152,-100.98097229003906,62.54612350463867,3.198047596483539,1.1582057661107714,-94.09586487446809,7.643035,-9.352489,13.7633705,8.78908,-17.748783,-1.7489961,-25.029654,-3.9784026,-8.840829,18.832487,-5.249068,6.390086,-13.17725,-12.955589,28.88089,-27.189415,34.94624,11.252271,-27.074642,49.202938,64.51351
173,-6.883633136749268,-101.72447967529297,62.33726119995117,3.370039157182054,1.1562023017538523,-94.14481138410598,8.164266,-9.562072,13.711911,9.165944,-18.509699,-1.753083,-24.861702,-3.6211212,-9.164242,15.316289,-4.596301,7.6486034,-13.324541,-13.642268,29.102293,-27.309881,34.454147,11.650937,-27.05438,48.765736,64.83433
174,-6.872326850891113,-102.47682189941406,62.1182975769043,3.5495169400961677,1.1811076054846918,-94.20721527187435,8.641267,-9.7720585,13.667137,9.611291,-19.308325,-1.7312572,-24.524454,-3.2179992,-9.553943,11.458951,-3.7829146,9.056077,-13.33989,-14.251662,29.41262,-27.47355,33.84221,12.134199,-27.029684,48.06599,65.04953
175,-6.862431526184082,-103.23212432861328,61.8826789855957,3.8226342769788073,1.233584625736169,-94.21793021809508,9.090161,-10.060618,13.533839,10.076432,-20.068705,-1.7017419,-24.25113,-2.925687,-10.018933,7.954983,-3.0925913,10.3847885,-13.372,-14.731186,29.692528,-27.55339,33.135517,12.488568,-27.0119,47.357216,65.34098
176,-6.866333484649658,-103.98756408691406,61.63816452026367,4.138912084708325,1.305993859890912,-94.18166536976061,9.508136,-10.366318,13.310722,10.570732,-20.754116,-1.6920564,-24.483135,-2.7897527,-10.558239,6.054728,-3.1384974,11.39646,-13.410662,-15.114656,29.946737,-27.553171,32.397766,12.758073,-26.999708,46.674015,65.68527
177,-6.872452735900879,-104.74563598632812,61.39789962768555,4.444501903708236,1.369212463398222,-94.16222911556825,9.919682,-10.6481285,13.059333,11.09023,-21.369534,-1.7053674,-25.206352,-2.74232,-11.21054,5.777738,-3.9190612,11.970457,-13.483667,-15.516037,30.108477,-27.487814,31.837519,12.8931055,-26.992569,46.209587,66.10829
178,-6.88466215133667,-105.50102233886719,61.173240661621094,4.717379689305953,1.4395481236847423,-94.16821978943864,10.311797,-10.889346,12.802503,11.636957,-21.936508,-1.7332112,-25.13937,-2.4714909,-12.014855,3.825801,-3.5462077,12.22674,-13.496341,-15.888614,30.267128,-27.388216,31.327488,13.026157,-26.984663,45.738712,66.50486
179,-6.8964972496032715,-106.25597381591797,60.967254638671875,4.945204839347582,1.5060079204806613,-94.17921566776837,10.694819,-11.0775,12.534913,12.210229,-22.428263,-1.7865617,-24.936771,-2.1360257,-12.821718,1.9402328,-3.0311666,12.324791,-13.488451,-16.218887,30.422142,-27.269512,30.90254,13.1595,-26.9756,45.284485,66.85709
180,-6.912732124328613,-107.0067138671875,60.775177001953125,5.111549066149074,1.5707081704923662,-94.15838142894694,11.018479,-11.173832,12.246496,12.9320545,-22.890598,-1.8786072,-24.95299,-1.8616258,-13.521167,1.1021252,-2.9366477,12.413843,-13.437849,-16.382383,30.64038,-27.111776,30.4304,13.388244,-26.961206,44.705616,67.08843
181,-6.9328107833862305,-107.75896453857422,60.59353256225586,5.216230680848851,1.6103832906655255,-94.08707035327681,11.261429,-11.15954,11.918129,13.904827,-23.395294,-2.0139253,-25.22162,-1.687886,-14.187463,1.5359503,-3.3644514,12.544143,-13.474528,-16.531012,30.84043,-26.947462,30.140022,13.595028,-26.945362,44.240166,67.25548
182,-6.959108352661133,-108.5264892578125,60.42256164550781,5.260426861839866,1.6328209556957993,-93.9884005475499,11.475188,-11.058314,11.559669,14.981819,-23.862745,-2.1858177,-25.696808,-1.5871898,-14.844179,3.048456,-4.2188888,12.632057,-13.561132,-16.663465,31.025602,-26.77586,30.004887,13.815977,-26.926682,43.85218,67.34508
183,-6.985163688659668,-109.31112670898438,60.26626205444336,5.22985386516069,1.6378789644961143,-93.8909150657844,11.6798315,-10.869333,11.218916,16.120758,-24.237251,-2.3910382,-26.300705,-1.5254924,-15.318996,5.314977,-5.355871,12.621342,-13.663248,-16.768307,31.196693,-26.600046,30.041424,14.016956,-26.902426,43.51657,67.40098
184,-7.004164695739746,-110.1176528930664,60.12505340576172,5.104490202759903,1.641383468113972,-93.8182790791477,11.867172,-10.583347,10.944632,17.317493,-24.481907,-2.626351,-26.140585,-1.1951693,-15.462948,5.8688293,-5.3631296,12.426197,-13.732478,-16.741262,31.452374,-26.39797,30.128714,14.239887,-26.85776,43.133312,67.40919
185,-7.023460388183594,-110.94720458984375,59.99766159057617,4.898799110988246,1.6313463372149941,-93.76005697814482,12.050728,-10.217891,10.74055,18.584,-24.643501,-2.8882146,-25.71142,-0.807299,-15.139122,6.124753,-5.09633,12.220295,-13.82835,-16.595226,31.77063,-26.14913,30.332315,14.37682,-26.790915,42.82748,67.482666
186,-7.051247596740723,-111.77357482910156,59.90135192871094,4.651126540313275,1.6106235537506859,-93.69421321881951,12.233158,-9.80033,10.561912,19.898521,-24.70942,-3.1782804,-25.52811,-0.5404535,-14.452917,7.409874,-5.3095922,12.007822,-14.006322,-16.372778,32.09209,-25.821547,30.701149,14.38738,-26.709068,42.657948,67.634895
187,-7.086761951446533,-112.618408203125,59.82202911376953,4.33533991418929,1.588118962054324,-93.63086086458601,12.376005,-9.29929,10.399929,21.298653,-24.605076,-3.5032413,-25.670635,-0.29676193,-13.60048,9.607167,-5.897463,11.461905,-14.192675,-16.15982,32.357,-25.522268,31.269892,14.385392,-26.618832,42.50327,67.73105
188,-7.128307819366455,-113.4695053100586,59.77912139892578,3.9162520246508823,1.5859697113315432,-93.58377468487893,12.4234915,-8.670594,10.254469,22.837732,-24.267302,-3.871743,-25.923342,0.11043015,-12.78558,11.820178,-6.2949877,10.235142,-14.325078,-16.11885,32.566757,-25.412687,32.107624,14.476732,-26.515295,42.2549,67.624855
189,-7.188985347747803,-114.32698059082031,59.783756256103516,3.331638549547208,1.6179011699933799,-93.58312559591636,12.372741,-7.8646994,10.184899,24.523407,-23.7463,-4.229011,-26.337812,0.77393776,-11.979054,14.052187,-6.365156,7.829039,-14.339959,-16.363405,32.712112,-25.601892,33.305378,14.735837,-26.390533,41.839394,67.2407
190,-7.252784252166748,-115.18885040283203,59.81376647949219,2.6304390590151105,1.6777674824708046,-93.60674515574954,12.237094,-6.9301686,10.166173,26.346426,-23.066069,-4.590733,-26.846504,1.6164913,-11.175647,16.309303,-6.1522455,4.54511,-14.279396,-16.746828,32.814922,-25.96883,34.74636,15.098201,-26.24557,41.305153,66.67092
191,-7.317724227905273,-116.06729888916016,59.85423278808594,1.9287922002376228,1.7438108480638714,-93.6055368379616,11.992926,-5.9604783,10.08665,28.346748,-22.125666,-5.0747814,-27.309095,2.4768798,-10.5659685,18.411512,-5.814818,1.2313883,-14.223607,-17.11698,32.864845,-26.377443,36.287003,15.4764,-26.09864,40.737705,66.00963
192,-7.3958635330200195,-116.95600891113281,59.89429473876953,1.3285170347044073,1.782795130512687,-93.54058164473402,11.627723,-5.0397773,9.841124,30.561201,-20.82551,-5.8035707,-27.57676,3.189868,-10.236948,20.209913,-5.571447,-1.2665589,-14.212272,-17.294176,32.840527,-26.695133,37.768227,15.813023,-25.967777,40.185905,65.33531
193,-7.47527551651001,-117.85202026367188,59.9265022277832,0.8321784888803929,1.784693288884284,-93.38094310661096,11.148841,-4.1567574,9.392414,33.023743,-19.109274,-6.9973826,-27.621332,3.676875,-10.2197075,21.738155,-5.524615,-2.62412,-14.286055,-17.285673,32.740036,-26.91565,39.21984,16.121235,-25.852177,39.6016,64.638245
194,-7.545548439025879,-118.7447509765625,59.948760986328125,0.37912641414699055,1.7613264044385637,-93.16984838742715,10.554283,-3.2854598,8.792779,35.73526,-17.066217,-8.54497,-27.523943,3.9956775,-10.403846,23.14166,-5.6294026,-3.358929,-14.396066,-17.145618,32.579056,-27.086086,40.693497,16.438463,-25.742226,38.97747,63.87269
195,-7.612523555755615,-119.6314697265625,59.973854064941406,-0.03327896893187052,1.7171131551570287,-92.98095681598302,9.826538,-2.485662,8.076784,38.645206,-14.796512,-10.085843,-27.325432,4.2087684,-10.612525,24.457636,-5.8832235,-3.8626275,-14.474968,-16.897837,32.36067,-27.223875,42.17818,16.72391,-25.645733,38.452663,63.05803
196,-7.668807506561279,-120.51297760009766,60.014556884765625,-0.4001036911763128,1.656182025238977,-92.88239137021374,8.959634,-1.8106309,7.292561,41.676632,-12.367973,-11.268372,-27.061657,4.425192,-10.678991,25.669832,-6.2552085,-4.4949756,-14.454556,-16.558825,32.08984,-27.344046,43.65225,16.93479,-25.57227,38.160233,62.211014
197,-7.71734619140625,-121.38623046875,60.06211471557617,-0.7088190777811706,1.5610824021317855,-92.91809102139469,7.933005,-1.3195207,6.3950014,44.92182,-9.694862,-11.87023,-26.75487,4.7158294,-10.519969,26.80274,-6.7566886,-5.3124256,-14.29942,-16.09462,31.761467,-27.409994,45.114967,17.07149,-25.528412,38.161667,61.329193
198,-7.751308441162109,-122.26348114013672,60.12937927246094,-0.9685451699325464,1.4331665664427178,-93.04287222023669,6.7768497,-0.99361914,5.3910704,48.336636,-6.7290325,-12.185231,-26.399296,5.049113,-10.23239,27.859581,-7.3727098,-6.107043,-14.046044,-15.503454,31.387712,-27.42605,46.562984,17.151754,-25.508995,38.373592,60.397964
199,-7.7796125411987305,-123.13336181640625,60.21034622192383,-1.2119372511976336,1.306307156772146,-93.18896246195185,5.551485,-0.7462738,4.397407,51.66081,-3.604268,-12.5980625,-25.978874,5.4053054,-9.925587,28.75254,-8.023889,-6.8324695,-13.737083,-14.8479185,31.002342,-27.469194,47.967117,17.158798,-25.505579,38.70737,59.414253
200,-7.812268257141113,-123.98455047607422,60.296302795410156,-1.4707542541724898,1.2159330520225904,-93.28851313302451,4.30046,-0.472397,3.4998646,54.680725,-0.49442494,-13.445628,-25.47403,5.746786,-9.712126,29.393509,-8.639975,-7.4493136,-13.418048,-14.185962,30.638615,-27.613453,49.29799,17.06979,-25.510056,39.073444,58.38422
201,-7.835808277130127,-124.82817077636719,60.400390625,-1.7415031745802345,1.1656034658882695,-93.32958749687691,2.9997528,-0.09939327,2.9456694,57.42102,2.9626393,-14.323944,-24.870575,6.045082,-9.625524,29.756926,-9.236911,-7.9415092,-13.093081,-13.506204,30.303957,-27.856087,50.538376,16.876122,-25.52271,39.483467,57.306828
202,-7.828260898590088,-125.64920043945312,60.509674072265625,-1.9643005531224067,1.1357207631947595,-93.33443380451627,1.6293044,0.47026405,3.1881266,60.008373,6.7373085,-14.323944,-24.216223,6.252473,-9.596059,29.972698,-9.880714,-8.307812,-12.74579,-12.731473,29.978115,-28.13327,51.646015,16.545792,-25.550615,39.96552,56.237408
203,-7.840780735015869,-126.45659637451172,60.626747131347656,-2.1847964644701836,1.132632830343931,-93.29739499978156,0.21947287,1.202424,3.6157005,62.417747,9.991884,-14.323944,-23.511621,6.4591703,-9.628961,30.006407,-10.492867,-8.594089,-12.3914175,-11.923759,29.67366,-28.497662,52.681145,16.11745,-25.586355,40.459778,55.148632
204,-7.863092422485352,-127.25068664550781,60.7551155090332,-2.4142818101250527,1.1621135442888448,-93.22652050378872,-1.1761085,1.9981676,3.962906,64.564995,11.892911,-14.323944,-22.782936,6.6873503,-9.690183,29.890911,-11.027166,-8.813171,-12.027935,-11.103362,29.394367,-28.970898,53.65471,15.59858,-25.625376,40.900665,54.051563
205,-7.901623249053955,-128.02780151367188,60.8928337097168,-2.6710503276754984,1.2457190439041907,-93.08152082585482,-2.5568168,2.8149815,4.094519,66.424225,11.951095,-14.323944,-22.037312,6.9403634,-9.823207,29.60522,-11.484929,-8.945474,-11.688571,-10.297363,29.141376,-29.573822,54.58827,14.980268,-25.668312,41.30261,52.91509
206,-7.950119495391846,-128.7946319580078,61.034889221191406,-2.946791800101013,1.3726957838863754,-92.88213924419816,-3.943377,3.655455,4.0930448,68.03194,10.695299,-14.323944,-21.254833,7.2089586,-10.020324,29.130772,-11.879144,-8.990244,-11.3555565,-9.500771,28.91222,-30.295408,55.487816,14.25649,-25.71728,41.68464,51.752037
207,-8.011699676513672,-129.5456085205078,61.17683029174805,-3.2087871222638085,1.5006073954598935,-92.73063471568815,-5.308582,4.457496,4.0107274,69.38212,8.8123665,-14.323944,-20.433006,7.4933667,-10.164976,28.535748,-12.201271,-8.982833,-10.946477,-8.683302,28.703463,-31.108706,56.336533,13.451343,-25.769531,41.986897,50.624893
208,-8.08180046081543,-130.29498291015625,61.32674789428711,-3.425585738685804,1.5864150031727435,-92.73154285583963,-6.6250553,5.172016,3.9119527,70.472404,6.991763,-14.323944,-19.559242,7.7978086,-10.136239,27.85774,-12.418648,-8.961928,-10.372457,-7.811878,28.510376,-31.993198,57.10953,12.595142,-25.822208,42.15105,49.591736
209,-8.153512001037598,-131.05020141601562,61.49119567871094,-3.594573797628691,1.6192517829896422,-92.93366513334878,-7.9029493,5.7310967,3.6874716,71.28798,5.2262383,-14.323944,-18.6271,8.133934,-9.879616,27.092735,-12.507084,-8.918123,-9.582209,-6.8658347,28.329765,-32.99168,57.78796,11.694156,-25.87528,42.15265,48.648468
210,-8.225902557373047,-131.8001708984375,61.65717315673828,-3.727504803821954,1.6195270976413758,-93.28201970201886,-9.1470175,6.201168,3.3809185,71.83378,3.2240252,-14.323944,-17.638481,8.491927,-9.454799,26.218845,-12.483,-8.838327,-8.6225815,-5.8739495,28.161783,-34.1099,58.392883,10.740602,-25.930386,42.02643,47.76629
211,-8.28160285949707,-132.55126953125,61.8238639831543,-3.808055049175006,1.591719081323469,-93.70491006448603,-10.315357,6.8137994,3.5582423,72.12773,1.2474968,-13.804075,-16.619864,8.797623,-8.929312,25.318157,-12.418685,-8.741807,-7.5714974,-4.8480625,28.00364,-35.260376,58.924946,9.731176,-25.988482,41.80743,46.986767
212,-8.30038833618164,-133.3080596923828,61.99781799316406,-3.810701866020445,1.5413472464753561,-94.11356532560865,-11.35601,7.77112,4.817204,72.18087,-0.47209758,-12.056335,-15.601925,8.965559,-8.389371,24.48206,-12.398627,-8.640477,-6.5224385,-3.7894664,27.851711,-36.35159,59.37434,8.651943,-26.051714,41.53865,46.361687
213,-8.311089515686035,-134.07032775878906,62.166778564453125,-3.7876788454944625,1.4586165511176061,-94.57215161544988,-12.232802,8.88102,6.47576,71.99759,-1.8902518,-10.705502,-14.545143,9.09937,-7.7996855,23.62551,-12.373283,-8.58363,-5.423441,-2.732993,27.713587,-37.43684,59.79549,7.515363,-26.118319,41.253925,45.88497
214,-8.327569007873535,-134.8222198486328,62.32754135131836,-3.7329542810188165,1.3451678094052815,-95.09545585060144,-12.959177,10.083245,8.48174,71.57196,-3.1411598,-9.563395,-13.452067,9.196115,-7.1382957,22.744917,-12.327755,-8.544636,-4.2543993,-1.6577579,27.586437,-38.542496,60.169388,6.3167734,-26.189491,40.93752,45.542854
215,-8.332866668701172,-135.57618713378906,62.483787536621094,-3.668058491542525,1.2283308180246564,-95.6335463508565,-13.599591,11.251547,10.549852,70.94107,-4.3006673,-8.544179,-12.347542,9.26408,-6.4497414,21.843601,-12.268226,-8.508456,-3.0690506,-0.58569735,27.468351,-39.575058,60.513424,5.1121078,-26.26204,40.551334,45.230785
216,-8.351834297180176,-136.33538818359375,62.63612365722656,-3.616901590091537,1.1349739580550022,-96.13488588216671,-14.238427,12.269113,12.381466,70.1403,-5.4419765,-7.552214,-11.253972,9.315256,-5.7798615,20.917387,-12.196659,-8.461178,-1.927163,0.46236044,27.358183,-40.4316,60.84545,3.9571912,-26.332596,40.05678,44.842564
217,-8.365538597106934,-137.0924530029297,62.780086517333984,-3.585986821385351,1.0662564091955622,-96.59436640313977,-14.902024,13.14243,13.960794,69.179146,-6.5974793,-6.5202327,-10.16721,9.355029,-5.124073,19.9547,-12.1054945,-8.411832,-0.8342339,1.4871615,27.25434,-41.09286,61.16758,2.859404,-26.397943,39.42055,44.37652
218,-8.371749877929688,-137.8496551513672,62.90593719482422,-3.565929225152265,1.009630925095194,-97.03483836130054,-15.556968,13.920292,15.429637,68.03809,-7.7197595,-5.5108833,-9.079349,9.377622,-4.466836,18.962912,-11.996439,-8.3587675,0.23206005,2.5013096,27.15558,-41.60396,61.471188,1.7897676,-26.461224,38.67525,43.880184
219,-8.373955726623535,-138.5958709716797,63.018341064453125,-3.5552777313956248,0.9707353518744166,-97.44659908023321,-16.21463,14.5661545,16.717543,66.710526,-8.761257,-4.6065717,-8.00644,9.383511,-3.8387923,17.964573,-11.888443,-8.278429,1.2467161,3.5065217,27.06309,-41.944626,61.754112,0.73050505,-26.528437,37.897137,43.331844
220,-8.37140941619873,-139.34327697753906,63.11270523071289,-3.5559358838920514,0.9528460842197506,-97.82069223038872,-16.883884,15.046687,17.758694,65.18736,-9.667776,-3.879727,-6.9672213,9.370947,-3.2702374,16.992617,-11.802743,-8.153426,2.0541322,4.6211524,27.005322,-41.914627,61.95598,-0.47065866,-26.569824,37.369537,42.782696
221,-8.369192123413086,-140.08932495117188,63.196659088134766,-3.571513829713326,0.9669336525377386,-98.14571424855434,-17.59369,15.354266,18.499836,63.46067,-10.433429,-3.309654,-5.9572625,9.348212,-2.7750216,16.007029,-11.72229,-7.981875,2.8338575,5.6469035,26.944172,-41.788063,62.17598,-1.6470792,-26.618586,36.81621,42.135666
222,-8.3659086227417,-140.82977294921875,63.264610290527344,-3.601847704289331,1.0089924523946272,-98.43008132437767,-18.338825,15.522591,18.996208,61.541943,-11.080262,-2.844697,-4.9682565,9.317357,-2.3347447,15.0002985,-11.644957,-7.7817545,3.6127217,6.6064596,26.870031,-41.552357,62.40215,-2.7535489,-26.685057,36.14385,41.377907
223,-8.36396312713623,-141.57232666015625,63.31694030761719,-3.647027262139309,1.0567165987337723,-98.69242973425813,-19.076794,15.598894,19.338676,59.458557,-11.599019,-2.5092614,-4.0078583,9.283889,-1.932724,14.048233,-11.603429,-7.569049,4.351866,7.497822,26.800907,-41.23567,62.643574,-3.8708446,-26.750864,35.52154,40.58673
224,-8.35914421081543,-142.3107452392578,63.34828567504883,-3.7107256465127203,1.0993290600697252,-98.95292482438681,-19.772602,15.627621,19.618876,57.22931,-11.977097,-2.3335044,-3.0831146,9.253437,-1.5500883,13.199511,-11.621029,-7.357685,5.0947475,8.354715,26.725685,-40.82848,62.87572,-4.905645,-26.830963,34.84689,39.716995
225,-8.361968040466309,-143.04307556152344,63.359375,-3.789067874599435,1.1357916551330234,-99.21483908897096,-20.425648,15.614501,19.815664,54.840935,-12.188928,-2.343286,-2.1971316,9.226556,-1.1853653,12.46326,-11.702754,-7.154995,5.8445997,9.1514015,26.647507,-40.318287,63.10319,-5.858564,-26.924187,34.14696,38.754337
226,-8.359173774719238,-143.78347778320312,63.35353088378906,-3.8850824799906936,1.1724913799578975,-99.46865073423591,-21.05212,15.549447,19.89704,52.291546,-12.249661,-2.5011663,-1.3476062,9.2032995,-0.84703064,11.815298,-11.838896,-6.958004,6.579285,9.89339,26.567743,-39.688206,63.32874,-6.745308,-27.029835,33.434326,37.696987
227,-8.36132526397705,-144.52183532714844,63.32854080200195,-4.000495051153851,1.2020557369351408,-99.71314650115532,-21.636738,15.451959,19.934776,49.615154,-12.207035,-2.748799,-0.5273818,9.190695,-0.5324902,11.259752,-12.033252,-6.7608495,7.2655272,10.598606,26.49002,-38.99634,63.571182,-7.5910435,-27.148878,32.756557,36.585453
228,-8.36955738067627,-145.2579803466797,63.27100372314453,-4.103236583883413,1.2120884642546896,-99.95253357918742,-22.169083,15.313745,20.015787,46.87305,-12.121565,-3.032805,0.19116327,9.161258,-0.24745286,11.003015,-12.400748,-6.555805,7.9014416,11.266704,26.416222,-38.34972,63.84581,-8.49199,-27.281393,32.179825,35.559204
229,-8.372832298278809,-146.00582885742188,63.188392639160156,-4.217395854184342,1.191862691520383,-100.18852387790422,-22.632425,15.171634,20.159786,44.032413,-11.975535,-3.2766702,0.78255796,9.139209,-0.0022289606,11.128765,-12.989237,-6.332482,8.489214,11.879048,26.365967,-37.86621,64.15688,-9.422536,-27.385113,31.773502,34.586056
230,-8.376916885375977,-146.75442504882812,63.089107513427734,-4.344820340974441,1.162184396749097,-100.41752990271881,-23.042326,15.016541,20.320946,41.0641,-11.745296,-3.5251534,1.360806,9.127774,0.21924792,11.311201,-13.609128,-6.094972,9.05051,12.4719,26.316519,-37.368557,64.4844,-10.378794,-27.504269,31.384981,33.649742
231,-8.38892650604248,-147.50592041015625,62.97055435180664,-4.487966016121912,1.1284214598424551,-100.6292215190127,-23.412912,14.831125,20.461386,38.018578,-11.47526,-3.903867,1.9357876,9.129351,0.42033997,11.518942,-14.2464905,-5.85226,9.555754,13.02453,26.269972,-36.88096,64.83366,-11.317628,-27.637232,31.035845,32.702694
232,-8.408979415893555,-148.2568817138672,62.841957092285156,-4.6364256920364575,1.0992303987396814,-100.81431404531315,-23.752607,14.591064,20.551476,34.925034,-11.199472,-4.5316563,2.501335,9.135747,0.6035838,11.754244,-14.907712,-5.6122546,9.990098,13.538249,26.226,-36.401035,65.19213,-12.23495,-27.781328,30.718508,31.7501
233,-8.4295072555542,-149.0082550048828,62.70201110839844,-4.796752328128948,1.0744385731981536,-100.97153158028416,-24.061247,14.296668,20.559597,31.718048,-10.889309,-5.4425106,3.0636935,9.153361,0.7697079,12.007125,-15.589815,-5.3698864,10.351723,14.009864,26.184828,-35.931934,65.5629,-13.135229,-27.934841,30.428804,30.777678
234,-8.448759078979492,-149.7718963623047,62.5536994934082,-4.964314198299704,1.0502959173741875,-101.10421694086081,-24.325438,13.9746475,20.50944,28.385069,-10.540483,-6.5488915,3.62387,9.179406,0.9150248,12.279886,-16.290297,-5.120485,10.643043,14.443288,26.146616,-35.475822,65.94566,-13.998559,-28.096148,30.163479,29.77583
235,-8.462156295776367,-150.53274536132812,62.39812469482422,-5.127922251746864,1.0382794342418817,-101.21243870453476,-24.541075,13.637941,20.45771,25.023518,-10.214918,-7.7947035,4.174973,9.198105,1.041131,12.557972,-16.995457,-4.871665,10.90023,14.838611,26.11144,-35.045143,66.32163,-14.888517,-28.266241,29.937609,28.838306
236,-8.479272842407227,-151.29661560058594,62.230308532714844,-5.267636849222826,1.0406234618191037,-101.29678814618607,-24.683548,13.27018,20.47223,21.692144,-9.941018,-9.137996,4.7131586,9.187747,1.1498451,12.840372,-17.69779,-4.63076,11.111244,15.214915,26.077137,-34.626926,66.67247,-15.761677,-28.443182,29.745022,27.974396
237,-8.486136436462402,-152.06472778320312,62.05942153930664,-5.387706927687036,1.0650411899165628,-101.355593554726,-24.711828,12.829648,20.529789,18.181068,-9.680814,-10.681789,5.2360253,9.149799,1.2418121,13.119878,-18.412117,-4.394154,11.280549,15.562455,26.04319,-34.21912,66.998344,-16.656841,-28.627436,29.587992,27.204931
238,-8.495455741882324,-152.8240509033203,61.893497467041016,-5.448382276347201,1.1181919024114173,-101.3784338389103,-24.491594,12.197203,20.660353,14.08966,-9.176546,-12.401869,5.7328105,9.0439415,1.2986095,13.409538,-19.14391,-4.1547904,11.349555,16.006512,25.997149,-33.702652,67.19832,-17.53929,-28.90149,29.475864,26.437744
239,-8.492712020874023,-153.59178161621094,61.721439361572266,-5.53827875522235,1.2052692853670848,-101.4364840419116,-24.104858,11.53894,20.956633,9.797859,-8.474342,-14.115861,6.190997,8.957614,1.3955132,13.724522,-19.858793,-3.9202769,11.389714,16.399424,25.947014,-33.16371,67.41654,-18.31779,-29.236982,29.413546,25.58186
240,-8.458603858947754,-154.36647033691406,61.52055740356445,-5.7781400070920474,1.3364132733630596,-101.52196051056754,-23.911718,10.930294,21.29418,6.223917,-7.9495754,-14.323944,6.5822997,8.98913,1.5320913,14.112508,-20.549503,-3.6726515,11.434678,16.57623,25.906343,-32.67321,67.816956,-18.9389,-29.535044,29.29741,24.622124
241,-8.415872573852539,-155.1584014892578,61.294288635253906,-6.155945635523527,1.506583156661842,-101.66170135231013,-22.113317,9.742104,22.11618,-1.2343897,-4.8631864,-14.323944,6.9441466,9.150507,1.7371752,14.493795,-21.195114,-3.4475005,11.539405,16.553017,25.879753,-32.2554,68.37624,-19.497047,-29.743597,29.121107,23.700525
242,-8.374488830566406,-155.9482421875,61.07537841796875,-6.505619369835675,1.6689774878026116,-101.76103673212988,-21.667624,9.074142,22.823189,-4.843936,-3.8393495,-14.323944,7.3217797,9.281635,1.9063554,14.850135,-21.789795,-3.2339115,11.640499,16.51221,25.859823,-31.919054,68.92222,-20.066555,-29.885983,28.966106,22.973324
243,-8.336540222167969,-156.74436950683594,60.8757438659668,-6.794484508694531,1.8415999069993505,-101.82321324249253,-21.63197,8.574046,23.543093,-6.9161615,-3.4735348,-14.323944,7.6903477,9.355248,2.0484068,15.215564,-22.291374,-3.0234127,11.59107,16.605776,25.817272,-31.366587,69.35987,-20.406876,-30.16318,28.795988,22.073298
244,-8.321160316467285,-157.5369415283203,60.7066650390625,-6.969775535576821,1.9240247582254995,-101.81708330547072,-21.893196,8.273283,24.21837,-7.312484,-3.7845883,-14.323944,8.072666,9.333332,2.1372268,15.768606,-22.732214,-2.8091295,11.537713,16.780987,25.77664,-30.981363,69.731735,-20.672716,-30.421774,28.725798,21.385187
245,-8.318022727966309,-158.3345947265625,60.54024124145508,-7.09520456881072,1.9155280029150386,-101.82154217199076,-21.996445,8.0627775,25.085857,-7.0634604,-4.146651,-14.323944,8.338192,9.279219,2.2467422,16.8248,-23.29054,-2.6072977,11.506497,16.956846,25.73007,-30.683226,70.15692,-20.781668,-30.706968,28.704199,20.760645
246,-8.321948051452637,-159.1400146484375,60.39411926269531,-7.121124430323241,1.8186062281900388,-101.76955796027266,-22.367006,8.04854,26.050144,-5.133777,-5.1940913,-14.323944,8.627816,9.140347,2.3169224,18.042145,-23.801422,-2.4128475,11.474936,17.178387,25.676075,-30.519281,70.5709,-20.815168,-31.00381,28.75398,20.319395
247,-8.336179733276367,-159.974365234375,60.25804138183594,-7.0250778522928385,1.7093016069968943,-101.69024624688996,-22.789623,8.078856,26.95474,-2.5662723,-6.324281,-14.323944,8.889659,8.885292,2.3566625,19.356464,-24.210459,-2.2031593,11.454157,17.42317,25.610413,-30.478249,70.88899,-20.831917,-31.319517,28.888369,20.04754
248,-8.35840892791748,-160.82308959960938,60.15056228637695,-6.74817482476868,1.6459823193396637,-101.57275758200629,-23.428923,8.151134,27.556093,0.65903777,-7.5574193,-14.323944,9.097759,8.4518385,2.3307757,20.689909,-24.454697,-1.9511834,11.423421,17.737013,25.52571,-30.549644,70.972786,-20.916668,-31.682585,29.158796,19.986834
249,-8.375614166259766,-161.65760803222656,60.10019302368164,-6.260371706870959,1.6425238901789891,-101.3862380595588,-24.476637,8.371609,27.74551,5.096327,-9.159185,-14.323944,9.261913,7.819377,2.1952443,22.006649,-24.561708,-1.6518244,11.340853,18.159668,25.4296,-30.737461,70.77275,-21.16942,-32.044266,29.639156,20.239447
250,-8.423850059509277,-162.51832580566406,60.04520034790039,-5.733055167334592,1.690875567828189,-101.20648020764246,-25.16742,8.489019,27.710213,8.759764,-9.999888,-14.323944,9.369443,7.155663,2.0536177,23.364063,-24.555086,-1.3230392,11.239391,18.555338,25.34127,-30.985277,70.47431,-21.453989,-32.343487,30.216024,20.637218
251,-8.461861610412598,-163.37904357910156,60.00400161743164,-5.334780991771795,1.8077578640207324,-101.18510704992191,-26.153921,8.984411,27.421818,13.145286,-11.06988,-14.323944,9.351802,6.59636,2.083232,24.840471,-24.372477,-0.96319056,11.22101,18.793634,25.275366,-31.183964,70.20366,-21.585518,-32.56614,30.724072,20.91339
252,-8.437758445739746,-164.23207092285156,59.98649597167969,-4.8814636665202045,1.9234483592594933,-101.06494001187473,-26.737135,8.835184,26.843353,16.015766,-11.199827,-12.903572,9.234006,5.96702,2.0172648,26.536741,-23.992619,-0.536223,11.092405,19.054235,25.203512,-31.356745,69.806015,-21.656324,-32.783504,31.279324,21.2461
253,-8.408227920532227,-165.09014892578125,59.98371124267578,-4.367570842713527,2.0561930679186937,-101.01864248114462,-27.144537,8.435875,26.104033,18.083187,-10.593654,-11.3335495,9.007242,5.2571325,2.0354242,28.429468,-23.409296,-0.06770833,11.009022,19.344202,25.126371,-31.494167,69.24491,-21.712875,-32.982582,31.908876,21.647837
254,-8.384716033935547,-165.97308349609375,59.98367691040039,-3.7836525619327364,2.211166277538962,-101.01858390484415,-27.475376,7.8910527,25.217386,19.767302,-9.488514,-9.802456,8.67962,4.4675627,2.1026044,30.497025,-22.648556,0.4363789,10.946939,19.662994,25.044273,-31.621082,68.52461,-21.762915,-33.16334,32.620926,22.143438
255,-8.36919116973877,-166.87667846679688,59.99086380004883,-3.1892979843813483,2.3545110749519784,-101.03535737711476,-27.707977,7.28927,24.405674,21.229248,-8.360322,-8.425814,8.252167,3.668357,2.1841073,32.746525,-21.63294,0.95996994,10.889214,19.9682,24.965536,-31.732336,67.7253,-21.722515,-33.313618,33.32907,22.700964
256,-8.34194278717041,-167.78404235839844,60.00254821777344,-2.6438342360697145,2.4495863112252825,-101.0412854170122,-27.810207,6.727316,23.859217,22.623638,-7.7006435,-7.296847,7.7330723,2.9283226,2.248248,35.179214,-20.275196,1.4895955,10.821896,20.219124,24.900291,-31.82452,66.92445,-21.530964,-33.40438,33.95495,23.31483
257,-8.316414833068848,-168.68887329101562,60.00937271118164,-2.1560895932067474,2.475832887939718,-101.05467035579538,-27.774817,6.271392,23.648178,24.077087,-7.7613554,-6.511306,7.145955,2.2528932,2.301837,37.81281,-18.475729,2.1271431,10.7574415,20.437275,24.848436,-31.87148,66.11124,-21.161158,-33.431168,34.49543,23.975548
258,-8.291566848754883,-169.5922088623047,60.01875305175781,-1.6913326765008603,2.4527658381729793,-101.07773790338585,-27.623386,5.896141,23.623009,25.55192,-8.299959,-5.9762015,6.4873443,1.6078992,2.3605776,40.635754,-16.302244,2.8455837,10.695343,20.642881,24.80456,-31.88413,65.24823,-20.664736,-33.400455,34.99346,24.71221
259,-8.270092010498047,-170.4893341064453,60.03315353393555,-1.2427827057335845,2.401268354143967,-101.06054675385951,-27.369793,5.5458765,23.636206,26.934713,-9.055257,-5.5078773,5.729118,1.002553,2.396977,43.599857,-13.912098,3.4483511,10.587279,20.800396,24.767761,-31.891855,64.371605,-20.083012,-33.30829,35.442905,25.547222
260,-8.252823829650879,-171.38729858398438,60.06319046020508,-0.8061174572653533,2.3413385736480152,-100.95581120082204,-27.032429,5.1293473,23.552067,28.080013,-9.736501,-4.9349866,4.847326,0.44363192,2.3701768,46.65067,-11.453117,3.7467206,10.37752,20.876019,24.736786,-31.913364,63.517498,-19.444721,-33.15537,35.83844,26.483835
261,-8.245126724243164,-172.26370239257812,60.11043930053711,-0.37813376667105064,2.260386128931073,-100.70535693452949,-26.615974,4.568215,23.3062,28.933441,-10.284328,-4.20153,3.8119838,-0.04206474,2.2629616,49.907684,-8.889387,3.5461931,10.030838,20.86543,24.71204,-31.96147,62.696693,-18.736885,-32.931644,36.154556,27.55195
262,-8.235574722290039,-173.1370849609375,60.17216491699219,0.03805445784739194,2.150667039454816,-100.35147034740919,-26.129282,3.9009314,22.980055,29.578218,-10.831446,-3.4177973,2.656429,-0.47282872,2.0645437,53.332073,-6.1374187,3.0198066,9.577725,20.791199,24.69263,-32.013203,61.88072,-17.952703,-32.64548,36.40898,28.730797
263,-8.223563194274902,-174.00575256347656,60.24005889892578,0.4347630727921746,2.044226656728175,-99.99835462640286,-25.594492,3.1982396,22.666353,30.050724,-11.367801,-2.6596699,1.4397289,-0.917203,1.7605933,56.652172,-3.288998,2.507094,9.072011,20.651297,24.676828,-32.044834,61.050804,-17.096931,-32.323795,36.62653,29.927723
264,-8.212200164794922,-174.85313415527344,60.316932678222656,0.804042882322042,1.989265990409421,-99.7452713859735,-25.032722,2.542258,22.454546,30.377138,-11.889409,-2.0011551,0.20513047,-1.4446684,1.3693401,59.608505,-0.46216056,2.3216803,8.624208,20.401262,24.669992,-32.093464,60.203068,-16.352709,-31.979023,36.9138,31.200415
265,-8.188145637512207,-175.69320678710938,60.40299606323242,1.1407596965171163,2.0015070088478017,-99.62280575893195,-24.43552,1.9589504,22.380001,30.540394,-12.411681,-1.4611272,-1.0711329,-2.0987828,0.911737,62.186996,2.6791668,2.6588147,8.223636,20.051285,24.670656,-32.148563,59.326473,-15.606683,-31.620152,37.21965,32.45371
266,-8.148492813110352,-176.51498413085938,60.504295349121094,1.4515031479601994,2.060682506053245,-99.56908106745938,-23.802088,1.4026643,22.387442,30.532604,-12.930635,-0.9974526,-2.4193375,-2.8387697,0.41492924,64.553635,6.051053,3.2936668,7.8358335,19.606274,24.679169,-32.213215,58.43256,-14.834361,-31.25064,37.5242,33.706078
267,-8.098998069763184,-177.31787109375,60.622066497802734,1.7429246230634583,2.1378677498821204,-99.56084543026668,-23.124693,0.86120415,22.440601,30.377544,-13.41355,-0.59787613,-3.7829812,-3.6097472,-0.0903165,66.716545,8.900803,3.8899705,7.4446845,19.072903,24.692795,-32.237038,57.55557,-14.041803,-30.888716,37.84732,34.932407
268,-8.046622276306152,-178.1083526611328,60.75084686279297,2.021112366543205,2.202723559192663,-99.5738743842604,-22.401112,0.3254606,22.501835,30.111774,-13.832118,-0.24999966,-5.1025996,-4.379443,-0.62885666,68.67231,10.474852,4.084722,7.0319023,18.462397,24.708118,-32.1664,56.727013,-13.234905,-30.55431,38.20884,36.106823
269,-7.998807907104492,-178.8777313232422,60.883094787597656,2.292380063902935,2.253070550687486,-99.64108255328739,-21.623663,-0.20427248,22.604641,29.726658,-14.181536,0.04275349,-6.3684134,-5.2042227,-1.2682532,70.43268,10.289218,3.7074764,6.6165547,17.77017,24.722609,-31.973057,55.950565,-12.439933,-30.258085,38.653667,37.226334
270,-7.953873157501221,-179.6433868408203,61.0241813659668,2.5525537756532692,2.3020216795770057,-99.7648470241777,-20.79387,-0.7229303,22.755943,29.20866,-14.476073,0.2727557,-7.606313,-6.0770807,-1.9747674,71.993546,8.836348,2.9789798,6.201183,16.994898,24.738493,-31.684895,55.215862,-11.643786,-29.991032,39.165783,38.300133
271,-7.918863773345947,-180.404052734375,61.172760009765625,2.7796412594774282,2.3407031151354185,-99.87617316085327,-19.923952,-1.2209082,22.881004,28.591347,-14.716675,0.44783556,-8.809594,-6.8730783,-2.6422188,73.31439,6.8404527,2.1205359,5.743192,16.149954,24.7601,-31.3365,54.53541,-10.802261,-29.740723,39.676254,39.329582
272,-7.890562534332275,-181.16604614257812,61.33204650878906,2.9587562702280668,2.359209500698905,-99.90566399453371,-19.024038,-1.696877,22.905163,27.902828,-14.900934,0.5780262,-9.974325,-7.487446,-3.1973326,74.35493,5.032727,1.3197203,5.200893,15.246183,24.79243,-30.96797,53.920162,-9.872151,-29.496817,40.11422,40.316013
273,-7.875100612640381,-181.92686462402344,61.49662780761719,3.080124667687095,2.352111419828938,-99.83023465705034,-18.091581,-2.1469772,22.805504,27.138437,-15.018607,0.6560862,-11.114653,-7.8680496,-3.6049685,75.09526,3.4600353,0.5259316,4.5473742,14.252264,24.841204,-30.619078,53.40152,-8.835204,-29.254972,40.466026,41.24789
274,-7.877805709838867,-182.67291259765625,61.66683578491211,3.1561376668703343,2.3216045334201785,-99.69131806131422,-17.117043,-2.5730095,22.624996,26.28284,-15.070492,0.6811146,-12.23174,-8.061698,-3.8976002,75.55848,1.7904716,-0.3129582,3.8133252,13.164473,24.905203,-30.269287,52.97411,-7.730124,-29.019615,40.77951,42.14106
275,-7.880835056304932,-183.42037963867188,61.83313751220703,3.1975745727064435,2.2709678513084928,-99.51450869327553,-16.105547,-2.972509,22.387842,25.362438,-15.078236,0.6733991,-13.302992,-8.14792,-4.1492686,75.77257,0.18753533,-1.058337,3.0387204,12.037936,24.978125,-29.867716,52.590992,-6.5892158,-28.793388,41.066814,43.029064
276,-7.8955464363098145,-184.1702880859375,62.00267028808594,3.2142484930181316,2.2043396081242914,-99.32437701542986,-15.061283,-3.3478398,22.116856,24.396614,-15.063948,0.6516556,-14.302504,-8.215895,-4.4469423,75.76111,-1.1874897,-1.5790999,2.2618291,10.931454,25.052778,-29.361115,52.199116,-5.449697,-28.579256,41.341656,43.948933
277,-7.915829658508301,-184.919921875,62.16737747192383,3.204085810413449,2.1181367679965457,-99.11508452116057,-13.979216,-3.692233,21.795603,23.385902,-15.023408,0.6131261,-15.21111,-8.299584,-4.858703,75.50236,-2.265088,-1.7887177,1.4816793,9.843441,25.126886,-28.711374,51.80328,-4.3096,-28.374495,41.571342,44.925148
278,-7.9353346824646,-185.67129516601562,62.3242073059082,3.1648294219599578,2.0104476311127724,-98.8769112222404,-12.856994,-4.0066495,21.418758,22.320316,-14.94732,0.54712266,-16.045368,-8.356083,-5.339866,74.99108,-3.136808,-1.7824926,0.67799306,8.748528,25.205381,-27.95762,51.424477,-3.1724901,-28.178627,41.774765,45.94926
279,-7.951809406280518,-186.41876220703125,62.475955963134766,3.105638017285012,1.889942807744261,-98.62861289037683,-11.710478,-4.2911615,21.02729,21.221756,-14.854688,0.46096972,-16.832863,-8.3606415,-5.811166,74.274254,-3.883242,-1.7039577,-0.13676548,7.6775546,25.290718,-27.160725,51.024124,-2.0699322,-27.99622,42.028885,47.0001
280,-7.9786553382873535,-187.17626953125,62.625789642333984,3.0440510362740056,1.766604302172896,-98.38847512711475,-10.555243,-4.554236,20.662529,20.109438,-14.764594,0.3650519,-17.602665,-8.288976,-6.1883593,73.400276,-4.5886207,-1.6965796,-0.93851244,6.656877,25.384682,-26.394073,50.56119,-1.0141674,-27.83589,42.38877,48.044865
281,-8.006574630737305,-187.922119140625,62.758644104003906,2.99719869710381,1.6217312234049224,-98.16351860236738,-9.357442,-4.8231454,20.343449,18.94192,-14.663865,0.27077365,-18.355236,-8.1465225,-6.4431696,72.394295,-5.264802,-1.8355074,-1.3755345,5.4827576,25.42384,-26.163996,50.099022,0.23613574,-27.798727,42.449394,49.01199
282,-8.044364929199219,-188.66831970214844,62.874698638916016,2.9023452937199075,1.4761652721171248,-97.93487985436005,-8.164699,-5.0260353,20.032747,17.793974,-14.589799,0.16880561,-19.079205,-7.895998,-6.6555104,71.18949,-5.8518686,-2.0429616,-1.9771204,4.325884,25.498022,-25.703882,49.665707,1.5131946,-27.729174,42.68276,49.888096
283,-8.08520793914795,-189.4175262451172,62.974239349365234,2.8203939121749957,1.3556640673916884,-97.70518805409976,-6.997831,-5.2256565,19.730581,16.65238,-14.519769,0.053047962,-19.798458,-7.6156206,-6.8012915,69.81896,-6.3967886,-2.2137487,-3.2556322,3.988507,25.71583,-24.198,48.694714,1.9436368,-27.439493,44.06031,51.210773
284,-8.129524230957031,-190.15805053710938,63.057559967041016,2.770078832865999,1.2326679523803814,-97.48337647734662,-5.8416133,-5.4377594,19.433043,15.538681,-14.446517,-0.08217443,-20.480385,-7.3393736,-6.8734145,68.28668,-6.9227324,-2.2489908,-3.6619294,2.9304755,25.764837,-24.037998,48.022617,3.108052,-27.407938,44.21125,52.12161
285,-8.168907165527344,-190.89767456054688,63.130523681640625,2.7149692920244424,1.146842497102159,-97.26249168328926,-4.7389393,-5.624175,19.129623,14.466403,-14.379282,-0.26168415,-21.151274,-7.0233407,-6.8696375,66.55277,-7.431985,-2.116313,-4.156919,1.8846277,25.843176,-23.824293,47.303192,4.2301087,-27.36635,44.464405,52.9458
286,-8.206592559814453,-191.63162231445312,63.18444061279297,2.663945745527139,1.0888791003253593,-97.04203138450193,-3.670613,-5.7951913,18.827045,13.412489,-14.315428,-0.47034964,-21.811153,-6.676592,-6.7945538,64.63485,-7.917447,-1.8788294,-4.6892834,0.9177098,25.946,-23.589912,46.464294,5.282467,-27.317675,44.803703,53.742664
287,-8.254667282104492,-192.365234375,63.223236083984375,2.622500577981315,1.0393818350213826,-96.82229009528076,-2.6399822,-5.95369,18.526676,12.435435,-14.280859,-0.6642897,-22.431616,-6.339024,-6.703244,62.551113,-8.351105,-1.5851496,-5.255034,0.023920042,26.071175,-23.360708,45.543438,6.2498884,-27.264593,45.209465,54.52316
288,-8.291830062866211,-193.09188842773438,63.242061614990234,2.5926824292627026,0.9791802086096091,-96.60356936771083,-1.6535711,-6.095577,18.230293,11.601791,-14.308297,-0.8006464,-22.984003,-6.0451307,-6.651217,60.316483,-8.703384,-1.2808834,-5.8537445,-0.8157718,26.217848,-23.160679,44.591778,7.113272,-27.210361,45.665184,55.300858
289,-8.324911117553711,-193.81085205078125,63.236637115478516,2.5714960325743745,0.9042082908321646,-96.37774555085751,-0.73334837,-6.2085977,17.93026,10.971651,-14.420187,-0.85118514,-23.4605,-5.7928967,-6.651229,57.915535,-8.963463,-0.9523647,-6.4789925,-1.6022767,26.386108,-23.018452,43.59119,7.874682,-27.158636,46.169823,56.06673
290,-8.36923885345459,-194.54530334472656,63.223411560058594,2.557039279823378,0.8244668273653608,-96.14795049603123,0.1297874,-6.2988033,17.62955,10.4987135,-14.596262,-0.84321344,-23.875048,-5.5647516,-6.674072,55.34271,-9.145731,-0.5815385,-7.1139917,-2.3441763,26.575756,-22.94748,42.53281,8.552603,-27.111288,46.712093,56.81504
291,-8.40518569946289,-195.27536010742188,63.19477081298828,2.561190985155265,0.7425417807991919,-95.93172899593216,0.9637341,-6.3913517,17.346827,10.113716,-14.818513,-0.8194672,-24.235092,-5.3652325,-6.708954,52.626682,-9.259285,-0.19924377,-7.743613,-3.073996,26.785372,-22.940397,41.485374,9.156022,-27.068031,47.256157,57.558704
292,-8.440152168273926,-196.00389099121094,63.145320892333984,2.5929063773699506,0.6613803154899395,-95.7468742609048,1.7978139,-6.511327,17.100788,9.743751,-15.068011,-0.82341474,-24.548565,-5.1978464,-6.744713,49.79418,-9.313597,0.16470322,-8.350731,-3.8232093,27.012474,-22.982357,40.51694,9.697076,-27.027357,47.75676,58.312485
293,-8.47594928741455,-196.7371063232422,63.07978820800781,2.6590014452784696,0.5823115919092846,-95.59527706178132,2.6378064,-6.6653557,16.896698,9.365856,-15.338938,-0.8632404,-24.812943,-5.0723195,-6.8097615,46.821003,-9.29866,0.48187453,-8.932063,-4.6102552,27.25758,-23.085684,39.63681,10.19084,-26.988398,48.192204,59.07129
294,-8.505632400512695,-197.4705352783203,62.99357986450195,2.744312699567509,0.504365145028016,-95.47012556939838,3.4662333,-6.8364697,16.726532,9.023419,-15.646313,-0.917525,-25.029627,-4.9707556,-6.898376,43.707825,-9.214655,0.78324974,-9.478002,-5.430809,27.521147,-23.267141,38.819557,10.647656,-26.951405,48.556698,59.81936
295,-8.528822898864746,-198.2095184326172,62.88703155517578,2.8435454270043814,0.4296468124265865,-95.3744472384627,4.2682104,-7.0122914,16.590479,8.757807,-16.003593,-0.9867797,-25.210499,-4.8605113,-6.947003,40.505314,-9.088977,1.1232278,-9.969761,-6.2828035,27.799467,-23.509634,38.08325,11.073897,-26.916101,48.830173,60.544643
296,-8.554661750793457,-198.95523071289062,62.76240921020508,2.9500875903139847,0.3604078700849522,-95.31076806359526,5.040839,-7.1870365,16.486708,8.580069,-16.41098,-1.0721798,-25.368767,-4.720393,-6.8912168,37.263615,-8.949744,1.5478798,-10.392433,-7.1477513,28.085556,-23.777925,37.43491,11.473746,-26.882324,48.99136,61.238373
297,-8.579039573669434,-199.70370483398438,62.62013244628906,3.0736313160622464,0.2975217686522205,-95.28071294998294,5.7143993,-7.349536,16.430525,8.669975,-16.975023,-1.1756434,-25.49116,-4.558685,-6.7028627,33.898167,-8.757971,2.0761592,-10.749566,-8.008393,28.374638,-24.044722,36.858757,11.826497,-26.850677,49.024033,61.91702
298,-8.60085391998291,-200.46031188964844,62.45979690551758,3.2193193256265826,0.24087414920855343,-95.28385624255722,6.3310213,-7.5157475,16.419521,8.91531,-17.632175,-1.299186,-25.57084,-4.3942113,-6.413747,30.396297,-8.50929,2.669742,-11.045493,-8.855512,28.664728,-24.309338,36.33897,12.138224,-26.821877,48.93266,62.577915
299,-8.618617057800293,-201.22421264648438,62.285892486572266,3.3701028226377683,0.1929847588831266,-95.32026488912645,6.943182,-7.6868644,16.43929,9.174679,-18.29494,-1.4499727,-25.625702,-4.2271104,-6.049787,26.900986,-8.275649,3.286282,-11.275357,-9.693715,28.954523,-24.57871,35.890347,12.437915,-26.796091,48.740833,63.19669
300,-8.640447616577148,-201.99122619628906,62.103294372558594,3.468615386190514,0.16477540194443324,-95.39969724174787,7.517656,-7.795292,16.50049,9.510932,-19.000805,-1.6394247,-25.649836,-4.0035744,-5.652253,23.48052,-8.084459,3.8861306,-11.347417,-10.5702715,29.364555,-24.981289,35.486965,12.845247,-26.762632,48.368397,63.677616
301,-8.665670394897461,-202.76455688476562,61.91347885131836,3.5594899167888983,0.1504512998365186,-95.52074602351647,8.0864,-7.8982058,16.59246,9.857533,-19.71416,-1.872762,-25.67,-3.767937,-5.148872,20.146708,-8.002784,4.450253,-11.278445,-11.355465,29.841846,-25.426105,35.037914,13.322708,-26.727806,47.84063,64.07126
302,-8.687804222106934,-203.5398712158203,61.71660614013672,3.6620085308967774,0.1368417057261858,-95.68179151405504,8.677044,-8.021922,16.71291,10.172773,-20.408361,-2.140917,-25.65158,-3.536926,-4.5429654,16.811747,-7.9675612,5.001378,-11.217108,-12.123128,30.260008,-25.78588,34.72815,13.75535,-26.702423,47.328163,64.437904
303,-8.718995094299316,-204.31861877441406,61.515541076660156,3.757038993050747,0.13407625114600147,-95.84348997217346,9.263978,-8.133762,16.824162,10.483895,-21.085464,-2.4259114,-25.564447,-3.308767,-3.9956012,13.53621,-7.885512,5.581293,-11.154449,-12.852126,30.63825,-26.08314,34.50726,14.1506195,-26.682535,46.80377,64.75621
304,-8.761872291564941,-205.09805297851562,61.3083610534668,3.8453386647198697,0.17002580635376338,-95.95374581534806,9.813664,-8.221073,16.87191,10.795757,-21.7346,-2.709069,-25.426977,-3.104101,-3.668804,10.460044,-7.712224,6.240511,-11.1471615,-13.601987,30.986801,-26.332615,34.388313,14.469859,-26.667202,46.274067,65.0225
305,-8.812880516052246,-205.88912963867188,61.091400146484375,3.951345630970342,0.2703959420412069,-95.97869555486051,10.301623,-8.304379,16.820463,11.110776,-22.395718,-2.984124,-25.298622,-2.9526715,-3.619114,7.634524,-7.484093,7.084765,-11.144186,-14.264249,31.37467,-26.531204,34.178486,14.740941,-26.65312,45.592075,65.21196
306,-8.86439323425293,-206.6811065673828,60.86003112792969,4.145741029658756,0.41630153918527935,-95.91758737470269,10.767667,-8.460574,16.652466,11.378241,-23.028746,-3.2566679,-25.503336,-2.9403396,-3.740427,5.8223467,-7.7013535,8.078188,-11.285401,-14.868582,31.655422,-26.546997,34.032482,14.800888,-26.6465,44.97559,65.471245
307,-8.920702934265137,-207.47125244140625,60.62838363647461,4.353511274662403,0.5767947908758334,-95.81628147847738,11.211174,-8.60718,16.426748,11.672227,-23.59998,-3.5370991,-25.049353,-2.9091735,-4.0392323,2.763857,-6.9678836,9.035038,-11.416016,-15.359744,31.918062,-26.47649,33.877502,14.830942,-26.643557,44.330315,65.705605
308,-8.98017406463623,-208.2624969482422,60.421363830566406,4.507541468645874,0.7074723884397417,-95.72115413142102,11.655137,-8.676029,16.198963,12.032496,-24.052246,-3.835387,-24.747454,-2.8456903,-4.42682,0.6790001,-6.5526175,9.768038,-11.573283,-15.875819,32.109272,-26.374212,33.959454,14.830625,-26.642872,43.862484,65.92922
309,-9.048662185668945,-209.05618286132812,60.24488830566406,4.613498580368823,0.8147533299395249,-95.61363469537626,12.078412,-8.662413,15.9562435,12.494887,-24.403868,-4.149631,-24.784256,-2.7761896,-4.9929223,0.10677721,-6.8148646,10.2782545,-11.68399,-16.340096,32.29442,-26.257475,34.137764,14.887848,-26.643192,43.47433,66.1011
310,-9.122468948364258,-209.85475158691406,60.09429168701172,4.679415108340822,0.897571748340519,-95.50133304129153,12.500777,-8.589098,15.702957,13.013773,-24.665365,-4.478442,-25.01707,-2.7004356,-5.720942,0.6158387,-7.510853,10.643233,-11.812087,-16.827969,32.416008,-26.134092,34.526634,14.9089775,-26.643438,43.25467,66.26818
311,-9.198928833007812,-210.6678924560547,59.959266662597656,4.6191805318030115,0.9756288244253885,-95.39739900784798,12.759971,-8.324927,15.491763,13.954902,-25.031816,-4.8428583,-25.40526,-2.547258,-6.4538727,1.9459419,-8.414877,10.788601,-11.927154,-17.308025,32.591454,-25.991089,35.054993,15.016644,-26.640484,43.02533,66.28737
312,-9.274150848388672,-211.498291015625,59.83574295043945,4.3886458291891275,1.0474014859133776,-95.35261148493802,12.961532,-7.8710585,15.360775,15.062989,-25.333767,-5.2491693,-25.85768,-2.2600179,-6.985335,3.748061,-9.242452,10.638554,-11.998311,-17.611982,32.95502,-25.811628,35.55838,15.201234,-26.623165,42.77027,66.146614
313,-9.352311134338379,-212.33236694335938,59.74665451049805,3.9763454479031153,1.1005634967322313,-95.41270089635962,13.183688,-7.2483473,15.338463,16.187489,-25.51998,-5.709921,-26.202765,-1.807621,-7.290049,5.764041,-9.766603,10.093839,-12.069876,-17.673357,33.495895,-25.463257,36.072216,15.362797,-26.57273,42.620552,65.92903
314,-9.446755409240723,-213.1549835205078,59.70119857788086,3.439851522832592,1.1244318929721973,-95.53512108869178,13.409216,-6.498996,15.378559,17.3891,-25.618526,-6.211477,-25.831913,-1.1550741,-7.472622,6.497134,-9.147457,9.219496,-12.143012,-17.800665,33.97837,-25.121405,36.892147,15.502896,-26.501545,42.568825,65.669464
315,-9.55247974395752,-213.9945068359375,59.662437438964844,2.878481751498074,1.1584249926870755,-95.63066564505101,13.576923,-5.690936,15.391973,18.701485,-25.573767,-6.727054,-26.082357,-0.5757215,-7.478858,8.847955,-9.224208,8.214893,-12.226702,-18.080244,34.362988,-24.895521,37.958656,15.618659,-26.422178,42.488476,65.37342
316,-9.678406715393066,-214.84408569335938,59.645591735839844,2.331384666719103,1.2128506493060252,-95.64572640961411,13.646069,-4.843616,15.336361,20.176638,-25.341616,-7.231763,-26.377811,-0.004127414,-7.303044,11.0434475,-9.063607,7.247143,-12.297769,-18.352034,34.66607,-24.75363,39.056114,15.7493925,-26.336855,42.283115,65.01709
317,-9.829680442810059,-215.70057678222656,59.66505432128906,1.702841493534019,1.3007789300750952,-95.59692407251397,13.621261,-3.8632483,15.272325,21.801748,-24.968485,-7.7303042,-26.636541,0.7069046,-6.781858,12.742151,-8.32275,6.1736646,-12.373137,-18.793533,34.934883,-24.814198,40.34543,15.948387,-26.235783,41.965145,64.51016
318,-9.971680641174316,-216.56552124023438,59.699501037597656,0.9881860575359973,1.419641727753613,-95.51824843611442,13.516649,-2.7606757,15.220678,23.563967,-24.466715,-8.240002,-26.878561,1.5515314,-6.007697,14.193377,-7.1348467,4.9725695,-12.472149,-19.470293,35.167904,-25.0856,41.921402,16.185879,-26.120827,41.60398,63.87389
319,-10.100067138671875,-217.44715881347656,59.73507308959961,0.298861359389372,1.5401107734498911,-95.42462097195259,13.311816,-1.6603148,15.132166,25.527908,-23.745312,-8.756725,-27.041435,2.3735924,-5.299621,15.45254,-5.8499203,3.970562,-12.56523,-20.08945,35.333996,-25.374063,43.538116,16.404644,-26.006466,41.227333,63.2102
320,-10.218430519104004,-218.33644104003906,59.77153015136719,-0.25555243198416216,1.631263157594189,-95.32942178088214,12.985534,-0.6827941,14.951783,27.745832,-22.704935,-9.269735,-27.072344,3.0032036,-4.934226,16.602516,-4.8519382,3.47126,-12.631769,-20.393024,35.396156,-25.488583,44.98354,16.53942,-25.909174,40.86934,62.617355
321,-10.347216606140137,-219.22540283203125,59.80185317993164,-0.6413778201731577,1.6812584753935487,-95.21256198957029,12.543381,0.15268911,14.637241,30.237072,-21.252783,-9.896961,-26.933292,3.3375282,-5.077279,17.651823,-4.227493,3.7530189,-12.686855,-20.303314,35.339737,-25.344282,46.207924,16.572535,-25.833479,40.5159,62.12633
322,-10.466782569885254,-220.1111602783203,59.834842681884766,-0.9364633703570834,1.7125035011780865,-95.0873380910358,11.9799385,0.92368263,14.228731,32.976376,-19.469757,-10.588487,-26.690111,3.468048,-5.5201335,18.64482,-3.8156738,4.5443482,-12.776676,-20.14922,35.169296,-25.143768,47.498146,16.512724,-25.774162,40.21598,61.67276
323,-10.57497501373291,-220.99554443359375,59.87516784667969,-1.1808002720989004,1.7147791768998424,-95.01019405558823,11.283035,1.6468703,13.797984,35.952534,-17.503857,-11.08849,-26.404139,3.516319,-5.964948,19.664772,-3.6222289,5.3423886,-12.786074,-19.874891,34.90289,-24.932734,48.768906,16.416214,-25.723417,39.94027,61.212357
324,-10.6709566116333,-221.8667755126953,59.93375778198242,-1.4117073196381966,1.6927061800424443,-95.031159906327,10.443396,2.33317,13.432238,39.126984,-15.486463,-11.162339,-26.129608,3.6343615,-6.116661,20.728989,-3.6504683,5.682803,-12.667124,-19.543207,34.563072,-24.795742,50.047226,16.296555,-25.678587,39.725643,60.7059
325,-10.765179634094238,-222.73361206054688,60.0046272277832,-1.6201795354654158,1.6339161001207712,-95.19734520319693,9.451257,2.9529061,13.180277,42.610977,-13.459015,-10.638686,-25.897264,3.8941343,-5.8212605,21.880564,-3.9711776,5.4299726,-12.383374,-19.13046,34.1481,-24.698406,51.3405,16.146536,-25.64052,39.594784,60.170937
326,-10.856613159179688,-223.5892333984375,60.08362579345703,-1.790312769254384,1.5406275718719928,-95.46769507266956,8.330523,3.514712,13.025377,46.350384,-11.314141,-9.695624,-25.668331,4.244017,-5.259673,23.060247,-4.5382285,4.8678656,-11.971055,-18.600323,33.664032,-24.600967,52.61524,15.95913,-25.610455,39.52637,59.615036
327,-10.948257446289062,-224.4333038330078,60.17137145996094,-1.9565750397035948,1.4445840603263522,-95.75753098848212,7.1151066,4.0879054,12.950804,50.072662,-8.964631,-8.62543,-25.384968,4.6556373,-4.638841,24.102562,-5.183689,4.1714845,-11.510363,-18.022919,33.1455,-24.589872,53.86446,15.739309,-25.587578,39.505432,58.985874
328,-11.044597625732422,-225.27224731445312,60.27388000488281,-2.1548832875195045,1.3776956810352263,-95.98308874411632,5.829645,4.741349,12.914217,53.531296,-6.3449674,-7.710519,-24.993938,5.0699415,-4.1693106,24.865192,-5.7637362,3.5053883,-11.075405,-17.436829,32.62844,-24.732529,55.055393,15.49115,-25.57104,39.509983,58.237488
329,-11.150979042053223,-226.1057586669922,60.39413833618164,-2.3954901309063774,1.349517758305599,-96.13157537995603,4.4112253,5.52009,12.884638,56.8025,-3.0735466,-6.933823,-24.472326,5.469998,-3.90039,25.300201,-6.286908,2.8561132,-10.687242,-16.8286,32.12621,-25.036272,56.183933,15.224891,-25.559906,39.54733,57.344696
330,-11.260717391967773,-226.9215850830078,60.52558898925781,-2.6631290722146908,1.345055074347864,-96.2449503458043,2.8645945,6.394614,12.885425,59.987377,0.6915748,-6.1632566,-23.855536,5.879229,-3.719535,25.495872,-6.822407,2.149322,-10.307993,-16.143177,31.637217,-25.440685,57.230667,14.932925,-25.55542,39.626915,56.337807
331,-11.374261856079102,-227.72933959960938,60.6621208190918,-2.9397839632794085,1.360938905502593,-96.32054589317515,1.2989898,7.3092914,12.912942,62.91795,4.1690564,-5.511358,-23.178574,6.281366,-3.5991952,25.514698,-7.3334346,1.4571897,-9.932072,-15.365458,31.171797,-25.914488,58.15127,14.593704,-25.560038,39.732033,55.248062
332,-11.48966121673584,-228.52198791503906,60.803306579589844,-3.2064456542396136,1.392631863540836,-96.35896321172889,-0.17109731,8.18348,12.951926,65.417625,6.5680842,-5.0968885,-22.471676,6.654636,-3.5083613,25.412558,-7.7787857,0.85286313,-9.551355,-14.4803915,30.738138,-26.42834,58.897797,14.1755,-25.576778,39.84529,54.11967
333,-11.593966484069824,-229.2958984375,60.94927978515625,-3.46567530530363,1.4498234473591236,-96.32356318588087,-1.5219196,9.0272255,12.997471,67.45739,7.5988283,-5.0785246,-21.733097,6.9925056,-3.484571,25.169281,-8.157056,0.35880184,-9.1905,-13.485582,30.339836,-27.00097,59.44881,13.667002,-25.609467,39.99842,52.930145
334,-11.700909614562988,-230.07032775878906,61.1025390625,-3.721794810108458,1.530050407032033,-96.22499487716993,-2.8182905,9.856773,13.038236,69.1519,7.692202,-5.3474665,-20.946192,7.298538,-3.5290346,24.76351,-8.487638,-0.060120516,-8.847095,-12.394587,29.975142,-27.649458,59.83778,13.074348,-25.656578,40.1858,51.681076
335,-11.802586555480957,-230.8373260498047,61.257232666015625,-3.946827707510827,1.6098190532537047,-96.13056102870569,-4.078286,10.595548,13.055705,70.534706,7.141859,-5.6252093,-20.125994,7.565562,-3.56269,24.265873,-8.767619,-0.41922933,-8.469316,-11.2216835,29.64015,-28.351942,60.099957,12.388451,-25.713697,40.335144,50.45915
336,-11.889966011047363,-231.59646606445312,61.41646957397461,-4.11880699313665,1.6651619723175233,-96.107857156087,-5.3187613,11.162324,13.022644,71.62982,6.2465177,-5.6461415,-19.287754,7.7879367,-3.5076985,23.747074,-8.992674,-0.73822236,-8.005133,-9.976693,29.329872,-29.085133,60.264812,11.611005,-25.775515,40.37398,49.339363
337,-11.962224960327148,-232.35252380371094,61.581756591796875,-4.226537121485478,1.6876619633658254,-96.1742991068345,-6.5670285,11.454097,12.80583,72.41404,4.830806,-5.281448,-18.433079,7.9594536,-3.348638,23.216314,-9.148647,-1.0071926,-7.435977,-8.641444,29.038042,-29.876701,60.315163,10.721204,-25.84277,40.29151,48.35098
338,-12.029745101928711,-233.10227966308594,61.74932098388672,-4.283174233224013,1.6882843441117732,-96.28910657874323,-7.8083744,11.524325,12.440702,72.87884,2.831428,-4.7059255,-17.549864,8.083325,-3.1320963,22.635336,-9.242157,-1.2252558,-6.791483,-7.236106,28.7652,-30.751375,60.255627,9.727941,-25.918266,40.12253,47.453056
339,-12.08568000793457,-233.84390258789062,61.91770935058594,-4.301603028314426,1.671116164333404,-96.4408104199008,-8.998381,11.541263,12.162037,73.07612,0.71047264,-4.1097174,-16.648457,8.171923,-2.8685765,22.030764,-9.302487,-1.4273086,-6.0873995,-5.818974,28.51614,-31.674795,60.142197,8.68344,-25.999914,39.864983,46.61365
340,-12.135625839233398,-234.58712768554688,62.08450698852539,-4.29561313537075,1.6407649680236414,-96.6182337272459,-10.089732,11.685262,12.224724,73.05432,-1.0775378,-3.6809547,-15.739171,8.235011,-2.5670154,21.42856,-9.360641,-1.6448332,-5.339339,-4.440076,28.29405,-32.604195,60.024525,7.6366215,-26.085716,39.521202,45.802113
341,-12.178085327148438,-235.3332977294922,62.24675750732422,-4.254881421494392,1.59320521810303,-96.83214548333075,-11.049711,12.016554,12.763816,72.78805,-2.422247,-3.5491395,-14.825583,8.262356,-2.213883,20.84232,-9.418485,-1.8843838,-4.5373225,-3.1020572,28.096285,-33.560696,59.905735,6.570195,-26.177885,39.09081,45.036007
342,-12.221768379211426,-236.08279418945312,62.40411376953125,-4.177371323642806,1.52633069412312,-97.08451232327857,-11.904541,12.436546,13.634432,72.2609,-3.5598645,-3.596972,-13.902902,8.249572,-1.8098327,20.262218,-9.465414,-2.1279225,-3.678524,-1.7832794,27.917664,-34.56071,59.766018,5.46612,-26.278515,38.58336,44.32605
343,-12.267580032348633,-236.8274383544922,62.55428695678711,-4.0854356959397995,1.4482053602254508,-97.35138935190692,-12.691914,12.888169,14.678901,71.52849,-4.5575595,-3.64557,-12.968043,8.21517,-1.3841255,19.673788,-9.510525,-2.3671556,-2.7925656,-0.48894584,27.755894,-35.542297,59.615986,4.370618,-26.385168,38.017925,43.629604
344,-12.314191818237305,-237.57476806640625,62.695556640625,-4.005058623962171,1.367268155159457,-97.60837150445555,-13.455126,13.318045,15.731351,70.6484,-5.48904,-3.5122643,-12.019435,8.178799,-0.96677226,19.064241,-9.564158,-2.593414,-1.9140583,0.7816815,27.609354,-36.432816,59.464424,3.3320982,-26.494467,37.413914,42.89955
345,-12.356613159179688,-238.3284149169922,62.826507568359375,-3.933628599305473,1.2793626786167271,-97.85080393472656,-14.20081,13.731025,16.80303,69.63837,-6.360681,-3.0893497,-11.046373,8.139513,-0.55675983,18.424232,-9.627108,-2.816547,-1.053064,2.038587,27.475721,-37.229,59.312008,2.3632734,-26.604906,36.76199,42.126244
346,-12.403687477111816,-239.07623291015625,62.939720153808594,-3.862362085201853,1.182510833081,-98.0906899174417,-14.908224,14.141389,17.962418,68.46903,-7.144844,-2.5042214,-10.056005,8.087891,-0.14271666,17.767672,-9.698564,-3.0326202,-0.19994096,3.2888215,27.35423,-37.94817,59.151814,1.4317505,-26.717981,36.073364,41.332138
347,-12.451544761657715,-239.82937622070312,63.044517517089844,-3.8047134372173437,1.087137997385052,-98.3275473299975,-15.5837345,14.5210085,19.125002,67.12997,-7.8677244,-1.9188507,-9.065427,8.035248,0.25963172,17.103777,-9.77891,-3.2154877,0.3497179,4.790188,27.307594,-38.130383,58.853577,0.24313442,-26.760397,35.833282,40.654457
348,-12.494527816772461,-240.5788116455078,63.13313674926758,-3.7644388747142457,1.0069259997389741,-98.56319505021047,-16.233028,14.831303,20.21605,65.5982,-8.543859,-1.4879911,-8.103041,7.981724,0.63715184,16.462904,-9.8802805,-3.3426683,1.0781622,6.1378255,27.235443,-38.412403,58.58866,-0.81671435,-26.836115,35.375427,39.921318
349,-12.537866592407227,-241.31690979003906,63.206939697265625,-3.7612606815101004,0.9474183795072817,-98.79738833836649,-16.868748,15.096732,21.226736,63.87529,-9.205287,-1.2300506,-7.15207,7.9514327,0.97758967,15.787361,-9.9723215,-3.4039552,1.8207504,7.3788214,27.165419,-38.59172,58.36883,-1.8402202,-26.911695,34.93957,39.135616
350,-12.575639724731445,-242.0620880126953,63.26626968383789,-3.7766278357689678,0.9004276979839497,-99.03050793291304,-17.483152,15.314626,22.204424,61.96365,-9.827955,-1.0669402,-6.212343,7.9271736,1.2920357,15.102264,-10.070853,-3.416786,2.6247783,8.55384,27.085129,-38.70775,58.157425,-2.8054068,-27.003895,34.4356,38.307518
351,-12.614896774291992,-242.80665588378906,63.31324005126953,-3.815928870798268,0.8609542279721891,-99.25882841025945,-18.07528,15.482397,23.12324,59.87944,-10.361718,-1.0097713,-5.290396,7.9156356,1.5921034,14.44148,-10.18649,-3.4066267,3.4502556,9.662728,26.99935,-38.75162,57.977894,-3.725135,-27.11124,33.906494,37.44691
352,-12.646821022033691,-243.5502471923828,63.34416961669922,-3.893815405314961,0.8209948249425914,-99.47386917901879,-18.645685,15.606937,23.948427,57.644623,-10.759724,-1.0662777,-4.3816724,7.930346,1.8867146,13.819359,-10.320388,-3.3986416,4.2054677,10.683905,26.931572,-38.705826,57.87339,-4.678393,-27.198357,33.509007,36.60839
353,-12.68350601196289,-244.29519653320312,63.35920715332031,-3.9859719466040353,0.787865142855448,-99.68900840687131,-19.187174,15.672363,24.705647,55.22477,-10.985437,-1.2425654,-3.5170763,7.9488096,2.197303,13.289941,-10.49697,-3.4131935,5.005637,11.706386,26.856339,-38.566418,57.73948,-5.6424217,-27.300894,33.077225,35.8043
354,-12.720073699951172,-245.03857421875,63.357032775878906,-4.094286062897365,0.7664026806907484,-99.89785416821502,-19.709341,15.684138,25.396938,52.624317,-11.073259,-1.5243812,-2.6908023,7.9737177,2.5073526,12.827519,-10.709069,-3.4360855,5.842304,12.719634,26.749897,-38.29228,57.60377,-6.5464125,-27.466316,32.540855,34.95627
355,-12.752575874328613,-245.78640747070312,63.33571243286133,-4.246955074628648,0.7378286147881458,-100.09777130974608,-20.210955,15.669452,25.996826,49.901066,-11.0762205,-1.8846903,-1.8637362,8.034081,2.803719,12.3856325,-10.934016,-3.4372225,6.6023493,13.608141,26.674583,-38.0037,57.56563,-7.412348,-27.591475,32.15941,34.07053
356,-12.785755157470703,-246.5342254638672,63.2952766418457,-4.412705624691233,0.6971273146453241,-100.27749648185697,-20.680292,15.587201,26.502226,47.05752,-11.016164,-2.2868257,-1.0408326,8.099646,3.0625317,11.99995,-11.202237,-3.3823743,7.317359,14.479297,26.598207,-37.660233,57.577335,-8.314722,-27.731987,31.801298,33.26407
357,-12.820698738098145,-247.29359436035156,63.2378044128418,-4.602786822373765,0.6406045615058431,-100.44321360428515,-21.114756,15.462114,26.924568,44.08142,-10.901755,-2.646486,-0.21386266,8.180993,3.2806346,11.655041,-11.503812,-3.2409005,7.9858885,15.269811,26.52477,-37.2904,57.686954,-9.203882,-27.885733,31.488558,32.48334
358,-12.859456062316895,-248.05126953125,63.16357421875,-4.814491587274293,0.5738157952492251,-100.59500719902647,-21.518143,15.302363,27.261398,40.97361,-10.725499,-2.9950542,0.60943043,8.278309,3.4649591,11.353756,-11.838741,-3.0384598,8.620181,15.97524,26.45521,-36.89203,57.881607,-10.085974,-28.050919,31.220226,31.727215
359,-12.900293350219727,-248.81629943847656,63.07252502441406,-5.039285578253417,0.5019713565639339,-100.71886508146952,-21.898,15.092485,27.47682,37.784363,-10.505736,-3.469483,1.418828,8.384991,3.6139827,11.113964,-12.222056,-2.8253074,9.187809,16.635206,26.389414,-36.481228,58.128944,-10.970417,-28.227324,31.003197,31.000916
360,-12.938987731933594,-249.58872985839844,62.970489501953125,-5.264976052483304,0.43075752502655484,-100.8006318765305,-22.255817,14.816394,27.537018,34.545174,-10.250946,-4.2034817,2.2076647,8.493884,3.7274787,10.947655,-12.666498,-2.6508768,9.657321,17.289919,26.326832,-36.080753,58.3959,-11.862981,-28.414402,30.844398,30.307365
361,-12.977226257324219,-250.36549377441406,62.853145599365234,-5.468362946085724,0.3676810281388565,-100.83129524931532,-22.571718,14.428668,27.43824,31.130423,-9.875694,-5.2826123,2.9558768,8.584669,3.791918,10.896709,-13.204482,-2.529713,9.975962,18.066107,26.24655,-35.593624,58.59675,-12.745177,-28.69682,30.759903,29.569323
362,-13.01579475402832,-251.14503479003906,62.71339797973633,-5.675792938842071,0.30090731139488314,-100.82694656011927,-22.850727,13.993656,27.19083,27.59053,-9.430398,-6.5983763,3.681806,8.682434,3.819564,10.934259,-13.813205,-2.4359958,10.243474,18.742804,26.176802,-35.21387,58.88034,-13.679829,-28.97581,30.766644,28.916039
363,-13.04726791381836,-251.9249725341797,62.55698776245117,-5.8553358820371555,0.23642601421214376,-100.79258308075183,-23.078041,13.50929,26.829412,24.023884,-9.015706,-7.9827266,4.257966,8.762143,3.8017485,11.350453,-14.648467,-2.353055,10.464846,19.416283,26.11296,-34.87903,59.14272,-14.653511,-29.252838,30.824858,28.363142
364,-13.074752807617188,-252.71380615234375,62.396484375,-5.99071918388234,0.19507606765454127,-100.72048964531406,-23.246002,12.965643,26.378292,20.493473,-8.708451,-9.276427,4.795935,8.795946,3.754478,11.818797,-15.502326,-2.262639,10.592776,20.08552,26.039022,-34.507404,59.367626,-15.625186,-29.603895,30.94754,27.826445
365,-13.10080337524414,-253.49832153320312,62.22595977783203,-6.09086903298338,0.17444685878293037,-100.59425709950102,-23.341917,12.342923,25.738325,16.882841,-8.543413,-10.421333,5.318101,8.793129,3.6729429,12.296057,-16.358667,-2.1608925,10.645794,20.687128,25.963776,-34.14946,59.600063,-16.577662,-29.998877,31.083418,27.31924
366,-13.121139526367188,-254.291748046875,62.05242156982422,-6.176055567625715,0.16532547114190319,-100.42818952169144,-23.30084,11.645116,24.950981,13.023444,-8.377055,-11.491387,5.8418756,8.774103,3.569256,12.763206,-17.20776,-2.0545752,10.687597,21.21188,25.901943,-33.870743,59.853756,-17.548527,-30.360868,31.194672,26.927849
367,-13.136821746826172,-255.08811950683594,61.86848449707031,-6.284508488023176,0.19384195884433672,-100.30800003024935,-23.109907,10.9622555,24.266066,9.044567,-8.083711,-12.558422,6.3245845,8.768167,3.5151587,13.250129,-18.04056,-1.9426118,10.735129,21.652002,25.842634,-33.59681,60.137333,-18.455431,-30.755613,31.281076,26.495499
368,-13.145472526550293,-255.89964294433594,61.64501953125,-6.615322952546481,0.28870740590685046,-100.37355438095442,-22.770758,10.556304,23.919312,5.0489764,-7.5013566,-13.741566,6.746655,8.962023,3.6599789,13.721682,-18.803497,-1.83111,10.920291,21.817635,25.806816,-33.32677,60.638268,-19.209711,-31.054987,31.19536,25.917154
369,-13.126686096191406,-256.72991943359375,61.39866638183594,-7.059994193480394,0.4255218867465819,-100.48244674838509,-21.506609,9.706772,23.972677,-1.1533519,-5.3647,-14.323944,7.1286244,9.245268,3.8450258,14.195098,-19.548876,-1.6976401,11.105708,21.83722,25.786182,-33.04884,61.240643,-19.862137,-31.286322,30.996513,25.289759
370,-13.083937644958496,-257.55035400390625,61.15052032470703,-7.482716669971643,0.5728812460662415,-100.50029821397906,-21.193048,9.137319,23.858126,-4.618942,-4.6566725,-14.323944,7.49573,9.488069,3.9313755,14.694156,-20.300247,-1.5314573,11.201112,21.842695,25.772604,-32.807613,61.818043,-20.519587,-31.473028,30.785898,24.79231
371,-13.053790092468262,-258.35479736328125,60.920555114746094,-7.812035567330083,0.7164423398738273,-100.49312452527363,-21.480705,8.837738,23.69438,-5.9470325,-4.9209447,-14.323944,7.8444786,9.639157,3.9901307,15.247423,-20.997467,-1.3646445,11.247341,21.921516,25.754879,-32.553886,62.2955,-21.079067,-31.717659,30.549976,24.326843
372,-13.041013717651367,-259.15020751953125,60.716087341308594,-7.9912862669380464,0.8177767013840578,-100.48552560021078,-21.859991,8.647501,23.549776,-6.198625,-5.4280457,-14.323944,8.091709,9.663299,4.0392084,16.13283,-21.729242,-1.2194052,11.317967,22.089699,25.728086,-32.38338,62.665604,-21.531311,-32.069077,30.318085,23.964865
373,-13.03884220123291,-259.9461669921875,60.5377197265625,-8.069501042492343,0.8643579664456601,-100.49529571657612,-22.203592,8.601837,23.45817,-5.5108023,-6.0448947,-14.323944,8.327755,9.602587,4.12416,17.147682,-22.369743,-1.1193655,11.462422,22.251173,25.691372,-32.37147,63.037437,-21.837404,-32.52281,30.032166,23.681604
374,-13.041580200195312,-260.75311279296875,60.378273010253906,-8.03837678247517,0.8570049669084018,-100.48703681898367,-22.759312,8.720532,23.401762,-3.3720648,-7.1291137,-14.323944,8.562974,9.441839,4.200228,18.275925,-22.949457,-1.0460769,11.6492195,22.416742,25.648487,-32.51446,63.39691,-22.133438,-32.976036,29.758286,23.627762
375,-13.053006172180176,-261.58343505859375,60.239906311035156,-7.875213387892659,0.8282429283734363,-100.45906187054551,-23.463451,8.888287,23.388338,-0.34282666,-8.399934,-14.323944,8.776487,9.156644,4.251158,19.499615,-23.431314,-0.96485656,11.842938,22.608658,25.59832,-32.75686,63.680943,-22.487722,-33.410286,29.579157,23.840433
376,-13.054011344909668,-262.3972473144531,60.15763854980469,-7.559506564283936,0.8067212767167041,-100.39219128927252,-24.546934,9.136534,23.357056,3.8253744,-10.056335,-14.323944,8.971995,8.723739,4.245471,20.756023,-23.757488,-0.8376586,12.008674,22.83551,25.541018,-33.068634,63.838326,-22.939999,-33.813904,29.54783,24.345484
377,-13.078792572021484,-263.2294921875,60.09104919433594,-7.108142997817352,0.8003299536415155,-100.29116185108376,-25.136244,9.11765,23.49057,6.8894777,-10.724812,-14.323944,9.163283,8.167797,4.1851735,22.021042,-23.968815,-0.66675496,12.136456,23.081675,25.479258,-33.46362,63.89124,-23.504812,-34.17845,29.671135,25.155396
378,-13.128143310546875,-264.0952453613281,60.01179885864258,-6.728868444261262,0.8362678936804309,-100.29302453683009,-26.197351,9.567344,23.597828,11.446112,-11.936157,-14.323944,9.300388,7.675132,4.2350974,23.32783,-24.067284,-0.4722773,12.318482,23.182894,25.43043,-33.8608,64.021805,-23.996527,-34.45146,29.75025,26.015774
379,-13.133943557739258,-264.944091796875,59.95681381225586,-6.353064259658859,0.9087678605070757,-100.25425392527745,-27.081963,9.737626,23.461792,15.38081,-12.630331,-13.068832,9.3455925,7.1647673,4.2450013,24.774197,-24.016138,-0.21458727,12.442851,23.200428,25.38549,-34.2347,64.14883,-24.388887,-34.67885,29.807571,26.908463
380,-13.098101615905762,-265.79522705078125,59.93328857421875,-5.921659941819328,0.9970140531926789,-100.18823306789844,-27.653809,9.5034685,23.167202,18.198112,-12.642278,-11.036962,9.276125,6.5820656,4.2225685,26.41573,-23.724297,0.101716235,12.527367,23.20458,25.3362,-34.539734,64.18477,-24.725262,-34.868793,29.921589,27.869274
381,-13.057741165161133,-266.6510925292969,59.931217193603516,-5.406485175292424,1.1152270917222367,-100.16498905253432,-28.044954,9.061064,22.756002,20.258877,-12.015609,-9.14213,9.091856,5.905317,4.233189,28.249157,-23.219234,0.46997386,12.626147,23.203623,25.278374,-34.7514,64.10174,-25.080866,-35.011353,30.1574,28.95595
382,-13.024727821350098,-267.5285949707031,59.94137954711914,-4.806828735602391,1.2579629228949674,-100.15884496867733,-28.330675,8.461501,22.288532,21.909798,-10.938778,-7.232087,8.807244,5.1396885,4.2494617,30.259365,-22.533598,0.8846111,12.725083,23.198236,25.212652,-34.910572,63.914394,-25.45987,-35.103867,30.500853,30.197245
383,-12.989947319030762,-268.4228820800781,59.96320343017578,-4.198417777499422,1.3938733769867053,-100.16547812274695,-28.512344,7.8199935,21.885284,23.340212,-9.857781,-5.4605193,8.411336,4.3691144,4.277374,32.46369,-21.564194,1.3245317,12.813389,23.176125,25.147623,-35.013103,63.675003,-25.742456,-35.127552,30.852543,31.483406
384,-12.940658569335938,-269.3264465332031,59.98915481567383,-3.655930572456284,1.4909476765889655,-100.18093945933138,-28.58232,7.2483554,21.62574,24.71333,-9.210679,-3.9790926,7.9004555,3.6763518,4.3246317,34.866493,-20.20165,1.7739259,12.880356,23.12308,25.091545,-35.05679,63.435406,-25.815842,-35.063606,31.113365,32.70981
385,-12.893915176391602,-270.2398376464844,60.0117073059082,-3.1935726554912973,1.535262554241206,-100.22759431614688,-28.547163,6.7970624,21.51077,26.130157,-9.186979,-2.9102504,7.2864504,3.0829015,4.4159274,37.504402,-18.335405,2.3297539,12.943041,23.042831,25.04445,-35.012207,63.208282,-25.623753,-34.906757,31.235703,33.840046
386,-12.852920532226562,-271.1522521972656,60.03481674194336,-2.769769101617458,1.544666712588921,-100.29500785058482,-28.421389,6.422623,21.45557,27.5454,-9.570569,-2.1436362,6.574462,2.5518737,4.541467,40.358932,-16.050364,2.9822454,13.00011,22.939919,25.002455,-34.89632,62.965496,-25.24278,-34.666336,31.275036,34.943237
387,-12.822851181030273,-272.05694580078125,60.06365966796875,-2.3735782343043126,1.529980174728419,-100.33208773827162,-28.202686,6.0772214,21.400173,28.866379,-10.167334,-1.4952337,5.7572246,2.0761514,4.650424,43.349297,-13.51092,3.5645955,12.995616,22.816063,24.96611,-34.753933,62.688854,-24.728395,-34.355217,31.283548,36.038414
388,-12.796141624450684,-272.9505615234375,60.10722351074219,-1.995913155923449,1.5053331418415832,-100.29010069812723,-27.897274,5.6900682,21.296103,29.984646,-10.763253,-0.79019076,4.825433,1.6430815,4.681078,46.391026,-10.871127,3.911233,12.888538,22.661371,24.937899,-34.64345,62.362125,-24.1611,-33.983204,31.31894,37.168938
389,-12.769309043884277,-273.83941650390625,60.17021560668945,-1.6402931237897969,1.4584288927787639,-100.12331134559405,-27.501406,5.2049623,21.106031,30.858196,-11.328391,0.011714681,3.746484,1.2861861,4.635216,49.592407,-8.085067,3.8283515,12.643416,22.486618,24.918306,-34.56796,61.982018,-23.501253,-33.550655,31.347897,38.331684
390,-12.746426582336426,-274.719970703125,60.24631881713867,-1.310912794092491,1.3821612232085654,-99.86914112933044,-27.027533,4.6451297,20.86034,31.550234,-11.94945,0.8040151,2.5511096,1.0019981,4.5129714,52.92829,-5.066059,3.4923086,12.268532,22.306885,24.903795,-34.478355,61.54763,-22.633978,-33.075447,31.30296,39.42039
391,-12.72441577911377,-275.5942687988281,60.329097747802734,-0.9898127092901464,1.3197107044013308,-99.60617864027236,-26.51346,4.0444202,20.627651,32.080555,-12.580184,1.5444449,1.2938685,0.69898695,4.269607,56.146088,-1.9335383,3.2545366,11.885571,22.062206,24.900055,-34.45417,61.051945,-21.83982,-32.57398,31.355856,40.59389
392,-12.69560432434082,-276.4631042480469,60.42510223388672,-0.674060620860896,1.2881526394733849,-99.41021422212376,-25.960201,3.4587,20.471289,32.455894,-13.173391,2.1933973,0.048390713,0.28923178,3.8935115,59.00792,1.1710294,3.426275,11.482998,21.76887,24.90044,-34.433876,60.48512,-20.985071,-32.084606,31.470774,41.65428
393,-12.660055160522461,-277.31005859375,60.524803161621094,-0.3608730502667974,1.305525399540742,-99.29686865953828,-25.36438,2.9014,20.414885,32.65583,-13.739771,2.7374785,-1.2068691,-0.27366126,3.4102387,61.497402,4.623236,4.253083,11.089032,21.405848,24.908451,-34.45947,59.837288,-20.090216,-31.620283,31.64909,42.605343
394,-12.61575698852539,-278.14154052734375,60.631866455078125,-0.05327530955522724,1.3562020402067014,-99.22143936067688,-24.725254,2.3467612,20.41861,32.680565,-14.293516,3.2013073,-2.510143,-0.92672354,2.8778517,63.777187,8.337057,5.5012817,10.676999,20.980553,24.924883,-34.524815,59.119213,-19.12959,-31.180471,31.87008,43.46286
395,-12.57058334350586,-278.95269775390625,60.74614715576172,0.24325852773979353,1.4237542414081306,-99.18048804138073,-24.04503,1.8010256,20.461992,32.566208,-14.810821,3.5967808,-3.8200955,-1.6298803,2.30512,65.86363,11.47398,6.709049,10.251544,20.496973,24.94742,-34.585106,58.364155,-18.116913,-30.773449,32.16059,44.240685
396,-12.516350746154785,-279.75347900390625,60.86744689941406,0.5287254708068819,1.4924063003595043,-99.16552483300114,-23.33441,1.2660702,20.52217,32.357044,-15.267465,3.9380867,-5.098871,-2.3968053,1.6091278,67.764854,13.195503,7.3511357,9.81448,19.960527,24.97361,-34.598614,57.602375,-17.074396,-30.40557,32.551792,44.961407
397,-12.463767051696777,-280.5390930175781,60.99465560913086,0.8116278966772005,1.5670315242239152,-99.20923526119837,-22.596983,0.74261993,20.634295,32.056007,-15.6635065,4.22525,-6.3383174,-3.3441772,0.64979196,69.49386,12.9668255,7.1679664,9.388132,19.387312,25.001375,-34.554565,56.80838,-16.011454,-30.077314,33.07852,45.621777
398,-12.415578842163086,-281.31292724609375,61.12803649902344,1.0901574588867204,1.6533630823765844,-99.30365127475754,-21.825586,0.22721575,20.797354,31.64005,-16.008295,4.4502034,-7.5484123,-4.4537005,-0.5094337,71.037186,11.33417,6.4605155,8.962394,18.77124,25.032621,-34.471996,55.978863,-14.929893,-29.781454,33.72814,46.228416
399,-12.372365951538086,-282.0865478515625,61.274295806884766,1.3452448995821482,1.733289381550939,-99.38146138198418,-21.016808,-0.2777338,20.936768,31.120642,-16.29294,4.616978,-8.720506,-5.548924,-1.6811601,72.35099,9.092843,5.521324,8.491258,18.085997,25.07099,-34.35547,55.17612,-13.827882,-29.510357,34.452305,46.807842
400,-12.33139419555664,-282.8648986816406,61.43400573730469,1.560560751836874,1.7875219430040288,-99.37669086499277,-20.165699,-0.77336097,20.979235,30.508158,-16.508057,4.7316904,-9.853455,-6.471114,-2.713971,73.39118,7.0517287,4.601971,7.9299655,17.30576,25.120325,-34.21174,54.4611,-12.703876,-29.258074,35.20633,47.386223
401,-12.305806159973145,-283.6302185058594,61.60389709472656,1.7288145916950683,1.8116226941725633,-99.2721310804782,-19.267654,-1.2580904,20.911797,29.79318,-16.63964,4.784477,-10.972532,-7.163392,-3.561637,74.141624,5.258484,3.6389065,7.4831977,16.294851,25.156694,-34.288612,53.91462,-11.162021,-29.217163,35.507664,47.68882
402,-12.290671348571777,-284.3841247558594,61.77408218383789,1.8612441291414807,1.804062311120544,-99.08980461585759,-18.313585,-1.7380923,20.75854,28.96262,-16.685825,4.7789598,-12.065016,-7.6918573,-4.3085756,74.62255,3.3458543,2.564622,6.523155,15.357416,25.268875,-33.970222,53.364132,-10.305796,-28.845425,36.785732,48.480263
403,-12.287713050842285,-285.1414794921875,61.948455810546875,1.962932195178436,1.773823607235781,-98.8865483427543,-17.31624,-2.1935205,20.563196,28.060244,-16.691137,4.7377057,-13.115265,-8.104478,-4.973832,74.855804,1.5055267,1.5750949,6.0022407,14.164987,25.313938,-34.044025,52.962494,-8.74288,-28.804224,37.139206,48.827873
404,-12.285948753356934,-285.8982849121094,62.12399673461914,2.0301487332833137,1.7241294646218,-98.6594871245391,-16.285475,-2.6188598,20.310093,27.108932,-16.676954,4.684247,-14.080499,-8.474042,-5.673899,74.847305,-0.06482182,0.8364892,4.9154572,13.211281,25.44508,-33.473244,52.4703,-7.970202,-28.451212,38.62425,49.66188
405,-12.287553787231445,-286.65533447265625,62.2965087890625,2.068806457732368,1.6437743552861115,-98.43010350415858,-15.209215,-3.0085604,20.007532,26.1183,-16.64955,4.6282573,-14.94441,-8.835269,-6.4509277,74.5863,-1.2818025,0.43568698,4.062679,12.164486,25.530693,-32.988483,52.054733,-6.902305,-28.245384,39.690063,50.34986
406,-12.291034698486328,-287.41168212890625,62.4677848815918,2.083564466803223,1.5274579313803784,-98.18758544720173,-14.074727,-3.3726969,19.655628,25.063192,-16.591244,4.553689,-15.7240505,-9.156895,-7.26822,74.073135,-2.2548141,0.2563058,3.6529562,10.841838,25.575788,-32.951767,51.777626,-5.379821,-28.217503,40.053207,50.85588
407,-12.293965339660645,-288.1593322753906,62.63184356689453,2.0607848600924874,1.414697839791876,-97.91904977415679,-12.931676,-3.6929529,19.26446,23.97279,-16.520779,4.440675,-16.458073,-9.392774,-8.080559,73.32949,-3.0752869,0.16561733,2.3499186,9.975059,25.716305,-31.840582,51.338547,-4.6686435,-27.972054,41.84739,51.650326
408,-12.302387237548828,-288.9131164550781,62.78715133666992,2.0497860800964043,1.2973897380610868,-97.67661239749333,-11.757014,-4.00694,18.919765,22.82588,-16.437769,4.2744126,-17.17624,-9.538598,-8.742722,72.42561,-3.8602579,0.04113595,1.9644059,8.655093,25.762472,-31.757483,51.019695,-3.1684937,-27.9437,42.197323,52.130585
409,-12.31591510772705,-289.66552734375,62.934303283691406,2.0059451983571743,1.2030665956930202,-97.43189979363014,-10.575531,-4.2787395,18.598164,21.615597,-16.355888,4.034945,-17.89505,-9.550621,-9.290696,71.338,-4.6007223,-0.18269953,0.6437044,7.8797917,25.929083,-30.505474,50.482033,-2.428089,-27.721691,43.955288,52.808086
410,-12.333603858947754,-290.40960693359375,63.064735412597656,1.97411350582477,1.094759604218977,-97.20716588477947,-9.337353,-4.5580134,18.313824,20.30572,-16.247595,3.7407613,-18.592976,-9.487009,-9.720927,70.082756,-5.2684574,-0.4285157,0.2898289,6.564913,25.977186,-30.385614,50.10654,-0.91311353,-27.693815,44.260475,53.21854
411,-12.353055000305176,-291.1639404296875,63.18663787841797,1.9225677848891094,0.995269524128946,-96.97576062540534,-8.116483,-4.7973423,18.023092,19.018356,-16.144976,3.4278774,-19.260418,-9.333935,-10.078761,68.62748,-5.8711233,-0.6343728,-0.17265461,5.2334476,26.045444,-30.163223,49.747334,0.5597983,-27.658188,44.69943,53.565937
412,-12.37684154510498,-291.9100036621094,63.29783630371094,1.8666564658563665,0.9405463743060343,-96.72805399157026,-6.9791627,-5.0026827,17.707113,17.829142,-16.057606,3.1345077,-19.915886,-9.1206045,-10.370489,66.97108,-6.4370136,-0.73263365,-1.7704902,4.842359,26.320131,-28.371984,48.89651,1.0226506,-27.433813,46.799072,54.24392
413,-12.402263641357422,-292.6520080566406,63.38943862915039,1.8452058577288148,0.8933428337904289,-96.48268632942771,-5.878354,-5.2161303,17.38133,16.70675,-15.957175,2.8740373,-20.548326,-8.870093,-10.530046,65.13817,-6.992761,-0.6963306,-2.108802,3.6210766,26.370722,-28.213291,48.298817,2.4216266,-27.410435,47.06506,54.576237
414,-12.428305625915527,-293.38671875,63.467002868652344,1.8116574758803818,0.8687461528418606,-96.22578005995722,-4.8317127,-5.391337,17.036486,15.6626425,-15.868651,2.6275141,-21.15652,-8.547175,-10.604488,63.097866,-7.506368,-0.5774249,-2.546826,2.415133,26.444033,-27.948616,47.664013,3.7742574,-27.3828,47.448032,54.839012
415,-12.45765495300293,-294.12054443359375,63.52265548706055,1.7843466490613664,0.8613802100705948,-95.96182505288154,-3.8340275,-5.5471087,16.686916,14.700265,-15.812275,2.3977337,-21.726881,-8.203316,-10.647147,60.87468,-7.9675527,-0.4135932,-3.0581365,1.2981179,26.534426,-27.59186,46.95079,5.0255785,-27.351702,47.891705,55.092403
416,-12.482382774353027,-294.85662841796875,63.55756378173828,1.7647165997011245,0.8609491748998055,-95.69179716500078,-2.881548,-5.6890583,16.342312,13.834864,-15.809599,2.1847675,-22.237644,-7.8735743,-10.717984,58.480957,-8.358165,-0.23467533,-3.64532,0.2684964,26.63979,-27.166098,46.197357,6.1690993,-27.317394,48.347374,55.34924
417,-12.515508651733398,-295.5870056152344,63.57270050048828,1.743748274945293,0.8699757618486567,-95.40873489553537,-1.9826053,-5.804636,15.997556,13.07422,-15.859741,1.9808414,-22.684292,-7.5516343,-10.838114,55.895836,-8.68055,-0.051997058,-4.2992897,-0.68170387,26.75828,-26.689957,45.3985,7.223224,-27.280172,48.773663,55.59338
418,-12.544713973999023,-296.3182067871094,63.568912506103516,1.7252738200121271,0.8921067507556733,-95.11432147121745,-1.1363419,-5.897535,15.650676,12.40891,-15.953004,1.7890422,-23.077414,-7.223523,-10.974031,53.119,-8.941888,0.1529918,-4.9899654,-1.5550461,26.889364,-26.181171,44.53291,8.218492,-27.240591,49.149055,55.81221
419,-12.571540832519531,-297.0457458496094,63.55093002319336,1.7261206836910694,0.9185782926577791,-94.82343273978476,-0.32188943,-5.9960837,15.31664,11.81969,-16.09316,1.6237168,-23.41614,-6.9056163,-11.103702,50.18744,-9.129726,0.39820525,-5.687068,-2.3563077,27.032925,-25.666313,43.626133,9.152366,-27.200352,49.467987,56.038006
420,-12.598400115966797,-297.7762756347656,63.512550354003906,1.7681577067280356,0.940857101694467,-94.5512773735865,0.4754242,-6.1269245,15.01082,11.302822,-16.293324,1.4981724,-23.697811,-6.6142445,-11.203944,47.12869,-9.22892,0.7006607,-6.3640704,-3.0986724,27.188938,-25.171423,42.712337,10.018969,-27.161186,49.731956,56.301277
421,-12.624576568603516,-298.5101623535156,63.45341873168945,1.855428728975868,0.959033354256793,-94.29478225673547,1.2535057,-6.2972813,14.733772,10.859157,-16.560299,1.4256428,-23.911913,-6.3619123,-11.289797,43.89979,-9.225782,1.0491408,-7.0187907,-3.7991862,27.357187,-24.711685,41.80029,10.818632,-27.124111,49.93263,56.605247
422,-12.649711608886719,-299.2471008300781,63.37669372558594,1.9793918870880551,0.9776583169675827,-94.04971386344043,2.002928,-6.4919605,14.480415,10.496375,-16.88924,1.3952631,-24.061764,-6.130972,-11.36323,40.493504,-9.128799,1.4416522,-7.6510453,-4.4677515,27.536928,-24.291311,40.885532,11.561504,-27.089426,50.057182,56.928116
423,-12.668525695800781,-299.9881286621094,63.278167724609375,2.1242276423893434,0.9928479115856599,-93.83002358829299,2.7314541,-6.703047,14.257539,10.207585,-17.26809,1.3831176,-24.17001,-5.896696,-11.380922,36.99995,-8.956585,1.9039736,-8.24005,-5.104291,27.726797,-23.91206,39.985332,12.255951,-27.057503,50.10344,57.26332
424,-12.68598747253418,-300.7375183105469,63.1599235534668,2.2830362245223066,1.0012898558321741,-93.64939931677469,3.445058,-6.921742,14.073402,9.993509,-17.684875,1.3625458,-24.259533,-5.642205,-11.299114,33.507378,-8.728716,2.454755,-8.771018,-5.7133923,27.925058,-23.57507,39.12364,12.903749,-27.028755,50.07891,57.608543
425,-12.698864936828613,-301.48638916015625,63.010406494140625,2.4585939676840822,1.0024725188457604,-93.50578791692625,4.132188,-7.1487374,13.931992,9.888329,-18.16182,1.3254629,-24.32821,-5.3703938,-11.106701,29.967396,-8.3961525,3.0921156,-9.256291,-6.2993116,28.12983,-23.27532,38.307213,13.491698,-27.003513,49.978073,57.972763
426,-12.715721130371094,-302.2387390136719,62.84373474121094,2.6505271598575324,0.996876403787869,-93.39281848904635,4.707167,-7.3565,13.842299,10.10372,-18.826717,1.2755708,-24.354902,-5.0964622,-10.825283,26.32892,-7.95853,3.792402,-9.70025,-6.8650513,28.340216,-23.012615,37.533943,14.023879,-26.981947,49.798515,58.350773
427,-12.726990699768066,-303.0005798339844,62.66000747680664,2.8492186778543047,0.9860274260593238,-93.31845509141334,5.2785187,-7.5682793,13.791232,10.361998,-19.510435,1.2145047,-24.337944,-4.8317266,-10.457432,22.677944,-7.5076165,4.544625,-10.079099,-7.4187417,28.556105,-22.796902,36.812656,14.519045,-26.964256,49.56289,58.727917
428,-12.732943534851074,-303.7674865722656,62.46377944946289,3.040386249332054,0.9693367426374436,-93.28911448372689,5.85357,-7.7724357,13.775034,10.644658,-20.198233,1.1430563,-24.273478,-4.573348,-10.014234,19.096474,-7.127313,5.3462315,-10.371428,-7.9649734,28.777187,-22.637976,36.153618,14.994238,-26.950489,49.30361,59.09033
429,-12.73936653137207,-304.5415954589844,62.25668716430664,3.237542258242106,0.941704969290718,-93.30865884008062,6.435724,-7.986311,13.786373,10.961488,-20.895174,1.0644181,-24.116879,-4.3201017,-9.427584,15.414069,-6.800846,6.2825503,-10.587619,-8.508354,29.002382,-22.539864,35.562016,15.435093,-26.941067,49.039833,59.45411
430,-12.748236656188965,-305.318115234375,62.03702163696289,3.463961248055698,0.9113822455391276,-93.35509929330973,7.012668,-8.226212,13.808943,11.325235,-21.61003,0.9777762,-23.846815,-4.097084,-8.729513,11.539234,-6.4331746,7.327045,-10.753142,-9.042521,29.229527,-22.490564,35.019302,15.810188,-26.936325,48.767708,59.846443
431,-12.760688781738281,-306.10205078125,61.80345916748047,3.7233503622083224,0.9039957674385865,-93.38681775106271,7.5698605,-8.489296,13.812551,11.702311,-22.322145,0.88256276,-23.543957,-3.943566,-8.086818,7.782634,-6.05492,8.329085,-10.890438,-9.565941,29.45553,-22.469198,34.50421,16.110418,-26.935902,48.48753,60.262703
432,-12.778454780578613,-306.88934326171875,61.5623893737793,4.007808853269231,0.9405004643788684,-93.37485685297457,8.093305,-8.763448,13.780865,12.066802,-23.01594,0.77818835,-23.901766,-3.9554195,-7.618254,5.9806914,-6.5923615,9.156522,-11.014717,-10.079487,29.677883,-22.451546,34.00881,16.332045,-26.939142,48.20487,60.692806
433,-12.808895111083984,-307.6794738769531,61.32108688354492,4.282842059888113,1.0196471746336637,-93.34962523382478,8.595008,-9.022008,13.765894,12.385231,-23.71606,0.67094046,-24.094316,-3.9403377,-7.3953357,4.04231,-6.802712,9.752803,-11.106542,-10.608006,29.897322,-22.43711,33.563683,16.503689,-26.945229,47.938595,61.09013
434,-12.8463716506958,-308.462890625,61.0865364074707,4.513531158276454,1.0897514435795355,-93.35795541258238,9.109657,-9.240812,13.80659,12.697647,-24.432867,0.5593278,-23.609446,-3.7751324,-7.3525147,0.74593335,-6.022644,10.208676,-11.174303,-11.095782,30.027483,-22.421974,33.257072,16.611835,-26.949728,47.802814,61.466015
435,-12.887819290161133,-309.2325134277344,60.8654670715332,4.682117283267745,1.1660597855551684,-93.41108989766205,9.64064,-9.402742,13.8781185,12.958351,-25.05688,0.4276029,-23.56661,-3.5897279,-7.3985443,-1.0365523,-5.895201,10.589113,-11.190595,-11.68027,30.159811,-22.415792,33.134705,16.707832,-26.95423,47.671684,61.8117
436,-12.927606582641602,-310.0066223144531,60.65604782104492,4.770407059222051,1.276871586699089,-93.51334420675374,10.098346,-9.46874,13.966449,13.337002,-25.611456,0.25932157,-23.835459,-3.3560987,-7.5350223,-1.5826229,-6.1912694,10.934052,-11.119378,-12.434802,30.403284,-22.461897,33.234867,16.816393,-26.962334,47.46545,62.09399
437,-12.966135025024414,-310.781494140625,60.47087860107422,4.896395278069396,1.3493328335817014,-93.560668471756,10.576629,-9.552585,13.9243555,13.740454,-26.021273,0.07538333,-23.98773,-3.1923957,-7.983276,-1.688795,-6.4567804,11.420928,-11.052055,-12.868472,30.524858,-22.447098,33.265335,16.825642,-26.966812,47.364155,62.479855
438,-13.007208824157715,-311.5671081542969,60.293907165527344,5.014460462062691,1.4487829939692316,-93.60547427447034,10.957388,-9.597517,13.847136,14.327709,-26.430685,-0.13078108,-24.065166,-3.017206,-8.667618,-1.4986625,-6.632121,11.958372,-10.998084,-13.400736,30.648863,-22.404797,33.482796,16.748714,-26.972267,47.281834,62.907513
439,-13.052277565002441,-312.36773681640625,60.132469177246094,4.931786244244895,1.5556936871442182,-93.69795091388374,11.172035,-9.390443,13.855188,15.319452,-26.939827,-0.39126712,-24.53339,-2.7288134,-9.299752,0.04442502,-7.2914295,12.213436,-10.944838,-14.106102,30.86946,-22.367847,34.044285,16.673962,-26.977434,47.213356,63.21378
440,-13.10132884979248,-313.1691589355469,60.00784683227539,4.636543775649763,1.6160868168914333,-93.89211406046677,11.403252,-8.969964,13.996876,16.388634,-27.317617,-0.7195938,-25.06779,-2.2730527,-9.547144,2.080187,-7.857316,11.853189,-10.833683,-14.670129,31.17319,-22.360268,34.739254,16.688717,-26.972004,47.191975,63.354256
441,-13.16865062713623,-313.9534606933594,59.95234680175781,4.028665376788989,1.67517660929533,-94.24599405369896,11.607294,-8.2509775,14.349528,17.559006,-27.625902,-1.1392206,-25.74658,-1.538446,-9.30518,4.7760406,-8.287509,10.557734,-10.680788,-14.976685,31.914747,-22.26967,35.385513,16.730783,-26.919462,47.30185,63.325733
442,-13.223989486694336,-314.7657775878906,59.909271240234375,3.246782303558837,1.6769579092419733,-94.73251765257976,11.861985,-7.376503,14.847121,18.755548,-27.812616,-1.6242394,-25.664837,-0.47454727,-8.744934,5.9924126,-7.3389864,8.599272,-10.501684,-15.054858,32.613747,-21.958254,36.177807,16.749798,-26.827963,47.530724,63.274323
443,-13.282649040222168,-315.5933837890625,59.87569808959961,2.4870963266873827,1.6770024869523366,-95.18087290337336,12.077486,-6.4950747,15.306009,20.053122,-27.829508,-2.1379066,-26.281511,0.44818097,-8.034971,8.998432,-7.1980424,6.57178,-10.37835,-15.253475,33.138725,-21.691639,37.251,16.666742,-26.730377,47.69273,63.272095
444,-13.36693286895752,-316.4201354980469,59.863101959228516,1.8707109281105057,1.7110151444785169,-95.45108865128817,12.178488,-5.6788588,15.584501,21.533333,-27.63268,-2.6461203,-26.911474,1.2001067,-7.3696575,11.808804,-6.980354,4.9883394,-10.37934,-15.399521,33.504295,-21.410202,38.34344,16.465065,-26.636208,47.613037,63.338894
445,-13.472395896911621,-317.26446533203125,59.87194061279297,1.267610834782039,1.7679323273142615,-95.58780392902928,12.190115,-4.808149,15.77159,23.191496,-27.283014,-3.1226301,-27.284735,1.9616178,-6.594092,13.731536,-6.233631,3.8314102,-10.463414,-15.613378,33.76528,-21.21648,39.594795,16.23126,-26.534073,47.261463,63.376728
446,-13.576028823852539,-318.1318664550781,59.89195251464844,0.6216140577030745,1.8315189737961497,-95.66394542895127,12.137605,-3.8479068,15.936984,25.01039,-26.791124,-3.5976546,-27.480768,2.7841086,-5.6817317,15.1482935,-5.0815473,2.8552504,-10.567748,-15.944485,33.946568,-21.152365,41.078957,16.012072,-26.419296,46.693848,63.356762
447,-13.664247512817383,-319.0126037597656,59.91147232055664,0.0021056255192213272,1.8876262821712027,-95.69538322264108,11.990719,-2.8720052,16.045622,27.030855,-26.038181,-4.1283793,-27.523315,3.5494063,-4.9194746,16.267467,-3.8745167,2.1860569,-10.6702,-16.171177,34.05614,-21.101246,42.583324,15.804816,-26.29961,45.95258,63.298073
448,-13.752001762390137,-319.90960693359375,59.934486389160156,-0.5169564169093136,1.935758013713192,-95.69424757788568,11.700575,-1.9518385,16.052422,29.300909,-24.907412,-4.76636,-27.459826,4.128968,-4.5787463,17.31227,-2.9694529,1.9377617,-10.818411,-16.365982,34.05845,-21.085024,44.16223,15.550369,-26.191624,45.155884,63.227318
449,-13.845173835754395,-320.7987060546875,59.96080017089844,-0.9040821930400803,1.9611759974696004,-95.63039673107247,11.270661,-1.1049585,15.90988,31.860136,-23.29609,-5.6636386,-27.24706,4.4034114,-4.885565,18.282728,-2.4450638,2.4188933,-10.99863,-16.347582,33.934372,-20.987158,45.673206,15.259989,-26.093857,44.20366,63.16803
450,-13.926143646240234,-321.69110107421875,59.987239837646484,-1.209746316570768,1.96639379316841,-95.52042228028918,10.710481,-0.28524238,15.64471,34.69731,-21.303255,-6.728887,-26.90831,4.442481,-5.620619,19.176466,-2.1517549,3.4355707,-11.191109,-16.171968,33.70522,-20.844511,47.17132,14.948335,-25.999025,43.091038,63.1009
451,-14.002053260803223,-322.5798034667969,60.027503967285156,-1.477931208620148,1.9550492414995,-95.4394428743377,10.005945,0.5201529,15.326098,37.765076,-19.103155,-7.6621485,-26.545588,4.4088306,-6.3864803,20.121136,-2.0798912,4.3712015,-11.333077,-15.971851,33.396954,-20.79204,48.733334,14.631142,-25.90865,41.960754,62.97423
452,-14.075326919555664,-323.4557189941406,60.08811569213867,-1.748205407728912,1.9289633159542063,-95.45444172706041,9.160534,1.3160589,15.041206,40.990444,-16.849016,-8.19121,-26.234293,4.488795,-6.782324,21.168625,-2.225345,4.6465683,-11.352992,-15.801814,33.03747,-20.920784,50.366543,14.338276,-25.824171,40.93356,62.728283
453,-14.14975643157959,-324.32208251953125,60.1614875793457,-2.0204102475181767,1.8789415198662385,-95.60585276538522,8.169028,2.086662,14.832826,44.4613,-14.561562,-8.187024,-26.015835,4.7762136,-6.6249995,22.375824,-2.666214,4.004263,-11.2253685,-15.63227,32.631756,-21.214046,52.081963,14.078541,-25.745266,40.010315,62.35317
454,-14.219411849975586,-325.1843566894531,60.241188049316406,-2.274311917007364,1.8080845128030663,-95.8451274852235,7.0482183,2.8254926,14.675586,48.14641,-12.131084,-7.855292,-25.833351,5.198176,-6.148426,23.64588,-3.3454728,2.819266,-10.998358,-15.389236,32.181652,-21.592234,53.82288,13.836605,-25.670935,39.13882,61.869717
455,-14.294197082519531,-326.0474548339844,60.329566955566406,-2.5243409518363875,1.7411892134837923,-96.10466205980545,5.8313923,3.558188,14.5540085,51.796707,-9.512111,-7.42409,-25.607939,5.6931224,-5.576512,24.779314,-4.073637,1.4717582,-10.725747,-15.071932,31.713188,-22.052778,55.507153,13.598589,-25.60445,38.375427,61.26145
456,-14.372353553771973,-326.9084167480469,60.432579040527344,-2.782221964120697,1.7032784454083059,-96.31859889483927,4.541988,4.3193007,14.431279,55.186935,-6.6809716,-7.097094,-25.266987,6.1661544,-5.140439,25.609205,-4.705609,0.33382154,-10.46189,-14.672833,31.25463,-22.58887,57.047794,13.354848,-25.549295,37.77482,60.51002
457,-14.453821182250977,-327.7594909667969,60.545955657958984,-3.0571703687416205,1.7044214831018512,-96.48312751066213,3.118336,5.1654515,14.308941,58.39013,-3.2273667,-6.8341513,-24.784042,6.5913935,-4.891177,26.081957,-5.2495728,-0.54231894,-10.220836,-14.169317,30.814363,-23.18733,58.42967,13.112354,-25.508104,37.369946,59.582954
458,-14.542168617248535,-328.5981750488281,60.672889709472656,-3.3413871213378905,1.7322346277932115,-96.62939422096174,1.5631948,6.078695,14.1882925,61.498154,0.7027577,-6.544504,-24.204128,7.0074196,-4.7081985,26.304792,-5.7858934,-1.3409834,-9.97795,-13.543548,30.392881,-23.836473,59.671738,12.876147,-25.480034,37.129246,58.490334
459,-14.624032020568848,-329.4186706542969,60.79991912841797,-3.628141025840308,1.7774652471462284,-96.74396165416712,-0.017555626,6.9734917,14.005755,64.34696,4.263904,-6.3484116,-23.560318,7.399883,-4.5722804,26.353128,-6.301496,-2.04675,-9.728055,-12.813247,30.000675,-24.549612,60.753254,12.62082,-25.465317,37.011024,57.293865
460,-14.70677375793457,-330.22314453125,60.93415069580078,-3.898753384811289,1.830990666197123,-96.81546847271999,-1.5119748,7.739505,13.700035,66.76263,6.6021886,-6.3723397,-22.882298,7.752131,-4.4608397,26.292408,-6.7745085,-2.6453505,-9.463217,-11.984061,29.64427,-25.333607,61.640713,12.312701,-25.464104,36.972057,56.065125
461,-14.783011436462402,-331.014892578125,61.07222366333008,-4.1599249638712825,1.9024960824700712,-96.80876556911387,-2.8991094,8.349293,13.21747,68.70523,7.317168,-6.7475224,-22.179007,8.06384,-4.408744,26.120562,-7.209663,-3.1315613,-9.209682,-11.050864,29.321331,-26.223373,62.31521,11.947238,-25.478434,37.03932,54.78729
462,-14.85158920288086,-331.79974365234375,61.217952728271484,-4.41475833551274,1.9921583874315076,-96.73917966798513,-4.2388506,8.857799,12.617045,70.288216,6.905319,-7.3448215,-21.433224,8.338916,-4.41688,25.80765,-7.613856,-3.5098393,-8.959545,-10.025779,29.026697,-27.222233,62.806927,11.524933,-25.50921,37.21944,53.449776
463,-14.912941932678223,-332.58050537109375,61.36952590942383,-4.637746211151635,2.0754526504791855,-96.66817006150171,-5.540217,9.279036,12.012278,71.56429,5.863859,-7.900908,-20.642334,8.569462,-4.417307,25.393246,-7.972922,-3.78594,-8.6561165,-8.939616,28.75975,-28.29178,63.15537,11.020977,-25.554733,37.439102,52.13587
464,-14.966227531433105,-333.3528747558594,61.5267219543457,-4.8049258276326,2.125966236808655,-96.65733677171703,-6.8136134,9.617807,11.494564,72.578804,4.698894,-8.175316,-19.806364,8.747333,-4.3430047,24.920319,-8.270993,-3.9701228,-8.243905,-7.817728,28.519209,-29.391064,63.393326,10.420964,-25.612257,37.62397,50.920345
465,-15.008264541625977,-334.1219177246094,61.691497802734375,-4.904922536813132,2.1323987482635904,-96.71593829036557,-8.08111,9.799298,10.9559355,73.31013,3.3456914,-8.053405,-18.90871,8.863478,-4.1900754,24.371367,-8.488827,-4.03612,-7.706719,-6.6612816,28.30308,-30.579176,63.513046,9.699705,-25.685896,37.796886,49.82335
466,-15.044248580932617,-334.8885803222656,61.864830017089844,-4.952069046865268,2.1057683692067566,-96.81131583526401,-9.329017,9.844144,10.380265,73.74359,1.6109043,-7.679889,-17.952639,8.92578,-3.9960814,23.736204,-8.639865,-3.996136,-7.078096,-5.4739537,28.108688,-31.871986,63.5151,8.870118,-25.776087,37.98614,48.81009
467,-15.070120811462402,-335.65350341796875,62.036949157714844,-4.955930308597247,2.054748481231239,-96.94031383678713,-10.5105915,9.898405,9.984032,73.9201,-0.18824987,-7.221205,-16.95834,8.949611,-3.7554717,23.05033,-8.757435,-3.9173381,-6.378061,-4.2808466,27.933098,-33.162018,63.439518,7.977675,-25.874866,38.13158,47.869442
468,-15.09367561340332,-336.42041015625,62.209415435791016,-4.93496909919125,2.0057381981732703,-97.09613332659842,-11.596341,10.116525,9.984796,73.878914,-1.7404283,-6.8506575,-15.962674,8.949333,-3.4672792,22.34959,-8.875748,-3.8619864,-5.928485,-2.6490228,27.902987,-33.661125,63.03935,6.995769,-25.917606,38.373333,46.982647
469,-15.11059284210205,-337.1873474121094,62.37568664550781,-4.863983686764484,1.905630641416782,-97.30031939251496,-12.499838,10.557221,10.561688,73.58707,-2.9597385,-6.6796117,-14.9230795,8.902609,-3.0944912,21.644236,-8.993748,-3.8308673,-4.8450727,-1.8897225,27.6475,-35.343838,63.125854,6.130585,-26.071613,38.13374,46.186684
470,-15.13406753540039,-337.9605407714844,62.534950256347656,-4.767871996944935,1.8121210965438208,-97.5267424611769,-13.313404,11.143181,11.526036,73.0456,-4.020883,-6.6211157,-13.876306,8.822463,-2.680281,20.902573,-9.099591,-3.7944713,-4.295703,-0.38322192,27.61411,-35.744625,62.72475,5.0567613,-26.113344,38.2631,45.467735
471,-15.152176856994629,-338.7278137207031,62.68531036376953,-4.6293264942941175,1.6832867833132925,-97.79971173684844,-14.017861,11.749134,12.720425,72.285446,-4.9588423,-6.525759,-12.80876,8.699186,-2.2047505,20.176403,-9.210214,-3.7592032,-3.0698707,0.403889,27.385141,-37.232975,62.667686,4.206404,-26.283066,37.779964,44.75464
472,-15.170110702514648,-339.49737548828125,62.82789611816406,-4.549612237202138,1.5796069758556988,-98.05150768886844,-14.739926,12.352686,13.833499,71.40206,-5.861648,-6.252309,-11.734349,8.61948,-1.7621354,19.374878,-9.286298,-3.7341008,-2.4668102,1.7563488,27.351503,-37.496845,62.319927,3.1785123,-26.319921,37.804306,44.013817
473,-15.190729141235352,-340.2679138183594,62.95909118652344,-4.459421767716993,1.4582502710912701,-98.33919356084598,-15.42512,12.898426,14.947329,70.37244,-6.724363,-5.6879387,-10.651544,8.526645,-1.2801526,18.582014,-9.368974,-3.7200704,-1.2694434,2.5897515,27.159786,-38.52611,62.204994,2.493163,-26.49039,37.13663,43.151886
474,-15.20522689819336,-341.0396728515625,63.07643127441406,-4.4072531754147235,1.3422696911144139,-98.62426800090896,-16.096607,13.465997,16.090397,69.203636,-7.5440683,-4.9510965,-9.546301,8.457859,-0.80077523,17.718994,-9.420211,-3.706373,-0.55472964,3.8323648,27.115612,-38.648273,61.873726,1.5382364,-26.528166,36.986454,42.377422
475,-15.219959259033203,-341.80877685546875,63.178165435791016,-4.365832898093578,1.233375331207735,-98.91314934101148,-16.73719,13.991724,17.222383,67.86319,-8.303399,-4.197349,-8.4546385,8.382336,-0.32890323,16.864712,-9.47142,-3.6790197,0.23708685,4.9858336,27.056124,-38.750175,61.562412,0.6589133,-26.580475,36.706367,41.55379
476,-15.236727714538574,-342.57720947265625,63.267791748046875,-4.344076811981592,1.14330468743335,-99.19374232753405,-17.353477,14.448396,18.271832,66.33668,-8.990719,-3.581526,-7.3976254,8.305909,0.10883521,16.042814,-9.52826,-3.6338909,1.0702852,6.047379,26.986286,-38.806522,61.280773,-0.14746663,-26.64509,36.34314,40.664173
477,-15.24161148071289,-343.34246826171875,63.34232711791992,-4.3446315246709615,1.0780461327815987,-99.47134787406297,-17.954002,14.839432,19.238512,64.616974,-9.611074,-3.1061943,-6.3784237,8.234318,0.50885546,15.243766,-9.578061,-3.5803127,1.9396842,7.032987,26.908337,-38.772873,61.012814,-0.8921281,-26.720282,35.916637,39.705593
478,-15.25253677368164,-344.1089782714844,63.39968490600586,-4.366938523695198,1.0303039193096133,-99.74861439487883,-18.537964,15.181778,20.155876,62.716515,-10.167975,-2.6988647,-5.387396,8.171434,0.88239014,14.464206,-9.626113,-3.525408,2.8278337,7.9662924,26.823738,-38.619217,60.75177,-1.5811119,-26.804647,35.436474,38.68146
479,-15.259944915771484,-344.87451171875,63.440574645996094,-4.411512518959134,0.991842181893157,-100.01038246263094,-19.096998,15.466216,21.007442,60.642323,-10.638324,-2.395307,-4.4193025,8.116385,1.2270411,13.7198925,-9.695491,-3.465921,3.6943521,8.856358,26.736828,-38.36898,60.51295,-2.2302318,-26.89777,34.940845,37.60567
480,-15.265752792358398,-345.6375427246094,63.46661376953125,-4.473034714578141,0.9549053928592874,-100.24172523786238,-19.622383,15.683336,21.77755,58.39794,-10.996285,-2.228976,-3.480133,8.067419,1.5392624,13.051283,-9.815533,-3.3966978,4.505343,9.699989,26.651028,-38.063335,60.316742,-2.8578029,-27.000978,34.467445,36.49741
481,-15.274129867553711,-346.40643310546875,63.475521087646484,-4.551315213531067,0.9213035214889677,-100.43567166385269,-20.112526,15.834807,22.463894,55.960327,-11.22704,-2.224988,-2.5711043,8.02296,1.8166702,12.455657,-9.984093,-3.327431,5.262222,10.4688015,26.565918,-37.71275,60.18087,-3.497007,-27.113253,34.032852,35.380825
482,-15.284832954406738,-347.1768493652344,63.463558197021484,-4.650659020473454,0.895012347213653,-100.61023392158761,-20.572554,15.931699,23.083391,53.338024,-11.347439,-2.3553472,-1.6959076,7.988805,2.0702906,11.927186,-10.193282,-3.2621977,5.984985,11.191112,26.48149,-37.29188,60.068695,-4.1056237,-27.233532,33.616074,34.21291
483,-15.29208755493164,-347.9405212402344,63.430267333984375,-4.773734179418877,0.8655150140208879,-100.7567825844397,-21.008701,15.972552,23.619047,50.57798,-11.375208,-2.5653412,-0.84395283,7.973872,2.28716,11.473732,-10.458073,-3.1840262,6.6559544,11.82833,26.421394,-36.897568,60.013638,-4.7221894,-27.32317,33.289448,33.05196
484,-15.30113697052002,-348.70965576171875,63.38019943237305,-4.908069632066134,0.8273078998232051,-100.87141214067209,-21.420208,15.942171,24.067034,47.70866,-11.3250475,-2.7968404,-0.013436747,7.9700074,2.4588664,11.109732,-10.79765,-3.071871,7.273469,12.436241,26.360119,-36.457264,60.0109,-5.3643084,-27.425646,32.970417,31.947504
485,-15.315786361694336,-349.48114013671875,63.3061637878418,-5.052751361032393,0.7762639772236161,-100.9520168743471,-21.81492,15.858353,24.437826,44.740597,-11.192571,-2.9482696,0.7909308,7.977797,2.5741365,10.855938,-11.229626,-2.9058955,7.8309813,12.9698305,26.301563,-36.00855,60.090137,-6.005412,-27.540836,32.695065,30.864841
486,-15.335844039916992,-350.25445556640625,63.205665588378906,-5.190676745091239,0.7150494894966748,-101.00204144683221,-22.196735,15.714699,24.734419,41.6845,-10.993491,-3.068915,1.5338767,7.98205,2.634629,10.789336,-11.794068,-2.7010713,8.341539,13.437424,26.246176,-35.556217,60.22721,-6.6649857,-27.669065,32.471966,29.823254
487,-15.354588508605957,-351.0306701660156,63.087158203125,-5.323107796718415,0.6513538644477955,-101.02280948668546,-22.557064,15.497295,24.925865,38.55176,-10.758926,-3.3216016,2.1540833,7.9871845,2.6453476,11.04529,-12.559806,-2.4856946,8.790848,13.868821,26.194202,-35.110317,60.400173,-7.3616242,-27.808508,32.30478,28.839088
488,-15.374157905578613,-351.81512451171875,62.95234680175781,-5.458231482015136,0.5940956348467145,-101.01586048552313,-22.89016,15.20441,24.97692,35.35219,-10.518929,-3.8653126,2.7583377,7.995933,2.635872,11.346934,-13.351369,-2.2895422,9.161549,14.292471,26.144495,-34.67956,60.58967,-8.10158,-27.95805,32.18902,27.91683
489,-15.394660949707031,-352.6053161621094,62.80480194091797,-5.605917969760799,0.5417774025124596,-100.97679366548847,-23.181313,14.841703,24.85838,31.992914,-10.229671,-4.778906,3.3573465,8.021142,2.6084433,11.679832,-14.159933,-2.1145666,9.445378,14.712754,26.096653,-34.27366,60.80623,-8.882532,-28.116287,32.123344,27.043262
490,-15.419997215270996,-353.387451171875,62.64353942871094,-5.763328753019439,0.4935286596497392,-100.90468100495515,-23.42488,14.431919,24.59232,28.47044,-9.889955,-5.936484,3.9530914,8.059655,2.5546765,12.036541,-14.985964,-1.9463485,9.659811,15.108064,26.050726,-33.895973,61.05771,-9.71302,-28.282927,32.107403,26.22891
491,-15.43696403503418,-354.17388916015625,62.47518539428711,-5.907421400209432,0.4554761672681532,-100.80688232548384,-23.620768,13.984597,24.231894,24.917074,-9.583275,-7.1919794,4.5405498,8.085318,2.477756,12.404913,-15.8194895,-1.7905464,9.811624,15.479407,26.0061,-33.535748,61.31445,-10.575139,-28.454773,32.126717,25.489914
492,-15.451140403747559,-354.96405029296875,62.30351257324219,-5.979868262484578,0.44692213953802234,-100.67227927408157,-23.741213,13.430442,23.843054,21.353922,-9.327865,-8.404456,5.090794,8.03693,2.3560522,12.806851,-16.674519,-1.6506107,9.856348,15.940303,25.945713,-33.0746,61.45118,-11.523789,-28.707283,32.23424,24.84653
493,-15.465667724609375,-355.7498474121094,62.12811279296875,-6.027024576396895,0.4576524555536714,-100.52553509706966,-23.820276,12.834028,23.351278,17.810015,-9.227725,-9.52403,5.6313987,7.963487,2.22215,13.194018,-17.545233,-1.5329868,9.872725,16.30343,25.891998,-32.65804,61.609787,-12.474684,-28.94791,32.34937,24.281372
494,-15.47890567779541,-356.5374450683594,61.951873779296875,-6.012981174053681,0.4934475660922071,-100.34606915618569,-23.743185,12.096812,22.789558,13.943739,-9.062694,-10.605121,6.1496134,7.8286085,2.0514019,13.594906,-18.443886,-1.4297781,9.806453,16.704195,25.830595,-32.196674,61.689037,-13.495998,-29.247179,32.540306,23.801458
495,-15.478139877319336,-357.3314514160156,61.77008056640625,-6.011315809266514,0.5635527092570428,-100.20534869015177,-23.483223,11.346082,22.351826,9.873127,-8.71673,-11.736685,6.630164,7.6983743,1.9205405,14.010104,-19.306177,-1.3302238,9.724983,17.050978,25.769953,-31.736876,61.787464,-14.4858055,-29.57357,32.73058,23.320396
496,-15.464967727661133,-358.1439514160156,61.55691909790039,-6.238583520088921,0.705387361887288,-100.25484613490484,-23.018778,10.85702,22.254093,5.6319027,-8.013309,-13.045938,7.031845,7.7726097,2.0024858,14.437762,-20.063711,-1.2282025,9.767839,17.112206,25.72958,-31.316849,62.14039,-15.278135,-29.846724,32.73732,22.637325
497,-15.441296577453613,-358.96270751953125,61.31317138671875,-6.65372597149092,0.8602896847044509,-100.3814042269489,-21.898756,10.258528,22.502935,0.020878317,-6.270778,-14.323944,7.408343,8.018014,2.1756184,14.887327,-20.740814,-1.1287274,9.897669,16.933697,25.72097,-31.07153,62.729275,-15.964264,-29.948322,32.59361,21.993202
498,-15.380759239196777,-359.7809753417969,61.06764221191406,-7.091527329096374,1.0633789167141094,-100.39844821009041,-21.16133,9.550817,22.542208,-4.561654,-5.007209,-14.323944,7.726309,8.253914,2.2335517,15.391682,-21.399887,-0.99124265,9.871169,16.709646,25.715446,-30.793343,63.346046,-16.618465,-30.04973,32.378826,21.373295
499,-15.32705020904541,-360.59759521484375,60.849971771240234,-7.388586721985034,1.2369248200423872,-100.33968265057491,-21.520428,9.267146,22.446081,-5.6611924,-5.4943495,-14.323944,8.017971,8.358593,2.2195623,16.037947,-22.031153,-0.83369154,9.766829,16.613207,25.707748,-30.540545,63.836933,-17.23464,-30.15266,32.144585,20.944542
500,-15.297341346740723,-361.40875244140625,60.64772033691406,-7.5290988934530745,1.3584560388499092,-100.2576636386746,-21.880575,9.032191,22.501091,-5.9053407,-6.02224,-14.323944,8.235605,8.329459,2.2034578,16.984268,-22.671135,-0.6543334,9.660815,16.669521,25.695065,-30.346437,64.18072,-17.827557,-30.256752,31.917833,20.7641
501,-15.291491508483887,-362.2197265625,60.46601104736328,-7.573409109517801,1.4117973657579057,-100.16780738843558,-21.995754,8.835019,22.838415,-5.7060065,-6.2676177,-14.323944,8.473191,8.223348,2.23905,18.031027,-23.200537,-0.451983,9.5554285,16.825775,25.67743,-30.219675,64.46476,-18.359406,-30.358854,31.690733,20.785954
502,-15.295365333557129,-363.0426940917969,60.31053161621094,-7.441653427761099,1.3928609208027558,-100.00325294460484,-22.507524,8.803572,23.305687,-3.4948642,-7.2419066,-14.323944,8.722417,7.9558587,2.2275686,19.22234,-23.677677,-0.22631529,9.439581,17.153944,25.644148,-30.191343,64.60252,-18.843071,-30.499914,31.432188,21.059105
503,-15.299241065979004,-363.8829345703125,60.18714141845703,-7.186001802882945,1.354300095397771,-99.81914141823637,-23.099463,8.813791,23.857893,-0.5684532,-8.268271,-14.323944,8.958155,7.5665054,2.202642,20.484913,-24.026981,0.013695202,9.394766,17.4478,25.58465,-30.37529,64.710396,-19.183537,-30.735403,31.076164,21.430626
504,-15.288996696472168,-364.7017822265625,60.13100814819336,-6.781668999419047,1.333929972361386,-99.62327774656572,-24.030746,8.930887,24.333414,3.3427615,-9.589379,-14.323944,9.154999,7.0306563,2.1377585,21.792316,-24.20718,0.26412472,9.394831,17.730911,25.51386,-30.712128,64.713875,-19.542624,-30.981087,30.721394,22.020666
505,-15.315023422241211,-365.5649108886719,60.07664108276367,-6.221662813000019,1.348012751419116,-99.4134190973078,-24.687763,8.899227,24.9067,6.6300516,-10.187013,-14.323944,9.31814,6.3550525,2.023439,23.125229,-24.256754,0.517795,9.397683,18.060797,25.432947,-31.158327,64.568954,-20.002207,-31.216278,30.423765,22.884098
506,-15.35241413116455,-366.43768310546875,60.02159881591797,-5.738912239378809,1.420062237951447,-99.32526123620352,-25.88738,9.432188,25.428158,11.562002,-11.394188,-14.323944,9.402039,5.7521114,2.035168,24.518053,-24.186302,0.7753527,9.436671,18.277876,25.36518,-31.577803,64.48433,-20.377768,-31.381548,30.063671,23.731218
507,-15.325765609741211,-367.2958679199219,59.98460006713867,-5.274026745341425,1.5265340086042567,-99.1301486757101,-26.829926,9.463464,25.491135,15.479395,-11.8903885,-12.166875,9.390626,5.1405315,1.9369373,26.076881,-23.973917,1.100158,9.366239,18.419134,25.308489,-31.98434,64.4007,-20.663317,-31.494205,29.636366,24.608166
508,-15.271249771118164,-368.1549377441406,59.96841049194336,-4.82522948280485,1.6437823776209268,-99.03541381925979,-27.456287,9.286352,25.326805,18.365314,-11.797101,-10.072649,9.257594,4.5144515,1.9278678,27.822733,-23.505743,1.4526258,9.366064,18.504074,25.253403,-32.312553,64.28236,-20.793652,-31.584312,29.155647,25.425337
509,-15.211009979248047,-369.0382080078125,59.95753860473633,-4.352296570458452,1.7851434651696931,-99.07335665090547,-27.842142,8.943589,24.781105,20.366186,-11.022971,-8.666712,9.003455,3.829908,2.039861,29.755987,-22.795183,1.8798217,9.471654,18.569311,25.198162,-32.54284,64.06891,-20.840805,-31.654486,28.650183,26.245293
510,-15.154666900634766,-369.9416198730469,59.94970703125,-3.8339937195270677,1.947337791378489,-99.1921997290497,-28.094095,8.467825,23.952597,21.88473,-9.770026,-7.63296,8.645994,3.0809643,2.2198288,31.860031,-21.878414,2.3655834,9.628618,18.640308,25.139194,-32.702625,63.757557,-20.821676,-31.708302,28.136467,27.104334
511,-15.100977897644043,-370.8555603027344,59.95198059082031,-3.31325450067035,2.097708767907784,-99.33700014716814,-28.237658,7.945872,23.120562,23.191141,-8.554069,-6.798447,8.177087,2.3337257,2.4071467,34.158157,-20.701628,2.8044875,9.786621,18.708479,25.080223,-32.8084,63.40208,-20.69673,-31.74166,27.63253,27.978647
512,-15.04495906829834,-371.77490234375,59.956764221191406,-2.8315234833203844,2.203839687316472,-99.45483398374041,-28.287956,7.4662895,22.558937,24.518272,-7.8787823,-5.9704313,7.5888786,1.650757,2.5390959,36.672707,-19.199156,3.0935757,9.913871,18.75435,25.02678,-32.89513,63.05666,-20.456,-31.744778,27.158535,28.875706
513,-14.989696502685547,-372.6943359375,59.96455001831055,-2.398976132489256,2.2500473839444064,-99.55483424925447,-28.260555,7.091393,22.351488,26.013634,-8.013168,-5.1463013,6.890741,1.0477486,2.6106782,39.44234,-17.2667,3.2500093,10.010834,18.795422,24.979244,-32.92907,62.72648,-20.095528,-31.691582,26.71371,29.815697
514,-14.93249797821045,-373.6080627441406,59.97798538208008,-1.988867151779964,2.2524148046008237,-99.65504043909422,-28.147358,6.7841086,22.314896,27.567154,-8.683576,-4.4028716,6.0930295,0.4864767,2.6381152,42.432854,-14.955933,3.320827,10.082265,18.84713,24.933893,-32.897476,62.377655,-19.656176,-31.577982,26.31234,30.823013
515,-14.878863334655762,-374.51763916015625,60.0024299621582,-1.5873977634753418,2.2275163276555157,-99.71744870541005,-27.941296,6.479306,22.326052,29.028221,-9.577494,-3.6683364,5.1958194,-0.056189,2.5850875,45.54517,-12.429615,3.2504017,10.097999,18.88381,24.893661,-32.858192,62.002533,-19.218378,-31.422556,26.019217,31.922174
516,-14.827635765075684,-375.4214172363281,60.04623031616211,-1.1837168608805466,2.1884018547524726,-99.70604224347326,-27.62982,6.0888524,22.277273,30.214565,-10.35652,-2.8759768,4.201078,-0.60471255,2.4147022,48.682877,-9.845473,2.9817607,10.008282,18.889225,24.860378,-32.8473,61.59225,-18.78911,-31.242683,25.86641,33.075386
517,-14.779379844665527,-376.3179931640625,60.105712890625,-0.7711312127008887,2.121834838637751,-99.56700386639845,-27.2029,5.544443,22.119947,31.064337,-10.946841,-1.9759879,3.0737479,-1.1469449,2.1225848,51.96761,-7.128198,2.3327837,9.7765875,18.867378,24.834435,-32.86971,61.144936,-18.351397,-31.03998,25.838547,34.302425
518,-14.73995304107666,-377.1939392089844,60.17418670654297,-0.35439475541456555,2.0253151685736728,-99.33744405106843,-26.684536,4.887202,21.919687,31.682774,-11.512226,-1.0255744,1.8306936,-1.6947562,1.694623,55.391994,-4.210311,1.3961356,9.440011,18.82512,24.814373,-32.908592,60.65651,-17.885958,-30.814943,25.910398,35.593193
519,-14.689270973205566,-378.06488037109375,60.248504638671875,0.05266348413891805,1.9320497474258769,-99.11381803610563,-26.107656,4.190193,21.747091,32.1175,-12.058912,-0.114584565,0.5477657,-2.3096635,1.1056306,58.67583,-1.2805811,0.49838468,9.05962,18.74302,24.800766,-32.967445,60.12356,-17.400785,-30.58135,26.102537,36.867496
520,-14.632298469543457,-378.9292297363281,60.33186340332031,0.4375728032480573,1.8779896208465103,-98.99191990833285,-25.498007,3.5378935,21.673435,32.416706,-12.603833,0.66767293,-0.70921165,-3.052367,0.3685591,61.569042,1.435288,-0.05924291,8.703322,18.596367,24.79518,-33.056168,59.5495,-16.927692,-30.354244,26.451893,38.0676
521,-14.566439628601074,-379.7787170410156,60.421295166015625,0.7989382175068567,1.8800355941272033,-99.00187673335623,-24.855366,2.9488385,21.731071,32.56948,-13.1712265,1.2966702,-1.9522035,-4.002326,-0.5445741,64.05826,4.1556277,-0.08012692,8.388647,18.384834,24.79972,-33.2085,58.92031,-16.468151,-30.137867,26.975554,39.181396
522,-14.49087142944336,-380.60693359375,60.51923751831055,1.145316322209185,1.9192593760225825,-99.08539000203648,-24.167297,2.3799062,21.87383,32.553764,-13.746044,1.819234,-3.2174351,-5.1232085,-1.5917928,66.309326,6.8767757,0.1933502,8.076804,18.115173,24.813675,-33.41075,58.24439,-15.993009,-29.92836,27.64583,40.230583
523,-14.413663864135742,-381.41986083984375,60.63331985473633,1.4727521589888948,1.9766593212117483,-99.21306785502549,-23.43509,1.8305241,22.061739,32.397015,-14.287327,2.2508419,-4.480543,-6.289158,-2.6467476,68.34549,9.030751,0.41578436,7.753024,17.7781,24.83379,-33.595184,57.559887,-15.474136,-29.728462,28.428303,41.19876
524,-14.338911056518555,-382.210693359375,60.754417419433594,1.7768854231189304,2.03190012614746,-99.35455417079851,-22.667433,1.3000791,22.25485,32.133923,-14.752066,2.6100478,-5.7197437,-7.3706865,-3.6173475,70.17502,10.050019,0.25172383,7.4023204,17.365717,24.856829,-33.694736,56.903286,-14.888341,-29.54101,29.290483,42.07163
525,-14.273323059082031,-382.9866943359375,60.88652801513672,2.0585671149452405,2.0907845309064372,-99.54234957409471,-21.86879,0.79711413,22.489822,31.765764,-15.1352625,2.8901134,-6.944794,-8.359696,-4.514272,71.807915,9.479256,-0.45921618,7.0452085,16.875998,24.881487,-33.69112,56.267445,-14.234966,-29.369596,30.25232,42.829525
526,-14.214406967163086,-383.7698669433594,61.03240203857422,2.3167266756295968,2.1590687413389236,-99.78396193424608,-21.034767,0.32323715,22.77859,31.27842,-15.456262,3.0838253,-8.1639385,-9.272536,-5.3464313,73.23105,7.7217975,-1.4618624,6.686982,16.311438,24.91023,-33.619514,55.645004,-13.534565,-29.213223,31.328388,43.494682
527,-14.164093017578125,-384.5456237792969,61.185489654541016,2.5382241290489085,2.2159998363161244,-100.01405282120164,-20.162216,-0.13012016,23.045887,30.690577,-15.712619,3.2114546,-9.352787,-10.0157385,-6.040398,74.39927,5.5155745,-2.4709222,6.2888756,15.672791,24.945301,-33.492893,55.07242,-12.79269,-29.067781,32.478836,44.11091
528,-14.124892234802246,-385.31243896484375,61.347991943359375,2.6885299820805195,2.2383601559563915,-100.15830465053719,-19.257969,-0.54196006,23.199396,30.054996,-15.921203,3.2936718,-10.477791,-10.508512,-6.587882,75.25916,3.608299,-3.25837,6.133528,14.81909,24.978807,-33.62435,54.647144,-11.48324,-29.053953,32.93763,44.421104
529,-14.097517967224121,-386.073486328125,61.51584243774414,2.845870781261732,2.222935268224857,-100.2170976086863,-18.280146,-1.0025551,23.266888,29.267366,-16.011774,3.323905,-11.571269,-10.800582,-6.932768,75.824814,2.0558174,-3.8328164,5.2607017,14.139812,25.047926,-33.180737,54.205856,-11.109539,-28.837904,34.833683,45.25089
530,-14.084790229797363,-386.83599853515625,61.686920166015625,2.91275775307118,2.1688883632565545,-100.21002203178983,-17.270218,-1.3928314,23.239616,28.445,-16.058708,3.2949421,-12.617078,-10.817836,-7.1415877,76.07312,0.54505926,-4.300987,4.987135,13.096506,25.091427,-33.3197,53.967762,-9.7164955,-28.82274,35.355053,45.561207
531,-14.068833351135254,-387.5943298339844,61.861534118652344,2.985988406132291,2.094315328260238,-100.15990187427002,-16.20469,-1.8161297,23.162432,27.496586,-16.03066,3.2362337,-13.622735,-10.737175,-7.269585,76.07714,-0.8494683,-4.615169,3.9232006,12.298357,25.191137,-32.726376,53.674416,-9.347173,-28.603003,37.47424,46.39231
532,-14.070383071899414,-388.3601989746094,62.03297805786133,3.0026119674836265,1.9948043939365863,-100.08936737676743,-15.117653,-2.1808124,23.030962,26.546038,-16.019753,3.167385,-14.547262,-10.567112,-7.42062,75.840546,-2.0060747,-4.736333,3.6664937,11.174384,25.236952,-32.818005,53.49538,-7.976839,-28.589052,37.99609,46.815247
533,-14.07345962524414,-389.1173095703125,62.19980239868164,3.0170345918034167,1.8786789375128794,-99.98226158091366,-13.983596,-2.5620213,22.834383,25.499048,-15.975223,3.0929172,-15.394418,-10.390695,-7.6321015,75.36692,-2.871423,-4.596144,2.5011501,10.404443,25.344543,-31.929016,53.238903,-7.642806,-28.387033,40.22632,47.712925
534,-14.07462215423584,-389.87640380859375,62.35911178588867,2.982424106865693,1.7250506440990916,-99.85017976878208,-12.806207,-2.894699,22.577887,24.42225,-15.927792,2.995158,-16.159546,-10.121522,-7.8597884,74.63113,-3.4983718,-4.249341,2.2875652,9.194314,25.39165,-31.958706,53.12641,-6.2841864,-28.375208,40.754353,48.27135
535,-14.08515453338623,-390.64019775390625,62.5108642578125,2.94427497392053,1.572507302272926,-99.68081890221006,-11.610221,-3.2288213,22.280499,23.281467,-15.847649,2.878915,-16.883806,-9.807933,-8.075543,73.68166,-4.003407,-3.8206317,0.98213357,8.448515,25.513123,-30.805279,52.90537,-5.974573,-28.190605,43.109093,49.196438
536,-14.100480079650879,-391.40447998046875,62.6548957824707,2.895081469317395,1.4178587529088726,-99.51742218515598,-10.415262,-3.5278575,22.002905,22.157991,-15.780081,2.7465582,-17.579065,-9.425649,-8.215159,72.558464,-4.4877124,-3.440814,0.7609791,7.2644563,25.559809,-30.784258,52.724556,-4.6704006,-28.176613,43.57552,49.81948
537,-14.117450714111328,-392.17193603515625,62.78703308105469,2.837543483593982,1.2768338896423574,-99.33001071793669,-9.216923,-3.8148944,21.725153,20.994297,-15.699652,2.594238,-18.25524,-8.978647,-8.292005,71.25907,-4.959304,-3.1605458,-0.5252249,6.6249623,25.701784,-29.541725,52.36968,-4.30306,-27.996494,45.70302,50.72964
538,-14.141244888305664,-392.9339294433594,62.90159225463867,2.7723343551983466,1.1244329410374305,-99.14406840516462,-7.9981537,-4.0849557,21.461372,19.816616,-15.625536,2.4243305,-18.895334,-8.470262,-8.297297,69.7778,-5.37478,-2.9122984,-0.7419037,5.5108776,25.746437,-29.463547,52.066998,-3.0241394,-27.979237,46.09091,51.39409
539,-14.166346549987793,-393.69110107421875,63.00278854370117,2.7008868570283164,0.9931923401420314,-98.92800389562127,-6.810986,-4.3338313,21.17359,18.662727,-15.554973,2.2598796,-19.505226,-7.938633,-8.284007,68.10233,-5.750935,-2.6447687,-1.9935344,4.946683,25.913883,-28.17552,51.58925,-2.5748954,-27.80379,47.95577,52.28621
540,-14.195869445800781,-394.4515380859375,63.089561462402344,2.6541755221604544,0.8832516183742308,-98.71603665332567,-5.6758394,-4.580852,20.891872,17.587965,-15.5044155,2.122527,-20.0929,-7.431739,-8.226913,66.26297,-6.122011,-2.3037243,-2.2957911,3.859311,25.95989,-28.070908,51.208084,-1.3871943,-27.784016,48.229218,52.943085
541,-14.224858283996582,-395.20172119140625,63.163047790527344,2.61072452341203,0.8087480248081474,-98.47970131016815,-4.6169786,-4.805036,20.5815,16.604708,-15.464152,2.0297906,-20.658743,-6.928955,-8.14263,64.22769,-6.4973817,-1.8614119,-2.7650573,2.7530806,26.027115,-27.87973,50.83686,-0.29331014,-27.755714,48.572666,53.569405
542,-14.252514839172363,-395.9544677734375,63.213531494140625,2.5730498073293364,0.7678723328754518,-98.2252168174751,-3.6195817,-5.0139914,20.254145,15.690854,-15.437325,1.9691191,-21.206867,-6.429323,-8.021419,62.004646,-6.8671694,-1.3566451,-3.3311534,1.6935776,26.110065,-27.607016,50.39968,0.7111907,-27.717936,48.919952,54.199368
543,-14.282892227172852,-396.7023010253906,63.24492645263672,2.5482904266545225,0.7443265400831571,-97.96248736803135,-2.6600165,-5.2162037,19.925283,14.8325405,-15.435236,1.9159778,-21.717003,-5.964737,-7.904728,59.614162,-7.199141,-0.8376987,-3.972819,0.68485045,26.207281,-27.276974,49.917294,1.6364878,-27.671303,49.23198,54.829258
544,-14.318099975585938,-397.4455261230469,63.254005432128906,2.5403940851319167,0.7216066124518793,-97.70111917400482,-1.7202892,-5.4140344,19.610989,14.035561,-15.475251,1.8432271,-22.1665,-5.558584,-7.831881,57.07086,-7.4577703,-0.34378633,-4.6727304,-0.28119743,26.318804,-26.920422,49.421936,2.4867258,-27.617596,49.483128,55.455025
545,-14.349703788757324,-398.1915588378906,63.24596405029297,2.5398400730198976,0.6969212053202958,-97.43771221876953,-0.79993653,-5.5981197,19.312605,13.299186,-15.55551,1.7524318,-22.546432,-5.2004128,-7.8209376,54.351437,-7.6319213,0.13656063,-5.43526,-1.2176899,26.44555,-26.55925,48.921665,3.2706437,-27.557854,49.636585,56.06441
546,-14.380725860595703,-398.9409484863281,63.22488021850586,2.5480766649413993,0.676531436870998,-97.16932759455808,0.091896154,-5.7679367,19.023294,12.629124,-15.67286,1.6549369,-22.86606,-4.8748703,-7.8479857,51.45245,-7.73794,0.62298423,-6.234647,-2.1304045,26.588194,-26.212296,48.40318,4.006512,-27.493145,49.670944,56.658573
547,-14.406819343566895,-399.6852722167969,63.18532180786133,2.576139589525058,0.6568725931265998,-96.90817196727349,0.9679067,-5.9438205,18.747732,12.010589,-15.82781,1.537524,-23.135658,-4.5942135,-7.8872337,48.421383,-7.78227,1.0932312,-7.0138135,-3.0197985,26.746428,-25.90211,47.87075,4.702797,-27.425814,49.59972,57.259476
548,-14.438065528869629,-400.4306335449219,63.12323760986328,2.6398442735955645,0.6345269545835607,-96.66712996802282,1.8339845,-6.1433253,18.492838,11.444462,-16.029764,1.3852065,-23.365034,-4.3683057,-7.9111967,45.30156,-7.7720947,1.5252447,-7.7258735,-3.8903015,26.918486,-25.644783,47.335785,5.362061,-27.35848,49.45374,57.887012
549,-14.461292266845703,-401.17950439453125,63.03858184814453,2.7374153243694694,0.6056692007977038,-96.44852764765581,2.6957226,-6.368976,18.26668,10.924673,-16.287676,1.1839712,-23.553427,-4.19641,-7.9381804,42.07938,-7.6903377,1.884648,-8.37597,-4.7562222,27.103178,-25.450634,46.811554,5.9788823,-27.2929,49.2497,58.54463
550,-14.484594345092773,-401.934814453125,62.929473876953125,2.853201273156041,0.5715774092690353,-96.24614841001228,3.5356812,-6.5967903,18.068258,10.4875145,-16.611683,0.94150597,-23.701057,-4.05451,-7.974791,38.748405,-7.5449595,2.2019813,-8.988232,-5.6352034,27.300076,-25.319344,46.31793,6.5562935,-27.229313,48.9802,59.209187
551,-14.49943733215332,-402.6864929199219,62.79383850097656,2.980733684211969,0.5377130377838264,-96.06165389702569,4.32093,-6.8090167,17.89237,10.206637,-17.028028,0.6746505,-23.818583,-3.9258862,-7.972485,35.354992,-7.3718567,2.5497727,-9.54705,-6.5359335,27.507595,-25.243315,45.87189,7.0998173,-27.168125,48.64566,59.87087
552,-14.519291877746582,-403.4446105957031,62.64151382446289,3.111666817838958,0.5100062414767107,-95.89787043715506,4.987553,-6.9786973,17.738602,10.233757,-17.608606,0.39926222,-23.909409,-3.7983832,-7.881664,31.923422,-7.194745,2.9949453,-10.036467,-7.457025,27.722862,-25.20705,45.48182,7.613293,-27.109596,48.249958,60.51903
553,-14.534917831420898,-404.2004699707031,62.469112396240234,3.2726091048244714,0.49327050031463393,-95.75952213118902,5.629183,-7.1685605,17.596775,10.3197565,-18.20262,0.122195,-23.953318,-3.683853,-7.6640215,28.333105,-6.9564495,3.6123545,-10.456685,-8.391759,27.943247,-25.194687,45.130898,8.07279,-27.054295,47.791653,61.178993
554,-14.550535202026367,-404.9607849121094,62.28361892700195,3.460300541746338,0.4862463436514893,-95.64679746988334,6.257847,-7.3836775,17.472473,10.434491,-18.801731,-0.16632015,-23.943327,-3.5879788,-7.345637,24.567663,-6.642131,4.343628,-10.817203,-9.332917,28.1667,-25.200583,44.810883,8.475695,-27.002731,47.273243,61.85057
555,-14.573386192321777,-405.7347412109375,62.09387969970703,3.6515587422673415,0.4886128525349884,-95.55522580982552,6.8754797,-7.592319,17.364605,10.571738,-19.407293,-0.4618707,-23.907251,-3.4996495,-6.9717736,20.816555,-6.3421884,5.0579786,-11.115812,-10.277866,28.393242,-25.22518,44.53638,8.850985,-26.95459,46.709633,62.495647
556,-14.595993041992188,-406.5077819824219,61.89882278442383,3.779722737900252,0.5140271708776804,-95.48904894907297,7.457704,-7.7244935,17.28723,10.761113,-20.046482,-0.76308376,-23.839003,-3.357035,-6.601424,17.159164,-6.0870852,5.626847,-11.245608,-11.226579,28.717194,-25.346949,44.23997,9.357981,-26.892574,45.924477,62.996284
557,-14.619654655456543,-407.281005859375,61.69735336303711,3.8924220691189775,0.5404308147957833,-95.43902207030455,8.043001,-7.834691,17.21792,10.952287,-20.70591,-1.0677167,-23.825863,-3.2258573,-6.143506,13.79197,-6.0811567,5.8829865,-11.353914,-12.17065,29.021275,-25.484716,44.02223,9.801043,-26.841036,45.200935,63.467964
558,-14.647762298583984,-408.0517883300781,61.493247985839844,3.9877207508699595,0.5748142591064109,-95.40414160953746,8.621985,-7.92362,17.158096,11.154518,-21.383028,-1.3768286,-23.820498,-3.0862708,-5.612081,10.548757,-6.2097387,5.9484563,-11.451093,-13.152105,29.311869,-25.62718,43.913998,10.200987,-26.796776,44.50897,63.896442
559,-14.680473327636719,-408.8258361816406,61.28389358520508,4.093540941085174,0.6494215625615872,-95.33743022229254,9.146976,-8.003296,17.067926,11.409921,-22.064217,-1.6808782,-23.806845,-2.9645252,-5.207308,7.483918,-6.3157644,6.1455903,-11.463971,-14.081397,29.662985,-25.810211,43.71962,10.633241,-26.750381,43.69632,64.25907
560,-14.730707168579102,-409.6137390136719,61.05613708496094,4.330913749019439,0.7587502425194164,-95.1812383932666,9.641307,-8.194593,16.872211,11.666592,-22.674875,-1.9633516,-24.215187,-3.0401132,-5.0840254,5.812721,-6.912006,6.8029175,-11.619421,-14.911419,29.900053,-25.816532,43.528503,10.837481,-26.723782,43.102962,64.752174
561,-14.778987884521484,-410.4024353027344,60.8048210144043,4.695521299010192,0.9067274482409949,-94.95130733572759,10.097727,-8.492855,16.602404,11.944267,-23.254114,-2.2120547,-23.526648,-3.1408954,-5.4544535,1.7413895,-5.7248926,8.262895,-11.839976,-15.628493,30.048927,-25.686153,43.289608,10.883448,-26.710173,42.655598,65.337715
562,-14.828213691711426,-411.198486328125,60.55365753173828,5.083446553940908,1.0933598767717236,-94.6946171507307,10.516727,-8.797792,16.314404,12.235595,-23.806938,-2.4446642,-23.356558,-3.2993684,-6.1139636,-0.80866617,-5.1696334,10.2702,-12.038568,-16.274607,30.191647,-25.458908,43.02171,10.914592,-26.700031,42.184658,65.879395
563,-14.877113342285156,-412.006103515625,60.329524993896484,5.359010095094019,1.2612777253403384,-94.51807974766302,10.949132,-8.989906,16.10339,12.544866,-24.282372,-2.6936014,-23.950022,-3.4154825,-6.7701797,-0.99602306,-5.7078495,12.188479,-12.162521,-16.87309,30.332432,-25.192654,42.87776,11.03682,-26.690712,41.742058,66.2783
564,-14.927512168884277,-412.8118591308594,60.137813568115234,5.500038902095393,1.3966487387245152,-94.42661455968319,11.400549,-9.046636,15.946822,12.881804,-24.625359,-2.982351,-24.352055,-3.3985102,-7.253367,-1.0515018,-6.0008817,13.37997,-12.2305,-17.457941,30.476568,-24.931908,42.921204,11.245597,-26.679955,41.35326,66.54021
565,-14.969533920288086,-413.61383056640625,59.96649932861328,5.47314060075518,1.4839309363655548,-94.42631989140705,11.774333,-8.903054,15.858646,13.522707,-25.004812,-3.3232245,-24.43559,-3.218533,-7.5228033,-1.1283178,-5.9648976,13.675737,-12.244662,-18.071213,30.627485,-24.709953,43.21608,11.559208,-26.665018,41.03664,66.655045
566,-15.010099411010742,-414.41845703125,59.8114013671875,5.307375931530215,1.5558150383555391,-94.47707393264831,12.067147,-8.588792,15.813357,14.399153,-25.403837,-3.6986647,-24.296484,-2.8979,-7.7108526,-1.1586764,-5.650345,13.418919,-12.213257,-18.685738,30.85637,-24.51,43.652264,12.00386,-26.639122,40.724995,66.598236
567,-15.078669548034668,-415.2215881347656,59.70808410644531,4.945063304340145,1.5867345164370343,-94.6414508568394,12.3485,-8.065377,15.900058,15.417017,-25.739027,-4.109275,-24.794046,-2.4459567,-7.7754126,0.85465574,-6.233228,12.7393675,-12.097911,-19.256693,31.212265,-24.395344,44.213737,12.560269,-26.590654,40.503124,66.37261
568,-15.177509307861328,-416.007568359375,59.6595458984375,4.445171307922519,1.6146423287293312,-94.83338756088273,12.566024,-7.3765798,16.048279,16.611359,-25.991026,-4.54281,-25.381687,-1.8539196,-7.844848,3.2423785,-6.7228513,11.755828,-12.006503,-19.615562,31.765242,-24.225328,44.690224,13.097837,-26.50239,40.419296,66.0625
569,-15.251853942871094,-416.8282165527344,59.601497650146484,3.7902410336642296,1.613389224463848,-95.09625736696464,12.7796135,-6.527407,16.301693,17.912682,-26.16059,-4.995059,-25.912302,-1.0788441,-7.9825516,5.7651863,-6.8617983,10.243274,-11.928978,-20.003637,32.294495,-24.069365,45.410828,13.6518,-26.399618,40.522194,65.64159
570,-15.33026123046875,-417.6676330566406,59.55561828613281,3.0263941749241394,1.5949424217643384,-95.41437113767103,12.982729,-5.5624037,16.625807,19.312357,-26.246468,-5.4681673,-26.076975,-0.13662755,-8.160689,7.6858144,-6.2526546,8.212211,-11.824177,-20.493105,32.801125,-24.004766,46.37307,14.224865,-26.286674,40.72623,65.130196
571,-15.435970306396484,-418.4983215332031,59.531742095947266,2.358727828803383,1.5966661492558485,-95.6259776580087,13.1067,-4.640867,16.823385,20.848097,-26.158493,-5.955697,-26.744574,0.5776505,-8.307155,10.879898,-6.2400746,6.1467633,-11.781377,-20.921734,33.189217,-23.93092,47.33005,14.685485,-26.189877,40.903843,64.667816
572,-15.579930305480957,-419.3318786621094,59.53231430053711,1.8197137727854638,1.6270764392565125,-95.66306284671555,13.104856,-3.7674565,16.823751,22.574907,-25.827457,-6.460573,-27.349295,1.1086332,-8.328035,13.745127,-6.100966,4.506176,-11.8470745,-21.145498,33.479237,-23.783709,48.123863,15.031217,-26.1077,40.985363,64.25469
573,-15.722407341003418,-420.1931457519531,59.53789520263672,1.2928145994079303,1.6847551442022224,-95.54302915318488,12.992665,-2.8239706,16.676823,24.48747,-25.27201,-7.044125,-27.738575,1.6248653,-8.068887,15.841966,-5.4646025,3.3970163,-12.043515,-21.290607,33.7346,-23.663803,48.890213,15.337091,-26.025845,40.996006,63.784515
574,-15.843706130981445,-421.0730895996094,59.543357849121094,0.7387372251884029,1.7520501911160777,-95.33100739751482,12.79599,-1.7963016,16.448431,26.572582,-24.527176,-7.690528,-27.978033,2.1698627,-7.6109314,17.50086,-4.4581213,2.5720923,-12.290068,-21.34173,33.960697,-23.569975,49.64604,15.65759,-25.939402,40.940712,63.232674
575,-15.959564208984375,-421.9661865234375,59.554161071777344,0.21604029857276005,1.8085807901508968,-95.11225461707099,12.492701,-0.7741529,16.18907,28.87114,-23.5429,-8.292837,-28.092457,2.6864545,-7.140746,18.923674,-3.4779785,1.9649704,-12.530603,-21.272911,34.12357,-23.47163,50.399193,15.937801,-25.858244,40.874775,62.668354
576,-16.07964324951172,-422.85650634765625,59.57579803466797,-0.21889170934721855,1.8274993868732412,-94.96897584924987,12.06666,0.15484217,15.94771,31.42031,-22.261732,-8.742121,-28.103123,3.1098943,-6.840089,20.30021,-2.9113894,1.5049381,-12.694057,-21.021435,34.187378,-23.318417,51.118835,16.13438,-25.790907,40.82872,62.15837
577,-16.188295364379883,-423.747314453125,59.60052490234375,-0.5448031011787191,1.7884069152222533,-94.91974733698197,11.537075,0.9636328,15.737184,34.24584,-20.57779,-9.112817,-28.018074,3.3945248,-6.7864885,21.725834,-2.9396608,1.3070606,-12.757884,-20.53918,34.125874,-23.067589,51.78436,16.245525,-25.738743,40.77182,61.728096
578,-16.28542137145996,-424.63006591796875,59.6376953125,-0.8013998401427354,1.704046948400697,-94.92965054921011,10.909571,1.7098789,15.540614,37.32107,-18.545048,-9.422507,-27.849411,3.5788867,-6.8537474,23.154675,-3.3718634,1.3596742,-12.74718,-19.903809,33.952244,-22.77913,52.44316,16.30064,-25.69562,40.69161,61.33048
579,-16.37810707092285,-425.498779296875,59.68800354003906,-1.0217984725245555,1.5949411285325867,-94.99659544755413,10.1617985,2.4290652,15.3722,40.577675,-16.33713,-9.487326,-27.609402,3.7321868,-6.9212747,24.513031,-4.011405,1.40773,-12.65474,-19.223032,33.68767,-22.553228,53.146755,16.30767,-25.660212,40.6332,60.919903
580,-16.467376708984375,-426.3668518066406,59.754478454589844,-1.2353765557070142,1.483912826089368,-95.11303661939016,9.2762,3.1505969,15.255513,43.936783,-14.112208,-9.137627,-27.299673,3.9353101,-6.869056,25.691252,-4.643584,1.2048597,-12.476381,-18.582071,33.35731,-22.475607,53.928204,16.271267,-25.631922,40.641346,60.45329
581,-16.554922103881836,-427.2242431640625,59.830387115478516,-1.4332362255483322,1.357460529971233,-95.32212558278331,8.21581,3.851586,15.188031,47.54718,-11.907155,-8.101596,-26.910955,4.231217,-6.6109924,26.670626,-5.254047,0.6401044,-12.181101,-17.9574,32.960384,-22.529282,54.807175,16.184996,-25.612736,40.74975,59.949436
582,-16.65199851989746,-428.07208251953125,59.91887283325195,-1.6024178918162972,1.2108328120940632,-95.61041752881309,7.0169725,4.530842,15.207617,51.35707,-9.590213,-6.5654025,-26.446873,4.5939107,-6.226301,27.493223,-5.9261913,-0.13156183,-11.782605,-17.284716,32.502068,-22.662525,55.73114,16.051346,-25.602028,40.925907,59.415565
583,-16.75576400756836,-428.908935546875,60.02154541015625,-1.7692838911334212,1.0844539115538758,-95.88423750425241,5.7561445,5.260747,15.371485,55.028797,-7.104599,-5.027292,-25.92893,4.991792,-5.843433,28.137264,-6.58915,-0.95910394,-11.354202,-16.589218,32.020985,-22.90691,56.627922,15.871511,-25.597422,41.127823,58.80555
584,-16.869075775146484,-429.7347106933594,60.14125442504883,-1.9578297660563677,1.0197522265859844,-96.05043785810086,4.4940104,6.1222386,15.691179,58.272076,-4.444724,-3.9576294,-25.376947,5.37267,-5.5924754,28.583788,-7.188158,-1.6925288,-10.969567,-15.882744,31.5584,-23.28453,57.413994,15.642938,-25.596695,41.311913,58.078026
585,-16.991426467895508,-430.5501403808594,60.27670669555664,-2.1764203817868593,1.0439678765717075,-96.0631249209553,3.1994202,7.214426,16.19951,61.09418,-1.2410864,-3.5236604,-24.786734,5.7090015,-5.532431,28.792667,-7.7350154,-2.3141546,-10.665089,-15.153219,31.133528,-23.813295,58.045773,15.371117,-25.598434,41.472824,57.197998
586,-17.128570556640625,-431.3583984375,60.422218322753906,-2.4144035271481563,1.132529463259538,-95.98016176901015,1.8386877,8.494455,16.830597,63.68673,2.338894,-3.4139292,-24.150219,6.021202,-5.5846725,28.78524,-8.2591305,-2.896765,-10.398196,-14.372372,30.74057,-24.465176,58.55023,15.052547,-25.604576,41.63259,56.19706
587,-17.25992202758789,-432.1482238769531,60.57508087158203,-2.6581362006949747,1.2489808668966387,-95.86364571092057,0.46807748,9.80128,17.424757,66.03027,5.471428,-3.408652,-23.475872,6.3205576,-5.674605,28.626085,-8.733949,-3.424085,-10.12726,-13.535317,30.37601,-25.195179,58.958538,14.668336,-25.617826,41.788788,55.13823
588,-17.382173538208008,-432.916015625,60.73583984375,-2.8905187752143955,1.3547547593955067,-95.77477445319239,-0.8473456,10.951559,17.855238,68.06927,7.34821,-3.3137052,-22.774326,6.6130137,-5.7277627,28.387915,-9.133435,-3.8826666,-9.811542,-12.622889,30.033901,-25.947325,59.287685,14.196192,-25.641045,41.939148,54.087322
589,-17.495454788208008,-433.67486572265625,60.900997161865234,-3.11413323163463,1.446969322096336,-95.69782164707813,-2.0964425,11.899023,18.092123,69.77877,7.538191,-3.1358504,-22.050608,6.9010863,-5.762955,28.079659,-9.4451685,-4.2761073,-9.465243,-11.617744,29.712503,-26.735645,59.517494,13.624287,-25.67686,42.10157,53.03609
590,-17.594682693481445,-434.42596435546875,61.06660842895508,-3.3321590451441154,1.541005707341072,-95.6069801858584,-3.3164945,12.708458,18.20153,71.19111,6.549625,-2.9823813,-21.298761,7.17449,-5.811342,27.673437,-9.688262,-4.6076317,-9.1066,-10.542861,29.413685,-27.588144,59.65446,12.962203,-25.723574,42.26875,51.96466
591,-17.68300437927246,-435.1778564453125,61.235694885253906,-3.5201664515480666,1.6246641306064962,-95.5415821994578,-4.5155478,13.365504,18.223003,72.32189,4.994323,-2.804737,-20.515215,7.417795,-5.8234415,27.189959,-9.880387,-4.8672113,-8.704145,-9.430819,29.13487,-28.467674,59.74491,12.216424,-25.777878,42.402256,50.929035
592,-17.764114379882812,-435.9139404296875,61.40876388549805,-3.657453990219722,1.6849969673429401,-95.54360552341532,-5.6971254,13.864846,18.200861,73.18667,3.4822023,-2.549231,-19.696802,7.6177273,-5.748731,26.652796,-10.041272,-5.045893,-8.2233715,-8.310468,28.872871,-29.336088,59.83181,11.394539,-25.83666,42.4649,49.98492
593,-17.831708908081055,-436.64947509765625,61.585609436035156,-3.7299690356706092,1.7120908456082362,-95.63459751015483,-6.8823757,14.131535,18.049465,73.761856,1.9991477,-2.138402,-18.834856,7.76274,-5.567426,26.057373,-10.165854,-5.1244655,-7.638652,-7.1763506,28.622301,-30.218538,59.91313,10.455907,-25.90365,42.488552,49.17791
594,-17.88429832458496,-437.377685546875,61.75872039794922,-3.749521359613929,1.7115898967530858,-95.78737624301797,-8.065455,14.186824,17.767492,74.04952,0.28425604,-1.6264952,-17.932533,7.861591,-5.3131614,25.399454,-10.248778,-5.1169043,-6.9731393,-6.0240307,28.383518,-31.136518,59.974564,9.407846,-25.979782,42.48325,48.4735
595,-17.932634353637695,-438.1056213378906,61.93108367919922,-3.741792800265714,1.6943617086814249,-95.97079214607592,-9.203152,14.184095,17.542408,74.09517,-1.4202425,-1.146711,-16.99877,7.931234,-5.0136633,24.689894,-10.303294,-5.0621667,-6.2627335,-4.8796463,28.160648,-32.046535,60.035084,8.324903,-26.058815,42.381775,47.81345
596,-17.975343704223633,-438.83270263671875,62.100555419921875,-3.7278978757505623,1.6727893873355653,-96.15552239061509,-10.252885,14.282059,17.572758,73.94359,-2.875957,-0.8344882,-16.048841,7.987607,-4.6951323,23.948446,-10.344244,-4.9963584,-5.543691,-3.766055,27.956848,-32.89796,60.111897,7.290529,-26.13342,42.11299,47.129463
597,-18.02058219909668,-439.5604248046875,62.269187927246094,-3.706440581147948,1.6459464178855223,-96.33778724827933,-11.181827,14.546608,17.993288,73.58101,-4.0085225,-0.7988172,-15.071698,8.025454,-4.3510942,23.154991,-10.36833,-4.9095435,-4.819547,-2.685299,27.769491,-33.70319,60.215504,6.3046722,-26.202242,41.64726,46.429043
598,-18.063884735107422,-440.2931823730469,62.42938232421875,-3.668167712874169,1.6085799677316035,-96.53251045338511,-12.016288,14.885472,18.684908,72.98785,-4.9444537,-0.9499749,-14.065599,8.036129,-3.9727046,22.31053,-10.370058,-4.7861094,-4.0696793,-1.6262538,27.59404,-34.484707,60.33444,5.3320775,-26.26939,41.025143,45.7401
599,-18.10675621032715,-441.01751708984375,62.58269119262695,-3.6261551481836425,1.567533407982606,-96.73785228027006,-12.803799,15.220215,19.46387,72.201164,-5.7524524,-1.1296676,-13.052465,8.032872,-3.5808227,21.449415,-10.361096,-4.6528473,-3.2963252,-0.59214807,27.430096,-35.203598,60.454575,4.394853,-26.336836,40.28719,45.031628
600,-18.145160675048828,-441.7473449707031,62.727195739746094,-3.5931789840965584,1.5299263499376985,-96.95112334458551,-13.594123,15.47844,20.139702,71.25876,-6.5073247,-1.1735848,-12.053444,8.031348,-3.1968699,20.60382,-10.352495,-4.5384874,-2.5077996,0.41739586,27.277878,-35.811234,60.56157,3.5209343,-26.405893,39.475964,44.26415
601,-18.188907623291016,-442.4710693359375,62.8596305847168,-3.5728896814618096,1.4946207798926254,-97.17172573323988,-14.404704,15.660416,20.693996,70.17989,-7.2187285,-0.97243565,-11.065459,8.037553,-2.8268542,19.769522,-10.33927,-4.454215,-1.708272,1.4018908,27.135738,-36.29887,60.66196,2.7365704,-26.4747,38.570107,43.40944
602,-18.22740364074707,-443.190185546875,62.97878646850586,-3.5599517961199845,1.4592478688622974,-97.40089056776092,-15.209731,15.800427,21.215662,68.944435,-7.855804,-0.63516015,-10.082237,8.044424,-2.4607222,18.93852,-10.321335,-4.383454,-0.89905465,2.366809,27.000881,-36.681145,60.7603,2.0288925,-26.542385,37.56304,42.480717
603,-18.264856338500977,-443.9116516113281,63.081687927246094,-3.5572857969572707,1.4299807173343233,-97.6389920969128,-15.998951,15.885803,21.672403,67.53217,-8.434683,-0.31561407,-9.117798,8.049627,-2.0946686,18.129444,-10.312489,-4.3153954,-0.08374278,3.3195353,26.871988,-36.943085,60.84011,1.3525985,-26.613834,36.530308,41.513294
604,-18.301525115966797,-444.62713623046875,63.17631530761719,-3.5649223311210894,1.4120105434731185,-97.88682330667537,-16.759085,15.903803,22.036005,65.91913,-8.967831,-0.16461661,-8.187631,8.049552,-1.7245198,17.367859,-10.331912,-4.240502,0.628341,4.3754787,26.773855,-36.911205,60.825687,0.5483542,-26.664955,35.71261,40.605198
605,-18.331382751464844,-445.3442687988281,63.25486755371094,-3.5858236785844104,1.4112818704482797,-98.15073522970563,-17.498991,15.847105,22.281477,64.09189,-9.468182,-0.21844986,-7.2986517,8.04792,-1.3460557,16.648907,-10.377338,-4.1651807,1.3803083,5.388339,26.673058,-36.75815,60.78946,-0.24958947,-26.722132,34.90308,39.680004
606,-18.35840606689453,-446.052978515625,63.31824493408203,-3.618318532019518,1.4235460693727464,-98.4284774989051,-18.219446,15.731807,22.43482,62.065838,-9.92701,-0.38687623,-6.439807,8.046016,-0.961844,15.960164,-10.442082,-4.094632,2.1729999,6.363655,26.565397,-36.49476,60.737408,-1.0118352,-26.788958,34.06058,38.71605
607,-18.383514404296875,-446.7598876953125,63.365753173828125,-3.666266652233372,1.4409114901663516,-98.70806891922929,-18.90229,15.587722,22.540346,59.863155,-10.323678,-0.6321703,-5.6010413,8.046088,-0.57947236,15.3057785,-10.524567,-4.018211,2.979104,7.30115,26.451303,-36.176914,60.686577,-1.762528,-26.872934,33.22771,37.741665
608,-18.413314819335938,-447.4765625,63.39665222167969,-3.7390251304114845,1.4553488434442994,-98.9801538544498,-19.532589,15.450248,22.63952,57.510292,-10.640463,-0.9229196,-4.7654676,8.058268,-0.20401353,14.670863,-10.612879,-3.924594,3.7551563,8.190693,26.348597,-35.860657,60.660053,-2.5155518,-26.960905,32.500023,36.76347
609,-18.43129539489746,-448.18994140625,63.413516998291016,-3.830709990562104,1.4692198815340503,-99.24698841135258,-20.104105,15.312086,22.741346,54.982418,-10.876488,-1.2795738,-3.9352403,8.074917,0.17375429,14.053966,-10.699068,-3.803967,4.51045,9.043755,26.257133,-35.545845,60.641006,-3.3523335,-27.050724,31.898546,35.85718
610,-18.45702362060547,-448.909423828125,63.414878845214844,-3.942700394818402,1.485897235216325,-99.51214945879035,-20.627718,15.16152,22.823114,52.279285,-11.04292,-1.7086858,-3.115896,8.096551,0.55309004,13.457538,-10.78744,-3.6649277,5.264659,9.86307,26.161171,-35.189617,60.62882,-4.1840277,-27.160757,31.330462,34.944447
611,-18.484100341796875,-449.6401672363281,63.4005241394043,-4.075787821060129,1.493883129775836,-99.7616383117291,-21.1039,15.005567,22.879292,49.445545,-11.131384,-2.1603706,-2.3000183,8.130554,0.9086543,12.897119,-10.905635,-3.5231779,5.9763336,10.626095,26.08102,-34.849728,60.646046,-5.0591063,-27.262165,30.887169,34.079117
612,-18.509361267089844,-450.3570556640625,63.36891174316406,-4.222443191929219,1.4879426322992464,-99.98250308374728,-21.536245,14.83871,22.908522,46.520847,-11.130672,-2.584957,-1.4942924,8.174013,1.2147716,12.412822,-11.097062,-3.394289,6.635974,11.375888,25.999424,-34.49618,60.678265,-5.9290233,-27.381313,30.482723,33.24041
613,-18.538667678833008,-451.0806884765625,63.31985092163086,-4.395532514670913,1.4585417942256147,-100.16456966796697,-21.922901,14.671206,22.90103,43.493435,-11.035768,-2.9316216,-0.68442005,8.237383,1.4572769,11.993155,-11.36448,-3.2650454,7.2379427,12.054949,25.919422,-34.16637,60.786858,-6.8171024,-27.516691,30.162142,32.448753
614,-18.563190460205078,-451.8092041015625,63.253753662109375,-4.598097752313031,1.4131201005648109,-100.32780831520374,-22.268398,14.5112705,22.863373,40.36748,-10.86789,-3.2434216,0.124521315,8.326332,1.6628084,11.624447,-11.686988,-3.135911,7.8012514,12.665455,25.861523,-33.892277,60.934452,-7.7263427,-27.625254,29.955753,31.702145
615,-18.58477210998535,-452.5456848144531,63.17635726928711,-4.796362176238738,1.36189315456316,-100.46169913832702,-22.57706,14.315563,22.789734,37.170334,-10.632976,-3.600623,0.90870464,8.413782,1.8247966,11.344151,-12.075671,-3.041449,8.316342,13.279084,25.801487,-33.598385,61.065468,-8.690815,-27.7515,29.785646,31.043427
616,-18.616195678710938,-453.298095703125,63.07951736450195,-4.9825290789221075,1.3157687199125505,-100.55838686916022,-22.866236,14.076863,22.663084,33.954975,-10.353786,-4.082565,1.6541886,8.498961,1.940552,11.164847,-12.52607,-3.014375,8.743685,13.873526,25.742832,-33.312153,61.17827,-9.674159,-27.891825,29.656155,30.434341
617,-18.651582717895508,-454.04241943359375,62.97132873535156,-5.158992407836916,1.275199516973396,-100.61255263010337,-23.141123,13.7923355,22.43038,30.663883,-9.961241,-4.694417,2.3630226,8.587452,2.003819,11.083414,-13.033055,-3.0806296,9.080972,14.432256,25.688486,-33.053734,61.28169,-10.681479,-28.044355,29.567743,29.880648
618,-18.685192108154297,-454.7840576171875,62.85145950317383,-5.327089838931533,1.236752368645466,-100.6238958336982,-23.396221,13.473219,22.1066,27.297821,-9.478333,-5.3875785,3.0437837,8.676291,2.0128224,11.085202,-13.596317,-3.2138622,9.346048,14.953691,25.640028,-32.83178,61.378788,-11.721291,-28.20749,29.524364,29.39334
619,-18.721397399902344,-455.52850341796875,62.71825408935547,-5.462012003853988,1.2016491060538992,-100.59579195566154,-23.620377,13.114438,21.793695,23.970242,-9.045507,-6.165263,3.6780832,8.737491,1.9732003,11.211309,-14.237473,-3.3664408,9.54265,15.47181,25.595835,-32.639267,61.435,-12.780156,-28.379204,29.514591,28.98128
620,-18.755266189575195,-456.2821960449219,62.57403564453125,-5.556465331865617,1.1750313043019849,-100.53461950625938,-23.78338,12.705632,21.601175,20.729544,-8.765071,-7.040746,4.277562,8.757934,1.8982542,11.422576,-14.93685,-3.4898322,9.681612,16.006994,25.553663,-32.46636,61.429653,-13.846487,-28.55733,29.522034,28.640667
621,-18.78357696533203,-457.03143310546875,62.430137634277344,-5.534793335126899,1.1659170463014374,-100.39326666819976,-23.77238,12.074985,21.539623,17.181519,-8.489716,-7.950004,4.801945,8.66413,1.7234396,11.809144,-15.774573,-3.580832,9.718567,16.692326,25.498575,-32.279846,61.223267,-14.990911,-28.81737,29.591196,28.420662
622,-18.8073673248291,-457.78521728515625,62.28015899658203,-5.4483278584624,1.1700191569578315,-100.20856283299307,-23.539442,11.256627,21.59227,13.166704,-8.068487,-8.918189,5.300081,8.50372,1.4943637,12.255547,-16.670673,-3.6586277,9.677188,17.390907,25.439413,-32.13047,60.9438,-16.087578,-29.133118,29.689209,28.200607
623,-18.818204879760742,-458.5546569824219,62.11140823364258,-5.4093935994852895,1.2344572998565149,-100.1447959489935,-22.906746,10.334442,21.950188,8.313471,-7.147362,-10.068569,5.72402,8.366766,1.3916018,12.750195,-17.56851,-3.7027624,9.685795,17.999987,25.370016,-31.953754,60.690155,-16.949308,-29.618502,29.70535,27.672718
624,-18.82834815979004,-459.3523864746094,61.85525131225586,-5.905648629330134,1.346393600825142,-100.33484483671296,-20.583172,9.266837,22.793169,-0.698733,-3.584386,-11.524734,6.118616,8.744633,1.6183529,13.204538,-18.362204,-3.725039,9.867778,18.007954,25.361052,-31.77008,61.058815,-17.562544,-29.760675,29.436525,26.875603
625,-18.827709197998047,-460.1542053222656,61.595821380615234,-6.4364267574530505,1.4227895459085846,-100.53579174062845,-20.294935,9.165421,23.622217,-3.9074733,-3.335321,-13.847742,6.5296035,9.139618,1.8830491,13.688688,-19.124975,-3.695593,10.02548,17.9599,25.360537,-31.557272,61.494896,-18.061724,-29.851337,29.114851,26.074522
626,-18.7721004486084,-460.93768310546875,61.33302307128906,-6.889536782859237,1.4866355896568981,-100.57243791247602,-20.551052,8.818498,24.250729,-5.611053,-3.9482014,-14.323944,6.834009,9.417471,1.973594,14.465551,-20.040848,-3.572007,10.064473,17.953053,25.362333,-31.328663,61.86203,-18.568651,-29.943289,28.73735,25.407627
627,-18.719505310058594,-461.70452880859375,61.068302154541016,-7.273290327143636,1.5347682789124375,-100.4959793054334,-21.123016,8.53352,24.667732,-6.048589,-4.9772043,-14.323944,7.097798,9.628532,1.9666338,15.396823,-20.97544,-3.4050276,9.9796715,17.995928,25.363897,-31.111275,62.188213,-18.986187,-30.037691,28.338076,24.798952
628,-18.69749641418457,-462.4619445800781,60.833740234375,-7.537434682946902,1.5444213483568607,-100.46309485958123,-21.398026,8.30176,25.12469,-6.4195247,-5.467613,-14.323944,7.3990617,9.7249155,2.0372632,16.298332,-21.738615,-3.2261522,9.91877,18.081795,25.363056,-31.000004,62.472485,-19.412766,-30.088915,28.102,24.397589
629,-18.705848693847656,-463.21502685546875,60.62837219238281,-7.631723482263718,1.5460176322038097,-100.42463498241581,-21.46874,8.154076,25.639143,-6.361449,-5.496956,-14.323944,7.6379457,9.675534,2.1296499,17.346283,-22.460398,-3.0425117,9.892273,18.279903,25.357616,-30.848248,62.63512,-19.843132,-30.19387,27.691654,24.140846
630,-18.724916458129883,-463.9795837402344,60.45990753173828,-7.575035207126478,1.4925540532455703,-100.38073505974377,-21.566761,8.131297,26.216064,-5.27977,-5.5674996,-14.323944,7.906614,9.486432,2.2426915,18.41849,-23.079277,-2.8404746,9.8724,18.573847,25.347654,-30.803219,62.71001,-20.203602,-30.304144,27.366013,24.038227
631,-18.745635986328125,-464.7560729980469,60.33841323852539,-7.295603275768299,1.3925742292097671,-100.26162365661587,-22.176088,8.293596,26.640047,-2.2210412,-6.395239,-14.323944,8.182517,9.084462,2.2702787,19.580908,-23.602968,-2.607666,9.82811,18.993279,25.328566,-30.867567,62.646744,-20.632685,-30.425732,27.154287,24.230867
632,-18.75230598449707,-465.52191162109375,60.27808380126953,-6.8440175360688285,1.281105373246198,-100.09910750555545,-23.568434,8.776535,26.797215,3.1041682,-8.319215,-14.323944,8.415389,8.514837,2.2215786,20.886877,-24.0186,-2.3430977,9.845952,19.45135,25.286005,-31.140083,62.49743,-21.067366,-30.676088,27.012089,24.612186
633,-18.793128967285156,-466.3238525390625,60.20748519897461,-6.3242678997950295,1.2090249571019895,-99.93862680775443,-24.974863,9.318769,26.803701,8.531593,-10.029183,-14.323944,8.613613,7.886615,2.1508007,22.223822,-24.310154,-2.0480044,9.867742,19.717796,25.218271,-31.586796,62.481323,-21.436152,-31.062426,26.945463,24.99243
634,-18.815967559814453,-467.14788818359375,60.10977554321289,-5.957518354354801,1.192781803754545,-99.78506582514633,-26.216854,9.767211,26.476078,13.389899,-11.108239,-12.762765,8.742978,7.3932066,2.1014242,23.644356,-24.519274,-1.6958315,9.766274,19.818201,25.169558,-31.915504,62.660267,-21.661137,-31.336643,26.847778,25.242859
635,-18.799240112304688,-467.966064453125,60.03709411621094,-5.590690519776107,1.2064067899082238,-99.62752051645013,-27.163498,9.832178,25.986906,17.245312,-11.4846325,-10.020048,8.774065,6.8751197,2.0426035,25.225756,-24.565619,-1.3002305,9.654732,19.840475,25.12377,-32.236446,62.865223,-21.721289,-31.603796,26.686798,25.44584
636,-18.766199111938477,-468.7867736816406,59.9952507019043,-5.1800453437480165,1.229423439080302,-99.54427858507236,-27.760323,9.662038,25.523003,20.060406,-11.293662,-7.8183804,8.680663,6.292582,2.0472655,27.032879,-24.363459,-0.90188426,9.611561,19.858305,25.076387,-32.52253,62.992966,-21.689636,-31.865622,26.562643,25.691236
637,-18.72913932800293,-469.6314392089844,59.969268798828125,-4.685153105731639,1.2696750711556846,-99.54485485637396,-28.062881,9.272477,24.980541,21.959251,-10.485487,-6.3776145,8.453156,5.6042514,2.1115682,29.115446,-23.97269,-0.5299316,9.643212,19.90534,25.015272,-32.748165,63.012016,-21.578112,-32.1648,26.49846,25.976795
638,-18.68494987487793,-470.49578857421875,59.949623107910156,-4.108341124687632,1.3232016149194654,-99.59432037838539,-28.180342,8.740186,24.349876,23.357044,-9.270545,-5.3527613,8.117451,4.822984,2.201589,31.427519,-23.410393,-0.16372214,9.685806,19.996088,24.943983,-32.902813,62.936665,-21.442217,-32.464554,26.54445,26.349583
639,-18.634057998657227,-471.3744201660156,59.93869400024414,-3.5092283841503003,1.3703371131433226,-99.65961517157942,-28.179026,8.156366,23.777178,24.545832,-8.124495,-4.4979477,7.674029,4.018736,2.3065162,33.92614,-22.55003,0.25115347,9.720888,20.105885,24.874292,-33.027645,62.7902,-21.290012,-32.706482,26.676874,26.84684
640,-18.583953857421875,-472.253173828125,59.93519973754883,-2.9481397722098506,1.38794226648656,-99.70813657568117,-28.114264,7.604492,23.40487,25.77268,-7.503664,-3.5709665,7.124462,3.261274,2.4203022,36.57242,-21.25931,0.7700092,9.717957,20.207346,24.814896,-33.151215,62.599274,-21.045927,-32.86256,26.838402,27.42206
641,-18.534320831298828,-473.12969970703125,59.933135986328125,-2.4437438648631638,1.3673641238901753,-99.74610681146238,-28.01174,7.1362267,23.279411,27.169035,-7.658282,-2.5428808,6.4762034,2.5709057,2.551116,39.38921,-19.40668,1.5297475,9.685183,20.297853,24.765833,-33.26356,62.381657,-20.676517,-32.916805,26.999115,28.066694
642,-18.480472564697266,-474.0040283203125,59.935699462890625,-1.9644972247280013,1.316333063261816,-99.78336188166998,-27.83899,6.7198725,23.283571,28.610258,-8.333998,-1.535613,5.731242,1.9199718,2.713321,42.393204,-17.098824,2.465421,9.615445,20.397512,24.722258,-33.33988,62.119843,-20.21813,-32.86746,27.19664,28.801472
643,-18.426422119140625,-474.8741760253906,59.95261764526367,-1.4891538267621873,1.2499939909834459,-99.79223454235934,-27.582281,6.2928786,23.32007,29.944166,-9.2185755,-0.54357463,4.875328,1.2992938,2.9010398,45.523525,-14.553092,3.3412313,9.519536,20.475384,24.688702,-33.452076,61.791275,-19.81797,-32.73104,27.495604,29.727516
644,-18.37302017211914,-475.7369384765625,59.98801040649414,-1.0022492266593108,1.1650436127415393,-99.74817828990668,-27.210262,5.7769537,23.31174,30.993952,-9.972666,0.4393936,3.9157293,0.69833165,3.0910254,48.707382,-11.9700165,3.9309614,9.3192215,20.556154,24.662321,-33.57626,61.364246,-19.326923,-32.544834,27.83945,30.680508
645,-18.316814422607422,-476.59808349609375,60.042510986328125,-0.48264334556169486,1.0624569630998335,-99.59952646669845,-26.723852,5.0854964,23.216623,31.69526,-10.505435,1.4648207,2.8120887,0.12141161,3.2838798,52.05555,-9.252744,4.0783935,9.05575,20.627224,24.652447,-33.825462,60.801403,-18.968624,-32.304306,28.310099,31.897415
646,-18.265274047851562,-477.4590148925781,60.10374450683594,0.054400751634626834,0.9321318660711815,-99.37751204621091,-26.137304,4.2680144,23.084377,32.150368,-10.985081,2.499121,1.5958284,-0.41945872,3.4682648,55.543232,-6.312652,3.9809244,8.698958,20.712637,24.651922,-34.11738,60.119923,-18.521875,-32.020477,28.801739,33.183426
647,-18.21187400817871,-478.30511474609375,60.171974182128906,0.582455009569019,0.8086311520292614,-99.17870708499505,-25.482334,3.4280162,22.990425,32.41446,-11.449593,3.426131,0.33039448,-0.9509898,3.6045382,58.89811,-3.3807364,3.9082608,8.328042,20.732517,24.659618,-34.413715,59.391277,-18.051128,-31.713684,29.361929,34.499893
648,-18.15400505065918,-479.135498046875,60.24983596801758,1.0687613890955576,0.7257593723182417,-99.09700373924278,-24.79494,2.682402,23.009247,32.565884,-11.958826,4.131743,-0.93241286,-1.509546,3.6738122,61.873726,-0.71006656,4.0805736,8.003377,20.616201,24.672478,-34.654465,58.693733,-17.563522,-31.400288,30.016125,35.760937
649,-18.08956527709961,-479.95452880859375,60.34251022338867,1.5096005326659117,0.7017480220455294,-99.17243120106966,-24.070795,2.0454645,23.189535,32.570812,-12.526415,4.554265,-2.2163289,-2.1334004,3.7245605,64.45407,1.9034942,4.653807,7.7576685,20.349503,24.690582,-34.83891,58.02557,-17.052973,-31.085285,30.770721,36.942616
650,-18.021055221557617,-480.7524108886719,60.44486618041992,1.9195297733949512,0.7184326652652255,-99.34493789665026,-23.306355,1.4569292,23.482553,32.412445,-13.118464,4.7620144,-3.556833,-2.8046145,3.7720034,66.796974,4.4828677,5.4374595,7.5522327,19.968327,24.715212,-34.993717,57.35709,-16.499954,-30.769114,31.60301,38.077602
651,-17.95705795288086,-481.52752685546875,60.555511474609375,2.297372179222551,0.7555503928978541,-99.56709814376468,-22.499334,0.90538347,23.822655,32.11214,-13.676079,4.835131,-4.913764,-3.507938,3.7361608,68.9027,6.49833,6.085424,7.3569765,19.479416,24.74537,-35.103954,56.721767,-15.910605,-30.460627,32.508892,39.182056
652,-17.89310073852539,-482.28546142578125,60.678714752197266,2.640484973625191,0.7907713602031962,-99.7878696701032,-21.658644,0.37661225,24.141989,31.705217,-14.146124,4.8614264,-6.247182,-4.2520337,3.5014672,70.76743,7.4192414,6.234077,7.1351004,18.891285,24.77969,-35.15489,56.152794,-15.284972,-30.16751,33.48141,40.26691
653,-17.837779998779297,-483.02410888671875,60.814674377441406,2.966087467226114,0.8263592461157147,-100.03625577556456,-20.781292,-0.14052793,24.476965,31.176056,-14.516316,4.8418818,-7.5628753,-5.1022806,3.0099661,72.40279,6.766689,5.684812,6.9109373,18.193548,24.819157,-35.164505,55.647255,-14.628216,-29.89253,34.5453,41.333202
654,-17.79227066040039,-483.7582092285156,60.959781646728516,3.2655623526396518,0.8703091449786488,-100.32546700642939,-19.86925,-0.6436518,24.850893,30.512835,-14.814417,4.746145,-8.872763,-6.032407,2.350766,73.804985,4.925508,4.679208,6.692757,17.385637,24.864677,-35.13373,55.19487,-13.940859,-29.633833,35.699013,42.376476
655,-17.757526397705078,-484.48828125,61.12186813354492,3.513267827892674,0.9076455421758698,-100.58036786500479,-18.934952,-1.1261603,25.174665,29.757832,-15.049115,4.615868,-10.142104,-6.919333,1.6110772,74.938446,2.6696863,3.5072124,6.420549,16.493544,24.915016,-35.021584,54.81225,-13.2224,-29.39109,36.903923,43.402573
656,-17.73094940185547,-485.2156677246094,61.29613494873047,3.6842008776570974,0.9218558113678963,-100.72687058508171,-17.98584,-1.5776703,25.358269,28.951439,-15.226825,4.488157,-11.336324,-7.673435,0.82928306,75.764694,0.7825213,2.406775,6.032875,15.543749,24.969198,-34.789944,54.514584,-12.475793,-29.164698,38.13091,44.41872
657,-17.708757400512695,-485.9447937011719,61.47869873046875,3.759533079971752,0.906250319823921,-100.7396489764856,-17.017498,-1.9833863,25.369888,28.093914,-15.338323,4.3609347,-12.456958,-8.282521,-0.041391425,76.260704,-0.5919747,1.3465773,5.4970913,14.512133,25.029955,-34.42695,54.33471,-11.70496,-28.95357,39.418026,45.427616
658,-17.69842529296875,-486.66473388671875,61.65931701660156,3.758098227551105,0.8661448683836173,-100.66233117753536,-16.020662,-2.3501697,25.261028,27.16574,-15.383308,4.220263,-13.513258,-8.778977,-1.0033579,76.45097,-1.8484384,0.2450879,4.8483534,13.391409,25.09925,-33.96065,54.26287,-10.916069,-28.755207,40.788204,46.428337
659,-17.693023681640625,-487.38421630859375,61.84368133544922,3.708016356031625,0.8024116866693696,-100.52241880899857,-14.996571,-2.6900132,25.066536,26.189308,-15.383887,4.080223,-14.490864,-9.180339,-2.0009453,76.379265,-2.9999282,-0.79246014,4.1274576,12.2343855,25.174446,-33.413944,54.246296,-10.113182,-28.568447,42.1868,47.424076
660,-17.69110107421875,-488.1031494140625,62.0256233215332,3.643843047071587,0.7181611149412886,-100.3467332639412,-13.94796,-3.0169845,24.820961,25.182514,-15.362684,3.95233,-15.378276,-9.510114,-2.981126,76.08799,-4.055016,-1.6658287,3.3767748,11.094484,25.251986,-32.8097,54.230434,-9.294317,-28.393269,43.549538,48.415016
661,-17.69808006286621,-488.8237609863281,62.20442581176758,3.554898782442474,0.6009306786126644,-100.12749483757493,-12.864257,-3.324405,24.51032,24.147257,-15.3211,3.8381114,-16.156557,-9.781368,-3.9918773,75.56482,-4.985579,-2.3537943,2.5918083,9.966981,25.3311,-32.13618,54.232655,-8.468922,-28.229483,44.912548,49.429165
662,-17.70277976989746,-489.5487365722656,62.375755310058594,3.4327728296435955,0.4525852082075342,-99.85553999470646,-11.745228,-3.6036503,24.123564,23.077913,-15.248992,3.72585,-16.836723,-9.980071,-5.0520697,74.7934,-5.7887025,-2.9093397,1.7547526,8.826373,25.414896,-31.394846,54.27403,-7.6329937,-28.075657,46.298435,50.461
663,-17.71074104309082,-490.2734680175781,62.5370979309082,3.302308081014366,0.2973342760147304,-99.55537945724053,-10.618365,-3.8640025,23.701147,21.994675,-15.153666,3.608341,-17.458529,-10.093063,-6.0657654,73.80862,-6.5069175,-3.3510349,0.89563817,7.697184,25.504921,-30.629538,54.293427,-6.7650213,-27.931137,47.60874,51.463478
664,-17.72224998474121,-490.99737548828125,62.685646057128906,3.199761876149899,0.1534625006142719,-99.2838643253871,-9.49779,-4.124743,23.31638,20.909126,-15.042775,3.481601,-18.068134,-10.109235,-6.900055,72.652626,-7.1864905,-3.701415,0.6083425,6.34838,25.551218,-30.522854,54.2783,-5.435498,-27.909906,47.949158,52.284492
665,-17.744264602661133,-491.72100830078125,62.82333755493164,3.1005732854529624,0.045183673093620244,-98.94403180213753,-8.42175,-4.3773103,22.874084,19.830666,-14.903778,3.349664,-18.662682,-10.028691,-7.639479,71.30122,-7.8415194,-3.9909263,-0.72924477,5.5474873,25.704609,-29.203325,54.049267,-4.80451,-27.691034,49.575462,53.2162
666,-17.76634407043457,-492.4319152832031,62.94779968261719,3.0357737090058325,-0.06725858010569973,-98.6525481022898,-7.325724,-4.6433163,22.48495,18.727316,-14.738587,3.2116785,-19.246368,-9.865448,-8.198924,69.77707,-8.450693,-4.213248,-1.0960702,4.3085074,25.74669,-29.021387,53.85638,-3.473468,-27.661785,49.757313,53.946426
667,-17.793317794799805,-493.1425476074219,63.05875015258789,2.957582370473955,-0.14958571578623922,-98.29326694389222,-6.27966,-4.880147,22.031824,17.666082,-14.587077,3.0791109,-19.794485,-9.636565,-8.726883,68.04376,-8.983042,-4.32399,-2.3195684,3.591545,25.930672,-27.782143,53.425316,-2.6635475,-27.45247,50.862236,54.76134
668,-17.819032669067383,-493.8558654785156,63.15533447265625,2.9205082124531536,-0.22492867484202037,-98.00493479552816,-5.2358227,-5.1345778,21.65569,16.619036,-14.463463,2.9543402,-20.33269,-9.36893,-9.089573,66.15586,-9.4253,-4.2872148,-2.7753565,2.4170053,25.976074,-27.603271,53.105556,-1.4363112,-27.424274,50.9358,55.404945
669,-17.843017578125,-494.5666809082031,63.23429489135742,2.881283151237158,-0.26968245177338934,-97.69457395408568,-4.236078,-5.3678584,21.262247,15.607656,-14.369901,2.849385,-20.847017,-9.047315,-9.3679285,64.06657,-9.7672415,-4.0726824,-3.3884687,1.2561779,26.045403,-27.34384,52.754375,-0.27691332,-27.385271,51.010727,55.959354
670,-17.87666893005371,-495.2670593261719,63.29261016845703,2.8497734034940474,-0.28508525911701676,-97.38187363159857,-3.2736685,-5.592447,20.871721,14.623588,-14.29742,2.7585053,-21.34767,-8.679153,-9.541547,61.7866,-10.025599,-3.7230535,-4.077606,0.16974042,26.134945,-27.032986,52.298325,0.8049491,-27.337685,51.04881,56.46956
671,-17.903850555419922,-495.9763488769531,63.3309440612793,2.8363837982244697,-0.28881802173394155,-97.0775426766718,-2.3305268,-5.8178616,20.494488,13.6719885,-14.254029,2.6644566,-21.813358,-8.298122,-9.655299,59.33882,-10.1942625,-3.2922401,-4.799987,-0.8447758,26.244013,-26.710241,51.75733,1.814344,-27.284203,51.04133,56.96064
672,-17.930591583251953,-496.67840576171875,63.34974670410156,2.844823911496955,-0.2991242085228171,-96.79096145747495,-1.3987134,-6.0457644,20.140337,12.780009,-14.258662,2.5481415,-22.221653,-7.9311376,-9.756661,56.74128,-10.265189,-2.830565,-5.522306,-1.7996858,26.372507,-26.415215,51.162838,2.751124,-27.227694,50.994396,57.45616
673,-17.96213150024414,-497.381103515625,63.35060501098633,2.867016025558073,-0.31857960636227706,-96.52411024045313,-0.4691628,-6.2746,19.813074,11.928739,-14.310908,2.4102683,-22.56317,-7.576279,-9.854031,53.96817,-10.227925,-2.337519,-6.2411246,-2.7078023,26.520414,-26.17355,50.518433,3.6262228,-27.169682,50.897446,57.940716
674,-17.986597061157227,-498.0873107910156,63.334007263183594,2.9010680284856996,-0.3405957259106187,-96.27355201303031,0.44765902,-6.4989815,19.50995,11.125437,-14.408866,2.2547412,-22.848804,-7.2191935,-9.92238,51.018517,-10.090062,-1.7941263,-6.9507775,-3.578404,26.687233,-25.995861,49.820793,4.449241,-27.111082,50.730556,58.406208
675,-17.999807357788086,-498.7916564941406,63.30002975463867,2.9547146931204153,-0.3688228118044598,-96.03888134078089,1.3453543,-6.72189,19.228453,10.399263,-14.550168,2.0702407,-23.08226,-6.866164,-9.958294,47.93699,-9.869313,-1.2174902,-7.6251197,-4.421159,26.871826,-25.890524,49.094257,5.219505,-27.053377,50.49377,58.873863
676,-18.01535415649414,-499.5001220703125,63.240413665771484,3.028739219192624,-0.4083506883384327,-95.81948435068978,2.202795,-6.9332004,18.968082,9.82258,-14.75631,1.8485236,-23.274271,-6.518912,-9.960728,44.781967,-9.588679,-0.625745,-8.244741,-5.2529674,27.07248,-25.86253,48.375965,5.9324064,-26.998253,50.199783,59.363186
677,-18.030885696411133,-500.2091064453125,63.158695220947266,3.1276034438038844,-0.4630142159897317,-95.61175911975086,3.0285232,-7.1456356,18.730526,9.376072,-15.008913,1.5865214,-23.418962,-6.198981,-9.964608,41.532207,-9.232932,-0.06844402,-8.821902,-6.0810304,27.288315,-25.91678,47.666126,6.56825,-26.947008,49.85095,59.887493
678,-18.042869567871094,-500.92034912109375,63.05830001831055,3.2467363927052517,-0.529956190776142,-95.41578464717625,3.7218583,-7.3157682,18.53071,9.310317,-15.468948,1.2866555,-23.51056,-5.8952217,-9.958882,38.160233,-8.795078,0.47552484,-9.363075,-6.9099984,27.517822,-26.054752,46.96218,7.1354575,-26.900253,49.442917,60.428284
679,-18.054153442382812,-501.6329650878906,62.94096755981445,3.386894640151425,-0.5991152479639181,-95.24166866979273,4.3959327,-7.4925914,18.353025,9.313102,-15.965971,0.96775025,-23.560137,-5.5897145,-9.857733,34.701984,-8.31192,1.0894024,-9.833876,-7.742203,27.758526,-26.266659,46.273663,7.6506386,-26.858315,48.982674,60.984577
680,-18.066591262817383,-502.35504150390625,62.807716369628906,3.5418473689020384,-0.660807106677529,-95.10187802353258,5.058095,-7.6772075,18.19729,9.353577,-16.49486,0.6394493,-23.576853,-5.265971,-9.576435,31.186348,-7.8182454,1.8471464,-10.206566,-8.577424,28.00539,-26.532633,45.616222,8.134385,-26.82132,48.484478,61.544044
681,-18.077770233154297,-503.0820007324219,62.659637451171875,3.722471168741279,-0.7143560318513894,-95.0005231794999,5.709503,-7.880698,18.06265,9.428809,-17.058544,0.29430473,-23.540813,-4.9286823,-9.066631,27.51199,-7.280142,2.7853684,-10.489393,-9.420285,28.255829,-26.841702,44.9958,8.56415,-26.79004,47.961113,62.12412
682,-18.088895797729492,-503.8152770996094,62.4986457824707,3.8960863716547354,-0.7535615076182202,-94.93847698891759,6.321456,-8.060602,17.965904,9.596675,-17.686716,-0.074515976,-23.411928,-4.5693054,-8.387098,23.57859,-6.6405535,3.8279555,-10.559025,-10.311467,28.611704,-27.349764,44.337296,9.066712,-26.75477,47.205547,62.648403
683,-18.10139274597168,-504.55023193359375,62.326072692871094,4.096909462051498,-0.7775712380578421,-94.90175450174536,6.9274726,-8.266231,17.890064,9.762327,-18.312447,-0.4463753,-23.244392,-4.2748437,-7.584946,19.62136,-6.008693,4.896685,-10.592664,-11.15981,28.937208,-27.823574,43.697285,9.483447,-26.730692,46.49534,63.189327
684,-18.11158561706543,-505.2873229980469,62.143558502197266,4.288492743425782,-0.7836040566764195,-94.8805849883638,7.513841,-8.459253,17.83468,9.953017,-18.943296,-0.8070863,-23.036135,-4.033301,-6.7416973,15.739629,-5.40834,5.928265,-10.600963,-11.992271,29.238565,-28.253405,43.1172,9.880566,-26.714104,45.82465,63.686592
685,-18.123584747314453,-506.0310974121094,61.949092864990234,4.490128695040449,-0.7661909472649584,-94.86851916910602,8.081218,-8.661254,17.794209,10.157255,-19.569656,-1.165914,-22.776308,-3.8531213,-5.7395425,11.808607,-4.8076468,6.95143,-10.587087,-12.780978,29.518631,-28.623575,42.55848,10.242218,-26.703026,45.17628,64.16344
686,-18.141372680664062,-506.7828063964844,61.74015426635742,4.748544377613883,-0.7170907410534915,-94.83605564006149,8.624043,-8.91725,17.7286,10.372282,-20.193321,-1.5254414,-22.487402,-3.7924798,-4.602606,7.838638,-4.218748,7.995962,-10.573392,-13.502332,29.778913,-28.920412,41.968655,10.518169,-26.69806,44.544086,64.672195
687,-18.16279411315918,-507.538330078125,61.51537322998047,5.096921517812878,-0.6514811150192782,-94.75727783603621,9.147617,-9.252026,17.598854,10.612189,-20.819685,-1.8595278,-22.957409,-3.9415772,-3.5556548,5.977461,-4.8009553,9.030231,-10.651277,-14.110134,29.947216,-29.04152,41.39361,10.619762,-26.699268,44.0996,65.28092
688,-18.18364143371582,-508.3010559082031,61.28285598754883,5.450777255295566,-0.5505778296803802,-94.63772301972818,9.641105,-9.583409,17.41327,10.84776,-21.432426,-2.148127,-23.057678,-4.0987773,-2.9652715,3.5848331,-4.865078,10.017071,-10.718504,-14.707715,30.11151,-29.115854,40.849266,10.710258,-26.705553,43.67113,65.839
689,-18.216272354125977,-509.06854248046875,61.05329895019531,5.739030976977145,-0.4780923973230032,-94.5650682247911,10.133642,-9.832693,17.27252,11.168958,-22.113194,-2.3817105,-22.921398,-4.1478877,-2.88571,1.1167542,-4.6953907,11.088971,-10.760649,-15.197206,30.201206,-29.113018,40.441605,10.810632,-26.711136,43.45834,66.31499
690,-18.250864028930664,-509.83465576171875,60.83388900756836,5.9804466403239545,-0.3896248422567971,-94.49889240591894,10.628331,-10.031913,17.128727,11.447295,-22.770496,-2.5726345,-23.317835,-4.1515956,-3.1441383,0.2941425,-5.3540936,12.244737,-10.757937,-15.749112,30.289576,-29.087507,40.14142,10.949327,-26.7176,43.256638,66.71357
691,-18.286026000976562,-510.5909423828125,60.61814880371094,6.152077543360924,-0.29056629334701733,-94.45168083099735,11.096022,-10.153181,17.004576,11.769265,-23.410774,-2.7515502,-23.771711,-4.08112,-3.6375866,0.042218737,-6.1033993,13.239606,-10.705209,-16.310295,30.378893,-29.04599,39.959057,11.138327,-26.72473,43.08135,67.004715
692,-18.334659576416016,-511.3442077636719,60.419090270996094,6.229071688989036,-0.19842202438225418,-94.4381777827015,11.554294,-10.17604,16.917624,12.127626,-23.983038,-2.9470172,-24.076918,-3.9262533,-4.2385917,-0.015470201,-6.6312256,13.81724,-10.593782,-16.848808,30.468922,-28.986313,39.90565,11.387834,-26.731417,42.93756,67.18449
693,-18.382827758789062,-512.0911865234375,60.237266540527344,6.223910761028535,-0.1149429999455072,-94.46379999575954,12.008562,-10.118836,16.864893,12.510369,-24.51078,-3.1508646,-24.131063,-3.6935048,-5.0402117,0.017098414,-6.8780985,13.937299,-10.431318,-17.39618,30.556793,-28.909658,40.010937,11.702197,-26.73745,42.8478,67.25923
694,-18.42837905883789,-512.8380126953125,60.07024002075195,6.129089357958986,-0.04469868569124093,-94.52224100425586,12.335356,-9.925959,16.866543,13.235354,-25.189817,-3.3559859,-23.96122,-3.35414,-6.0648713,0.11075015,-6.864076,13.720426,-10.214325,-17.93426,30.642765,-28.813213,40.259804,12.085879,-26.742239,42.819633,67.22419
695,-18.472583770751953,-513.5996704101562,59.926475524902344,5.879240441990419,-0.002268384642630751,-94.63051764742659,12.628539,-9.554034,16.951035,14.107036,-25.83002,-3.587218,-23.982038,-2.8787756,-7.036338,1.0731144,-7.050806,13.145452,-9.978206,-18.47221,30.73737,-28.709148,40.70409,12.541084,-26.744064,42.853374,67.04056
696,-18.537189483642578,-514.36376953125,59.821868896484375,5.383155322557311,0.016971588400281592,-94.84508642257171,12.833544,-8.896398,17.221788,15.29678,-26.478802,-3.881942,-24.527752,-2.2152424,-7.684771,3.4811292,-7.7620196,12.187692,-9.79623,-19.149738,30.900578,-28.590714,41.52433,13.163505,-26.742214,43.010143,66.53605
697,-18.61315155029297,-515.123046875,59.759891510009766,4.748556003370325,0.0074807647269666214,-95.1450020648411,13.102619,-8.119997,17.614048,16.413887,-26.91273,-4.2255907,-24.934109,-1.4089564,-8.007918,5.7262883,-7.9567866,10.60091,-9.564335,-19.754787,31.060345,-28.522429,42.469986,13.732925,-26.729565,43.23228,65.98606
698,-18.68075942993164,-515.8958740234375,59.70800018310547,3.9170343531814127,0.0010136853749273269,-95.54568871349397,13.310305,-7.1361594,18.168268,17.729256,-27.331425,-4.615544,-24.494219,-0.2702633,-8.152762,6.0760684,-6.650216,8.450174,-9.513773,-19.938457,31.720205,-28.126009,43.201744,14.084916,-26.650728,43.951126,65.41847
699,-18.770492553710938,-516.6703491210938,59.68144989013672,3.145267628686874,-0.0065675055779950585,-95.8625404168828,13.48986,-6.1701336,18.631449,19.101645,-27.542837,-5.027726,-25.071005,0.59728134,-8.130701,8.979563,-6.635712,6.268807,-9.43795,-19.929825,32.20287,-27.626656,43.855793,14.406097,-26.570633,44.428757,64.880165
700,-18.888864517211914,-517.450439453125,59.67063903808594,2.51076730332648,0.01262892050188347,-95.96675839889465,13.536694,-5.2362504,18.863277,20.703657,-27.562176,-5.4547753,-25.661715,1.255932,-7.9966836,11.710051,-6.4501696,4.5471396,-9.485676,-19.872639,32.54219,-27.160925,44.480274,14.599178,-26.500671,44.719593,64.435936
701,-19.01523780822754,-518.2349853515625,59.67219543457031,1.9228030083622225,0.06581617411454624,-95.84369883414718,13.454761,-4.238034,18.888708,22.529882,-27.439148,-5.9330635,-26.067526,1.8557104,-7.5911016,13.672562,-5.5624585,3.3898816,-9.708096,-19.711805,32.84737,-26.69886,45.031845,14.699623,-26.425,44.849514,64.0172
702,-19.13270378112793,-519.0463256835938,59.67503356933594,1.3187148907709507,0.13960852040479307,-95.58451098213956,13.27299,-3.1478343,18.806427,24.557474,-27.185698,-6.4619937,-26.335148,2.4744265,-6.950367,15.137884,-4.114163,2.553576,-10.009964,-19.555012,33.105,-26.325876,45.643776,14.785038,-26.343204,44.831013,63.557106
703,-19.24872589111328,-519.8723754882812,59.68354415893555,0.7471880759345774,0.20631303412928642,-95.27968489127728,12.981772,-2.036126,18.654692,26.824436,-26.699858,-6.9816475,-26.484447,3.0534992,-6.3398504,16.355547,-2.6314738,1.9991404,-10.318913,-19.358786,33.285896,-26.015268,46.3236,14.852529,-26.261011,44.699722,63.09555
704,-19.36922264099121,-520.6956176757812,59.695838928222656,0.25747813599916203,0.23585946969556024,-95.01319225735307,12.573453,-0.9768216,18.463037,29.365294,-25.873579,-7.43007,-26.535526,3.5157404,-6.019399,17.575542,-1.6509078,1.6640297,-10.569711,-19.069748,33.35636,-25.727802,47.068153,14.884556,-26.18647,44.495975,62.67834
705,-19.48771095275879,-521.5208129882812,59.70238494873047,-0.13711293181769932,0.20742171410001276,-94.77428439924654,12.0639105,0.023039447,18.208307,32.21078,-24.600172,-7.930451,-26.476067,3.797565,-6.1377416,18.87836,-1.3742276,1.683427,-10.76427,-18.652248,33.302013,-25.435434,47.865177,14.895285,-26.118868,44.16848,62.31984
706,-19.59648895263672,-522.3448486328125,59.71883010864258,-0.4788772214822397,0.13749499331220663,-94.53952825773861,11.454749,1.0020915,17.89464,35.330032,-22.959476,-8.473108,-26.321232,3.9439688,-6.5075336,20.195164,-1.5358384,2.016819,-10.933245,-18.173187,33.14805,-25.179718,48.752087,14.888543,-26.052088,43.73123,61.986176
707,-19.69902801513672,-523.156494140625,59.75422668457031,-0.7850559346740603,0.04444178932226338,-94.36724707395207,10.733171,1.9532652,17.59723,38.644413,-21.11057,-8.802813,-26.112978,4.0454493,-6.892099,21.505169,-1.9568805,2.3411312,-11.021578,-17.67395,32.91413,-25.006794,49.737827,14.846288,-25.98977,43.281624,61.650192
708,-19.804948806762695,-523.969482421875,59.80343246459961,-1.0703706376114426,-0.050526874094085863,-94.30982486759922,9.890578,2.8705084,17.401543,42.067635,-19.197641,-8.672681,-25.884539,4.2122674,-7.0538864,22.745197,-2.4417293,2.3507924,-10.983006,-17.19151,32.619164,-24.954351,50.827663,14.746574,-25.93619,42.919888,61.284203
709,-19.898038864135742,-524.7734375,59.862525939941406,-1.3193037301690782,-0.15296179936233925,-94.42188086258749,8.912826,3.733512,17.36437,45.69504,-17.25715,-7.8811483,-25.65642,4.500041,-6.869697,23.931898,-3.0008695,1.9274808,-10.782067,-16.70036,32.263203,-24.9906,52.039116,14.560593,-25.894505,42.68051,60.920105
710,-19.98198127746582,-525.5642700195312,59.93548583984375,-1.5298932906017313,-0.2709914295369081,-94.6598957729868,7.8263965,4.5606914,17.472559,49.501553,-15.170753,-6.623894,-25.407703,4.872346,-6.482482,25.068285,-3.7009578,1.2634633,-10.45242,-16.153954,31.855799,-25.083887,53.32629,14.307051,-25.86172,42.508045,60.55197
711,-20.071575164794922,-526.35546875,60.02153015136719,-1.7357722407270741,-0.3826576290982703,-94.92679735624002,6.670776,5.4142995,17.694933,53.246685,-12.864965,-5.2341766,-25.107319,5.299776,-6.053261,26.053762,-4.4215126,0.5198497,-10.067609,-15.578757,31.429619,-25.278086,54.618206,14.01978,-25.835558,42.38036,60.106358
712,-20.168041229248047,-527.1396484375,60.11366271972656,-1.9669998982512376,-0.46375869058452174,-95.1263380287206,5.472028,6.3595634,17.970701,56.7199,-10.295892,-4.0267386,-24.724327,5.730255,-5.7463627,26.793001,-5.0614777,-0.14874321,-9.704402,-14.996862,31.017069,-25.61245,55.842873,13.730586,-25.814117,42.278984,59.51131
713,-20.2750244140625,-527.9171142578125,60.22039794921875,-2.238266965564261,-0.5029101270867207,-95.23984101323146,4.1798906,7.4440436,18.239244,59.97289,-7.29394,-2.967636,-24.237204,6.1491942,-5.608671,27.23393,-5.617832,-0.73662597,-9.384879,-14.408867,30.62811,-26.0983,57.009594,13.463842,-25.796162,42.208492,58.725452
714,-20.381338119506836,-528.6730346679688,60.33467102050781,-2.532049974454602,-0.5118998241918504,-95.31867633146317,2.7930973,8.649711,18.54383,63.106663,-3.944671,-1.8971068,-23.667393,6.5739236,-5.5492325,27.438253,-6.1432285,-1.3194275,-9.067961,-13.773248,30.256165,-26.695065,58.120113,13.195735,-25.78373,42.178066,57.794476
715,-20.501523971557617,-529.4234008789062,60.45771408081055,-2.829612106694729,-0.502238387301412,-95.3686562481172,1.4045084,9.935244,18.936115,66.00702,-0.63171893,-0.93201286,-23.047792,6.9881864,-5.5309525,27.488365,-6.6333294,-1.8645982,-8.740864,-13.051637,29.905258,-27.363827,59.09694,12.888572,-25.779541,42.175842,56.77791
716,-20.61896514892578,-530.1543579101562,60.583831787109375,-3.1095488722868705,-0.4860038512789891,-95.39611530610753,0.10273452,11.246226,19.450304,68.56313,2.2544384,-0.19443996,-22.412079,7.3761883,-5.516914,27.463459,-7.078654,-2.3391993,-8.390759,-12.205626,29.58013,-28.065947,59.85976,12.501403,-25.786549,42.187122,55.737324
717,-20.738452911376953,-530.8792114257812,60.71929931640625,-3.3725572788893063,-0.45505542429646323,-95.37315825280986,-1.0981374,12.655181,20.186537,70.7695,4.8436713,0.21643199,-21.76307,7.7290816,-5.532157,27.35483,-7.47094,-2.7382576,-8.040881,-11.213154,29.278324,-28.811184,60.369896,12.012723,-25.80741,42.233543,54.67019
718,-20.852914810180664,-531.58984375,60.858219146728516,-3.625855882206291,-0.40641345444958854,-95.30996523030555,-2.2470748,14.160083,21.058767,72.71129,7.243674,0.39728105,-21.083982,8.056127,-5.5817213,27.128674,-7.8169556,-3.0768335,-7.6872835,-10.112016,28.999445,-29.624695,60.686024,11.44078,-25.840908,42.312416,53.555794
719,-20.95353889465332,-532.28271484375,60.994415283203125,-3.853640999289945,-0.363719124206679,-95.26908187550991,-3.3541226,15.554893,21.827467,74.387886,9.047245,0.48551106,-20.378765,8.358888,-5.5967274,26.82904,-8.127715,-3.3526647,-7.274304,-8.945039,28.747551,-30.490253,60.863052,10.793673,-25.884714,42.376225,52.444954
720,-21.041196823120117,-532.97021484375,61.13390350341797,-4.038961342764699,-0.3526429549472867,-95.30086432746877,-4.4259124,16.61639,22.271637,75.762634,9.867889,0.6119625,-19.643621,8.628407,-5.517421,26.498285,-8.416969,-3.562212,-6.7588844,-7.7460394,28.525164,-31.38646,60.94891,10.079951,-25.936623,42.37971,51.3908
721,-21.10942840576172,-533.6421508789062,61.273258209228516,-4.164783004911218,-0.3866999598660368,-95.4174125879049,-5.4690094,17.212074,22.290749,76.78567,9.372056,0.81350267,-18.87596,8.849082,-5.3287816,26.156725,-8.6896105,-3.6937149,-6.1223135,-6.501362,28.330294,-32.344406,60.922443,9.280068,-25.99963,42.33949,50.417156
722,-21.170331954956055,-534.3173217773438,61.4171257019043,-4.241587364476064,-0.45478180770418586,-95.58160847672114,-6.4883413,17.451864,22.017897,77.47907,7.8615336,1.0045202,-18.074446,9.020135,-5.0735393,25.783371,-8.941126,-3.7528899,-5.400949,-5.2117906,28.158375,-33.376423,60.780586,8.385495,-26.075565,42.278152,49.507835
723,-21.21339988708496,-534.9797973632812,61.56092834472656,-4.28340895102393,-0.5458499886397012,-95.76957555941745,-7.479437,17.486786,21.60606,77.900665,5.901352,1.1501017,-17.237606,9.15445,-4.779034,25.363884,-9.175855,-3.7620676,-4.637723,-3.9246287,28.006313,-34.425674,60.59479,7.4340577,-26.159283,42.15536,48.64718
724,-21.255647659301758,-535.6515502929688,61.70756912231445,-4.3080274364316,-0.6474093478091316,-95.95860630031657,-8.435898,17.483765,21.228205,78.11282,4.054081,1.2322342,-16.364206,9.263385,-4.4697833,24.879173,-9.394518,-3.7410126,-3.8717966,-2.6798532,27.870466,-35.430115,60.42771,6.466306,-26.245022,41.927387,47.816696
725,-21.291259765625,-536.3132934570312,61.855960845947266,-4.324010685745905,-0.7525754733393284,-96.12886534859128,-9.3735695,17.439436,20.846409,78.101685,2.320997,1.2156866,-15.447297,9.34553,-4.1663213,24.305182,-9.591988,-3.6767159,-3.4798162,-1.1385839,27.842882,-35.78759,60.129894,5.279165,-26.279322,41.97802,47.084553
726,-21.32356834411621,-536.973876953125,62.0042724609375,-4.290688788382827,-0.907631903528148,-96.35290009017508,-10.226191,17.269411,20.47897,77.829124,0.4585232,1.1380105,-14.471905,9.378998,-3.7915535,23.691761,-9.776291,-3.5630317,-2.3431048,-0.27126768,27.658554,-37.326904,60.112656,4.3721347,-26.427132,41.23935,46.33823
727,-21.357526779174805,-537.6329956054688,62.151145935058594,-4.271691206164613,-1.0377722037272172,-96.53815427518711,-11.090088,17.104181,20.108898,77.373474,-1.3674898,1.0626304,-13.485307,9.405594,-3.4512768,22.998913,-9.938885,-3.4255185,-1.9630584,1.172059,27.630419,-37.63134,59.866386,3.1047337,-26.462187,41.196365,45.67243
728,-21.387788772583008,-538.2911376953125,62.29668426513672,-4.219166946431279,-1.1773876011334365,-96.76447250381212,-11.881246,16.988512,19.954027,76.75902,-2.9606307,1.0658885,-12.49616,9.4007,-3.060142,22.306873,-10.105502,-3.291398,-0.77655804,1.9722034,27.464104,-39.02862,59.85722,2.3494968,-26.624062,40.125244,44.844555
729,-21.41622543334961,-538.9393310546875,62.43341064453125,-4.170791841759438,-1.2873347274488984,-96.96300138689281,-12.665874,16.973936,19.976145,76.01344,-4.2761064,1.1390445,-11.512553,9.384472,-2.6854084,21.560204,-10.2667675,-3.1563914,-0.22945043,3.2672195,27.408329,-39.375076,59.642426,1.2822378,-26.676298,39.669586,44.08041
730,-21.44202423095703,-539.5910034179688,62.564945220947266,-4.118895617958779,-1.3854044999437163,-97.16046690308092,-13.424808,17.007889,20.141861,75.10695,-5.4121633,1.2426119,-10.519043,9.353113,-2.301754,20.757742,-10.415833,-3.0079875,0.44433674,4.4010634,27.331417,-39.825375,59.49725,0.41493905,-26.749525,38.879517,43.194912
731,-21.47112464904785,-540.2337646484375,62.69000244140625,-4.070201967211183,-1.468587939091118,-97.35217145839015,-14.164214,17.053623,20.374308,74.038414,-6.417268,1.3814336,-9.53123,9.314954,-1.9295768,19.929674,-10.5502615,-2.8616834,1.1091282,5.504669,27.253757,-40.175232,59.36576,-0.4105661,-26.821667,38.029793,42.268772
732,-21.504322052001953,-540.87890625,62.804996490478516,-4.043913501337118,-1.5325002727543,-97.5337990281401,-14.893942,17.086058,20.591452,72.8142,-7.3424325,1.5623093,-8.560465,9.288082,-1.5895468,19.093025,-10.660438,-2.7348754,1.7540994,6.5751204,27.17789,-40.40519,59.25703,-1.2067865,-26.893192,37.18983,41.301323
733,-21.538082122802734,-541.5205688476562,62.91612243652344,-4.047646487969695,-1.56918291680845,-97.70240719446406,-15.631719,17.116634,20.788761,71.44879,-8.1875105,1.8381616,-7.611969,9.286048,-1.2957215,18.24493,-10.735015,-2.6451716,2.419189,7.582446,27.094927,-40.539204,59.186386,-1.8958626,-26.975487,36.26315,40.22834
734,-21.566232681274414,-542.147705078125,63.014556884765625,-4.0707638975043485,-1.5845888222712343,-97.86011485144758,-16.367052,17.14595,21.004045,69.936554,-8.932778,2.1843417,-6.6782174,9.29659,-1.034676,17.382166,-10.784781,-2.5798624,3.0264277,8.584001,27.016327,-40.504116,59.123398,-2.5791724,-27.049498,35.38534,39.110683
735,-21.592309951782227,-542.7948608398438,63.10494613647461,-4.10688480831691,-1.5876084352319217,-98.01150462459893,-17.075565,17.14968,21.218592,68.25766,-9.604171,2.4973335,-5.7541795,9.310651,-0.7847798,16.508667,-10.824953,-2.512988,3.6424177,9.556527,26.931345,-40.380222,59.07507,-3.1747065,-27.13479,34.446396,37.925068
736,-21.617691040039062,-543.442138671875,63.18181228637695,-4.143607256325816,-1.5902842060291378,-98.16026076793047,-17.727081,17.102287,21.416897,66.385735,-10.222353,2.6773536,-4.832293,9.313885,-0.5247289,15.632181,-10.876835,-2.4191272,4.2598577,10.494955,26.844389,-40.210102,59.04611,-3.7390041,-27.23318,33.526585,36.733665
737,-21.643878936767578,-544.0762329101562,63.244903564453125,-4.172907326941462,-1.5973592738128248,-98.3116165095003,-18.310963,16.994272,21.605137,64.300575,-10.810069,2.7084947,-3.9105644,9.292875,-0.24276508,14.752723,-10.948893,-2.2945473,4.8500156,11.40943,26.768404,-39.972794,59.025078,-4.4119773,-27.319017,32.77463,35.644806
738,-21.663341522216797,-544.7040405273438,63.29157257080078,-4.202767512592212,-1.598824344411652,-98.46720009281793,-18.844404,16.845371,21.796041,62.021248,-11.351076,2.6409118,-2.9958537,9.261196,0.052268848,13.865093,-11.027702,-2.1543796,5.4591208,12.315565,26.684454,-39.63633,59.00335,-5.0279617,-27.418234,31.988367,34.522682
739,-21.681808471679688,-545.3622436523438,63.330204010009766,-4.247738429420691,-1.5978933635496178,-98.61027040376739,-19.330826,16.662724,21.974266,59.57085,-11.798395,2.480744,-2.0864294,9.23457,0.3359623,12.985579,-11.111649,-2.0024428,6.0362434,13.184812,26.597383,-39.25158,59.014763,-5.592898,-27.531548,31.225946,33.36785
740,-21.705320358276367,-546.0029296875,63.3516731262207,-4.31619029273122,-1.5955077781685254,-98.72584186039485,-19.775337,16.453941,22.12539,56.971607,-12.1062355,2.236318,-1.190831,9.228327,0.5843325,12.146748,-11.202895,-1.8432782,6.5467362,13.998405,26.511808,-38.8684,59.08082,-6.115559,-27.657715,30.522966,32.1907
741,-21.733613967895508,-546.6511840820312,63.35965347290039,-4.410495834961057,-1.591186483003917,-98.8149261749602,-20.17591,16.228836,22.24313,54.2074,-12.277566,1.9092277,-0.30659357,9.245722,0.7967805,11.344938,-11.29972,-1.6712625,6.9935026,14.744103,26.429888,-38.499695,59.213352,-6.5939927,-27.794214,29.885897,30.985582
742,-21.758453369140625,-547.2964477539062,63.34898376464844,-4.525204965523603,-1.5834538175059523,-98.88294621470092,-20.53167,15.982155,22.33416,51.27276,-12.332297,1.4995658,0.56514907,9.279648,0.9831631,10.572613,-11.404997,-1.4909059,7.3990793,15.424267,26.3515,-38.13538,59.400623,-7.049972,-27.940016,29.308716,29.774237
743,-21.784860610961914,-547.9450073242188,63.325904846191406,-4.658866096696798,-1.573952197293402,-98.92101702966514,-20.848505,15.703164,22.39949,48.20547,-12.256413,1.0155759,1.4097158,9.331089,1.1341239,9.86936,-11.541601,-1.320243,7.7423673,16.048452,26.277126,-37.777935,59.62802,-7.475495,-28.092928,28.78276,28.563597
744,-21.819866180419922,-548.5875854492188,63.28959655761719,-4.804045621319063,-1.5671107127324722,-98.92263607864709,-21.130173,15.383905,22.44581,45.047657,-12.039502,0.46994847,2.2120404,9.398014,1.2414007,9.286687,-11.739141,-1.1742908,8.022168,16.603222,26.20726,-37.452885,59.898952,-7.931469,-28.248966,28.317139,27.435717
745,-21.859718322753906,-549.2455444335938,63.23384094238281,-4.9750905945882495,-1.557807077545979,-98.88154823543918,-21.402124,15.048305,22.434092,41.792343,-11.654094,-0.05556739,2.9829671,9.496774,1.2979388,8.783303,-11.976129,-1.0504774,8.217384,17.081457,26.159088,-37.199406,60.205826,-8.398443,-28.360796,27.965815,26.35168
746,-21.899333953857422,-549.901123046875,63.152748107910156,-5.129346344052593,-1.5487919358929814,-98.79967193645925,-21.663628,14.668368,22.377655,38.46099,-11.141656,-0.582105,3.6347332,9.587994,1.2883483,8.580228,-12.381495,-0.9440659,8.359532,17.554024,26.110195,-36.93775,60.501526,-8.869142,-28.482302,27.614317,25.339193
747,-21.93921661376953,-550.5557250976562,63.05888366699219,-5.2814404610804475,-1.5330034475837717,-98.68764468106257,-21.889233,14.251307,22.32151,35.07929,-10.56143,-1.2631294,4.112807,9.684239,1.2242851,8.794872,-13.023433,-0.8635951,8.473904,17.98431,26.063837,-36.707348,60.79556,-9.384301,-28.614504,27.29948,24.42107
748,-21.97843360900879,-551.2140502929688,62.953041076660156,-5.430695086225874,-1.5194702913533356,-98.55657274963094,-22.035845,13.785057,22.320885,31.656593,-9.961119,-2.252254,4.57302,9.776498,1.1515905,9.069712,-13.683972,-0.8189106,8.5327,18.384605,26.019701,-36.50011,61.078552,-9.866141,-28.754856,27.014217,23.547812
749,-22.016218185424805,-551.8732299804688,62.83791732788086,-5.579527843469632,-1.5087976972401889,-98.39843390347717,-22.074835,13.260498,22.408112,28.059965,-9.27546,-3.657114,5.0295067,9.874053,1.0685369,9.377085,-14.350956,-0.80689955,8.540684,18.748087,25.979475,-36.325985,61.357315,-10.349915,-28.901613,26.763674,22.746855
750,-22.0500431060791,-552.5474243164062,62.7155647277832,-5.729298807350509,-1.4988691044589721,-98.21055059257144,-22.008873,12.68109,22.545364,24.247747,-8.467806,-5.3628263,5.4749207,9.978088,0.96653384,9.727417,-15.030237,-0.8232874,8.496453,19.069448,25.943441,-36.187153,61.63906,-10.837722,-29.055712,26.548693,22.016296
751,-22.08294105529785,-553.2130126953125,62.58932876586914,-5.871192661001121,-1.480887161673503,-98.0193886216972,-21.838686,12.05162,22.698797,20.329231,-7.611063,-7.1917715,5.9022446,10.072974,0.86990714,10.111959,-15.70723,-0.8763523,8.430243,19.352512,25.911097,-36.0754,61.904842,-11.320542,-29.21488,26.36181,21.353645
752,-22.109676361083984,-553.8897094726562,62.46575164794922,-5.955722961074363,-1.4428483250629056,-97.81875152769707,-21.496538,11.284511,22.842314,16.22739,-6.6596966,-8.9569025,6.297881,10.1051855,0.7656145,10.533034,-16.377998,-0.9720509,8.339342,19.659863,25.870237,-35.956165,62.07639,-11.717342,-29.445248,26.148962,20.689556
753,-22.131153106689453,-554.57373046875,62.33201599121094,-6.0833310706816,-1.3693666949260366,-97.70903164740548,-21.0238,10.5191345,22.97127,11.971257,-5.6878905,-10.770518,6.638539,10.167235,0.7679654,11.003711,-17.033165,-1.1344483,8.303189,19.86152,25.83686,-35.84558,62.273323,-12.051274,-29.658968,25.938671,20.00292
754,-22.139001846313477,-555.2750854492188,62.1864013671875,-6.294919254728952,-1.2404177153382803,-97.69983285493862,-20.391163,9.784429,23.133562,7.3814244,-4.5895333,-12.665942,6.911142,10.302764,0.89090824,11.525864,-17.682549,-1.351263,8.315521,19.944057,25.805115,-35.70135,62.520714,-12.2072525,-29.912949,25.639614,19.138668
755,-22.14398193359375,-555.9850463867188,62.00022888183594,-6.71722987510193,-1.0835041294817518,-97.82719568325956,-20.180244,9.548582,23.316158,4.179486,-4.254866,-14.323944,7.151235,10.63857,1.1812785,12.067598,-18.306055,-1.5842835,8.388007,19.791723,25.793299,-35.53066,62.988895,-12.213553,-30.070774,25.29595,18.14141
756,-22.11005973815918,-556.6830444335938,61.80847930908203,-7.108411774070185,-0.96741117993938,-97.87117989792986,-19.285616,8.822016,23.609844,-0.3709048,-2.9814196,-14.323944,7.3921103,10.922147,1.3800737,12.699753,-18.969238,-1.7555002,8.382026,19.642982,25.789951,-35.388657,63.446613,-12.23488,-30.161966,24.99624,17.344723
757,-22.079166412353516,-557.3736572265625,61.62639236450195,-7.430075740297282,-0.8761349412211801,-97.90697149991416,-19.193714,8.495342,23.994537,-2.1440227,-3.2624934,-14.323944,7.6576023,11.132811,1.5602826,13.315346,-19.622911,-1.890619,8.361449,19.512587,25.788057,-35.252342,63.850674,-12.1887865,-30.244568,24.67105,16.649376
758,-22.05615997314453,-558.0709838867188,61.45549011230469,-7.700976023474799,-0.8064842014438439,-97.97631934977983,-19.427584,8.347645,24.529657,-2.4903314,-4.3182497,-14.323944,7.932239,11.28316,1.7697755,13.937091,-20.263988,-2.0101044,8.370562,19.39034,25.787853,-35.13809,64.20618,-12.101665,-30.319519,24.34636,16.059982
759,-22.04207992553711,-558.7708740234375,61.29791259765625,-7.895949664749508,-0.7713106587758409,-98.02950071574075,-19.47638,8.153386,25.131939,-2.746611,-5.0917277,-14.323944,8.141397,11.368082,1.9437367,14.80371,-21.008156,-2.1126482,8.363238,19.32494,25.788467,-35.083447,64.47797,-12.121961,-30.354734,24.174505,15.752715
760,-22.045473098754883,-559.4742431640625,61.13832092285156,-7.8932238171346505,-0.7388353110175406,-98.13333943808844,-19.494202,7.95405,25.7484,-2.5464134,-5.5364747,-14.323944,8.211437,11.264545,2.1246073,16.00704,-21.864523,-2.191263,8.4515915,19.29882,25.78572,-35.032513,64.604744,-12.074635,-30.427567,23.896658,15.57815
761,-22.064077377319336,-560.1751098632812,61.00714874267578,-7.651136118082554,-0.7728973367113502,-98.11717194942068,-19.932543,7.983584,26.21096,-0.29106358,-6.362793,-14.323944,8.384751,10.946305,2.188783,17.144634,-22.675339,-2.2479608,8.48938,19.47816,25.77739,-35.088444,64.49405,-12.134837,-30.513275,23.752537,15.816662
762,-22.080223083496094,-560.8734130859375,60.90558624267578,-7.243533292241936,-0.8515752124997199,-98.04821711626452,-20.635895,8.201249,26.589533,3.470474,-7.4369535,-14.323944,8.579168,10.473003,2.1917992,18.349058,-23.507694,-2.286662,8.508612,19.749908,25.763607,-35.230446,64.249535,-12.303087,-30.611103,23.734625,16.38177
763,-22.091569900512695,-561.5799560546875,60.8287467956543,-6.709069694963708,-0.9564957427838265,-97.96824981255791,-20.744026,8.070586,26.87317,5.9166145,-7.450281,-14.323944,8.71966,9.871968,2.139304,19.748407,-24.306772,-2.299679,8.5841465,20.022388,25.73123,-35.54009,63.923035,-12.597574,-30.80242,23.859064,17.228292
764,-22.092689514160156,-562.3118896484375,60.74736785888672,-6.179496389260221,-1.0021743445399187,-97.79297289130129,-21.181314,7.807907,26.639807,8.663834,-7.708512,-12.956884,8.735568,9.25166,1.9314476,21.317495,-24.936129,-2.2478614,8.528696,20.141016,25.670528,-35.833443,63.64596,-12.747447,-31.078913,23.978926,17.95239
765,-22.077537536621094,-563.0422973632812,60.69124984741211,-5.645847305508016,-0.9902230807409819,-97.59953169126287,-21.846643,7.479511,25.9666,11.459234,-8.083462,-10.853895,8.66385,8.616689,1.6099336,22.979317,-25.36327,-2.152059,8.400407,20.246607,25.609003,-35.99352,63.291492,-12.781086,-31.306252,24.05283,18.626522
766,-22.051128387451172,-563.760498046875,60.66617202758789,-5.076364718811587,-0.9403034969886219,-97.39380666007014,-22.558876,7.0478735,25.019846,14.12309,-8.286769,-8.378275,8.5162,7.9446683,1.1989958,24.759542,-25.651236,-2.0207703,8.23512,20.324879,25.543758,-36.10635,62.872196,-12.814292,-31.507002,24.16065,19.382069
767,-22.015357971191406,-564.4822387695312,60.649715423583984,-4.509113818593096,-0.8858626782093125,-97.23913269940745,-23.170437,6.5482507,24.108974,16.454681,-8.254253,-5.998032,8.274324,7.258777,0.8270184,26.73594,-25.749454,-1.8524842,8.087186,20.388876,25.482872,-36.150166,62.408226,-12.8615265,-31.632154,24.325256,20.239887
768,-21.9770450592041,-565.2258911132812,60.62615966796875,-3.9762672695729733,-0.8559446067269011,-97.19970780055301,-23.560732,6.0624194,23.50565,18.357859,-8.015545,-4.1713343,7.916692,6.5779023,0.62383443,28.98058,-25.601652,-1.6454333,8.011307,20.449432,25.426702,-36.103035,61.923435,-12.875723,-31.668936,24.532383,21.158579
769,-21.933582305908203,-565.9890747070312,60.600215911865234,-3.4673447943954647,-0.852567774604318,-97.31433762040317,-23.681261,5.651623,23.285696,19.80722,-7.501896,-3.1470482,7.4320188,5.889862,0.62429726,31.560175,-25.247053,-1.4363726,8.042246,20.52762,25.36961,-35.931236,61.401566,-12.768387,-31.642878,24.727451,22.061525
770,-21.884815216064453,-566.75537109375,60.57878112792969,-2.947920826079184,-0.8600537915623181,-97.5292290796433,-23.623089,5.293527,23.275616,20.98403,-6.8174973,-2.600233,6.8332515,5.172148,0.74095935,34.421455,-24.697975,-1.2112406,8.15434,20.620483,25.308697,-35.68352,60.82262,-12.610473,-31.575727,24.935669,23.023672
771,-21.818851470947266,-567.5145263671875,60.56066131591797,-2.4236886173424623,-0.89214461179842,-97.77258352495461,-23.464128,4.9545784,23.352535,22.081673,-6.2571545,-2.1427605,6.1522584,4.4379354,0.9295508,37.436977,-23.849768,-0.8898781,8.273542,20.728014,25.248802,-35.41869,60.203465,-12.3877945,-31.48032,25.175564,24.049126
772,-21.75092315673828,-568.275146484375,60.54253005981445,-1.898301068617766,-0.9577409253949403,-97.97308304345138,-23.285713,4.577942,23.397072,23.250353,-6.098658,-1.4178979,5.4176016,3.7028904,1.149611,40.48424,-22.598831,-0.38659057,8.347514,20.828255,25.197706,-35.218716,59.56474,-12.173032,-31.356506,25.495903,25.216866
773,-21.693178176879883,-569.0421752929688,60.52141189575195,-1.3622511640266495,-1.0700944436933064,-98.12323509181284,-23.129383,4.125057,23.363443,24.586857,-6.50643,-0.29310077,4.6462297,2.960539,1.400836,43.576443,-20.813608,0.46251398,8.368829,20.943962,25.15567,-35.07675,58.884758,-11.955342,-31.205042,25.895922,26.537878
774,-21.629413604736328,-569.8031005859375,60.507083892822266,-0.8162693836541084,-1.2224553817394097,-98.25615559559171,-22.951595,3.6210928,23.294039,25.987814,-7.2985835,1.0041274,3.8276703,2.227351,1.7196057,46.76637,-18.59044,1.5888252,8.356028,21.079422,25.118885,-34.95295,58.158943,-11.672894,-31.029882,26.33356,27.947166
775,-21.566930770874023,-570.5565795898438,60.50831604003906,-0.2829423454136579,-1.3928811010099589,-98.36062377338926,-22.707302,3.0849702,23.21045,27.278616,-8.220704,2.2747064,2.9507482,1.5485992,2.1141562,49.983814,-16.158165,2.7376142,8.307755,21.174044,25.090738,-34.891857,57.43354,-11.400057,-30.831171,26.83964,29.470728
776,-21.50376319885254,-571.3162841796875,60.52301025390625,0.2168329493926886,-1.5644546334808294,-98.42650370465687,-22.348694,2.5445538,23.151388,28.294489,-9.022856,3.3242002,2.0069523,0.9601061,2.5744324,53.151127,-13.729412,3.6515658,8.196608,21.183813,25.07221,-34.9078,56.752575,-11.107819,-30.609648,27.401516,31.045462
777,-21.44721221923828,-572.0792846679688,60.54380416870117,0.6770981384445486,-1.7499794061957745,-98.41510694767086,-21.853003,1.9822104,23.11779,28.986813,-9.654253,4.0966806,0.9644222,0.49635613,3.1462977,56.355286,-11.1666565,4.191708,7.998368,21.09909,25.067003,-35.05299,56.130947,-10.796209,-30.35785,28.007042,32.714985
778,-21.39443588256836,-572.8235473632812,60.566226959228516,1.1145742920795874,-1.954902850452231,-98.34446581882133,-21.263622,1.3860954,23.096115,29.465519,-10.241804,4.6915402,-0.15130019,0.14752306,3.8129742,59.58417,-8.397997,4.5693016,7.726885,20.945017,25.073055,-35.2966,55.540417,-10.442448,-30.082949,28.650023,34.460213
779,-21.34006690979004,-573.5684204101562,60.59770584106445,1.526965402054245,-2.1441950054682426,-98.29005329755005,-20.627317,0.7950999,23.117535,29.786743,-10.804861,5.152469,-1.2806659,-0.14839976,4.464082,62.631767,-5.7423377,4.999903,7.4373975,20.712431,25.085403,-35.555195,54.96273,-10.072908,-29.807955,29.36915,36.20128
780,-21.27758026123047,-574.2618408203125,60.64032745361328,1.9193603148871676,-2.282188672905614,-98.32689700415432,-19.992674,0.25058806,23.214165,30.011395,-11.363835,5.524258,-2.3829296,-0.48132688,4.995157,65.32632,-3.5509403,5.6399374,7.182699,20.397587,25.098286,-35.74118,54.380325,-9.709617,-29.555988,30.203583,37.857273
781,-21.21611213684082,-574.94091796875,60.69536209106445,2.3014763046826987,-2.352150771503901,-98.507630683586,-19.356733,-0.24195687,23.443047,30.116564,-11.929089,5.7873874,-3.464057,-0.90487206,5.4466887,67.6474,-1.7952101,6.6497025,7.008116,19.997766,25.111631,-35.866623,53.77624,-9.37765,-29.331293,31.186113,39.438087
782,-21.142070770263672,-575.6067504882812,60.75550842285156,2.668613973804051,-2.373260026238057,-98.78259618956153,-18.69661,-0.7057188,23.777124,30.072865,-12.481957,5.927833,-4.556591,-1.3881137,5.8572035,69.70856,-0.3424452,7.8471074,6.8780293,19.514626,25.127964,-35.964508,53.170376,-9.054053,-29.123526,32.287243,40.97375
783,-21.077125549316406,-576.2796020507812,60.82209396362305,3.0008675697809366,-2.3664828471470885,-99.07388533951689,-18.027779,-1.1439598,24.12361,29.930614,-13.000049,5.9992423,-5.6631317,-1.9291455,6.100644,71.53805,0.6123246,8.830333,6.7255774,18.954865,25.145792,-35.980175,52.594765,-8.701125,-28.932707,33.462555,42.424408
784,-21.01726722717285,-576.9506225585938,60.90403366088867,3.2833971889248494,-2.354220158964518,-99.30371956483359,-17.364729,-1.5621061,24.38894,29.738636,-13.459709,6.0571437,-6.7820477,-2.5408134,6.036327,73.14966,0.8816118,9.190404,6.4839005,18.327557,25.163424,-35.85916,52.0815,-8.287372,-28.76103,34.67435,43.75334
785,-20.96416473388672,-577.5822143554688,60.986244201660156,3.5097738274313355,-2.326761470718988,-99.47122694272194,-16.722614,-1.9548688,24.572672,29.501146,-13.85427,6.1037536,-7.9402823,-3.2778697,5.5802555,74.55218,0.13164122,8.661195,6.141523,17.61049,25.181747,-35.58445,51.640697,-7.824437,-28.610878,35.95617,44.94381
786,-20.905942916870117,-578.2034301757812,61.081756591796875,3.6879917314569055,-2.2798765176338534,-99.61069682672796,-16.088303,-2.3246875,24.718485,29.191233,-14.1936245,6.1162715,-9.123397,-4.1241717,4.84297,75.733444,-1.4512993,7.52239,5.7316175,16.806248,25.202145,-35.18715,51.260323,-7.3407054,-28.47893,37.328312,46.031036
787,-20.85166358947754,-578.8296508789062,61.19200134277344,3.8248820869066606,-2.245541988592565,-99.69732331854192,-15.435494,-2.6803603,24.797153,28.818748,-14.483154,6.111684,-10.267142,-4.98544,3.9669707,76.6706,-3.2685087,6.186152,5.250632,15.959558,25.22351,-34.68413,50.938244,-6.820875,-28.358755,38.730923,47.04711
788,-20.80704689025879,-579.4561157226562,61.31126403808594,3.9231493828902106,-2.2561394684162033,-99.70737601024466,-14.736786,-3.0296118,24.779482,28.3956,-14.72994,6.104523,-11.31213,-5.796683,3.048257,77.34037,-4.7052345,5.019365,4.6958337,15.116864,25.244228,-34.0941,50.669147,-6.24967,-28.246435,40.10635,48.026936
789,-20.77021026611328,-580.0747680664062,61.43224334716797,3.9760216814664906,-2.330893923553122,-99.61726657647463,-13.97668,-3.3717575,24.633982,27.920713,-14.928061,6.092946,-12.239395,-6.5909247,1.9994308,77.723114,-5.5908475,4.043697,4.042036,14.278576,25.26288,-33.403816,50.47728,-5.616366,-28.143515,41.482853,48.968056
790,-20.738121032714844,-580.6926879882812,61.55520248413086,3.9818140846500727,-2.451155133096799,-99.44574099968213,-13.170768,-3.6952755,24.383213,27.396208,-15.078267,6.0667067,-13.075004,-7.3844543,0.7943215,77.83916,-6.254539,3.090797,3.2945237,13.41597,25.281439,-32.614857,50.365852,-4.938132,-28.05061,42.88986,49.86221
791,-20.717031478881836,-581.3099365234375,61.679500579833984,3.962395591240167,-2.5915131539790814,-99.23210484623169,-12.336735,-3.9994085,24.078516,26.82647,-15.192157,6.028696,-13.836286,-8.109199,-0.41433293,77.71289,-6.8143773,2.204012,2.501013,12.533701,25.303295,-31.771244,50.29315,-4.2339044,-27.963144,44.262936,50.73225
792,-20.69375991821289,-581.924072265625,61.8021240234375,3.9355146841480497,-2.726780878072879,-99.01670459255608,-11.496114,-4.2844505,23.773067,26.224112,-15.282402,5.9837523,-14.549129,-8.695815,-1.4674711,77.370316,-7.3839273,1.4284945,1.7146574,11.638351,25.332218,-30.91991,50.212585,-3.5135982,-27.876535,45.524094,51.59415
793,-20.684988021850586,-582.5308227539062,61.92424392700195,3.9008574980642248,-2.863183592630073,-98.80333364936789,-10.638238,-4.5497375,23.472229,25.581907,-15.349611,5.9386516,-15.214667,-9.125924,-2.3497617,76.80652,-7.9584575,0.77292734,0.94421864,10.720819,25.368862,-30.056004,50.13932,-2.7663522,-27.789644,46.67086,52.45421
794,-20.677160263061523,-583.1407470703125,62.05118179321289,3.850687015873254,-3.0103075998384745,-98.57373524721275,-9.758276,-4.7944884,23.152178,24.901134,-15.389508,5.8885155,-15.826551,-9.433249,-3.1415255,76.00804,-8.481752,0.21433786,0.16792126,9.778318,25.412687,-29.168098,50.088116,-1.9897226,-27.704746,47.734814,53.306156
795,-20.676902770996094,-583.7398071289062,62.16957092285156,3.7975430243175325,-3.1466771704293715,-98.33564900566583,-8.882042,-5.0271187,22.823112,24.197256,-15.406334,5.824402,-16.406288,-9.629058,-3.8216934,74.99372,-8.98406,-0.25185397,-0.601581,8.835941,25.46517,-28.290277,50.00256,-1.1996841,-27.622215,48.675114,54.144424
796,-20.681964874267578,-584.333251953125,62.2838020324707,3.7570583826493817,-3.2505812033921933,-98.0969333720559,-8.035437,-5.2566476,22.49578,23.48466,-15.403514,5.7404885,-16.976685,-9.726076,-4.3681617,73.78338,-9.4982395,-0.63181025,-1.3458416,7.921563,25.52792,-27.459808,49.821682,-0.4157966,-27.54296,49.447254,54.967678
797,-20.685792922973633,-584.9223022460938,62.39305877685547,3.75221622012573,-3.325471575471093,-97.8948355564715,-7.1985383,-5.5058856,22.208563,22.731123,-15.365408,5.6393094,-17.560762,-9.712959,-4.6957393,72.39336,-10.064823,-0.94675285,-1.633078,6.8003244,25.559418,-27.232344,49.60184,0.61038816,-27.523825,49.542725,55.731647
798,-20.69660758972168,-585.5076904296875,62.495750427246094,3.722174783906713,-3.3500638231568023,-97.61992213065328,-6.425629,-5.724457,21.850914,21.99717,-15.319199,5.531153,-18.135773,-9.584697,-4.9490056,70.77835,-10.648078,-1.1968471,-2.7033093,6.182491,25.68197,-25.962906,49.12907,1.1835004,-27.396135,50.399227,56.56895
799,-20.7103271484375,-586.0931396484375,62.592472076416016,3.735057561701846,-3.3808984926797465,-97.41208218727621,-5.624057,-5.971519,21.561632,21.219612,-15.250799,5.412471,-18.679993,-9.410684,-5.0553703,68.98414,-11.1944,-1.3622229,-3.061401,5.145436,25.714167,-25.70298,48.759174,2.1068199,-27.372477,50.37797,57.3162
800,-20.729991912841797,-586.6687622070312,62.676856994628906,3.7359372766880092,-3.394530293994996,-97.17027659136245,-4.8568535,-6.1950893,21.240616,20.479486,-15.20108,5.28256,-19.153198,-9.226371,-5.212107,66.96702,-11.630709,-1.4113231,-3.5600212,4.1578918,25.7616,-25.32704,48.349533,2.9763293,-27.339617,50.332703,57.995148
801,-20.74723243713379,-587.2383422851562,62.752933502197266,3.7323754549632002,-3.3875875461030005,-96.91088101091347,-4.1211724,-6.4034815,20.897326,19.764181,-15.158506,5.1599197,-19.561916,-9.021449,-5.381099,64.71273,-11.976587,-1.3346974,-4.14866,3.2755234,25.822954,-24.877623,47.820133,3.7692811,-27.299482,50.235165,58.631214
802,-20.762022018432617,-587.8184814453125,62.82164001464844,3.731025550922296,-3.3599663680839393,-96.64048183258328,-3.409752,-6.603625,20.540283,19.05624,-15.11324,5.0395756,-19.919804,-8.786904,-5.527373,62.232685,-12.256227,-1.1571354,-4.791029,2.491879,25.898087,-24.383472,47.166595,4.499921,-27.253225,50.060734,59.237625
803,-20.784942626953125,-588.3853759765625,62.876373291015625,3.7419905993120675,-3.3239078903180674,-96.36953753128539,-2.707098,-6.802672,20.1949,18.352535,-15.079315,4.8802075,-20.214495,-8.567723,-5.7080092,59.563305,-12.41373,-0.8849765,-5.4430757,1.7868655,25.987297,-23.886307,46.429745,5.1714544,-27.203783,49.82385,59.828266
804,-20.801050186157227,-588.955078125,62.91659927368164,3.7720655906178577,-3.2933946288068148,-96.11221674224572,-1.9961406,-7.0064874,19.890013,17.650661,-15.071999,4.639526,-20.432121,-8.398263,-5.9774,56.73678,-12.390487,-0.518038,-6.0654216,1.1338712,26.091614,-23.426405,45.66071,5.7811565,-27.154078,49.557888,60.417492
805,-20.828216552734375,-589.5164184570312,62.94242858886719,3.8178411518528392,-3.2718060335246277,-95.866189243109,-1.254586,-7.21062,19.652023,16.902046,-15.090655,4.2351027,-20.554253,-8.280227,-6.371121,53.7041,-12.119961,0.004856824,-6.6645703,0.50988847,26.211329,-23.02779,44.878685,6.3197374,-27.106052,49.273197,61.00724
806,-20.846872329711914,-590.0762939453125,62.9593505859375,3.8742779218063896,-3.2542945278883733,-95.62728147881725,-0.495874,-7.4091916,19.46246,16.124199,-15.126956,3.7117279,-20.587608,-8.17737,-6.8522677,50.454,-11.6389885,0.67471737,-7.2473536,-0.09126396,26.345716,-22.692616,44.07745,6.793532,-27.060118,48.955177,61.587498
807,-20.8588809967041,-590.6341552734375,62.969844818115234,3.94854687740388,-3.240262588138154,-95.40568723183665,0.24884062,-7.6169734,19.280481,15.393187,-15.181613,3.2194057,-20.559593,-8.067744,-7.365866,47.073463,-11.047429,1.3874861,-7.780587,-0.66999537,26.492857,-22.420326,43.26785,7.214808,-27.017239,48.607117,62.160255
808,-20.869674682617188,-591.2008056640625,62.97393035888672,4.049109374467259,-3.2293232415167274,-95.2141562574142,0.9456481,-7.846356,19.066256,14.7977495,-15.26352,2.9090438,-20.50016,-7.9404964,-7.855009,43.653954,-10.448928,2.03264,-8.234037,-1.2243985,26.649529,-22.204681,42.46101,7.5909977,-26.978601,48.24131,62.729614
809,-20.872678756713867,-591.775390625,62.959556579589844,4.183323003546749,-3.222373063560787,-95.05788953215892,1.5700443,-8.106482,18.786264,14.395709,-15.369726,2.8813741,-20.411283,-7.8112574,-8.324517,40.186134,-9.818622,2.5349412,-8.612219,-1.7563416,26.813473,-22.03927,41.66119,7.903671,-26.945263,47.861057,63.30992
810,-20.876110076904297,-592.348388671875,62.925697326660156,4.343582421068317,-3.218212610270845,-94.93364306232033,2.137648,-8.386381,18.473652,14.143495,-15.504504,3.0371783,-20.280235,-7.6765685,-8.792056,36.625816,-9.117996,2.96937,-8.928514,-2.270534,26.983618,-21.921474,40.868423,8.151538,-26.917715,47.46634,63.89328
811,-20.89478302001953,-592.9118041992188,62.86014175415039,4.52773495184565,-3.211775140766719,-94.83798129266424,2.6797419,-8.678292,18.182964,13.966059,-15.68274,3.2272105,-20.114063,-7.515349,-9.225315,33.00671,-8.437128,3.4401553,-9.172813,-2.7699747,27.157997,-21.846945,40.08993,8.364367,-26.896282,47.069477,64.454216
812,-20.903188705444336,-593.484375,62.792362213134766,4.728624057770472,-3.1991160556797396,-94.76653062620868,3.2262397,-8.97103,17.968706,13.789411,-15.921182,3.3014498,-19.917358,-7.317452,-9.593166,29.349438,-7.8577676,4.0413013,-9.339979,-3.2558975,27.333416,-21.808,39.33309,8.571538,-26.881298,46.689026,64.96514
813,-20.90976905822754,-594.0623168945312,62.71677780151367,4.95708038662615,-3.179236293916788,-94.7196775602923,3.793152,-9.275469,17.858503,13.57925,-16.227833,3.2137833,-19.671238,-7.0978007,-9.858081,25.559452,-7.424054,4.806659,-9.437796,-3.7231388,27.50695,-21.797512,38.59663,8.761519,-26.87367,46.33976,65.43545
814,-20.912626266479492,-594.64306640625,62.622737884521484,5.213508307445873,-3.1531628284340187,-94.69545531201148,4.3564835,-9.594171,17.817608,13.387781,-16.597261,3.0447967,-19.363752,-6.881681,-10.053468,21.608381,-7.063682,5.6571918,-9.482282,-4.175773,27.677055,-21.808601,37.885983,8.915925,-26.874006,46.02639,65.87688
815,-20.91755485534668,-595.2322998046875,62.5122184753418,5.486113205837117,-3.1172167070415484,-94.68469797166792,4.903147,-9.91899,17.80139,13.233051,-17.008596,2.8346233,-18.989883,-6.6745634,-10.254743,17.56833,-6.6617775,6.5238204,-9.480821,-4.618639,27.84209,-21.829372,37.204388,9.0499735,-26.881735,45.74874,66.272194
816,-20.928518295288086,-595.820556640625,62.38895034790039,5.768730559148161,-3.0672016267863778,-94.6755274981768,5.417142,-10.245219,17.761395,13.137192,-17.444618,2.6246712,-18.55793,-6.4723854,-10.533942,13.539833,-6.105176,7.355822,-9.439486,-5.0450697,28.000584,-21.843609,36.541378,9.1787,-26.895754,45.501328,66.60785
817,-20.933225631713867,-596.4016723632812,62.246673583984375,6.083782481747501,-2.996109031896066,-94.66455343287036,5.8946676,-10.600228,17.680294,13.098122,-17.898956,2.4167733,-18.061094,-6.2792816,-10.856566,9.43514,-5.3372393,8.140016,-9.362075,-5.4412556,28.150537,-21.837751,35.864254,9.292704,-26.915792,45.278587,66.8915
818,-20.941232681274414,-596.9924926757812,62.077056884765625,6.449029274245365,-2.9320547024941894,-94.65172830341271,6.3048344,-10.97605,17.587807,13.273976,-18.483463,2.190637,-17.975443,-6.2281656,-11.145817,6.473676,-5.1557326,8.9255905,-9.288793,-5.781226,28.233091,-21.807423,35.236973,9.351067,-26.931536,45.16766,67.17275
819,-20.9620304107666,-597.5929565429688,61.91246032714844,6.855179055774984,-2.84185702603236,-94.62392005888442,6.7427626,-11.405457,17.45644,13.320246,-18.984415,1.9614112,-18.833166,-6.432619,-11.445297,6.0349636,-6.33065,9.757848,-9.178889,-6.1144586,28.319696,-21.749712,34.58691,9.366568,-26.954369,45.057842,67.453735
820,-20.984573364257812,-598.196533203125,61.738712310791016,7.282766424617142,-2.7312597410767205,-94.5582559556878,7.1548915,-11.845171,17.28542,13.386777,-19.4864,1.7416291,-19.308674,-6.5994234,-12.00347,4.9443445,-6.9227386,10.657323,-9.050053,-6.390565,28.393393,-21.664017,33.916744,9.34341,-26.980892,44.968063,67.73129
821,-21.01612091064453,-598.8003540039062,61.56197738647461,7.686076365802806,-2.6154830868935215,-94.4662286117702,7.5404577,-12.240211,17.094627,13.521365,-20.022604,1.5220478,-19.093275,-6.562652,-13.017,2.45537,-6.5076723,11.7784605,-8.897968,-6.622351,28.455536,-21.555304,33.27461,9.320187,-27.01029,44.920803,67.959435
822,-21.059980392456055,-599.400634765625,61.388832092285156,8.011186610723124,-2.502932056875099,-94.37617852465401,7.8846426,-12.524422,16.9203,13.774261,-20.621386,1.2925304,-19.595037,-6.6000414,-14.236007,2.067976,-7.166733,13.093015,-8.719682,-6.841741,28.51228,-21.431032,32.726402,9.3436575,-27.042526,44.929688,68.07052
823,-21.092647552490234,-600.0011596679688,61.21225357055664,8.265318530921105,-2.3923386001126925,-94.28274653983058,8.201839,-12.724573,16.754208,14.0957365,-21.24285,1.065174,-20.036373,-6.594643,-15.462775,1.8881229,-7.7167773,14.286106,-8.544457,-7.0678706,28.56614,-21.29185,32.298946,9.390265,-27.07774,44.992424,68.09485
824,-21.135087966918945,-600.5921020507812,61.041664123535156,8.382866275436847,-2.255746616949797,-94.15095712218317,8.420115,-12.742816,16.585491,14.574663,-21.922472,0.8282487,-20.343138,-6.420532,-16.399673,1.7111744,-8.017031,14.323944,-8.505082,-7.3201003,28.666983,-21.020731,32.034794,9.415975,-27.146774,45.189983,67.96955
825,-21.1766300201416,-601.186279296875,60.88591384887695,8.441852688783293,-2.190819741703403,-94.11719053343722,8.743549,-12.728459,16.50106,14.959022,-22.545279,0.62173826,-20.353226,-6.24523,-16.917295,1.5034275,-8.024753,14.323944,-8.332451,-7.595719,28.71556,-20.877611,31.983278,9.537977,-27.179424,45.344032,67.83791
826,-21.20589828491211,-601.786865234375,60.73408889770508,8.416771706005575,-2.1288293234119884,-94.06300055759118,9.032453,-12.618948,16.409845,15.42469,-23.204567,0.43597773,-20.291533,-6.0942807,-17.274258,1.6308682,-7.9935365,14.323944,-8.155476,-7.910946,28.76227,-20.724546,32.072197,9.687666,-27.211287,45.545597,67.62569
827,-21.246416091918945,-602.3767700195312,60.612667083740234,8.28828477908591,-2.0828395452669435,-93.99206124710145,9.3123045,-12.394032,16.318205,15.935047,-23.841043,0.24101922,-20.143177,-5.911516,-17.578913,1.8706282,-7.748194,14.323944,-8.035754,-8.268903,28.808691,-20.567167,32.354523,9.827568,-27.240927,45.77844,67.342636
828,-21.309362411499023,-602.9423217773438,60.530067443847656,7.965375470876758,-2.063145964511736,-93.86700793938434,9.493626,-11.913741,16.229504,16.729906,-24.551489,-0.010164013,-19.81781,-5.518275,-17.967304,1.7948445,-7.009404,13.971479,-8.202798,-8.80874,28.90222,-20.30035,33.077454,9.896193,-27.289787,46.2164,66.90585
829,-21.369916915893555,-603.5218505859375,60.45368957519531,7.555959705166938,-2.0809135851023526,-93.88069650506513,9.811602,-11.37981,16.264265,17.265982,-25.056313,-0.3387037,-19.551594,-4.9486947,-18.20852,1.9705696,-6.019059,12.407424,-8.150426,-9.208757,28.955458,-20.1713,33.79225,9.985817,-27.305092,46.407326,66.50249
830,-21.427566528320312,-604.1082763671875,60.39714813232422,6.967104910028936,-2.129224031823554,-93.92124865372168,10.093276,-10.637362,16.367222,17.957232,-25.603413,-0.7227147,-19.08627,-4.144855,-18.475677,1.8670142,-4.514696,10.256327,-8.139746,-9.767338,29.020847,-20.068943,34.85979,10.129617,-27.311352,46.578064,65.9462
831,-21.504756927490234,-604.6881713867188,60.374935150146484,6.185909240246738,-2.2319709480789673,-93.93411826610357,10.257007,-9.623559,16.524654,19.089228,-26.297268,-1.1376733,-18.347326,-3.0753152,-18.763212,1.2232757,-2.4992793,7.9167123,-8.337288,-10.679803,29.164394,-20.006447,36.522957,10.34065,-27.30817,46.844524,65.19084
832,-21.6008243560791,-605.268310546875,60.38153839111328,5.441454214868736,-2.336169489366643,-93.86899943791303,10.408082,-8.61669,16.636423,20.253347,-26.81956,-1.5314343,-17.778416,-2.1305187,-18.92283,0.9281982,-0.64276004,5.8254323,-8.523106,-11.363326,29.308777,-20.013065,37.990444,10.431566,-27.288593,46.97293,64.56668
833,-21.70989227294922,-605.871337890625,60.38949966430664,4.67164466675022,-2.457422249597893,-93.69036570004529,10.504428,-7.534734,16.72277,21.631662,-27.312496,-1.9049269,-17.23346,-1.2228203,-18.94297,0.65075445,1.3135967,4.0156727,-8.781958,-11.972021,29.452385,-20.057522,39.47866,10.481389,-27.25249,46.951023,63.973507
834,-21.824853897094727,-606.4915771484375,60.3950080871582,3.7664355141132626,-2.5716873941843312,-93.33266346768491,10.456709,-6.227866,16.726625,23.377224,-27.879347,-2.2795868,-16.717564,-0.27584615,-19.001097,0.464338,3.344915,2.283824,-8.988832,-12.568405,29.934912,-20.41443,40.845238,10.669697,-27.078133,46.510136,63.34367
835,-21.940885543823242,-607.1228637695312,60.40534210205078,2.8687122718021585,-2.6929740145137635,-92.9917009438914,10.381543,-4.8939886,16.737602,25.201437,-28.279364,-2.642595,-16.46297,0.5548515,-19.0136,0.98560935,4.923515,0.66898346,-9.109216,-12.942705,30.307365,-20.713366,42.126358,10.890758,-26.894161,45.862568,62.713722
836,-22.06300926208496,-607.7598876953125,60.42755126953125,1.9818976293218438,-2.8401055281891914,-92.64966334473343,10.236842,-3.5080078,16.684504,27.213392,-28.485395,-2.9997382,-16.108316,1.3999058,-19.12101,1.3520838,6.358372,-0.79798335,-9.275389,-13.547997,30.464746,-21.161997,43.80579,11.140328,-26.762531,45.228535,62.013298
837,-22.19060516357422,-608.3973388671875,60.45170974731445,1.0764787641065594,-3.0058714731927987,-92.2917738797907,10.004881,-2.050538,16.585247,29.48689,-28.552757,-3.3452494,-15.709938,2.2560332,-19.340176,1.6935802,7.6134458,-2.0783887,-9.423968,-14.191462,30.539553,-21.722198,45.655754,11.459747,-26.635538,44.47453,61.243317
838,-22.327335357666016,-609.0314331054688,60.481143951416016,0.13895796727095963,-3.183427854845869,-91.90456068192313,9.707264,-0.5287064,16.45538,31.983582,-28.495886,-3.7019012,-15.292425,3.1179023,-19.617744,2.0730674,8.723927,-3.2021046,-9.5898695,-14.851379,30.577007,-22.366041,47.651684,11.8253975,-26.50099,43.621357,60.4203
839,-22.484853744506836,-609.6710205078125,60.52876281738281,-0.8076995245003923,-3.3728802991723703,-91.53547794364735,9.360345,1.024639,16.281527,34.608154,-28.205597,-4.126129,-14.933569,3.9577498,-19.91104,2.7069774,9.429159,-4.2085905,-9.734645,-15.453009,30.581297,-23.048656,49.711758,12.220631,-26.36369,42.76581,59.55185
840,-22.65930938720703,-610.3123779296875,60.5822868347168,-1.7359322508037802,-3.575235537991671,-91.23508971460816,8.978538,2.58062,16.047024,37.25625,-27.572588,-4.6715975,-14.778157,4.7211037,-20.177038,3.9752808,9.3733015,-5.124424,-9.8273115,-15.975547,30.549429,-23.751816,51.802605,12.615105,-26.231966,42.017094,58.646862
841,-22.831146240234375,-610.9342041015625,60.633480072021484,-2.6588805953362624,-3.8061389428096497,-91.04751257123073,8.578301,4.1568494,15.7783375,39.925076,-26.510239,-5.437652,-15.3590355,5.210068,-20.409712,7.3115754,7.590933,-5.923793,-9.827604,-16.407139,30.484106,-24.456408,53.959846,13.041912,-26.103367,41.36803,57.680553
842,-22.998573303222656,-611.5697631835938,60.67757034301758,-3.4892638841994286,-4.061970078201423,-90.94392708734175,8.162497,5.634005,15.470737,42.641037,-25.09868,-6.3977304,-15.801702,5.7044797,-20.548788,10.38365,5.566469,-6.6267776,-9.749596,-16.639994,30.373262,-25.07782,56.0593,13.417175,-25.98194,40.777817,56.75572
843,-23.153770446777344,-612.1964721679688,60.7109260559082,-4.2199408753516074,-4.300680651693712,-90.79907155717575,7.677654,6.9808865,15.00336,45.376057,-23.480366,-7.414502,-15.394196,6.4624896,-20.641836,11.2241125,4.6584883,-7.2424273,-9.716826,-16.648163,30.217222,-25.590813,57.982742,13.668863,-25.881742,40.287743,55.880505
844,-23.30099868774414,-612.8299560546875,60.75246810913086,-4.917861154007129,-4.533346232801613,-90.63248344442526,7.1273074,8.248853,14.406356,48.10745,-21.794655,-8.334398,-14.853917,7.228054,-20.74471,11.6968155,4.003902,-7.709905,-9.699166,-16.525274,30.043911,-26.107761,59.758587,13.822721,-25.799618,39.934364,54.996494
845,-23.443307876586914,-613.458251953125,60.794490814208984,-5.553348329149077,-4.774300198096104,-90.45998833274001,6.511756,9.419599,13.663226,50.84744,-20.032093,-9.133203,-14.224502,7.9440203,-20.827522,11.94152,3.5539913,-7.965819,-9.689966,-16.227549,29.845022,-26.58364,61.378788,13.814761,-25.742407,39.763203,54.17049
846,-23.579668045043945,-614.0686645507812,60.828983306884766,-6.140459038519031,-5.0265002319523395,-90.29764327301164,5.8310537,10.510836,12.78481,53.60207,-18.127226,-9.893466,-13.514453,8.630447,-20.87133,12.006031,3.1753867,-8.0394945,-9.671108,-15.768391,29.6261,-27.02312,62.88071,13.689234,-25.705357,39.733627,53.368904
847,-23.714784622192383,-614.6666259765625,60.861366271972656,-6.684406602669321,-5.266700967016934,-90.13213028715197,5.07043,11.503222,11.795672,56.327065,-16.116343,-10.588353,-12.79466,9.269326,-20.91048,12.012724,2.820392,-8.044958,-9.628827,-15.147694,29.400824,-27.458637,64.17282,13.517799,-25.680424,39.74962,52.52503
848,-23.838088989257812,-615.2447509765625,60.88969039916992,-7.194898500063716,-5.469623321587399,-89.94853349842295,4.210078,12.383707,10.721931,58.98649,-14.041788,-11.185699,-12.133809,9.85487,-20.984701,12.060182,2.4529364,-8.0972,-9.5508175,-14.373272,29.182104,-27.930265,65.16759,13.368862,-25.659767,39.72251,51.57295
849,-23.95570182800293,-615.8087768554688,60.918636322021484,-7.666828165238087,-5.6224226538385755,-89.71832033334128,3.1872811,13.138762,9.463819,61.661484,-11.906521,-11.568629,-11.556589,10.386476,-21.133278,12.163739,2.0664315,-8.235402,-9.454992,-13.4134035,28.967333,-28.437061,65.80843,13.275261,-25.64296,39.649616,50.46923
850,-24.06572914123535,-616.3541259765625,60.94803237915039,-8.098419631349977,-5.738968925233168,-89.45837930682153,2.025211,13.77521,8.043968,64.34447,-9.679252,-11.783295,-11.02696,10.871217,-21.32629,12.264427,1.6840142,-8.396595,-9.336716,-12.283939,28.754723,-28.975286,66.15518,13.1870365,-25.634893,39.575245,49.265194
851,-24.176212310791016,-616.8935546875,60.97935485839844,-8.491090073468959,-5.835230071812484,-89.22123496994693,0.8301185,14.325054,6.665507,66.88137,-7.356861,-12.02662,-10.52372,11.32022,-21.50438,12.350464,1.3106196,-8.54289,-9.15557,-11.064377,28.556679,-29.579739,66.29757,13.052729,-25.63495,39.479683,48.035275
852,-24.274145126342773,-617.40380859375,61.00546646118164,-8.85179195982218,-5.928540283043798,-89.05867465571065,-0.29201347,14.833342,5.520431,69.12353,-4.9467397,-12.485657,-10.022365,11.746181,-21.60917,12.406332,0.9539611,-8.636104,-8.872206,-9.833802,28.384226,-30.281855,66.326355,12.824753,-25.641571,39.335903,46.85195
853,-24.35581398010254,-617.8915405273438,61.0330810546875,-9.181982146238864,-6.017264483822903,-88.97299616372253,-1.3465827,15.339664,4.6443057,71.05038,-2.1373045,-13.272509,-9.517543,12.160604,-21.644722,12.405582,0.6253614,-8.65887,-8.482068,-8.593113,28.240065,-31.118044,66.21596,12.472463,-25.657808,39.158142,45.71681
854,-24.424718856811523,-618.3675537109375,61.06409454345703,-9.47864034588431,-6.097180678173463,-88.93999095841671,-2.3881414,15.821847,3.9146962,72.75473,0.9686946,-14.24232,-9.023991,12.558302,-21.639843,12.361408,0.31978863,-8.636728,-8.007912,-7.324452,28.118645,-32.074703,65.95054,12.020879,-25.68395,38.95158,44.604546
855,-24.475210189819336,-618.8370971679688,61.102516174316406,-9.703081182225263,-6.184287782930571,-88.96071987148355,-3.367891,16.420424,3.802366,74.24291,3.7508519,-14.323944,-8.568331,12.864895,-21.58117,12.388415,-0.015293339,-8.57729,-7.458306,-6.047354,28.011177,-33.08898,65.59925,11.488047,-25.715414,38.673275,43.578228
856,-24.520984649658203,-619.286865234375,61.139835357666016,-9.87969406787244,-6.292483729472429,-89.05441763620198,-4.262024,16.974892,3.7611642,75.54486,5.556848,-14.323944,-8.126951,13.129602,-21.442942,12.458928,-0.3584629,-8.523844,-6.828712,-4.8318386,27.917873,-34.12559,65.29317,10.941014,-25.743063,38.283745,42.631077
857,-24.570005416870117,-619.7117919921875,61.17220687866211,-10.016998134336484,-6.42781002572701,-89.23947204145627,-5.046023,17.45975,3.735449,76.662056,6.1392365,-14.323944,-7.6855316,13.372495,-21.203194,12.55086,-0.69588596,-8.479657,-6.0873046,-3.6932266,27.844543,-35.24358,65.03233,10.407785,-25.763483,37.758278,41.744686
858,-24.612157821655273,-620.1334838867188,61.2032470703125,-10.115028484201599,-6.583333640971303,-89.50423122357536,-5.7377577,17.89548,3.7671406,77.583435,5.8681607,-14.323944,-7.243505,13.590032,-20.87814,12.649849,-1.024618,-8.430898,-5.2443457,-2.6159227,27.78886,-36.451332,64.7804,9.855066,-25.781338,37.128094,40.919636
859,-24.656023025512695,-620.54296875,61.236148834228516,-10.18330814361094,-6.753361294636161,-89.82970707147342,-6.366662,18.237497,3.7463202,78.30948,5.0156584,-14.323944,-6.8023853,13.785505,-20.490833,12.751982,-1.3425977,-8.386557,-4.3532534,-1.6084727,27.738916,-37.62624,64.6021,9.26968,-25.79785,36.434063,40.162117
860,-24.694578170776367,-620.955810546875,61.27333068847656,-10.230690967415946,-6.93204836339768,-90.1965350298377,-6.961791,18.44389,3.5675192,78.83999,3.8544633,-14.323944,-6.3618503,13.9638405,-20.06409,12.850079,-1.6461412,-8.355868,-3.4687293,-0.66527873,27.6829,-38.636402,64.55051,8.641318,-25.81448,35.71376,39.479633
861,-24.727733612060547,-621.3522338867188,61.31150817871094,-10.25961975048893,-7.1341334181348355,-90.62235314391287,-7.517187,18.428366,3.089427,79.165695,2.2420273,-14.323944,-5.912715,14.132172,-19.580765,12.949867,-1.934299,-8.349661,-2.5778916,0.2065403,27.618391,-39.472942,64.65602,7.969712,-25.829733,34.964973,38.88743
862,-24.76386070251465,-621.7451782226562,61.3507194519043,-10.25443858655915,-7.356879135299537,-91.10757966845131,-8.020218,18.254114,2.4327002,79.28877,0.114316136,-14.323944,-5.463873,14.272271,-19.038778,13.068954,-2.217692,-8.356926,-1.6590496,1.0249822,27.548786,-40.194775,64.86474,7.254268,-25.843801,34.174374,38.386482
863,-24.76641845703125,-622.1137084960938,61.396427154541016,-10.188104756280987,-7.568309837533956,-91.58969459451393,-8.489717,18.261677,2.3643494,79.21583,-2.1325324,-13.382292,-5.062208,14.30323,-18.501354,13.266464,-2.5351923,-8.338473,-0.7682726,1.8536748,27.46912,-40.766907,65.07675,6.4719925,-25.862082,33.364067,37.982346
864,-24.770645141601562,-622.4769897460938,61.44465637207031,-10.107018621629303,-7.734483301367956,-92.06063532166984,-8.957205,18.381979,2.5069714,78.97838,-4.14888,-12.571706,-4.6868777,14.311745,-17.978237,13.413003,-2.8245125,-8.303964,0.07009783,2.6863568,27.384445,-41.163513,65.28543,5.6616793,-25.883503,32.552135,37.581665
865,-24.76964569091797,-622.8342895507812,61.501075744628906,-10.01554311798974,-7.845274066090181,-92.52082760057255,-9.418504,18.650642,2.9123995,78.55564,-5.886514,-12.047501,-4.3402195,14.302586,-17.468552,13.490125,-3.0749474,-8.25496,0.85005796,3.52543,27.292198,-41.339787,65.50125,4.8021646,-25.90918,31.73726,37.197716
866,-24.762659072875977,-623.181396484375,61.562339782714844,-9.905298419017402,-7.917775123525807,-92.98421263365873,-9.861002,18.998894,3.5103467,77.94408,-7.528392,-11.6838,-4.0176406,14.2714405,-16.9584,13.522703,-3.297065,-8.197669,1.5920049,4.360705,27.192383,-41.326824,65.73966,3.886389,-25.939686,30.915552,36.856762
867,-24.744064331054688,-623.5136108398438,61.626197814941406,-9.784531883418845,-7.961569968319347,-93.43836947527184,-10.290815,19.3835,4.222326,77.18358,-9.055736,-11.345845,-3.710974,14.221326,-16.460243,13.518698,-3.4989686,-8.128733,2.2875123,5.2013254,27.089928,-41.198963,65.96163,2.9622343,-25.974562,30.097626,36.5139
868,-24.726537704467773,-623.8404541015625,61.693458557128906,-9.655378448387465,-7.986332036154001,-93.87105612384934,-10.717273,19.759304,4.9634852,76.31654,-10.453504,-10.8960495,-3.4129736,14.153243,-15.986829,13.489882,-3.6922476,-8.043996,2.9296534,6.056539,26.990025,-41.03089,66.126755,2.0750031,-26.013237,29.295547,36.125275
869,-24.701955795288086,-624.1627807617188,61.761878967285156,-9.51597021093099,-7.9836525425771585,-94.2743213658236,-11.1602545,20.133883,5.7550216,75.35787,-11.703981,-10.269509,-3.1251836,14.06146,-15.546747,13.422062,-3.8710232,-7.934742,3.472112,6.9848623,26.906334,-40.723557,66.191246,1.1660134,-26.042873,28.569405,35.726265
870,-24.67433738708496,-624.4906616210938,61.83066940307617,-9.36437015630156,-7.951546506067592,-94.655472255822,-11.603836,20.512522,6.6308236,74.28219,-12.8296995,-9.5613365,-2.848258,13.947794,-15.131704,13.310359,-4.030486,-7.8056183,3.9837196,7.903622,26.811598,-40.36017,66.224205,0.2861003,-26.081541,27.813002,35.297
871,-24.645225524902344,-624.8023681640625,61.893592834472656,-9.210390521456949,-7.911166596345042,-95.02529717152139,-12.011953,20.853117,7.520172,73.0807,-13.872058,-8.863526,-2.5767734,13.822716,-14.730282,13.187991,-4.18612,-7.6728735,4.453329,8.815528,26.720194,-40.00371,66.22181,-0.5465333,-26.121935,27.080908,34.81218
872,-24.61212921142578,-625.1013793945312,61.95232391357422,-9.058223979328217,-7.883043791084866,-95.39478784384052,-12.348145,21.115728,8.353961,71.73528,-14.86418,-8.25943,-2.3092093,13.691557,-14.331886,13.094643,-4.3569913,-7.552371,4.874426,9.726991,26.63317,-39.72896,66.173874,-1.3367432,-26.167887,26.414831,34.27212
873,-24.580413818359375,-625.4169311523438,62.012840270996094,-8.90209277909292,-7.873243731203331,-95.76776488766689,-12.596603,21.303976,9.145594,70.22456,-15.842693,-7.7454877,-2.0397089,13.55178,-13.933615,13.03452,-4.5485396,-7.4516616,5.262211,10.648716,26.558004,-39.56352,66.071106,-2.0381665,-26.212492,25.784193,33.638306
874,-24.543842315673828,-625.7307739257812,62.073970794677734,-8.742891029017374,-7.8698069899926075,-96.1387213211198,-12.78062,21.437353,9.9265375,68.56228,-16.778362,-7.281088,-1.7766328,13.400347,-13.541983,13.0001335,-4.7581353,-7.360679,5.6103253,11.576739,26.490133,-39.46741,65.91371,-2.665043,-26.257044,25.18376,32.92115
875,-24.509122848510742,-626.0286865234375,62.13094711303711,-8.590504171924339,-7.8642563810990405,-96.50309914001684,-12.9262905,21.508905,10.653406,66.782524,-17.599415,-6.8832655,-1.521869,13.249369,-13.157181,12.967877,-4.964163,-7.269546,5.910813,12.470515,26.43057,-39.41892,65.73216,-3.246211,-26.300028,24.641542,32.145424
876,-24.471158981323242,-626.312744140625,62.175559997558594,-8.451992873438924,-7.848583817942092,-96.85071412833145,-13.063112,21.508942,11.278536,64.91939,-18.232176,-6.5632043,-1.2900827,13.102226,-12.787547,12.947271,-5.166375,-7.167763,6.186365,13.289278,26.37273,-39.415394,65.553474,-3.7571316,-26.347544,24.09984,31.31254
877,-24.432331085205078,-626.5885009765625,62.2169075012207,-8.332958905548084,-7.812900093739167,-97.18436061801815,-13.215956,21.449078,11.78966,62.980145,-18.61568,-6.279017,-1.0851828,12.970589,-12.431095,12.91727,-5.3520594,-7.057621,6.3913784,14.01001,26.326818,-39.435493,65.38799,-4.2181864,-26.387484,23.652195,30.396631
878,-24.393108367919922,-626.8685913085938,62.2602653503418,-8.224754593247102,-7.7617559038453665,-97.50860633531015,-13.365637,21.331451,12.217942,60.94606,-18.801657,-6.0250654,-0.9086216,12.84123,-12.085364,12.894518,-5.5327845,-6.9430666,6.570249,14.668959,26.282276,-39.495132,65.20754,-4.599276,-26.431002,23.196571,29.397202
879,-24.352737426757812,-627.1380615234375,62.299312591552734,-8.126076762684242,-7.71185706165843,-97.82858754210163,-13.473625,21.165579,12.582341,58.821915,-18.89393,-5.8695574,-0.7406944,12.713841,-11.74065,12.888279,-5.7149067,-6.8172297,6.7299633,15.272757,26.24127,-39.595196,65.02491,-4.9041452,-26.476542,22.762152,28.34383
880,-24.310102462768555,-627.4053344726562,62.33226013183594,-8.048282336519385,-7.6832440866061305,-98.13387696621952,-13.505006,20.967157,12.881226,56.613663,-18.994795,-5.8821535,-0.54697335,12.600994,-11.399672,12.876915,-5.8868985,-6.6738405,6.80794,15.838376,26.21172,-39.681274,64.86197,-5.15868,-26.509254,22.45874,27.26344
881,-24.27080535888672,-627.6982421875,62.36371994018555,-7.9719246778650925,-7.677057908549996,-98.50778129038073,-13.413495,20.745007,13.17834,54.27543,-19.13787,-6.129346,-0.34658515,12.489911,-10.980063,12.901081,-6.056115,-6.50259,6.947835,16.398497,26.183237,-39.78691,64.67327,-5.317049,-26.544855,22.161343,26.132063
882,-24.232725143432617,-628.001953125,62.392024993896484,-7.905271813073972,-7.68884279760867,-98.91925530751705,-13.228848,20.50285,13.442883,51.81795,-19.26435,-6.5467916,-0.1450669,12.38459,-10.515548,12.958674,-6.227815,-6.309593,7.104397,16.922924,26.157324,-39.91785,64.481766,-5.3716683,-26.583473,21.887949,24.929443
883,-24.187091827392578,-628.2926635742188,62.41529083251953,-7.846740737946915,-7.705041498363455,-99.33300125098316,-12.989578,20.244215,13.6929455,49.297237,-19.335081,-7.019263,0.05443811,12.282467,-10.049627,13.026114,-6.4022183,-6.1152782,7.247899,17.387678,26.13452,-40.0653,64.301994,-5.3421874,-26.624155,21.64082,23.69032
884,-24.14510154724121,-628.5628051757812,62.437767028808594,-7.7916282177513825,-7.710389081245961,-99.71615080869653,-12.73843,19.969437,13.947322,46.777393,-19.309883,-7.437238,0.23950484,12.179135,-9.624431,13.100421,-6.5933666,-5.939786,7.3560877,17.76942,26.114878,-40.21855,64.14578,-5.258557,-26.665854,21.418377,22.455936
885,-24.101301193237305,-628.836181640625,62.455265045166016,-7.753319420191649,-7.698216706918479,-100.0524887460028,-12.458864,19.684767,14.232731,44.157307,-19.243065,-7.8262863,0.3997989,12.08485,-9.261707,13.189866,-6.8099866,-5.791982,7.402446,18.06526,26.09866,-40.37498,64.017105,-5.1113896,-26.706085,21.21961,21.206463
886,-24.05379295349121,-629.0997314453125,62.46688461303711,-7.732231015468763,-7.675374978317217,-100.35585193152632,-12.140377,19.383553,14.5243435,41.434666,-19.129799,-8.2294235,0.54504323,12.000102,-8.940631,13.289166,-7.042814,-5.660063,7.401212,18.285769,26.086084,-40.536484,63.909412,-4.9055448,-26.74434,21.050354,19.940975
887,-24.007091522216797,-629.373046875,62.48097229003906,-7.701045317480343,-7.647367086394135,-100.64043304240117,-11.836633,19.048075,14.761685,38.83146,-18.852934,-8.5579,0.6884956,11.902677,-8.640571,13.377402,-7.275239,-5.533964,7.3800883,18.435165,26.076323,-40.692844,63.814262,-4.6668253,-26.78216,20.91514,18.71173
888,-23.96735191345215,-629.6536254882812,62.49439239501953,-7.634828696372769,-7.61888106686349,-100.92023891180703,-11.606099,18.672909,14.880072,36.584282,-18.305817,-8.713904,0.8455859,11.770445,-8.340353,13.429003,-7.488765,-5.4035287,7.365765,18.520271,26.067844,-40.829426,63.721855,-4.427791,-26.822863,20.821093,17.574362
889,-23.94058609008789,-629.9446411132812,62.50079345703125,-7.549492595556272,-7.598211630215458,-101.09561402820079,-11.555037,18.233587,14.673078,34.791214,-17.321714,-8.633172,1.0266508,11.605999,-8.134012,13.4613,-7.7116547,-5.266355,7.283075,18.572544,26.063335,-40.89968,63.63722,-4.3484855,-26.846867,20.807852,16.715813
890,-23.90108299255371,-630.2142944335938,62.543277740478516,-7.395577881775901,-7.570856329891928,-101.32123768023361,-11.551002,17.737696,14.387871,33.221893,-15.961273,-8.380877,1.2355825,11.383067,-7.8716116,13.399467,-7.876366,-5.131741,7.2495317,18.575024,26.058361,-40.96513,63.51113,-4.224216,-26.878159,20.837944,15.869556
891,-23.859533309936523,-630.4639892578125,62.591285705566406,-7.227233790790574,-7.540526144185416,-101.56443845783566,-11.554477,17.290474,14.13813,31.989151,-14.629805,-8.038461,1.4402833,11.145178,-7.5937963,13.333301,-8.033505,-4.99306,7.2289634,18.51389,26.053303,-41.017044,63.39444,-4.073438,-26.915436,20.906654,15.079041
892,-23.809722900390625,-630.719970703125,62.64030838012695,-7.088216746676563,-7.505906308350971,-101.80450468287069,-11.503158,16.96383,14.05426,31.149,-13.702744,-7.683166,1.6255406,10.931134,-7.326532,13.293425,-8.1960535,-4.8454275,7.186255,18.37569,26.04884,-41.051422,63.32162,-3.8878365,-26.956406,21.00744,14.334306
893,-23.760513305664062,-630.9761962890625,62.66917419433594,-7.00655027303707,-7.465586537089273,-102.03283248513969,-11.395282,16.803532,14.190084,30.896404,-13.3547735,-7.288725,1.7681779,10.763984,-7.0859017,13.3321295,-8.3953705,-4.677652,7.10696,18.13414,26.045797,-41.059536,63.324646,-3.6434183,-26.997795,21.131838,13.598435
894,-23.703838348388672,-631.2316284179688,62.69052505493164,-6.972382919793383,-7.418820431303379,-102.24900174679003,-11.268563,16.763966,14.451693,31.145071,-13.363724,-6.8337083,1.8963964,10.637268,-6.8633037,13.381122,-8.595427,-4.4964924,7.0006137,17.785915,26.044638,-41.039124,63.399754,-3.3510845,-27.03818,21.27864,12.878433
895,-23.643455505371094,-631.4638671875,62.6941032409668,-6.951696548927628,-7.362904235184113,-102.45340183993378,-11.1234255,16.760242,14.753444,31.550049,-13.527672,-6.3933926,2.0166965,10.520677,-6.6518803,13.421987,-8.784926,-4.317437,6.8590136,17.366774,26.045101,-40.9957,63.508133,-3.0132275,-27.076984,21.448986,12.200937
896,-23.59760093688965,-631.7342529296875,62.69414520263672,-6.901542930871494,-7.29654905188665,-102.643837776761,-10.953181,16.694979,15.014177,31.751926,-13.632435,-6.045538,2.1445377,10.376613,-6.4457026,13.425047,-8.947924,-4.1552606,6.682367,16.920649,26.046747,-40.94287,63.59986,-2.6573582,-27.116062,21.64933,11.620191
897,-23.556779861450195,-632.0012817382812,62.705318450927734,-6.804367921311274,-7.220031035917792,-102.80917936113018,-10.742942,16.52818,15.209813,31.655586,-13.63629,-5.8242216,2.2875144,10.186147,-6.2489076,13.377525,-9.077773,-4.0142617,6.47708,16.469301,26.049494,-40.89639,63.647667,-2.3338656,-27.158512,21.891235,11.187815
898,-23.508167266845703,-632.2527465820312,62.73556900024414,-6.668930911633977,-7.137246310134999,-102.9429551037748,-10.489445,16.291754,15.380008,31.428232,-13.631475,-5.683001,2.4303522,9.953099,-6.075118,13.322548,-9.2011795,-3.885641,6.2345424,16.005245,26.053385,-40.858196,63.659462,-2.032578,-27.204535,22.17712,10.895848
899,-23.45026397705078,-632.4904174804688,62.78816604614258,-6.503097561906938,-7.049549781481958,-103.06005843795138,-10.204968,16.002731,15.550643,31.104605,-13.604675,-5.5783405,2.572376,9.6871395,-5.918574,13.250352,-9.308493,-3.7641692,5.9738626,15.51037,26.058813,-40.831154,63.649353,-1.7663798,-27.253902,22.506475,10.7592945
900,-23.386293411254883,-632.7290649414062,62.85758590698242,-6.286447007912864,-6.924400097176234,-103.2618850798052,-9.896412,15.67318,15.839117,30.687838,-13.535589,-5.470764,2.6501398,9.372927,-5.697535,13.211102,-9.417359,-3.6451848,5.617038,14.871882,26.064255,-40.7512,63.683876,-1.5959831,-27.35066,23.148733,10.721796
901,-23.325035095214844,-632.9603881835938,62.9249153137207,-6.046067648147543,-6.831223909785895,-103.42885544050412,-9.5541525,15.299182,16.131735,30.227015,-13.429883,-5.34204,2.740005,9.029033,-5.5259604,13.204657,-9.537455,-3.5313954,5.28429,14.309754,26.069757,-40.67192,63.65343,-1.5024364,-27.43225,23.753511,10.95788
902,-23.270780563354492,-633.1832275390625,62.98678970336914,-5.760674820878064,-6.736187813701634,-103.63242599883264,-9.17258,14.877801,16.493795,29.683601,-13.292931,-5.2185326,2.8033273,8.64094,-5.3321652,13.237449,-9.665857,-3.4240334,4.906588,13.715511,26.076197,-40.559074,63.6174,-1.5618049,-27.527277,24.568233,11.419326
903,-23.21551513671875,-633.4044799804688,63.045467376708984,-5.426759365959598,-6.625042517291783,-103.84097406987534,-8.771405,14.387589,16.8794,29.03932,-13.109806,-5.102666,2.8152251,8.19685,-5.1449203,13.342428,-9.830928,-3.3169966,3.91522,13.539907,26.048122,-39.627216,63.36147,-2.2632077,-27.648478,26.39844,12.241708
904,-23.164522171020508,-633.6171875,63.09934997558594,-5.151092689706059,-6.509267749931644,-104.02964553880653,-8.399431,13.953945,17.216946,28.416962,-12.945713,-5.012497,2.8860695,7.8171988,-4.963603,13.275937,-9.89103,-3.2111535,3.837682,12.77499,26.066168,-39.690536,63.308643,-1.9801196,-27.6575,26.648241,12.815505
905,-23.108821868896484,-633.8242797851562,63.15584182739258,-4.863714281499821,-6.343000041715702,-104.28707301263293,-8.034675,13.510553,17.609898,27.719397,-12.756657,-4.9619455,2.9043396,7.425263,-4.716186,13.186177,-9.922989,-3.0996325,3.811087,11.896158,26.08844,-39.736904,63.249203,-1.7985319,-27.673096,27.003214,13.542027
906,-23.03713607788086,-634.0159912109375,63.221656799316406,-4.531249156180018,-6.107357472893645,-104.65468702312133,-7.6654963,13.025952,18.116945,26.908962,-12.5255995,-4.945378,2.821365,6.9877257,-4.370574,13.147127,-9.966803,-2.9839885,3.3400264,11.238779,26.118782,-39.129944,63.039803,-2.4258757,-27.668137,28.416998,14.756266
907,-22.967628479003906,-634.211181640625,63.2944450378418,-4.239233665700996,-5.915987615419899,-104.9157568109022,-7.2908006,12.547433,18.51026,26.1059,-12.294544,-4.930541,2.8195164,6.585425,-4.122261,13.026247,-9.970571,-2.871992,3.4077168,10.308591,26.138475,-39.120224,62.91039,-2.163231,-27.674257,28.647585,15.669304
908,-22.899703979492188,-634.4137573242188,63.36767578125,-3.9205729826761666,-5.694340485514904,-105.28559586547068,-6.8977427,12.050512,19.023825,25.24883,-12.053938,-4.901256,2.7336454,6.1561265,-3.7762415,13.002801,-10.0193405,-2.7677941,3.0495617,9.6237135,26.17664,-38.438606,62.646786,-2.6205707,-27.651798,29.890036,16.979324
909,-22.825889587402344,-634.6063842773438,63.43365478515625,-3.623586085809703,-5.5321866216671,-105.58555751999273,-6.4848413,11.555784,19.4739,24.419764,-11.831133,-4.8323827,2.6974688,5.7444963,-3.497681,12.996629,-10.083897,-2.6829429,2.8897572,8.891805,26.205496,-37.92307,62.373005,-2.7185228,-27.623951,30.700808,18.247797
910,-22.751813888549805,-634.7821655273438,63.49250793457031,-3.3289133175830017,-5.386565924161956,-105.88518961521719,-6.058915,11.054626,19.929338,23.57731,-11.611985,-4.7412252,2.6596034,5.332798,-3.221659,13.019776,-10.163233,-2.610508,2.7566628,8.171353,26.234657,-37.34269,62.05864,-2.7742345,-27.593138,31.50429,19.597616
911,-22.69017791748047,-634.9625854492188,63.5444450378418,-3.0303373820595376,-5.25284267888485,-106.17548385066283,-5.621883,10.539571,20.371738,22.708374,-11.379885,-4.6432676,2.6225808,4.917039,-2.9565854,13.0630865,-10.255885,-2.5319433,2.6318724,7.4622645,26.26657,-36.721653,61.70885,-2.8223753,-27.557587,32.32051,21.028765
912,-22.63053321838379,-635.14990234375,63.59605026245117,-2.7269009575125605,-5.128354606728366,-106.44685157489822,-5.1706963,10.002077,20.783588,21.794514,-11.115874,-4.5560813,2.592508,4.493932,-2.7105045,13.110431,-10.356227,-2.428742,2.510295,6.7547407,26.303362,-36.102314,61.33206,-2.8684084,-27.519703,33.137615,22.523296
913,-22.572982788085938,-635.323486328125,63.64680099487305,-2.40797746824112,-5.014888187831698,-106.69661371409096,-4.6938033,9.426451,21.161095,20.812807,-10.806226,-4.4832563,2.5744631,4.0535526,-2.4872568,13.1592245,-10.464091,-2.287775,2.3954687,6.056974,26.345285,-35.48796,60.90984,-2.9141612,-27.479315,33.9489,24.101633
914,-22.502735137939453,-635.4945068359375,63.68997573852539,-2.0704712515131405,-4.913684750037413,-106.93198857453926,-4.2051234,8.817587,21.51406,19.80324,-10.47838,-4.4166646,2.5655527,3.5928433,-2.2801993,13.214114,-10.579492,-2.122418,2.294465,5.3825846,26.39011,-34.858,60.42802,-2.955601,-27.435802,34.756237,25.77029
915,-22.43768882751465,-635.6815795898438,63.72697830200195,-1.7107675970836096,-4.820006691140146,-107.16081319359564,-3.719306,8.183337,21.849833,18.793194,-10.145403,-4.354662,2.462126,3.1075144,-2.0867548,13.517347,-10.847183,-1.9509822,2.2105165,4.7313128,26.436478,-34.22175,59.899395,-3.0037615,-27.392607,35.56573,27.505209
916,-22.37327766418457,-635.8421020507812,63.75775146484375,-1.3716230399089668,-4.725226010595447,-107.38081998102058,-3.252498,7.572626,22.163074,17.803991,-9.815416,-4.2993994,2.356267,2.645747,-1.8997246,13.817316,-11.11812,-1.7949247,2.1303515,4.058753,26.48764,-33.59615,59.38991,-3.035661,-27.349815,36.3705,29.231375
917,-22.311872482299805,-635.9920654296875,63.78261947631836,-1.0671280825934157,-4.630982197967145,-107.58765516564551,-2.8224518,7.0104637,22.442644,16.880499,-9.509606,-4.25305,2.2569542,2.224978,-1.7225572,14.089722,-11.378768,-1.6629622,2.3884544,3.0913253,26.515432,-33.439266,59.005474,-2.7396784,-27.348072,36.65188,30.837103
918,-22.262630462646484,-636.1483764648438,63.80283737182617,-0.7508580683192305,-4.525297190785499,-107.80990848569435,-2.387273,6.4256196,22.726456,15.905519,-9.169152,-4.2150292,2.111412,1.7933807,-1.5303204,14.431122,-11.681853,-1.5412092,2.037709,2.5933309,26.607231,-32.42483,58.426697,-3.044357,-27.27369,37.922417,32.687145
919,-22.20842933654785,-636.3018188476562,63.82155990600586,-0.4901673308295491,-4.443330665225877,-107.96241809198287,-1.9847094,5.9057646,22.926609,15.025662,-8.867552,-4.1903925,2.0333164,1.4200956,-1.4019179,14.675097,-11.939042,-1.4254065,2.3013768,1.6074791,26.63345,-32.31135,58.051388,-2.6837227,-27.272478,38.135777,34.28512
920,-22.15395736694336,-636.4522705078125,63.83942794799805,-0.18603951407297062,-4.352486934472377,-108.17226604477905,-1.5074044,5.3120394,23.19484,13.958046,-8.4641905,-4.175495,1.9073524,1.005335,-1.2147557,15.004053,-12.241331,-1.3017712,1.9004563,1.1401205,26.745518,-31.264294,57.503494,-3.015042,-27.196337,39.4878,36.128727
921,-22.09853744506836,-636.5991821289062,63.85300064086914,0.05230794274952046,-4.300927762167184,-108.27598063693458,-1.0607344,4.7981763,23.352198,13.006429,-8.114184,-4.175138,1.8810914,0.65789723,-1.1263325,15.211889,-12.486005,-1.1738784,2.1159203,0.19461128,26.773214,-31.166704,57.166374,-2.6389697,-27.196682,39.717014,37.69411
922,-22.051071166992188,-636.7518310546875,63.86742401123047,0.34134989250291836,-4.252609093243,-108.42009606556267,-0.5110647,4.1883254,23.557632,11.803912,-7.623392,-4.1791515,1.8214284,0.2599724,-0.99554825,15.496232,-12.774407,-1.0393387,1.6578493,-0.25897935,26.892054,-30.171082,56.681778,-2.9417024,-27.135292,41.099384,39.516083
923,-22.0084285736084,-636.902587890625,63.87583541870117,0.5514636030471048,-4.2212538962878,-108.48745333918768,-0.06286423,3.7065237,23.670279,10.864091,-7.2708855,-4.1961327,1.8286018,-0.055189997,-0.93697685,15.67223,-13.005585,-0.9100361,1.8344848,-1.1843761,26.921165,-30.081503,56.383076,-2.5491042,-27.136635,41.335667,41.03681
924,-21.965097427368164,-637.0488891601562,63.877159118652344,0.7424524907113123,-4.186969579619406,-108.56268174036204,0.32370657,3.2766116,23.778662,10.075187,-6.99727,-4.219251,1.8184607,-0.34789103,-0.8686116,15.8732,-13.244209,-0.78468925,1.9312749,-2.1019247,26.959476,-29.927332,56.13493,-2.201739,-27.136843,41.681427,42.496174
925,-21.92236328125,-637.1918334960938,63.86008834838867,0.8777670110616472,-4.151800155509253,-108.64770450734578,0.53572834,2.9927413,23.876423,9.75114,-6.9874883,-4.267894,1.7784106,-0.58556724,-0.78691477,16.133717,-13.510384,-0.66332245,1.5682507,-2.8150723,27.064241,-29.243027,55.937294,-2.149476,-27.113333,42.67747,43.8981
926,-21.884103775024414,-637.3272705078125,63.84391784667969,0.958881116605846,-4.132182155899595,-108.66474106142441,0.6909956,2.7955625,23.896122,9.574069,-7.04438,-4.3323674,1.798739,-0.7634992,-0.7701743,16.292097,-13.718498,-0.54968613,1.6631612,-3.5944514,27.09059,-29.109968,55.65369,-1.6658987,-27.11037,42.842747,45.09202
927,-21.83819580078125,-637.4541015625,63.8310546875,1.0478632895681392,-4.100656964728681,-108.70720066138492,0.8549635,2.583952,23.939104,9.344732,-7.063507,-4.3882327,1.7950414,-0.94496226,-0.7270874,16.462736,-13.925112,-0.44000706,1.5634869,-4.602806,27.148901,-28.827595,55.62986,-1.2426844,-27.104004,43.241917,46.287983
928,-21.790576934814453,-637.58251953125,63.82316207885742,1.1202297445124991,-4.044637095807218,-108.71138583075357,0.9725527,2.3948712,23.945265,9.139371,-7.0773473,-4.4154105,1.8026488,-1.1033943,-0.7212,16.547194,-14.079755,-0.3389143,1.2946435,-5.3933606,27.233171,-28.374784,55.500694,-0.9775095,-27.091675,43.832584,47.477337
929,-21.755949020385742,-637.7021484375,63.81723403930664,1.1874071866417397,-3.9742435738005533,-108.66660264659107,1.0459032,2.222032,23.901285,8.972443,-7.093561,-4.4022055,1.8186746,-1.2483463,-0.7634818,16.581009,-14.205072,-0.24295424,0.99708813,-6.060022,27.318336,-27.897755,55.276806,-0.71658206,-27.075016,44.375267,48.667206
930,-21.728281021118164,-637.8075561523438,63.81515121459961,1.240065454379705,-3.891785654903482,-108.58835680502673,1.0907669,2.0673566,23.821997,8.817025,-7.0997186,-4.3608685,1.8424144,-1.374603,-0.8378651,16.565609,-14.300063,-0.1519523,0.6711973,-6.6780357,27.406076,-27.414185,55.027992,-0.45209202,-27.055178,44.882236,49.832436
931,-21.702302932739258,-637.9094848632812,63.816131591796875,1.286689328435821,-3.800252307426967,-108.50237722255088,1.1213428,1.9226544,23.736471,8.6573515,-7.088879,-4.3029394,1.8615481,-1.4882575,-0.9195209,16.52915,-14.375614,-0.06976979,0.44385487,-7.3019867,27.470589,-27.07031,54.76309,-0.11427221,-27.039682,45.202328,50.951187
932,-21.667272567749023,-637.9937744140625,63.819950103759766,1.326698397735745,-3.674774873165791,-108.39299543016406,1.1186444,1.7835425,23.633614,8.47534,-7.049986,-4.2394533,1.8577605,-1.5903186,-1.0246989,16.463772,-14.428413,-0.00071813544,0.15635844,-7.9130263,27.540964,-26.710331,54.505844,0.19243608,-27.021284,45.496822,52.02052
933,-21.634265899658203,-638.0733642578125,63.82664489746094,1.3585727977074904,-3.5090503767793417,-108.25903719662122,1.0771989,1.6512488,23.51543,8.264321,-6.9739475,-4.168917,1.8261622,-1.6775109,-1.1543914,16.36353,-14.453482,0.049432263,-0.15951832,-8.490041,27.617025,-26.348963,54.216736,0.44677678,-27.00087,45.757057,53.066
934,-21.611162185668945,-638.1390991210938,63.8358039855957,1.3832641424995769,-3.309131261199691,-108.10087784895747,0.9996788,1.5278946,23.379364,8.0341,-6.867857,-4.0875387,1.7739537,-1.7497176,-1.3078773,16.225012,-14.448969,0.08439782,-0.49376193,-9.026865,27.698236,-25.990902,53.89118,0.66874707,-26.978367,45.972088,54.084015
935,-21.59478187561035,-638.2063598632812,63.846534729003906,1.4074725569343343,-3.094122226460404,-107.9409389046229,0.90948063,1.403803,23.241451,7.788981,-6.746028,-4.0025296,1.7071289,-1.8190206,-1.4638629,16.079243,-14.435044,0.11539344,-0.84337276,-9.505505,27.783365,-25.632069,53.53971,0.9096124,-26.952087,46.108578,55.037106
936,-21.576332092285156,-638.2652587890625,63.85622024536133,1.4434405589359995,-2.882765596600461,-107.8049805920001,0.83217514,1.2691308,23.122152,7.5302114,-6.621741,-3.9204292,1.6264316,-1.8979323,-1.5969155,15.967462,-14.436053,0.1530366,-1.2044963,-9.912665,27.871107,-25.269562,53.178886,1.2246723,-26.919899,46.12525,55.885548
937,-21.556406021118164,-638.3253784179688,63.86496353149414,1.4941352539195811,-2.675836678202839,-107.69411612821948,0.7767703,1.1146501,23.021542,7.238326,-6.4848175,-3.8387954,1.5270251,-1.9922438,-1.7054226,15.906516,-14.462035,0.2014404,-1.6046349,-10.251313,27.960073,-24.89096,52.827007,1.6666862,-26.878103,45.949192,56.592964
938,-21.538623809814453,-638.38330078125,63.87202072143555,1.5507303654782103,-2.438561170212114,-107.5836727306048,0.705279,0.9488001,22.918386,6.9126673,-6.3296366,-3.7555969,1.3923981,-2.0920339,-1.8135694,15.8605795,-14.495076,0.2540866,-2.0004542,-10.388,28.091368,-24.398495,52.299633,2.2509675,-26.809605,45.46271,57.163815
939,-21.515792846679688,-638.4404296875,63.87826156616211,1.6123313793903735,-2.2334938909361086,-107.52615705468776,0.6735197,0.77976793,22.865202,6.581717,-6.176504,-3.6765716,1.2631809,-2.1959476,-1.870139,15.8506,-14.539723,0.3071766,-2.2686317,-10.452778,28.218468,-24.021597,51.73194,2.8779333,-26.74266,44.867294,57.694702
940,-21.49085235595703,-638.5081787109375,63.884674072265625,1.6658813738125722,-2.0516603012119234,-107.52366183549452,0.589839,0.6587202,22.864573,6.4691324,-6.1594415,-3.612165,1.1383741,-2.2934844,-1.8737785,15.856428,-14.583341,0.35627824,-2.3864267,-10.48822,28.341003,-23.771648,51.141773,3.4476552,-26.684616,44.306408,58.234375
941,-21.46333885192871,-638.5599365234375,63.889564514160156,1.7125963697710895,-1.9111736299659168,-107.58023413979367,0.51646256,0.5634391,22.921358,6.4557457,-6.2087994,-3.5605597,1.0313189,-2.3849068,-1.8217095,15.88253,-14.625944,0.39796352,-2.4354994,-10.593897,28.422098,-23.672436,50.680088,3.8644462,-26.65191,43.99145,58.82756
942,-21.426902770996094,-638.6143188476562,63.8939094543457,1.7517951656926287,-1.781496152970091,-107.6815500250025,0.45823255,0.4750916,23.021868,6.444013,-6.265866,-3.517313,0.9206703,-2.4708145,-1.7271669,15.919755,-14.666554,0.43490246,-2.397881,-10.654418,28.501926,-23.624617,50.201866,4.214635,-26.624025,43.7313,59.42454
943,-21.39697265625,-638.673828125,63.89502716064453,1.7832368902714786,-1.6949026418629092,-107.77376004445755,0.43534765,0.3940834,23.111143,6.4368544,-6.3242927,-3.4773023,0.8521215,-2.5509675,-1.6440455,15.951284,-14.704864,0.4728679,-2.3805704,-10.689496,28.543165,-23.619963,49.797817,4.5009646,-26.611912,43.62314,59.988277
944,-21.371784210205078,-638.727783203125,63.89427185058594,1.8171066461194378,-1.601247494169584,-107.89844045159822,0.41155833,0.31271684,23.231947,6.4302206,-6.390421,-3.4423938,0.77080977,-2.6325984,-1.5282964,15.986077,-14.747707,0.5178084,-2.3287408,-10.712615,28.584826,-23.629158,49.39519,4.7725883,-26.601614,43.538067,60.492283
945,-21.33898162841797,-638.7807006835938,63.89215087890625,1.847387343938604,-1.5194933244590696,-108.04532858939578,0.4028011,0.23557518,23.373508,6.4254007,-6.4643617,-3.4116082,0.70107865,-2.7113838,-1.390827,16.013462,-14.79203,0.5719397,-2.2246106,-10.683172,28.625599,-23.65069,48.974304,5.0278435,-26.593987,43.48993,60.937584
946,-21.31580352783203,-638.8402709960938,63.888065338134766,1.8748605291173608,-1.4514879455748875,-108.21331655074364,0.41014788,0.16128641,23.534702,6.4225764,-6.5451584,-3.3854942,0.6441386,-2.7886748,-1.2336258,16.034231,-14.83828,0.63211745,-2.089295,-10.608327,28.665026,-23.692732,48.547203,5.256004,-26.590431,43.500233,61.333195
947,-21.283241271972656,-638.898193359375,63.88353729248047,1.899025694721367,-1.3951874024627624,-108.3903878165346,0.42843863,0.09101806,23.704046,6.4209986,-6.627518,-3.364472,0.5981182,-2.86259,-1.0676683,16.049791,-14.881163,0.6950226,-1.9348049,-10.48086,28.702017,-23.744743,48.12229,5.4657774,-26.59048,43.559322,61.662834
948,-21.253625869750977,-638.9512329101562,63.879417419433594,1.9243378324034743,-1.3378107820000764,-108.56166981713174,0.44441706,0.023363741,23.867748,6.4183726,-6.706033,-3.348852,0.5514283,-2.9339256,-0.9062398,16.063892,-14.9190445,0.7574062,-1.803907,-10.325217,28.736158,-23.797112,47.729904,5.6640363,-26.593174,43.648193,61.902363
949,-21.227115631103516,-639.0037841796875,63.87581253051758,1.949753602115453,-1.2716702182237702,-108.71780864042543,0.44908327,-0.042632822,24.015488,6.414296,-6.779377,-3.3421304,0.49857247,-3.003788,-0.7595153,16.075624,-14.951985,0.8204819,-1.7038159,-10.150712,28.76786,-23.845531,47.367184,5.8686867,-26.597944,43.754177,62.02149
950,-21.204315185546875,-639.0558471679688,63.872135162353516,1.9748660038827919,-1.1982699242756298,-108.85871304495258,0.44467267,-0.1058304,24.147554,6.4087996,-6.8493032,-3.342943,0.4441183,-3.0708814,-0.6278439,16.078661,-14.979465,0.8852107,-1.6261435,-9.951472,28.79691,-23.890348,47.023777,6.0794783,-26.604975,43.874157,62.029232
951,-21.17957305908203,-639.1038208007812,63.87039566040039,1.9952097584852801,-1.120713978128107,-108.98339775481551,0.4322054,-0.16400796,24.264944,6.4041996,-6.916343,-3.3437812,0.39424765,-3.1325698,-0.51051855,16.064919,-14.998383,0.9483603,-1.5725094,-9.725051,28.82326,-23.932463,46.71179,6.2687793,-26.614655,44.00459,61.97122
952,-21.160320281982422,-639.1505126953125,63.86980438232422,2.007744733795077,-1.0488858792071596,-109.08897128068023,0.42101595,-0.21279003,24.366524,6.3989663,-6.9780746,-3.3363366,0.36326924,-3.18325,-0.40864402,16.020617,-14.999959,1.0061053,-1.5166087,-9.426405,28.845509,-23.96238,46.409977,6.41438,-26.626438,44.12897,61.90274
953,-21.141109466552734,-639.1973266601562,63.87008285522461,2.0184842623512522,-0.9676743397794371,-109.17150553339611,0.3962801,-0.258829,24.44992,6.3964057,-7.0387254,-3.3161528,0.33417913,-3.230343,-0.32333001,15.95767,-14.99506,1.0583657,-1.5332478,-9.152515,28.865639,-24.004564,46.20022,6.486353,-26.641624,44.27554,61.818275
954,-21.12300682067871,-639.23876953125,63.871341705322266,2.0205607420397445,-0.8898861649286963,-109.2312760169979,0.36998135,-0.29527864,24.513649,6.39373,-7.094873,-3.2875044,0.32272044,-3.2665203,-0.2565401,15.862768,-14.97268,1.1063048,-1.5490865,-8.833676,28.881563,-24.04753,46.018642,6.50978,-26.65922,44.430172,61.712513
955,-21.103500366210938,-639.2799682617188,63.87329864501953,2.0194069164448862,-0.8070504926165758,-109.27152157492888,0.33399773,-0.3264339,24.559635,6.391579,-7.146751,-3.2576227,0.3159648,-3.296827,-0.20856234,15.749514,-14.941323,1.1508402,-1.6168131,-8.5128355,28.894028,-24.096987,45.90038,6.477519,-26.679111,44.592495,61.58575
956,-21.087949752807617,-639.3244018554688,63.87388229370117,2.011746570101734,-0.720025940412277,-109.2988027080125,0.29012114,-0.3503441,24.593304,6.3882813,-7.1936154,-3.233808,0.31264964,-3.319433,-0.17672437,15.618198,-14.899193,1.1927783,-1.7322861,-8.189655,28.902237,-24.147602,45.847996,6.396292,-26.699776,44.745625,61.44446
957,-21.07322883605957,-639.3596801757812,63.875736236572266,1.9968990689473702,-0.6338037320870856,-109.31447182475236,0.2410449,-0.36353788,24.614813,6.3859534,-7.2343335,-3.2170243,0.318885,-3.3313532,-0.16123967,15.463954,-14.842449,1.2332582,-1.8630077,-7.8185096,28.90501,-24.186632,45.82086,6.27784,-26.719774,44.863453,61.290474
958,-21.056621551513672,-639.3935546875,63.8779411315918,1.9796615545141616,-0.5379626245474313,-109.317882082364,0.17927228,-0.37202466,24.624651,6.3830056,-7.2707853,-3.2039454,0.32311857,-3.3379836,-0.1601412,15.294459,-14.777834,1.272166,-2.0477362,-7.450497,28.90349,-24.226397,45.85664,6.115499,-26.739273,44.953632,61.111687
959,-21.042152404785156,-639.425048828125,63.88237380981445,1.955106353840587,-0.44401317999745005,-109.3131075033941,0.115623586,-0.37212524,24.62721,6.38078,-7.304116,-3.1943462,0.33520877,-3.3360078,-0.16861379,15.108082,-14.701693,1.3063596,-2.223746,-7.028072,28.896309,-24.258125,45.906883,5.9318213,-26.757246,44.999874,60.917786
960,-21.0292911529541,-639.4559326171875,63.88633728027344,1.9309332945513413,-0.344902652679716,-109.30594428047901,0.04724713,-0.3707506,24.629107,6.379112,-7.3378434,-3.188898,0.34089684,-3.3328881,-0.17912225,14.92668,-14.628121,1.3336223,-2.4229329,-6.596833,28.884657,-24.296816,46.00593,5.723945,-26.774239,45.014282,60.70843
961,-21.019834518432617,-639.4827880859375,63.891727447509766,1.903340996966477,-0.24205036211033554,-109.29836998579039,-0.02418518,-0.36450303,24.632658,6.376335,-7.3706045,-3.191287,0.3438782,-3.3248105,-0.18940762,14.741529,-14.552462,1.348383,-2.6446435,-6.1715035,28.868832,-24.351027,46.174644,5.4870887,-26.790226,45.00277,60.489517
962,-21.008243560791016,-639.5105590820312,63.89859390258789,1.8592597969274347,-0.09571946599875285,-109.27769380350614,-0.13882153,-0.33858612,24.626183,6.37502,-7.404378,-3.2017202,0.33362097,-3.2967088,-0.21312791,14.491598,-14.439613,1.3527215,-2.7514415,-5.593576,28.81573,-24.433361,46.224056,5.244726,-26.825018,44.83026,60.225212
963,-20.995555877685547,-639.541015625,63.904685974121094,1.8265053511001696,0.022271369625550663,-109.27417580957956,-0.22466265,-0.32537168,24.636753,6.373006,-7.4380636,-3.2105975,0.32195425,-3.281923,-0.21952258,14.302572,-14.357692,1.3584622,-2.697534,-5.7769623,28.59102,-25.123539,46.925926,5.265115,-26.920218,44.282974,59.79176
964,-20.98549461364746,-639.5704956054688,63.90908432006836,1.7984523103356778,0.12720658927191258,-109.28760977585593,-0.2960261,-0.3161265,24.664454,6.3708744,-7.4726877,-3.211805,0.31439334,-3.2716825,-0.20981407,14.1257925,-14.27855,1.3737718,-2.6911774,-5.556127,28.47199,-25.53464,47.348316,5.1681113,-26.928556,43.84461,59.452805
965,-20.970836639404297,-639.5962524414062,63.91345977783203,1.776888675085938,0.2422344739648483,-109.3214344130533,-0.3726933,-0.3151876,24.71442,6.36771,-7.510734,-3.2005408,0.28855732,-3.2710261,-0.17992184,13.963694,-14.205047,1.4035298,-2.668905,-5.2808905,28.371828,-25.937744,47.753777,5.1088753,-26.924904,43.30782,59.051758
966,-20.957670211791992,-639.6234741210938,63.91503143310547,1.7604685070153814,0.36353352989789384,-109.37034607447173,-0.4525254,-0.31924477,24.78128,6.364925,-7.551737,-3.181347,0.24890731,-3.2763486,-0.13500209,13.814285,-14.136182,1.4417973,-2.620314,-4.9912577,28.272423,-26.37016,48.180447,5.0893264,-26.91578,42.667667,58.59329
967,-20.944700241088867,-639.6512451171875,63.91724395751953,1.7439791008899634,0.4782488705987314,-109.428214416661,-0.52435094,-0.32434887,24.856123,6.3601537,-7.592808,-3.162587,0.21247646,-3.282934,-0.08184221,13.668603,-14.067758,1.4826962,-2.532388,-4.643927,28.172386,-26.800072,48.588764,5.073837,-26.905184,42.00672,58.116035
968,-20.933374404907227,-639.681884765625,63.91896057128906,1.7227899260613744,0.5880368023894154,-109.48826899161126,-0.5933163,-0.3219303,24.930136,6.359955,-7.6375,-3.153304,0.18328732,-3.282981,-0.027153274,13.514163,-13.994065,1.520093,-2.4710548,-4.3490596,28.068565,-27.253279,49.077496,4.9817495,-26.900682,41.48347,57.655674
969,-20.922542572021484,-639.708251953125,63.92102813720703,1.695965951088138,0.6890141313637934,-109.54940657771255,-0.6542515,-0.31263623,25.001722,6.359313,-7.682779,-3.1546412,0.16768855,-3.2758753,0.02703424,13.345348,-13.912088,1.5546942,-2.423704,-4.063003,27.961473,-27.713686,49.616802,4.7975206,-26.90342,41.11726,57.22995
970,-20.911508560180664,-639.7321166992188,63.92310333251953,1.6659832964154622,0.7808467809415409,-109.6147503818178,-0.7063364,-0.2986148,25.07497,6.3591976,-7.729402,-3.162228,0.16650064,-3.2645078,0.08406558,13.1590805,-13.818583,1.5890728,-2.3626463,-3.7340946,27.853222,-28.164795,50.159103,4.5614743,-26.909985,40.827904,56.819626
971,-20.905406951904297,-639.75927734375,63.924129486083984,1.6365893549856692,0.8626287366250335,-109.6854824801187,-0.74855316,-0.28482836,25.151737,6.3595986,-7.777488,-3.1759295,0.15698354,-3.25365,0.14731638,13.013949,-13.748748,1.6198701,-2.2872112,-3.3624141,27.74438,-28.593056,50.686127,4.3007503,-26.919193,40.579727,56.409657
972,-20.89742660522461,-639.7843017578125,63.92483139038086,1.6072104937095328,0.9352451992874316,-109.7619180853746,-0.7820464,-0.26936665,25.232359,6.3614097,-7.8271985,-3.1960657,0.14240523,-3.2420707,0.21769822,12.901115,-13.697931,1.6437441,-2.2040613,-2.9722233,27.636515,-28.997967,51.201096,4.0384145,-26.929714,40.34968,55.979595
973,-20.89476203918457,-639.8106689453125,63.92521286010742,1.5745278576474702,0.9950428776962925,-109.84666732834549,-0.8014581,-0.2487372,25.318624,6.3634243,-7.8800287,-3.2273426,0.13564107,-3.2254817,0.29727688,12.794924,-13.649806,1.6558317,-2.109552,-2.564248,27.530222,-29.383947,51.711624,3.7806756,-26.941656,40.137085,55.521713
974,-20.888317108154297,-639.8369750976562,63.92280578613281,1.53943951862252,1.0421175598921477,-109.93888984925742,-0.8078971,-0.22461602,25.409826,6.366031,-7.9351716,-3.268026,0.13155065,-3.205709,0.38494638,12.708399,-13.612366,1.6594967,-2.0025885,-2.1291533,27.424767,-29.750431,52.216206,3.5197418,-26.95556,39.94838,55.04442
975,-20.88670539855957,-639.86474609375,63.92180252075195,1.5034175139022148,1.0829873579247777,-110.0320853348387,-0.80836415,-0.19836234,25.501698,6.3690357,-7.989878,-3.3091078,0.13519712,-3.1839886,0.47421378,12.616838,-13.571841,1.6622674,-1.8821225,-1.6683774,27.321203,-30.087723,52.69536,3.2553747,-26.970291,39.769005,54.555954
976,-20.879304885864258,-639.8907470703125,63.91884231567383,1.4684021955393525,1.1236836850832113,-110.12005451977431,-0.8099762,-0.17260611,25.590178,6.3731623,-8.042122,-3.3410153,0.1465133,-3.1626775,0.5590366,12.510751,-13.523807,1.6720406,-1.7571075,-1.1880705,27.220476,-30.38445,53.137295,2.9960017,-26.984652,39.579983,54.057564
977,-20.874176025390625,-639.9169921875,63.91556167602539,1.437033523037597,1.1654461637588462,-110.206783878213,-0.8113688,-0.15091702,25.680386,6.377725,-8.093258,-3.3596125,0.1592694,-3.1451626,0.643898,12.401814,-13.475351,1.6935681,-1.6178669,-0.6753788,27.121323,-30.625484,53.529198,2.7483776,-26.998201,39.36989,53.54511
978,-20.868331909179688,-639.9464721679688,63.91401290893555,1.4074277976407354,1.2044297413626743,-110.2938585624882,-0.8100076,-0.13080521,25.7724,6.382438,-8.142863,-3.3703923,0.17692502,-3.1292295,0.7300053,12.288,-13.424423,1.7216841,-1.4663037,-0.13538794,27.023726,-30.820906,53.8859,2.5098834,-27.011751,39.148186,53.01761
979,-20.862424850463867,-639.974853515625,63.91280746459961,1.3775883310538433,1.2400219717729306,-110.3713773883726,-0.80755097,-0.10897838,25.854927,6.387604,-8.188865,-3.379004,0.19882634,-3.111229,0.8073326,12.175087,-13.37449,1.74996,-1.3106622,0.40730956,26.93053,-31.002766,54.2209,2.2572863,-27.026114,38.936794,52.49655
980,-20.87177848815918,-639.9992065429688,63.911563873291016,1.3437567383810907,1.2703161017418605,-110.42934689079829,-0.80540943,-0.07969731,25.916306,6.393864,-8.2286,-3.391394,0.23313628,-3.0860121,0.8652828,12.0487995,-13.316534,1.7715513,-1.1648968,0.93161404,26.844429,-31.19573,54.549328,1.975834,-27.042318,38.748978,51.998165
981,-20.879497528076172,-640.0206298828125,63.911170959472656,1.3032634214740122,1.294339254631992,-110.46275197611952,-0.80374706,-0.039950803,25.950363,6.4004173,-8.25945,-3.4094205,0.28369787,-3.050081,0.8989376,11.902799,-13.2462015,1.7839857,-1.035711,1.4316695,26.765594,-31.40402,54.88179,1.6347252,-27.06228,38.61227,51.542416
982,-20.8835391998291,-640.0428466796875,63.91163635253906,1.2595047025914843,1.3131687630575501,-110.47756893719166,-0.7988321,0.0049620005,25.964148,6.4010634,-8.280223,-3.4297054,0.3441762,-3.0071423,0.9148657,11.7499485,-13.171677,1.7910787,-0.9128576,1.9196064,26.692472,-31.614138,55.207752,1.2443286,-27.085274,38.512554,51.12152
983,-20.890544891357422,-640.0635375976562,63.91128921508789,1.2165773315236057,1.3285045541460008,-110.48100169228795,-0.79871315,0.05330315,25.966938,6.4155755,-8.306119,-3.450409,0.4031412,-2.9634414,0.91984767,11.612161,-13.107055,1.7959805,-0.79319173,2.3952715,26.624676,-31.826992,55.516346,0.85959554,-27.108154,38.401646,50.70019
984,-20.89752769470215,-640.0841064453125,63.911354064941406,1.1780946052189574,1.3420414888043959,-110.47984870085807,-0.826261,0.11259442,25.967487,6.5065093,-8.376438,-3.4703813,0.46045023,-2.9243689,0.91995215,11.482618,-13.047812,1.8015825,-0.66687894,2.859627,26.56194,-32.046295,55.793266,0.5332196,-27.127989,38.231594,50.24674
985,-20.902610778808594,-640.1071166992188,63.9110221862793,1.1454806051875046,1.354843759098464,-110.47523217482917,-0.86398333,0.17122342,25.967659,6.627646,-8.467558,-3.4869888,0.5120236,-2.8915482,0.91667706,11.372076,-13.002397,1.8085676,-0.5336717,3.3133588,26.504234,-32.27755,56.03855,0.2848207,-27.142944,37.98695,49.74491
986,-20.91022491455078,-640.125244140625,63.91099548339844,1.1163181215756808,1.3660840907616854,-110.46372205617169,-0.89839524,0.22431655,25.962626,6.73741,-8.551221,-3.500734,0.5604976,-2.8618784,0.9066401,11.275324,-12.966657,1.8152072,-0.3895947,3.7513044,26.45023,-32.525475,56.259464,0.08748722,-27.155264,37.689465,49.212982
987,-20.918987274169922,-640.1422729492188,63.910675048828125,1.0904587944638395,1.3753476422768247,-110.4455015953521,-0.9284165,0.27205536,25.952396,6.836726,-8.627477,-3.5143557,0.60523653,-2.8349495,0.88957137,11.193868,-12.940546,1.8217511,-0.24980773,4.181605,26.401484,-32.764194,56.448746,-0.08313223,-27.165836,37.372063,48.668896
988,-20.925060272216797,-640.16015625,63.910179138183594,1.0662825019779791,1.3825960556206633,-110.42039936730642,-0.9548528,0.31637275,25.936434,6.9274282,-8.695552,-3.5306196,0.6545474,-2.809815,0.86444455,11.106882,-12.911114,1.8287184,-0.10797192,4.593564,26.356852,-32.99546,56.60757,-0.2500549,-27.177914,37.053616,48.133728
989,-20.93202018737793,-640.176513671875,63.90999984741211,1.0448869615244645,1.387085707455399,-110.38785431812293,-0.9774651,0.35644278,25.914719,7.0118217,-8.755603,-3.5528126,0.70427424,-2.7876914,0.8293568,11.025662,-12.88462,1.837369,0.020267772,4.9999433,26.317438,-33.20328,56.7281,-0.42475018,-27.190569,36.752113,47.609947
990,-20.937458038330078,-640.1935424804688,63.90945816040039,1.0259763341517634,1.3891709576549163,-110.34813931709778,-0.99621356,0.39225143,25.887493,7.0880075,-8.807504,-3.578577,0.7558238,-2.7681904,0.78518116,10.947677,-12.860315,1.8471155,0.15626073,5.3839965,26.28002,-33.419308,56.821007,-0.5817258,-27.205591,36.431355,47.08367
991,-20.943449020385742,-640.209228515625,63.90695571899414,1.0092913390057463,1.3908129847933468,-110.30252890659857,-1.013667,0.42488402,25.854477,7.157636,-8.85449,-3.602592,0.80655384,-2.750269,0.7361865,10.873159,-12.838464,1.8554895,0.27879956,5.7643056,26.247604,-33.600185,56.878883,-0.73511213,-27.218836,36.119328,46.563484
992,-20.950302124023438,-640.2249145507812,63.906253814697266,0.9937993824714758,1.3939253438965726,-110.25239599203415,-1.0349218,0.4579669,25.815517,7.2292485,-8.903957,-3.6198864,0.856719,-2.7316492,0.68657255,10.798746,-12.818184,1.8599665,0.38316977,6.1342435,26.220064,-33.73266,56.91035,-0.8859646,-27.229073,35.82293,46.053032
993,-20.95761489868164,-640.2372436523438,63.905853271484375,0.9797204801909118,1.4001302977900114,-110.1985236518242,-1.0597067,0.49044064,25.770836,7.2985816,-8.955042,-3.6263072,0.9037068,-2.712315,0.6388293,10.725833,-12.800358,1.8575491,0.48430532,6.4847317,26.19581,-33.836792,56.915024,-1.0202615,-27.237387,35.512184,45.54543
994,-20.9708309173584,-640.2522583007812,63.904850006103516,0.9673435215435969,1.4078219168187143,-110.1399372554257,-1.0874896,0.52236456,25.720333,7.3676023,-9.007165,-3.62578,0.94652426,-2.6927814,0.5903584,10.660653,-12.788081,1.8503741,0.5860744,6.813015,26.174187,-33.92295,56.89501,-1.1326854,-27.244984,35.181705,45.036884
995,-20.98395347595215,-640.2667236328125,63.90555953979492,0.9566272883008702,1.4146059958286978,-110.07573173226679,-1.1140763,0.5521441,25.663525,7.431604,-9.055238,-3.6240315,0.9950186,-2.6741786,0.53713393,10.585595,-12.770886,1.8439078,0.6738046,7.1282287,26.15494,-33.973415,56.852962,-1.2566017,-27.252195,34.878643,44.54996
996,-20.991411209106445,-640.2799682617188,63.90408706665039,0.9465916619362115,1.4164561399907607,-110.00574601514192,-1.1388149,0.5813863,25.600092,7.498766,-9.101501,-3.6272376,1.0446578,-2.6565523,0.47646058,10.519306,-12.758298,1.8430556,0.7793562,7.4094462,26.137094,-34.013138,56.802586,-1.3530463,-27.260193,34.57382,44.07328
997,-21.000715255737305,-640.2882080078125,63.90103530883789,0.938535651638908,1.4134998831539893,-109.92854036226476,-1.160181,0.6077204,25.52834,7.563221,-9.140703,-3.636857,1.1006881,-2.641267,0.40596274,10.449014,-12.742432,1.8525398,0.874569,7.677204,26.118525,-34.014492,56.731625,-1.4580065,-27.270273,34.295094,43.621502
998,-21.00919532775879,-640.2987060546875,63.89813995361328,0.9313367770399615,1.407606767217981,-109.8444869185295,-1.1802214,0.6329824,25.448677,7.627345,-9.17641,-3.6498668,1.1604662,-2.6268506,0.3274995,10.37671,-12.725111,1.8687147,0.9779239,7.923557,26.100224,-33.98692,56.639828,-1.5360104,-27.280975,34.013836,43.169926
999,-21.016231536865234,-640.3103637695312,63.89572525024414,0.9258702876051222,1.3979055452534561,-109.7585767251591,-1.1955072,0.6551348,25.367205,7.6860347,-9.207941,-3.6647067,1.2215815,-2.6139486,0.24701743,10.309886,-12.710935,1.8835855,1.082086,8.141156,26.082735,-33.94633,56.54884,-1.6277926,-27.294462,33.761543,42.757565
1000,-21.022602081298828,-640.3203125,63.89373016357422,0.919995972055847,1.3834277331263696,-109.67996235464223,-1.2047491,0.67724264,25.294611,7.7428718,-9.239889,-3.6811094,1.2794389,-2.6004143,0.1748371,10.258296,-12.704943,1.8891271,1.1857044,8.312864,26.067144,-33.90741,56.487083,-1.7346871,-27.31077,33.57283,42.388744
1001,-21.032461166381836,-640.3303833007812,63.8939094543457,0.9119997344634174,1.3625947877749427,-109.59207624115044,-1.2123338,0.7029771,25.21479,7.807271,-9.276416,-3.6994877,1.3426757,-2.5832095,0.09403566,10.21287,-12.705407,1.8807896,1.2757035,8.438265,26.05841,-33.87679,56.45273,-1.8454468,-27.32334,33.461735,42.0551
1002,-21.039411544799805,-640.3400268554688,63.8918571472168,0.9030349833863264,1.3421952548107317,-109.53586095740606,-1.2114208,0.7275402,25.168907,7.86174,-9.312046,-3.722191,1.3942174,-2.566128,0.046033166,10.1811695,-12.710333,1.8639523,1.3851494,8.498146,26.053425,-33.85314,56.453873,-1.9743036,-27.332527,33.41095,41.774097
1003,-21.046537399291992,-640.3517456054688,63.889671325683594,0.8962528626085495,1.3155740685487898,-109.45962511208526,-1.2080177,0.7492833,25.102255,7.9154058,-9.344695,-3.7428052,1.4522854,-2.5502367,-0.022043074,10.155441,-12.72082,1.8444822,1.4948596,8.549988,26.048262,-33.82478,56.446537,-2.1104052,-27.344585,33.366283,41.530586
1004,-21.05474281311035,-640.361083984375,63.88702392578125,0.8942399030347401,1.285826203162643,-109.37288060524264,-1.2026056,0.7653223,25.022657,7.9637985,-9.371558,-3.7585192,1.5100447,-2.5386076,-0.100781634,10.141556,-12.738062,1.8286695,1.5909321,8.583947,26.043476,-33.79327,56.437252,-2.2336469,-27.358343,33.32705,41.312412
1005,-21.05951690673828,-640.371826171875,63.88396453857422,0.8976843109241786,1.2527154319966476,-109.28116576800463,-1.1932254,0.77341235,24.934122,8.005307,-9.393466,-3.769055,1.565162,-2.5328972,-0.18432972,10.142,-12.762095,1.8173736,1.673089,8.593733,26.039402,-33.759796,56.43096,-2.3351,-27.372972,33.290955,41.111073
1006,-21.065889358520508,-640.3787841796875,63.881500244140625,0.9048246650076416,1.215583159356454,-109.18635476910063,-1.1789634,0.77491903,24.839722,8.038587,-9.409134,-3.7758808,1.6163735,-2.5318565,-0.27068782,10.161848,-12.7966385,1.8074933,1.7479963,8.575288,26.036255,-33.725334,56.431435,-2.4118536,-27.388323,33.258724,40.925446
1007,-21.075984954833984,-640.3868408203125,63.87892532348633,0.9129113302523136,1.1778891334461021,-109.09042430665421,-1.1648378,0.7760538,24.744265,8.073333,-9.424887,-3.7801504,1.6683017,-2.531343,-0.35876328,10.18139,-12.829623,1.7994118,1.8244325,8.5305195,26.03419,-33.691498,56.43447,-2.475325,-27.404425,33.234634,40.76398
1008,-21.085203170776367,-640.3994750976562,63.87711715698242,0.9183795445279037,1.143347982035616,-108.9930340059893,-1.1498201,0.7780985,24.649776,8.0981,-9.433132,-3.7819042,1.7227771,-2.5282948,-0.4496769,10.187957,-12.852954,1.7937801,1.9037937,8.463028,26.03309,-33.657757,56.435673,-2.5380137,-27.422188,33.223858,40.636883
1009,-21.093883514404297,-640.414306640625,63.87528610229492,0.919764498831818,1.1159623718250418,-108.89548353216664,-1.1488241,0.78934824,24.559265,8.143949,-9.451971,-3.7802773,1.7748536,-2.5210512,-0.5418778,10.183212,-12.866744,1.7920148,1.9940034,8.37093,26.0331,-33.624977,56.432224,-2.6115906,-27.442118,33.23498,40.55075
1010,-21.09859848022461,-640.4234619140625,63.874656677246094,0.9186225017109334,1.095121777883999,-108.79685112738989,-1.1497035,0.8008529,24.470366,8.17998,-9.463792,-3.7749212,1.8271116,-2.5119405,-0.63623106,10.164758,-12.870716,1.7935476,2.0868049,8.252048,26.034319,-33.59237,56.426846,-2.6969082,-27.4647,33.271446,40.504265
1011,-21.102115631103516,-640.4284057617188,63.87368392944336,0.9170038988216493,1.0797740490117558,-108.69821076307181,-1.1544656,0.81315047,24.381706,8.212243,-9.473045,-3.769938,1.8761389,-2.5012052,-0.7316209,10.14096,-12.8709135,1.7948906,2.1768963,8.110719,26.03653,-33.55682,56.41871,-2.7944539,-27.489075,33.330204,40.495262
1012,-21.10846710205078,-640.433837890625,63.87257385253906,0.9161922642317554,1.0674888226144779,-108.59882648593275,-1.1620872,0.8247425,24.290571,8.242332,-9.482277,-3.769278,1.9213275,-2.4899468,-0.8288525,10.119142,-12.874047,1.7926539,2.2524104,7.954742,26.039265,-33.51202,56.406883,-2.8938546,-27.514175,33.40146,40.51415
1013,-21.11591339111328,-640.4413452148438,63.87175750732422,0.9167146571695126,1.0577954439181148,-108.49791525652638,-1.169941,0.8346841,24.196144,8.264577,-9.488459,-3.7733092,1.9631375,-2.4775999,-0.92943424,10.100962,-12.881964,1.786594,2.3133438,7.7862062,26.04223,-33.45343,56.388855,-2.9887369,-27.539003,33.47745,40.557568
1014,-21.124515533447266,-640.4482421875,63.86978530883789,0.9170777362698416,1.051275502342266,-108.39500821632627,-1.1800386,0.8443151,24.09875,8.282405,-9.492406,-3.7801569,2.0025249,-2.4641898,-1.0336518,10.082421,-12.891083,1.778323,2.3653078,7.6053495,26.045443,-33.381134,56.362965,-3.0794134,-27.563295,33.557453,40.627163
1015,-21.13658905029297,-640.45458984375,63.8681755065918,0.9180797385119154,1.0465203061631871,-108.2927994445992,-1.1908995,0.8535085,24.000607,8.298686,-9.496521,-3.790238,2.038329,-2.4504764,-1.1371619,10.067381,-12.902567,1.7672652,2.406838,7.417106,26.048773,-33.294704,56.32995,-3.161491,-27.586737,33.639915,40.719345
1016,-21.15003204345703,-640.4620361328125,63.86720657348633,0.9190757181962883,1.0424525307544388,-108.19323226590473,-1.2020369,0.86209184,23.903378,8.314937,-9.50089,-3.8036942,2.0728705,-2.4377198,-1.2366252,10.053153,-12.914947,1.7531276,2.4458253,7.227248,26.052174,-33.19707,56.28642,-3.2415223,-27.60946,33.727146,40.839
1017,-21.160367965698242,-640.4691772460938,63.86713409423828,0.9202505448610986,1.0377846550636605,-108.09810507942724,-1.2123059,0.8702736,23.80823,8.332378,-9.506828,-3.8244374,2.1061912,-2.4256701,-1.329053,10.04119,-12.928278,1.7330114,2.48196,7.0378156,26.0554,-33.087677,56.233395,-3.3197105,-27.631433,33.818855,40.991352
1018,-21.167634963989258,-640.4755859375,63.86571502685547,0.9201923643265361,1.0329528978378197,-108.00678018040185,-1.2212691,0.8777693,23.71464,8.349237,-9.513598,-3.8511167,2.1366107,-2.4145448,-1.4162247,10.035787,-12.945644,1.7082211,2.5178201,6.847082,26.058434,-32.967136,56.169666,-3.3983924,-27.652784,33.915833,41.177277
1019,-21.17904281616211,-640.489013671875,63.863380432128906,0.922702390756266,1.028175640321339,-107.92021789010107,-1.2289062,0.88333154,23.625292,8.364092,-9.519528,-3.8759775,2.1638684,-2.4052691,-1.4986016,10.035931,-12.966304,1.6840761,2.5491595,6.654485,26.061485,-32.838394,56.095432,-3.4707556,-27.672884,34.018524,41.3839
1020,-21.185775756835938,-640.4896850585938,63.8621826171875,0.9267950522693992,1.0226961574707116,-107.83783623993031,-1.2336104,0.885206,23.541351,8.373103,-9.520874,-3.8912368,2.1872408,-2.3991754,-1.5781809,10.044568,-12.991318,1.6660227,2.56868,6.458366,26.065088,-32.706017,56.012608,-3.5260086,-27.691442,34.1276,41.594208
1021,-21.199188232421875,-640.4990844726562,63.85881423950195,0.9362287044269428,1.016172902115893,-107.76152178556477,-1.234623,0.88281953,23.466011,8.377471,-9.519249,-3.892659,2.2050781,-2.3971455,-1.6541462,10.065149,-13.022653,1.6562036,2.5759866,6.2537036,26.069914,-32.5743,55.92228,-3.5536957,-27.708002,34.242355,41.801205
1022,-21.208740234375,-640.5036010742188,63.856666564941406,0.947329833656997,1.007622694613563,-107.69054479039876,-1.2305977,0.87629193,23.397116,8.374598,-9.512631,-3.8850179,2.2191458,-2.3987474,-1.7263161,10.097947,-13.061096,1.6515306,2.5758054,6.0397334,26.076227,-32.445404,55.82575,-3.5586658,-27.72249,34.36182,42.01386
1023,-21.211585998535156,-640.5071411132812,63.855804443359375,0.9606476171677866,0.9985445485472456,-107.62366896647325,-1.2263868,0.86947453,23.33215,8.373425,-9.506588,-3.874449,2.2325697,-2.4014695,-1.7941976,10.13085,-13.098706,1.6494948,2.573782,5.8205543,26.083855,-32.31885,55.72347,-3.5549505,-27.735125,34.485123,42.23754
1024,-21.216981887817383,-640.5140991210938,63.85441970825195,0.9727523461653894,0.9896337447112443,-107.55797025888225,-1.2224739,0.8629194,23.266653,8.373427,-9.500706,-3.8664658,2.2481756,-2.403579,-1.8588746,10.158604,-13.132805,1.6477183,2.569937,5.604111,26.092089,-32.18951,55.61497,-3.5528924,-27.746218,34.609413,42.476612
1025,-21.222610473632812,-640.521484375,63.85334777832031,0.9832188863724151,0.9824223529570936,-107.49028399322592,-1.2228703,0.8580666,23.196775,8.380613,-9.4977,-3.863014,2.2697425,-2.404492,-1.9225173,10.17058,-13.156976,1.6481911,2.5680797,5.393416,26.10037,-32.05421,55.49629,-3.563307,-27.756466,34.736073,42.740944
1026,-21.22959327697754,-640.5283203125,63.8514404296875,0.9949137553034455,0.9773088386633977,-107.41924845052513,-1.226326,0.85352826,23.122486,8.39064,-9.495417,-3.8606682,2.2942915,-2.4046965,-1.9873408,10.172696,-13.175161,1.6512078,2.5618377,5.1875596,26.108503,-31.911737,55.36661,-3.581026,-27.765987,34.865883,43.02695
1027,-21.243144989013672,-640.5377197265625,63.849342346191406,1.005777584402834,0.9737117370376539,-107.34913299126355,-1.23141,0.8489239,23.04829,8.40009,-9.492757,-3.8580384,2.3173232,-2.4048765,-2.0513062,10.174168,-13.193388,1.6520487,2.5484157,4.9864225,26.116592,-31.763277,55.2275,-3.6003828,-27.77455,34.998505,43.322445
1028,-21.25728988647461,-640.5431518554688,63.8472900390625,1.0172983084739167,0.9781779079693901,-107.2225252267476,-1.2571954,0.8440634,22.917408,8.414437,-9.486178,-3.8504262,2.3427222,-2.4024203,-2.1743164,10.169007,-13.216383,1.6456708,2.2838852,4.865031,26.134941,-31.368845,55.07582,-3.7258837,-27.789577,35.36046,43.62176
1029,-21.263673782348633,-640.5470581054688,63.84577941894531,1.0398173896828642,0.9909091415322874,-107.16490971000685,-1.2578301,0.81759036,22.857323,8.368178,-9.4542055,-3.8414729,2.3138962,-2.4174948,-2.2295146,10.245274,-13.280384,1.6274359,1.6763583,5.1650295,26.18078,-30.378681,54.701202,-4.1242194,-27.77133,36.24826,43.959652
1030,-21.275327682495117,-640.5488891601562,63.8445930480957,1.0508646362300467,0.985951864220633,-107.12761233679821,-1.2542847,0.811725,22.816929,8.359817,-9.445263,-3.832433,2.3037481,-2.4203987,-2.2657406,10.301205,-13.328413,1.5994143,1.5435787,5.071517,26.202362,-30.063353,54.498905,-4.1644607,-27.729948,36.471252,44.261986
1031,-21.284828186035156,-640.5492553710938,63.84361267089844,1.057558242955662,0.9806872358309507,-107.09789850908115,-1.250162,0.8087378,22.783585,8.353153,-9.438649,-3.824499,2.2955568,-2.4209833,-2.2953627,10.348843,-13.369596,1.5722387,1.5207515,4.887618,26.215958,-29.908895,54.332275,-4.1125503,-27.712029,36.550167,44.538296
1032,-21.284818649291992,-640.5445556640625,63.8453483581543,1.0621427372840186,0.9770552442932007,-107.08515203163692,-1.2436945,0.80736154,22.76687,8.344284,-9.433693,-3.8209984,2.2940722,-2.420103,-2.3081958,10.371345,-13.391243,1.5558944,1.5975097,4.6710396,26.219376,-29.879751,54.16698,-4.036097,-27.71211,36.570606,44.82419
1033,-21.291091918945312,-640.5413818359375,63.845298767089844,1.0603442030945447,0.9785023364726309,-107.07133641456153,-1.2443371,0.81079483,22.74751,8.343387,-9.43509,-3.8246794,2.3064525,-2.414364,-2.3232403,10.351619,-13.384903,1.5560145,1.6850737,4.4376836,26.22493,-29.849316,54.00437,-3.9991038,-27.715416,36.634605,45.161774
1034,-21.29047393798828,-640.5457763671875,63.846580505371094,1.0545594628627804,0.9866884973367048,-107.0598633085189,-1.2519909,0.81801176,22.729986,8.345668,-9.439664,-3.8332496,2.3254426,-2.404928,-2.3367932,10.300434,-13.357714,1.5664077,1.7804269,4.2037425,26.232477,-29.82368,53.832844,-4.011775,-27.722965,36.753487,45.543175
1035,-21.29166030883789,-640.5521240234375,63.846839904785156,1.049438209499609,0.998266098273239,-107.05114565947954,-1.2604527,0.82348925,22.715157,8.344531,-9.443953,-3.8409314,2.3424356,-2.39659,-2.3473938,10.247029,-13.328773,1.5787289,1.8603191,3.9769137,26.241365,-29.79683,53.659435,-4.048743,-27.733288,36.91583,45.9397
1036,-21.293977737426758,-640.559326171875,63.84614181518555,1.0491020383094984,1.0085879151327914,-107.04248600961556,-1.2652593,0.8239556,22.701021,8.337264,-9.44514,-3.8418121,2.350957,-2.392516,-2.3565557,10.217517,-13.315198,1.5847155,1.9062694,3.765001,26.250704,-29.75946,53.491768,-4.0769587,-27.743666,37.098267,46.3195
1037,-21.299665451049805,-640.5662841796875,63.845245361328125,1.054405404477766,1.012815117624761,-107.03094415565184,-1.2653533,0.81995606,22.684505,8.333152,-9.449295,-3.8321645,2.3507204,-2.3939857,-2.366428,10.226384,-13.326433,1.5795355,1.9146315,3.5757358,26.259659,-29.704262,53.32806,-4.069244,-27.75171,37.27917,46.666653
1038,-21.306995391845703,-640.5726928710938,63.843257904052734,1.0807645840611866,1.0212084219323643,-107.00020519608864,-1.2522594,0.78509885,22.64966,8.276713,-9.422889,-3.81275,2.3199584,-2.4166431,-2.3938694,10.311408,-13.387315,1.5699217,1.1879133,3.8423111,26.302856,-28.754715,53.040417,-4.6205096,-27.720049,38.5192,47.150448
1039,-21.31502342224121,-640.576904296875,63.84208297729492,1.0914758863153846,1.0141014849376537,-106.98593799633906,-1.2426735,0.77691597,22.631058,8.27536,-9.428649,-3.7950416,2.3190129,-2.42317,-2.4051473,10.350307,-13.417499,1.5595006,1.0814327,3.7809446,26.316072,-28.549423,52.83322,-4.592911,-27.689402,38.757217,47.47404
1040,-21.319055557250977,-640.5797119140625,63.841373443603516,1.0997771815650594,1.0152023028643606,-106.98267672525239,-1.2360765,0.76931155,22.624786,8.265553,-9.428727,-3.7824783,2.314138,-2.4285812,-2.4066732,10.374428,-13.438204,1.5559628,1.1135112,3.6396573,26.318417,-28.533098,52.653,-4.4502077,-27.688187,38.77962,47.738785
1041,-21.32513999938965,-640.581298828125,63.84120178222656,1.1086051140000364,1.0227925972946679,-106.98380487160522,-1.2302312,0.75872356,22.62474,8.242886,-9.419138,-3.774832,2.3057466,-2.4355626,-2.4053795,10.387886,-13.452491,1.5642936,1.123957,3.4963515,26.322271,-28.508299,52.481068,-4.3033648,-27.68579,38.81144,47.992954
1042,-21.326862335205078,-640.585693359375,63.8416748046875,1.1165952586831667,1.0373698846385278,-106.99058631073915,-1.2261367,0.74609894,22.631771,8.208683,-9.401551,-3.7696803,2.2922337,-2.443307,-2.3994102,10.39445,-13.462844,1.5798854,1.1157426,3.362423,26.326756,-28.474588,52.310974,-4.154642,-27.682146,38.84516,48.232594
1043,-21.327362060546875,-640.5882568359375,63.842750549316406,1.1254102654377445,1.056759641525265,-107.00309160340562,-1.2239296,0.7323235,22.644966,8.170234,-9.381621,-3.7681055,2.2738197,-2.4520836,-2.3884273,10.39958,-13.472226,1.5955404,1.097829,3.2390163,26.332188,-28.435831,52.143562,-4.004417,-27.677343,38.882965,48.463703
1044,-21.32847785949707,-640.5888671875,63.84268569946289,1.1329214556849814,1.0766952013227826,-107.02085517133625,-1.2203995,0.7171282,22.663015,8.127359,-9.358911,-3.7708197,2.2513194,-2.4614816,-2.3727436,10.409435,-13.482552,1.6032547,1.0771719,3.125994,26.338669,-28.39891,51.98234,-3.855067,-27.672132,38.932087,48.69443
1045,-21.325002670288086,-640.58984375,63.8427619934082,1.141286977848975,1.0948641198557476,-107.04435693835758,-1.2132776,0.69947016,22.686504,8.079338,-9.333581,-3.78113,2.224346,-2.4727497,-2.3524637,10.43156,-13.498879,1.5998335,1.0602334,3.0196211,26.346695,-28.37121,51.82817,-3.708299,-27.667173,39.00244,48.93419
1046,-21.31801414489746,-640.593505859375,63.84215545654297,1.1492705011747653,1.1115672068533988,-107.07439668195894,-1.2006315,0.6781232,22.71661,8.0233755,-9.304601,-3.7973187,2.1936076,-2.4864342,-2.326865,10.463602,-13.519856,1.5898166,1.0449976,2.9188027,26.356325,-28.355753,51.68126,-3.5691538,-27.662687,39.096592,49.18356
1047,-21.31903076171875,-640.5941772460938,63.84115219116211,1.1585278202667384,1.1267373317193137,-107.10894855452793,-1.1865515,0.65610546,22.750397,7.9655395,-9.272051,-3.8133605,2.1604047,-2.5008466,-2.2962906,10.500465,-13.5418215,1.5775054,1.0193602,2.825567,26.367067,-28.34913,51.54809,-3.4396996,-27.65821,39.207317,49.43271
1048,-21.322601318359375,-640.5968017578125,63.841068267822266,1.1680738924260925,1.140238688426664,-107.14313368870748,-1.173939,0.6357247,22.782152,7.913389,-9.239072,-3.8228686,2.1277092,-2.5148315,-2.2641203,10.539314,-13.564428,1.5677034,0.9735287,2.7452786,26.378136,-28.34539,51.43165,-3.3228824,-27.653093,39.322884,49.6754
1049,-21.324634552001953,-640.5960693359375,63.84281539916992,1.1780805122718796,1.1503627940991745,-107.17311149800648,-1.1680012,0.6195869,22.804844,7.8797917,-9.2126045,-3.8203855,2.097038,-2.5275185,-2.2333248,10.57752,-13.585367,1.5594623,0.8986538,2.6825643,26.388859,-28.3404,51.332092,-3.2142346,-27.646734,39.433575,49.905556
1050,-21.327062606811523,-640.5970458984375,63.84379959106445,1.1938844216839357,1.1549918020353795,-107.22646383673388,-1.1493702,0.5971023,22.848063,7.833061,-9.17842,-3.8111317,2.055451,-2.5462596,-2.1767676,10.644866,-13.619661,1.5516078,0.4954644,2.8441331,26.449648,-27.947088,51.1792,-3.4684713,-27.535706,40.109608,50.31722
1051,-21.32697296142578,-640.59521484375,63.84488296508789,1.203068430469968,1.1625012597260371,-107.24622176957214,-1.1502835,0.58634937,22.859392,7.813726,-9.150441,-3.802583,2.0292969,-2.5556364,-2.1540086,10.677627,-13.63642,1.5454994,0.37157515,2.829561,26.460114,-27.918509,51.0934,-3.3805428,-27.50284,40.21574,50.550713
1052,-21.325674057006836,-640.5845947265625,63.84620666503906,1.2099841828566102,1.1812438263530862,-107.26939919494257,-1.1564784,0.5763046,22.881908,7.779573,-9.105862,-3.8051233,1.9957539,-2.5626557,-2.128769,10.698977,-13.643799,1.5435083,0.27553287,2.7913766,26.467173,-27.933916,51.028065,-3.2589922,-27.483814,40.264328,50.75004
1053,-21.32268524169922,-640.5835571289062,63.84897232055664,1.2162989949113452,1.2134674160426406,-107.29645310243416,-1.1689203,0.563559,22.916542,7.7280736,-9.041018,-3.8182156,1.9545614,-2.5704021,-2.1013649,10.704427,-13.639891,1.5518879,0.18740542,2.7556827,26.47346,-27.956114,50.966404,-3.1209693,-27.46582,40.28221,50.928997
1054,-21.319555282592773,-640.5802001953125,63.852256774902344,1.221635254924049,1.2555156594912438,-107.32525364556159,-1.1909322,0.5518069,22.95867,7.676893,-8.968012,-3.8381615,1.9078455,-2.5778732,-2.0730321,10.698505,-13.627649,1.5676951,0.10160465,2.722847,26.479092,-27.986586,50.912197,-2.975051,-27.44747,40.27796,51.092506
1055,-21.317049026489258,-640.563720703125,63.853919982910156,1.2162278399080997,1.3041061198299773,-107.35534587311363,-1.2591159,0.57154137,23.007881,7.729659,-8.950527,-3.872101,1.8547124,-2.573912,-2.0431712,10.688838,-13.610304,1.5790316,0.009700795,2.6810927,26.485342,-28.026587,50.884857,-2.828336,-27.428686,40.262527,51.236763
1056,-21.31705093383789,-640.548828125,63.85531997680664,1.201403194321849,1.357319024615319,-107.3882695028155,-1.3359078,0.60872567,23.066683,7.7891235,-8.93344,-3.9221835,1.7967209,-2.5538085,-2.0094888,10.67176,-13.582409,1.5734615,-0.0923101,2.6231174,26.492384,-28.077452,50.89556,-2.6996958,-27.411432,40.254196,51.367878
1057,-21.31904411315918,-640.5281982421875,63.856422424316406,1.1760050367126986,1.4048190921974468,-107.40767154510974,-1.4167836,0.6638997,23.122936,7.8616343,-8.918922,-3.9909413,1.7403796,-2.5179927,-1.9881988,10.662972,-13.554631,1.5487448,-0.2340723,2.5890663,26.496088,-28.108215,50.9309,-2.5904367,-27.407948,40.269108,51.481766
1058,-21.325576782226562,-640.5075073242188,63.85969543457031,1.135008178506277,1.4661317905450506,-107.42993525966516,-1.5281096,0.7467997,23.191483,7.978073,-8.926722,-4.07875,1.6746249,-2.4627333,-1.9631847,10.639003,-13.513106,1.5102745,-0.3834047,2.5137446,26.50213,-28.15966,51.021553,-2.4984329,-27.403044,40.291145,51.576653
1059,-21.33367919921875,-640.48779296875,63.86284255981445,1.0820298139972138,1.5424259110452474,-107.47033872689528,-1.6634625,0.8524682,23.279434,8.124699,-8.950559,-4.1814613,1.6010342,-2.39056,-1.9192935,10.584383,-13.447326,1.4591842,-0.48839334,2.3439665,26.5184,-28.30977,51.179043,-2.4396808,-27.36922,40.293827,51.696133
1060,-21.343589782714844,-640.4579467773438,63.867515563964844,1.0435283388440557,1.6099499519914937,-107.53509187068782,-1.7488185,0.92415506,23.385365,8.161097,-8.906643,-4.2873263,1.5169294,-2.3341,-1.8509146,10.558049,-13.391945,1.399162,-0.6162218,2.307304,26.522295,-28.344744,51.256985,-2.3582897,-27.36536,40.300594,51.77013
1061,-21.345767974853516,-640.4275512695312,63.87679672241211,0.9926039241605447,1.7099734749186726,-107.670454410026,-1.8457695,1.0067286,23.553722,8.173013,-8.851427,-4.4080257,1.3973947,-2.2673178,-1.7091155,10.505214,-13.310001,1.322046,-0.63731587,2.1740773,26.53662,-28.46195,51.37352,-2.2689607,-27.336496,40.2318,51.83352
1062,-21.351322174072266,-640.3920288085938,63.886634826660156,0.944005711446803,1.8101674391991327,-107.82615223096518,-1.912474,1.073941,23.738264,8.105518,-8.748305,-4.5379953,1.2630787,-2.2034721,-1.5452194,10.471932,-13.233654,1.2306283,-0.66611856,2.0985103,26.546236,-28.525436,51.460495,-2.164089,-27.318645,40.15272,51.864017
1063,-21.359525680541992,-640.3517456054688,63.89730453491211,0.8990718929937641,1.9160382354249788,-108.01296640253939,-1.9699094,1.1344095,23.950245,8.00196,-8.622313,-4.6677523,1.1206669,-2.1413538,-1.3518121,10.423814,-13.141016,1.1369952,-0.67563087,2.0349598,26.554834,-28.587648,51.54488,-2.0774722,-27.302483,40.08047,51.886913
1064,-21.377056121826172,-640.2990112304688,63.90987014770508,0.8649429814820099,2.022374856141403,-108.22886737624312,-2.0194588,1.1849519,24.187943,7.876459,-8.481849,-4.7860727,0.980537,-2.0857763,-1.1345592,10.349513,-13.0255375,1.0542928,-0.6665152,1.9829583,26.56156,-28.665937,51.63065,-2.0308733,-27.286924,40.03562,51.920967
1065,-21.397104263305664,-640.2401733398438,63.91936111450195,0.8570489024164049,2.126578493850082,-108.48080968203628,-2.0577173,1.207914,24.458294,7.726751,-8.324492,-4.8902407,0.73770344,-2.0562086,-0.8828863,10.511655,-13.042279,0.988951,-0.65213996,1.9688015,26.561453,-28.725927,51.704147,-2.0500839,-27.279839,40.063766,51.983646
1066,-21.413740158081055,-640.1739501953125,63.921897888183594,0.8783285501132165,2.231336253667547,-108.76889409438859,-2.086936,1.2004424,24.761469,7.553193,-8.151758,-4.98665,0.3480448,-2.0545666,-0.5938195,11.012583,-13.250292,0.93340343,-0.61986214,1.9920621,26.555382,-28.775223,51.754704,-2.1238573,-27.278082,40.136612,52.0763
1067,-21.439476013183594,-640.1034545898438,63.92280578613281,0.90847196617764,2.341221445751711,-109.07974155052379,-2.1201093,1.1882318,25.084755,7.375386,-7.9737897,-5.0759783,-0.056906372,-2.0545192,-0.28728172,11.522351,-13.459679,0.8819834,-0.58966374,2.0402806,26.546633,-28.818598,51.79637,-2.2341356,-27.279743,40.23341,52.166203
1068,-21.4686336517334,-640.0292358398438,63.92290115356445,0.951044240792064,2.4594333389074743,-109.40434369280754,-2.1657805,1.1713781,25.420746,7.207269,-7.802753,-5.1588383,-0.49323508,-2.0570836,0.02609853,12.079238,-13.691835,0.82992065,-0.5746089,2.1287854,26.534142,-28.849552,51.812176,-2.3856688,-27.284943,40.343933,52.2513
1069,-21.504228591918945,-639.9490356445312,63.92251205444336,1.0065625552959303,2.5831288831040924,-109.74274398241054,-2.2184918,1.1466599,25.770409,7.042687,-7.6348643,-5.2302,-0.96065134,-2.0606773,0.35811117,12.69453,-13.967924,0.75746864,-0.5767561,2.2588253,26.51703,-28.865065,51.81048,-2.6098752,-27.296509,40.509182,52.354836
1070,-21.54598617553711,-639.8570556640625,63.918052673339844,1.0704245516136686,2.7121088572551946,-110.09863740398643,-2.2808423,1.1187301,26.136484,6.892412,-7.475507,-5.2922206,-1.4675037,-2.0611446,0.70900244,13.38693,-14.293199,0.67469853,-0.5912364,2.4221892,26.496204,-28.866858,51.79893,-2.892402,-27.312872,40.72082,52.467056
1071,-21.58811378479004,-639.7566528320312,63.90867233276367,1.134814841969452,2.854277800644304,-110.4685792381652,-2.3686566,1.1012866,26.514612,6.773673,-7.3335695,-5.3556156,-2.0299757,-2.0523672,1.0492618,14.172744,-14.649489,0.62273383,-0.6162962,2.608661,26.476067,-28.86827,51.76567,-3.1635165,-27.327679,40.888634,52.528233
1072,-21.641155242919922,-639.6434326171875,63.89775848388672,1.2031754166114104,3.01671575279212,-110.84731381861336,-2.5538511,1.131625,26.897491,6.8608007,-7.3084507,-5.4354486,-2.6507099,-2.039011,1.3467664,15.034714,-14.996931,0.6411744,-0.64989537,2.8187172,26.459223,-28.881573,51.685043,-3.3577754,-27.335953,40.91775,52.489822
1073,-21.694622039794922,-639.5191040039062,63.883296966552734,1.2795605278497528,3.2138716000793917,-111.23988440162687,-2.7659457,1.1598626,27.290007,6.921485,-7.2636976,-5.5298305,-3.3674507,-2.0129015,1.6268052,16.035282,-15.36056,0.6632328,-0.689859,3.0609035,26.447863,-28.881737,51.534523,-3.4368355,-27.331429,40.759346,52.318844
1074,-21.74924659729004,-639.3887329101562,63.87371826171875,1.362719874666308,3.437284651006963,-111.64644756007539,-3.0021083,1.18802,27.693293,6.9750004,-7.2111683,-5.632652,-4.1687856,-1.9753742,1.892603,17.170975,-15.754711,0.6951359,-0.74002427,3.330673,26.43685,-28.871395,51.335804,-3.4451237,-27.320566,40.476753,52.04931
1075,-21.80725860595703,-639.2506103515625,63.85729217529297,1.448810216703163,3.6636087090832605,-112.06010762605709,-3.2465696,1.2211083,28.103527,7.0423603,-7.1662,-5.738695,-4.985348,-1.9462506,2.0831203,18.319418,-16.125898,0.88796,-0.817626,3.6240816,26.426872,-28.879183,51.116676,-3.4626026,-27.310247,40.17297,51.737644
1076,-21.877290725708008,-639.1073608398438,63.83851623535156,1.5329022587717476,3.8694939757707103,-112.4735932265797,-3.486013,1.2678717,28.516182,7.1482496,-7.145309,-5.8435655,-5.747752,-1.9466994,2.1349633,19.362995,-16.427124,1.3949047,-0.92701554,3.9436216,26.4184,-28.935026,50.89386,-3.5695217,-27.307459,39.94427,51.449078
1077,-21.948705673217773,-638.9600830078125,63.818695068359375,1.6117040830151326,4.051812424999868,-112.86312720146529,-3.731043,1.3412023,28.909515,7.316726,-7.160591,-5.941812,-6.448843,-1.9767742,2.0191393,20.300327,-16.669466,2.2604344,-1.1159697,4.3079367,26.410671,-29.014622,50.668068,-3.8187642,-27.31231,39.83782,51.20724
1078,-22.007638931274414,-638.8131713867188,63.795440673828125,1.6854453018946127,4.213779954782845,-113.20802731577207,-3.9829257,1.4378847,29.259806,7.5272803,-7.1951966,-6.034896,-7.1098156,-2.0260396,1.7334172,21.192406,-16.88845,3.4084976,-1.3963536,4.709279,26.403019,-29.105541,50.44072,-4.145235,-27.320875,39.787415,50.97046
1079,-22.07101058959961,-638.6607666015625,63.769657135009766,1.7610305569391826,4.376408107984961,-113.61125729773347,-4.221334,1.5351069,29.668503,7.733267,-7.237981,-6.1376815,-7.7570934,-2.0978656,1.3637612,22.030838,-17.07659,4.8094316,-1.6579226,5.1269083,26.395567,-29.231657,50.19808,-4.5207562,-27.335094,39.76507,50.72005
1080,-22.141542434692383,-638.5017700195312,63.74165344238281,1.843365182812664,4.521469369628219,-114.04575428347901,-4.421743,1.6157906,30.105,7.906575,-7.2702346,-6.2543364,-8.350087,-2.2034414,0.8673122,22.776682,-17.213955,6.432386,-1.9344956,5.542368,26.39096,-29.40573,49.96785,-4.8818746,-27.353102,39.76136,50.426636
1081,-22.205110549926758,-638.348876953125,63.70854187011719,1.9390334143089505,4.648491385475687,-114.51133157727304,-4.5821815,1.6701472,30.565983,8.03809,-7.288001,-6.3959017,-8.851495,-2.3592024,0.18855488,23.342335,-17.237991,8.471441,-2.2264338,5.962886,26.390633,-29.636728,49.733418,-5.2210345,-27.37396,39.763416,50.08462
1082,-22.260913848876953,-638.2037353515625,63.67477035522461,2.0433631449684384,4.757888053713224,-115.00157180718259,-4.711522,1.7104077,31.047333,8.146143,-7.3005137,-6.555139,-9.277277,-2.551374,-0.655699,23.770409,-17.185417,10.873367,-2.5294378,6.388526,26.395235,-29.929403,49.49589,-5.5548096,-27.39793,39.76849,49.706303
1083,-22.32065773010254,-638.0657348632812,63.64279556274414,2.1464873355258565,4.846221174302218,-115.51690451887632,-4.8081865,1.7504623,31.554468,8.243584,-7.310946,-6.712424,-9.684836,-2.750325,-1.5565101,24.20278,-17.166382,13.233488,-2.832555,6.78963,26.40599,-30.290115,49.296574,-5.8665447,-27.424643,39.778812,49.295204
1084,-22.399906158447266,-637.9186401367188,63.61468505859375,2.2136994766644738,4.8998624156254476,-116.01056133288117,-4.8927956,1.8662589,32.041607,8.406372,-7.340726,-6.8648086,-10.087513,-2.7892413,-2.4229944,24.702818,-17.245808,14.323944,-3.1312494,7.0383105,26.429554,-30.851004,49.25527,-6.0951066,-27.462454,39.764088,48.82732
1085,-22.487028121948242,-637.770751953125,63.584625244140625,2.2537687591173183,4.926047367753115,-116.69104394882083,-4.91236,2.03274,32.7233,8.595427,-7.394761,-7.0102744,-10.554789,-2.715911,-3.035355,25.327745,-17.433949,14.323944,-3.3229082,7.330108,26.454891,-31.334406,49.261955,-6.2821164,-27.48826,39.77667,48.317745
1086,-22.567529678344727,-637.6317749023438,63.557220458984375,2.3000083926635364,4.916965287486492,-117.35269289779437,-4.886986,2.178741,33.39255,8.764887,-7.439994,-7.1228466,-11.016047,-2.7241714,-3.675961,26.016472,-17.699844,14.323944,-3.5529468,7.5597324,26.48977,-31.93399,49.352146,-6.4319577,-27.516113,39.81147,47.784145
1087,-22.651247024536133,-637.496826171875,63.53114318847656,2.3494247791714398,4.892393088880713,-118.02117953444308,-4.8386526,2.3171258,34.07109,8.925612,-7.480484,-7.223273,-11.474003,-2.7638159,-4.3160615,26.731457,-17.998144,14.323944,-3.7635424,7.7418294,26.530323,-32.616398,49.485847,-6.571423,-27.545006,39.845284,47.25522
