Frame,root_translateX,root_translateY,root_translateZ,root_rotateX,root_rotateY,root_rotateZ,left_hip_pitch_joint_dof,left_hip_roll_joint_dof,left_hip_yaw_joint_dof,left_knee_joint_dof,left_ankle_pitch_joint_dof,left_ankle_roll_joint_dof,right_hip_pitch_joint_dof,right_hip_roll_joint_dof,right_hip_yaw_joint_dof,right_knee_joint_dof,right_ankle_pitch_joint_dof,right_ankle_roll_joint_dof,waist_yaw_joint_dof,left_shoulder_pitch_joint_dof,left_shoulder_roll_joint_dof,left_shoulder_yaw_joint_dof,left_elbow_joint_dof,right_shoulder_pitch_joint_dof,right_shoulder_roll_joint_dof,right_shoulder_yaw_joint_dof,right_elbow_joint_dof
0,0.4184194505214691,1.7260143756866455,64.29947662353516,0.2503842154489564,1.1380963320195112,-105.55290668398872,-6.686571,4.609953,20.47461,15.309522,-10.91378,-4.316536,2.4944365,-0.7344453,-13.931026,9.58709,-14.179222,-0.03590773,1.5940816,0.8347035,22.256882,-30.003725,58.54951,-1.6847886,-23.5028,46.71284,50.165527
1,0.42403894662857056,1.722566843032837,64.29944610595703,0.24840194369808344,1.1391454712087903,-105.55289538477928,-6.765449,4.6408463,20.464157,15.519143,-11.000422,-4.2921166,2.5140786,-0.73252904,-13.924256,9.550687,-14.205582,0.014963109,1.5942564,0.834686,22.263514,-30.003664,58.54952,-1.6847907,-23.50788,46.713314,50.165493
2,0.43691518902778625,1.712748646736145,64.2950668334961,0.23988673456727605,1.1444610281033543,-105.55218994675211,-6.856858,4.6713457,20.453426,15.764148,-11.119864,-4.25607,2.5689237,-0.72935504,-13.918758,9.428846,-14.184483,0.07996974,1.5958138,0.8345956,22.288826,-30.002619,58.54956,-1.6848234,-23.5274,46.715137,50.165188
3,0.45408952236175537,1.693961262702942,64.28817749023438,0.2251577228288385,1.1546989867326827,-105.55031916711117,-6.9694815,4.712746,20.439447,16.062092,-11.275432,-4.212299,2.622873,-0.72428024,-13.91494,9.307849,-14.164085,0.15094781,1.6003793,0.83440375,22.335676,-29.999193,58.549637,-1.6849612,-23.56375,46.718613,50.164158
4,0.4879245460033417,1.6639366149902344,64.22471618652344,-0.14054498392556186,1.4423020011632486,-105.61480874645025,-7.872143,5.346598,20.343037,17.818226,-12.323956,-4.2060547,2.4352446,-0.3707151,-13.818456,9.1497965,-14.136004,0.22941639,1.8334218,1.0658752,22.98178,-29.643036,58.003143,-1.3710917,-24.06898,46.812664,49.05481
5,0.4927860200405121,1.6545931100845337,64.21556854248047,-0.1449108609075327,1.4451787265770848,-105.61500919985298,-7.9771886,5.3842826,20.328222,18.09622,-12.460293,-4.133581,2.4375129,-0.37883556,-13.816105,9.156426,-14.169689,0.29630858,1.8337286,1.0659955,22.992119,-29.642305,58.003254,-1.3710767,-24.077456,46.812973,49.05465
6,0.5115042328834534,1.6296290159225464,64.20927429199219,-0.1606673350130155,1.4560457371860847,-105.61639579540349,-8.1092615,5.4328938,20.310814,18.453304,-12.662592,-4.035964,2.4437213,-0.38849545,-13.814983,9.159524,-14.201758,0.382512,1.8355112,1.0667709,23.02726,-29.63996,58.004185,-1.3710968,-24.105627,46.81473,49.05358
7,0.5521809458732605,1.587510108947754,64.1328125,-0.6271667334959282,1.6300903818442403,-105.78955511457546,-8.954036,6.209828,20.28644,20.396751,-13.830439,-3.9998803,2.3106036,0.043033943,-13.620918,9.095677,-14.189184,0.46896487,1.8893534,1.1372523,23.527422,-29.392965,58.07599,-0.9415552,-24.51212,46.938427,47.84276
8,0.5650997757911682,1.5789119005203247,64.1237564086914,-0.6354767410720058,1.6348782141785916,-105.79035929944203,-9.071195,6.253104,20.271902,20.717468,-13.973967,-3.9362378,2.2957883,0.02595031,-13.621452,9.161842,-14.2551565,0.5362128,1.8895513,1.1374594,23.541967,-29.392334,58.07623,-0.9414473,-24.524296,46.93916,47.842476
9,0.5924592614173889,1.5423080921173096,64.11316680908203,-0.6627863652259139,1.654278002056515,-105.79499765821878,-9.199342,6.300487,20.26264,21.072529,-14.131267,-3.9001462,2.3100407,0.01226269,-13.6209,9.159838,-14.291639,0.61379063,1.8910763,1.1391057,23.5939,-29.390636,58.07744,-0.9412953,-24.567566,46.942814,47.840458
10,0.6330740451812744,1.4866564273834229,64.0158920288086,-1.236451531779588,1.722531661769135,-105.95921216216968,-9.977656,7.206463,20.205587,23.10945,-15.280028,-3.9661746,2.2759933,0.5482203,-13.436507,9.130374,-14.305426,0.66672176,1.8821336,1.2526379,23.989647,-29.254402,58.180916,-0.45216164,-24.897356,47.069088,46.662666
11,0.6567530632019043,1.4461156129837036,64.00196838378906,-1.259735860577005,1.738964574429606,-105.96234565501359,-10.106362,7.256676,20.197735,23.465061,-15.401579,-3.963041,2.2512877,0.52436393,-13.438226,9.233973,-14.404155,0.72891855,1.8824216,1.2536193,24.031002,-29.253464,58.180893,-0.45172164,-24.933455,47.071415,46.66154
12,0.6930021643638611,1.3796532154083252,63.923500061035156,-1.7314579759007804,1.7509785933805582,-106.06553775802395,-10.663715,7.9697742,20.116041,25.043385,-16.269373,-3.989183,2.337776,0.971165,-13.317344,9.075916,-14.354277,0.7949934,1.8760396,1.4668521,24.348993,-29.147442,58.115303,-0.02317155,-25.206705,47.14914,45.771194
13,0.7136660814285278,1.3339492082595825,63.91404724121094,-1.7540679277561273,1.7702634204425751,-106.06733878904167,-10.786884,8.010327,20.09892,25.389421,-16.38132,-3.9349856,2.3889413,0.9644453,-13.316406,8.993222,-14.352358,0.87865126,1.8778287,1.4679729,24.382023,-29.14602,58.11513,-0.022689195,-25.237295,47.15123,45.77047
14,0.7585739493370056,1.2515828609466553,63.838722229003906,-2.135442470584762,1.7654127522065308,-106.14915448399314,-11.240923,8.571027,20.000477,26.750439,-17.115358,-3.8982136,2.4619288,1.2927537,-13.218018,8.945647,-14.381779,0.98601204,2.0021808,1.8111697,24.635893,-29.025871,57.87327,0.33335602,-25.467379,47.194405,45.12
15,0.789749801158905,1.1821686029434204,63.826297760009766,-2.168125439123208,1.7931239219465822,-106.15282957892036,-11.362486,8.610013,19.97788,27.112766,-17.256548,-3.809202,2.5558124,1.2921019,-13.213079,8.773502,-14.339708,1.0928825,2.012319,1.8166462,24.709751,-29.01844,57.871075,0.3344383,-25.541569,47.200523,45.116558
16,0.8342093825340271,1.091726541519165,63.75511169433594,-2.498366492932128,1.7713940210985988,-106.24189954765743,-11.710221,9.08568,19.908869,28.262362,-17.91373,-3.7430787,2.607252,1.5541222,-13.107991,8.832854,-14.429421,1.1997595,2.1801028,2.2392237,24.907166,-28.882256,57.576756,0.6234477,-25.730682,47.21346,44.600315
17,0.8662244081497192,1.0063320398330688,63.738853454589844,-2.536110097379419,1.8056709168995833,-106.24901930698995,-11.800974,9.115381,19.89818,28.575998,-18.105259,-3.6226778,2.6848855,1.5445399,-13.096566,8.724263,-14.42678,1.3020242,2.1935616,2.2522094,24.99407,-28.86961,57.577057,0.6226333,-25.82093,47.218227,44.594658
18,0.9104921221733093,0.8968521952629089,63.67193603515625,-2.8313254116274438,1.7580324814056365,-106.37705667542792,-12.024156,9.529283,19.904171,29.533522,-18.717842,-3.5207486,2.743493,1.7577648,-12.947751,8.842945,-14.545082,1.400576,2.3404298,2.577762,25.151953,-28.750454,57.51419,0.81607676,-25.976257,47.22812,44.2119
19,0.9522734880447388,0.7878561615943909,63.63185501098633,-3.0146095749814354,1.7434558181238302,-106.46439688107597,-12.145182,9.760722,19.924028,30.135063,-19.149195,-3.4046686,2.829041,1.8703885,-12.847983,8.834129,-14.593882,1.5036772,2.4098897,2.7769392,25.290117,-28.645277,57.49792,0.928234,-26.11388,47.23229,43.994907
20,0.9927951097488403,0.6793513894081116,63.59306716918945,-3.167999301150802,1.740731706766662,-106.55226456811373,-12.223442,9.93582,19.960546,30.616003,-19.55064,-3.3012886,2.9084392,1.9438723,-12.758711,8.822534,-14.643826,1.6207429,2.4755495,2.9674253,25.408928,-28.548134,57.46358,0.9894613,-26.23566,47.225964,43.85699
21,1.040158987045288,0.5614790320396423,63.556312561035156,-3.31560564109132,1.7497124563641777,-106.64766253786179,-12.272021,10.085924,20.014227,31.013042,-19.95257,-3.2162886,2.9879048,2.003322,-12.6753435,8.788861,-14.684008,1.7507455,2.555262,3.1877038,25.51016,-28.451618,57.369247,1.024651,-26.342941,47.200275,43.76598
22,1.1025595664978027,0.44334834814071655,63.52102279663086,-3.4584599889410517,1.765931702267437,-106.75133703494372,-12.2900095,10.21417,20.085245,31.336609,-20.35503,-3.1423185,3.0696263,2.0509067,-12.593059,8.739003,-14.717021,1.8902699,2.6503894,3.4383712,25.596415,-28.353565,57.229523,1.0398268,-26.437271,47.15202,43.715744
23,1.1622213125228882,0.31186017394065857,63.48793411254883,-3.585729744404689,1.7827594783315672,-106.85740378615272,-12.275576,10.311469,20.166075,31.594559,-20.746609,-3.0795352,3.1560383,2.0764418,-12.512257,8.684846,-14.747914,2.0408766,2.7404852,3.7081292,25.670052,-28.25238,57.081764,1.0378877,-26.519875,47.07622,43.71128
24,1.221565842628479,0.16817189753055573,63.454566955566406,-3.685574861844404,1.793603171576066,-106.95891809984457,-12.2271385,10.367406,20.248323,31.794603,-21.115536,-3.0277402,3.2461052,2.0679996,-12.4346075,8.647037,-14.787064,2.2044525,2.803916,3.980387,25.733044,-28.147554,56.967953,1.0196337,-26.591784,46.968147,43.75885
25,1.285035490989685,0.017590755596756935,63.42491912841797,-3.7533131805880315,1.7939046552936198,-107.055939294549,-12.133801,10.376634,20.3312,31.924662,-21.462986,-2.9957201,3.3465855,2.0217848,-12.357879,8.622532,-14.835018,2.39155,2.8348582,4.242652,25.786674,-28.035652,56.90928,0.9865352,-26.653696,46.820713,43.866245
26,1.3501492738723755,-0.1387075036764145,63.396854400634766,-3.7954936588536663,1.7878563474172282,-107.15041727494084,-11.999893,10.344591,20.418163,31.986048,-21.794006,-2.9806256,3.454867,1.9435998,-12.28315,8.606697,-14.889637,2.5977588,2.8437896,4.500567,25.831673,-27.916647,56.8858,0.94169736,-26.706415,46.63222,44.02676
27,1.4165024757385254,-0.29711616039276123,63.37235641479492,-3.817109550196646,1.7827217754102618,-107.23866431055873,-11.847787,10.277891,20.506777,32.005333,-22.101723,-2.9646237,3.5610504,1.8384719,-12.216664,8.604549,-14.948474,2.802402,2.8330624,4.765759,25.869003,-27.798418,56.876312,0.8889087,-26.751106,46.40926,44.22014
28,1.485836148262024,-0.45973458886146545,63.34995651245117,-3.8235600858366983,1.785353149486884,-107.31593090447716,-11.698801,10.182992,20.593777,32.007877,-22.378376,-2.9297717,3.6602316,1.7125952,-12.165607,8.609822,-15.00202,2.9852562,2.8046422,5.047969,25.899498,-27.693445,56.86047,0.8282753,-26.788973,46.163868,44.430367
29,1.554223895072937,-0.6286500692367554,63.33106231689453,-3.819698025251161,1.7946965594215003,-107.38045281577082,-11.556705,10.066403,20.678537,32.00513,-22.624813,-2.8688695,3.7486172,1.5714147,-12.133649,8.637716,-15.0576,3.1343093,2.7508588,5.3466716,25.924606,-27.614962,56.845455,0.7549183,-26.821342,45.90601,44.65213
30,1.6331294775009155,-0.803727388381958,63.31526565551758,-3.8035234408600282,1.8075724372596111,-107.43427526653865,-11.409932,9.924256,20.761658,31.980133,-22.843313,-2.7921603,3.8320062,1.4134457,-12.117218,8.682635,-15.114779,3.262977,2.6736238,5.650933,25.94516,-27.566118,56.841778,0.6671451,-26.848886,45.636677,44.893288
31,1.7196462154388428,-0.9813141226768494,63.302738189697266,-3.770155510401036,1.8286370593814067,-107.47865464575098,-11.259677,9.749407,20.841808,31.92224,-23.031862,-2.7076654,3.9140677,1.2342432,-12.115257,8.720152,-15.159792,3.3907204,2.5897744,5.9571395,25.960953,-27.540712,56.833282,0.5683937,-26.872156,45.35253,45.15885
32,1.8101619482040405,-1.163211464881897,63.29388427734375,-3.714107285332195,1.8634630364715883,-107.51457511766974,-11.106768,9.533752,20.918259,31.817362,-23.186533,-2.6234336,3.9959943,1.0274789,-12.127267,8.73036,-15.181853,3.5368707,2.51541,6.268979,25.971123,-27.525742,56.79757,0.46392328,-26.891632,45.0467,45.45172
33,1.904682993888855,-1.3502726554870605,63.2904052734375,-3.6104750636423644,1.9237765361008519,-107.52366581143417,-10.950897,9.239698,20.9808,31.630487,-23.281963,-2.5370877,4.056135,0.76212907,-12.181854,8.754113,-15.221697,3.718327,2.5632782,6.7057786,25.982124,-27.529144,56.563633,0.42354807,-26.922035,44.462616,45.786728
34,2.0123231410980225,-1.5397437810897827,63.29037094116211,-3.513768611235022,1.9919827925948788,-107.52298077429589,-10.800969,8.942539,21.033567,31.434568,-23.359274,-2.4518566,4.1431527,0.50632316,-12.255136,8.697817,-15.214816,3.9151115,2.5822728,7.084807,25.98423,-27.55185,56.382553,0.42362908,-26.947481,43.90861,46.075977
35,2.13163423538208,-1.7332462072372437,63.29581832885742,-3.3870839977472595,2.0754867403199135,-107.52201730403698,-10.633956,8.591983,21.093182,31.155859,-23.390621,-2.3619967,4.211118,0.21160245,-12.332172,8.653833,-15.19069,4.111468,2.686722,7.467172,25.979052,-27.643656,56.165203,0.45146957,-26.979172,43.203644,46.390995
36,2.2522671222686768,-1.9219588041305542,63.29154968261719,-3.2008447488208907,2.1665862826761653,-107.56998101413492,-10.454017,8.178996,21.206026,30.84359,-23.418394,-2.272655,4.0238585,-0.21371536,-12.356473,9.208166,-15.464101,4.2920866,2.7979116,7.8066163,25.964178,-27.78338,55.973904,0.42203498,-27.00842,42.59794,46.767155
37,2.3685989379882812,-2.1048381328582764,63.28168487548828,-2.9442463405500208,2.2739789794599847,-107.66120041845755,-10.256249,7.6859355,21.373728,30.468937,-23.429218,-2.1906986,3.6137974,-0.77278155,-12.330905,10.26172,-16.001448,4.437425,2.9861343,8.123551,25.936598,-28.036308,55.780575,0.3318579,-27.044464,41.95831,47.243134
38,2.48475980758667,-2.296377420425415,63.2772216796875,-2.6536747485522896,2.3952567662702493,-107.7784499385923,-10.03866,7.143174,21.574774,30.024134,-23.411945,-2.1128302,3.108351,-1.3968443,-12.273222,11.505123,-16.627214,4.5570416,3.2839901,8.311019,25.89106,-28.490738,55.66619,0.27050173,-27.096704,41.209873,47.743835
39,2.6171019077301025,-2.483342170715332,63.26945495605469,-2.334063791456477,2.5253945704395315,-107.91381769620999,-9.812199,6.5575986,21.79135,29.53046,-23.37538,-2.0228283,2.5100493,-2.0762126,-12.187177,12.942615,-17.286905,4.678608,3.5124002,8.528988,25.838213,-28.863937,55.540195,0.102278925,-27.142326,40.632153,48.296936
40,2.7603421211242676,-2.663933277130127,63.2566032409668,-1.9913638272463239,2.6569214363243945,-108.05929239864645,-9.580293,5.9356747,22.006485,29.000893,-23.323519,-1.9044509,1.8309954,-2.7987547,-12.077424,14.560605,-17.91593,4.8293257,3.7192981,8.776627,25.77193,-29.161318,55.377888,-0.085540965,-27.19194,40.13497,48.837498
41,2.91023588180542,-2.8428478240966797,63.23798751831055,-1.6118990917114255,2.8005586585419473,-108.22152350812414,-9.349891,5.259632,22.225595,28.435913,-23.261623,-1.7506369,1.0651096,-3.5808234,-11.968567,16.355194,-18.562141,5.0032325,3.8712327,9.112816,25.69578,-29.291609,55.137478,-0.32435727,-27.242023,39.751648,49.375534
42,3.0518906116485596,-3.0269439220428467,63.22134780883789,-1.1984465220750253,2.9569692081106074,-108.40131371944362,-9.114331,4.53159,22.45598,27.830307,-23.187218,-1.5727917,0.203043,-4.424462,-11.850077,18.343616,-19.243694,5.185557,3.9983997,9.502038,25.609888,-29.32576,54.845337,-0.5971272,-27.297329,39.441353,49.91314
43,3.1936607360839844,-3.204801321029663,63.20674514770508,-0.7812611752346652,3.1047694626714732,-108.58274410176836,-8.863985,3.7904415,22.681776,27.202154,-23.099876,-1.3832297,-0.73772544,-5.2912703,-11.674963,20.515604,-19.843496,5.3903236,4.09389,9.912219,25.526999,-29.320492,54.52414,-0.89476395,-27.352842,39.24657,50.443172
44,3.3332879543304443,-3.387449026107788,63.1985969543457,-0.38826745771877014,3.2224674998537854,-108.75085892652264,-8.590418,3.0728962,22.887093,26.56752,-22.998117,-1.1928943,-1.7386873,-6.1427665,-11.396494,22.858181,-20.240036,5.632776,4.155194,10.303848,25.450815,-29.338175,54.204433,-1.1953139,-27.414366,39.200027,50.944324
45,3.470217704772949,-3.5664758682250977,63.187068939208984,-0.018118239411514442,3.3018419657203677,-108.90640868070429,-8.292204,2.378718,23.069708,25.932854,-22.882816,-0.99456906,-2.8046536,-6.987217,-10.9911,25.403513,-20.402582,5.967991,4.1820555,10.687409,25.383265,-29.373419,53.88273,-1.5056845,-27.480453,39.354935,51.41903
46,3.610189199447632,-3.742288112640381,63.173274993896484,0.3443480146335753,3.355726734196523,-109.05661847585431,-7.9712634,1.6874975,23.238234,25.284544,-22.75183,-0.78624094,-3.942589,-7.8364086,-10.487369,28.139692,-20.390562,6.367954,4.1756477,11.075061,25.31753,-29.400465,53.547398,-1.8229142,-27.553112,39.67417,51.86779
47,3.740504026412964,-3.9161946773529053,63.1596565246582,0.6916130318631714,3.3937979122431763,-109.1956983473262,-7.6342387,1.011349,23.392195,24.629505,-22.610683,-0.58650374,-5.1279087,-8.654059,-9.917988,30.96708,-20.211994,6.7257857,4.141225,11.44506,25.26149,-29.450445,53.195335,-2.135168,-27.62026,40.064274,52.30039
48,3.893130302429199,-4.097925662994385,63.150936126708984,1.016874912260039,3.425281978321809,-109.31790152027439,-7.279131,0.35682425,23.530512,23.946283,-22.451931,-0.41047907,-6.3340325,-9.40689,-9.315395,33.784687,-19.87144,6.9349217,4.072367,11.776211,25.217684,-29.5418,52.827877,-2.4331853,-27.679512,40.442333,52.71963
49,4.036040782928467,-4.280036926269531,63.14402770996094,1.326570047367358,3.448879351698672,-109.42951126014559,-6.9100304,-0.27980387,23.65367,23.237446,-22.273619,-0.25225338,-7.5475645,-10.10353,-8.657324,36.56872,-19.246527,7.1162505,3.9699748,12.084675,25.183987,-29.674698,52.425606,-2.7304285,-27.732971,40.81852,53.134563
50,4.151086330413818,-4.475517272949219,63.143898010253906,1.5852287968609358,3.462996291287376,-109.53080308748841,-6.5519805,-0.8495376,23.75702,22.568434,-22.113302,-0.10789964,-8.773439,-10.713428,-7.9480987,39.33595,-18.353737,7.2675686,3.895197,12.34895,25.180761,-29.82438,52.01077,-2.8705542,-27.750233,41.006077,53.4532
51,4.264410018920898,-4.657052516937256,63.14541244506836,1.8931192915703738,3.465063124093687,-109.60704627400064,-6.133017,-1.4942479,23.84914,21.75605,-21.869495,0.020955432,-10.047365,-11.337471,-7.228941,42.166405,-17.474894,7.1263638,3.6690695,12.603544,25.148348,-30.046831,51.568455,-3.2899323,-27.82209,41.606907,53.920963
52,4.368419170379639,-4.81117582321167,63.1469612121582,2.0935599601724864,3.470759308438284,-109.64361371189064,-5.752761,-2.0038025,23.912355,21.04586,-21.688992,0.105885565,-11.327771,-11.786958,-6.6182656,44.92132,-16.756506,6.413465,3.4701414,12.746444,25.15361,-30.20842,51.199047,-3.368107,-27.834414,41.771774,54.15589
53,4.461431980133057,-5.001358509063721,63.15898132324219,2.273807613782954,3.4666998975205487,-109.63361541608832,-5.3321433,-2.5041363,23.956005,20.250647,-21.472733,0.1216909,-12.677444,-12.165421,-6.1539354,47.805153,-16.253317,4.7318835,3.1877987,12.812032,25.167013,-30.437141,50.860107,-3.477624,-27.849794,41.983788,54.395832
54,4.5510945320129395,-5.189853668212891,63.16752624511719,2.3478930665380076,3.441907739427195,-109.57096995350757,-4.9418635,-2.863454,23.960089,19.578388,-21.332588,0.07841862,-14.029625,-12.38794,-5.8564854,50.699745,-15.7937155,2.329971,2.8181872,12.797246,25.18159,-30.605417,50.632023,-3.4872968,-27.857452,42.110233,54.505455
55,4.6340436935424805,-5.382144451141357,63.17226791381836,2.459989830273578,3.4312232205723494,-109.49704552687409,-4.5102987,-3.286996,23.957573,18.764719,-21.106514,0.05725469,-15.34277,-12.59327,-5.5705633,53.37111,-15.428674,-0.028595412,2.4217515,12.732549,25.20261,-30.814964,50.353245,-3.5062747,-27.865381,42.25551,54.64019
56,4.713226318359375,-5.570118427276611,63.172996520996094,2.581098934339121,3.4343071775653913,-109.40427835775559,-4.0921845,-3.7180543,23.925331,17.957277,-20.856607,0.11973558,-16.50842,-12.726126,-5.206471,55.544205,-15.19128,-1.5891994,2.025778,12.607491,25.228271,-31.038584,50.060333,-3.5260031,-27.872906,42.40282,54.78881
57,4.797287464141846,-5.766705513000488,63.188804626464844,2.7085033440338506,3.4556488876443465,-109.29379139629484,-3.710024,-4.1460085,23.864494,17.20411,-20.595257,0.31359723,-17.499601,-12.767331,-4.6862707,57.166283,-15.200097,-2.0232604,1.631107,12.4178915,25.257221,-31.258896,49.753563,-3.53835,-27.879745,42.544044,54.935837
58,4.885483741760254,-5.98116397857666,63.20827102661133,2.8298892587953626,3.4888175458610213,-109.1628826237825,-3.356106,-4.553884,23.778633,16.500374,-20.331724,0.5921432,-18.374332,-12.707575,-4.058032,58.40536,-15.425269,-1.7687852,1.2195239,12.16596,25.289219,-31.468803,49.44577,-3.5353937,-27.885513,42.674145,55.066944
59,4.957470417022705,-6.193604946136475,63.22793960571289,2.9307530566786637,3.5272980957602798,-109.0160388322326,-3.0060396,-4.9342117,23.667002,15.805374,-20.066635,0.8784337,-19.172522,-12.537454,-3.384114,59.331978,-15.694239,-1.2161434,0.7967583,11.859146,25.323643,-31.659653,49.1557,-3.504368,-27.889435,42.784576,55.181667
60,5.0187296867370605,-6.400605201721191,63.240570068359375,2.9967102112280193,3.563675697019764,-108.85770864891154,-2.64596,-5.2720947,23.528423,15.108604,-19.81485,1.0960078,-19.93338,-12.247121,-2.723997,60.011745,-15.823447,-0.75169444,0.3699268,11.507603,25.360035,-31.82311,48.901917,-3.4290378,-27.890295,42.863857,55.278465
61,5.090687274932861,-6.63074254989624,63.26606369018555,3.017822142971904,3.5939279451903947,-108.67953931238988,-2.2514226,-5.566375,23.343655,14.361119,-19.555326,1.2218881,-20.662954,-11.78525,-2.013099,60.426556,-15.730064,-0.44472808,-0.06888435,11.108774,25.397215,-31.94107,48.700527,-3.2951164,-27.886217,42.887947,55.34729
62,5.1620378494262695,-6.864819526672363,63.29061508178711,2.9987261797004283,3.6227341531088237,-108.48475363103657,-1.8435471,-5.8142695,23.12101,13.605694,-19.301182,1.2979294,-21.342659,-11.175838,-1.241772,60.55375,-15.5254545,-0.10332515,-0.51722467,10.665313,25.4351,-32.009853,48.539276,-3.0965774,-27.876493,42.849697,55.38187
63,5.2215447425842285,-7.095714092254639,63.31651306152344,2.952048238623934,3.654464216372099,-108.2926436137421,-1.4394524,-6.023839,22.894508,12.870185,-19.063442,1.343642,-21.968739,-10.52398,-0.5543634,60.433666,-15.299874,0.27533564,-0.95402765,10.19496,25.474634,-32.053123,48.392002,-2.8367732,-27.862255,42.773647,55.39094
64,5.26815128326416,-7.3196210861206055,63.33445358276367,2.8920183754988624,3.690933294537301,-108.11992839746301,-1.0599909,-6.2032833,22.69742,12.195915,-18.86041,1.3797181,-22.54043,-9.940133,-0.09716231,60.113426,-15.144522,0.6927287,-1.3581058,9.711346,25.517979,-32.111916,48.232536,-2.5359077,-27.845972,42.705296,55.397827
65,5.308870792388916,-7.549930572509766,63.347328186035156,2.8237781842461853,3.7297113656557377,-107.97404455339577,-0.7091594,-6.353504,22.534002,11.601641,-18.69992,1.4287426,-23.053312,-9.451868,0.078817986,59.586662,-15.091056,1.1994925,-1.7330108,9.214424,25.568256,-32.231213,48.06181,-2.2108254,-27.829483,42.688236,55.42439
66,5.355428218841553,-7.780582427978516,63.35666275024414,2.742068056822185,3.7657621332397766,-107.84128957534287,-0.37577444,-6.475948,22.384995,11.0711975,-18.575104,1.4750025,-23.510155,-9.011703,0.05250614,58.840397,-15.088729,1.7731458,-2.0875006,8.680471,25.626907,-32.42122,47.901035,-1.8764333,-27.812893,42.731503,55.479416
67,5.404812335968018,-8.014632225036621,63.36193084716797,2.6482267166707567,3.799471154130316,-107.70762949959055,-0.055486947,-6.570205,22.248985,10.58327,-18.479422,1.4818137,-23.922249,-8.603082,-0.12810196,57.91158,-15.10272,2.3093112,-2.409915,8.089042,25.692528,-32.657906,47.754333,-1.5457177,-27.795677,42.819874,55.55525
68,5.446480751037598,-8.247576713562012,63.35719680786133,2.548250146588771,3.834016826371443,-107.55834357338276,0.24857526,-6.642234,22.126015,10.126383,-18.406775,1.4100978,-24.301851,-8.215426,-0.41467032,56.835533,-15.099681,2.7031782,-2.690527,7.437165,25.761366,-32.8953,47.61041,-1.225703,-27.777206,42.924213,55.639256
69,5.4917988777160645,-8.478437423706055,63.352195739746094,2.442893582742758,3.8732276541588413,-107.39080839237211,0.541872,-6.6978726,22.045626,9.65577,-18.337923,1.211634,-24.656443,-7.853175,-0.8217481,55.609524,-15.082529,2.9083824,-2.9238117,6.7392316,25.829742,-33.092903,47.44505,-0.91572,-27.757414,43.02301,55.729053
70,5.531344890594482,-8.717768669128418,63.343204498291016,2.3341557120559595,3.919241625152538,-107.21331159507841,0.8020415,-6.7301016,22.003126,9.234036,-18.305603,0.91595894,-24.985489,-7.51689,-1.3658028,54.22563,-15.067484,2.9918797,-3.121966,6.018931,25.897373,-33.241096,47.249233,-0.6064076,-27.736414,43.116783,55.822937
71,5.56497049331665,-8.959121704101562,63.334102630615234,2.2174998884727644,3.97145558433934,-107.02686131290581,1.0517315,-6.7422204,21.937101,8.843236,-18.292818,0.6069852,-25.275837,-7.1879654,-2.0024624,52.68776,-15.031633,3.021385,-3.3040922,5.287695,25.9644,-33.343037,47.03635,-0.2901384,-27.714506,43.21242,55.905514
72,5.589857578277588,-9.199498176574707,63.320499420166016,2.086610634808864,4.028134697631481,-106.83238882110027,1.270845,-6.7160754,21.790785,8.580838,-18.34918,0.36667278,-25.517328,-6.8447566,-2.6880345,51.006355,-14.954695,3.0624356,-3.4878674,4.548707,26.030478,-33.410492,46.828583,0.042312454,-27.69219,43.31912,55.959583
73,5.607662200927734,-9.445151329040527,63.304893493652344,1.931875558613246,4.089426407785437,-106.62348838101211,1.4530514,-6.6336937,21.517544,8.48849,-18.499146,0.21640083,-25.703564,-6.4800215,-3.4544163,49.169014,-14.848771,3.1236787,-3.6717622,3.7840827,26.0972,-33.446953,46.644993,0.40648842,-27.669163,43.445526,55.964672
74,5.628768444061279,-9.69869613647461,63.29197311401367,1.7564141953019015,4.1545588390126325,-106.40117416976443,1.5859535,-6.497789,21.161098,8.577184,-18.751757,0.11068005,-25.83388,-6.0927725,-4.3151407,47.164825,-14.712124,3.1819828,-3.8520877,2.9936218,26.163155,-33.45106,46.47596,0.79425013,-27.646149,43.594162,55.93169
75,5.648799419403076,-9.968605995178223,63.27494812011719,1.574292473385817,4.224628735902134,-106.17673219084858,1.6875654,-6.3403025,20.792376,8.763426,-19.054424,0.03399215,-25.924831,-5.6771917,-5.1976013,45.03786,-14.526102,3.248927,-4.046001,2.2010398,26.23105,-33.433685,46.30556,1.1801144,-27.622484,43.76399,55.889023
76,5.657144069671631,-10.225773811340332,63.246925354003906,1.4022637134217792,4.29756467477863,-105.9634931305806,1.7896693,-6.199598,20.481836,8.929615,-19.335415,-0.026098164,-25.99308,-5.23586,-6.023298,42.830418,-14.264959,3.3318384,-4.262115,1.4339142,26.299736,-33.41372,46.110023,1.5341322,-27.598888,43.949135,55.87425
77,5.670810699462891,-10.493330001831055,63.21946334838867,1.2553332271051643,4.374968935856074,-105.76180017782232,1.9019252,-6.095619,20.245193,9.029425,-19.560179,-0.05940466,-26.038244,-4.7843733,-6.774676,40.520744,-13.943277,3.4308507,-4.4912496,0.7036274,26.370913,-33.410706,45.860317,1.844676,-27.575079,44.14697,55.91674
78,5.682031631469727,-10.773050308227539,63.1937370300293,1.1288102964619462,4.456214031614771,-105.56806064449637,2.0233066,-6.018547,20.045671,9.087161,-19.74686,-0.06270941,-26.05522,-4.3226337,-7.4851656,38.099785,-13.568894,3.5424142,-4.7162247,-0.0021450238,26.445683,-33.43137,45.56205,2.1204302,-27.550476,44.353584,56.007816
79,5.693844318389893,-11.065881729125977,63.16672134399414,1.0168819056717193,4.53853117700483,-105.39210355882732,2.1655693,-5.963657,19.877428,9.100272,-19.908861,-0.060263384,-26.049812,-3.8386254,-8.147597,35.61277,-13.104635,3.6602397,-4.927113,-0.6941935,26.52412,-33.47239,45.244728,2.363522,-27.524565,44.557835,56.13092
80,5.704936504364014,-11.364782333374023,63.13587951660156,0.9134589761718135,4.619609071268647,-105.24505568757635,2.3347263,-5.9249644,19.73717,9.080411,-20.067638,-0.07615837,-26.031881,-3.3224099,-8.752154,33.111145,-12.518106,3.7760262,-5.117336,-1.384672,26.605635,-33.52362,44.941486,2.5793378,-27.496927,44.74537,56.26464
81,5.70813512802124,-11.6707181930542,63.116729736328125,0.7399820252237679,4.707166528966282,-105.16068707093648,2.5391643,-5.8282876,19.663784,8.98985,-20.206297,-0.11546022,-25.936749,-2.6693993,-9.293869,30.396772,-11.681374,3.850937,-5.3381014,-2.2712162,26.74998,-33.613167,44.822437,2.7544856,-27.442696,45.008476,56.363876
82,5.71379280090332,-11.990876197814941,63.06525421142578,0.6991105317454995,4.774526714747063,-105.07890974026857,2.7355278,-5.855536,19.601048,9.010719,-20.427744,-0.15631615,-25.945042,-2.1457736,-9.726514,27.979265,-10.929833,3.9156716,-5.459591,-2.8435836,26.83049,-33.645092,44.442783,2.8928626,-27.41094,45.089485,56.58366
83,5.712966442108154,-12.314353942871094,63.031620025634766,0.5519084149796382,4.862897543582337,-105.04990674742844,2.990225,-5.805318,19.587727,8.8379965,-20.538435,-0.2175265,-25.811337,-1.4526672,-10.1484375,25.17834,-9.865315,3.9908664,-5.5743937,-3.6566432,26.971334,-33.73592,44.26406,3.076115,-27.353441,45.190296,56.69672
84,5.71229362487793,-12.646166801452637,62.98691177368164,0.46482583624159346,4.954111564804179,-104.98209370482323,3.2206597,-5.8031225,19.52481,8.743283,-20.697773,-0.29998323,-25.714632,-0.8353294,-10.580813,22.535997,-8.815856,4.148524,-5.644209,-4.321922,27.102596,-33.84269,43.97807,3.2676313,-27.299376,45.259636,56.81599
85,5.73022985458374,-12.988691329956055,62.94121170043945,0.393038273072677,5.056720858301087,-104.88858806499721,3.4567044,-5.8207912,19.415869,8.617734,-20.840752,-0.40972775,-25.600302,-0.23367287,-11.055906,19.884174,-7.6611958,4.3639636,-5.685215,-4.9510107,27.226902,-33.981346,43.680817,3.4972613,-27.250313,45.349743,56.8825
86,5.736063480377197,-13.3359956741333,62.88848114013672,0.3326664120357442,5.167269901576912,-104.78311584429332,3.7049167,-5.854828,19.282188,8.456931,-20.968979,-0.54198426,-25.456434,0.36749354,-11.541431,17.181147,-6.3851094,4.6186585,-5.7113533,-5.5710945,27.344961,-34.148468,43.399284,3.7401845,-27.206594,45.470985,56.9127
87,5.737210750579834,-13.692042350769043,62.82878494262695,0.28504616203186217,5.285457461775882,-104.66435153238601,3.9523532,-5.8976245,19.134542,8.298082,-21.094177,-0.690442,-25.273409,0.96969527,-11.992589,14.417215,-5.018876,4.963773,-5.743832,-6.1852794,27.456245,-34.323807,43.143787,3.9633834,-27.16756,45.603924,56.92655
88,5.728596210479736,-14.052637100219727,62.761775970458984,0.2591158750903557,5.413553773848047,-104.52509007857542,4.193739,-5.9525666,18.97646,8.153104,-21.217743,-0.84749585,-25.042604,1.5626618,-12.365508,11.582718,-3.5971835,5.449977,-5.8037877,-6.7868505,27.560316,-34.481857,42.90971,4.1341987,-27.132183,45.715187,56.949177
89,5.719706058502197,-14.424342155456543,62.68516159057617,0.2780135420624443,5.565686994405968,-104.34875498844919,4.425487,-6.0454483,18.794743,7.9966516,-21.323544,-1.0113149,-24.769524,2.1171935,-12.657467,8.638153,-2.060251,6.153373,-5.9084067,-7.363309,27.656183,-34.6049,42.67152,4.2207985,-27.100628,45.780605,57.006786
90,5.719984531402588,-14.803750991821289,62.5951042175293,0.37086527225137184,5.748007963326751,-104.11222928595166,4.642263,-6.202901,18.557024,7.828684,-21.41437,-1.1828909,-24.69955,2.5318425,-12.901048,6.188095,-0.7644554,7.0339622,-6.0611386,-7.8905673,27.74376,-34.689816,42.383476,4.224558,-27.073782,45.803497,57.112843
91,5.730131149291992,-15.199740409851074,62.49355697631836,0.5420970730011737,5.944188871167865,-103.8131711362762,4.853365,-6.423189,18.251099,7.666151,-21.498367,-1.3592702,-25.419191,2.6321201,-13.122196,5.7949758,-0.72367734,7.9729605,-6.2483807,-8.337677,27.822521,-34.730423,42.015995,4.171237,-27.052193,45.791874,57.267075
92,5.715936660766602,-15.607589721679688,62.38284683227539,0.716039502708714,6.091754060426231,-103.53502475197054,5.080235,-6.62723,17.96163,7.6138053,-21.644037,-1.5439783,-24.927084,3.0229225,-13.188334,2.597627,0.8461166,8.761652,-6.399461,-8.662776,27.862614,-34.725773,41.648796,4.1772823,-27.042677,45.77523,57.385086
93,5.70384407043457,-16.020959854125977,62.27181625366211,0.8997329461934003,6.240222297569076,-103.22320290691765,5.3321805,-6.8317256,17.626602,7.514769,-21.757637,-1.7372314,-24.217707,3.4294434,-13.156926,-1.0455893,2.5286498,9.326267,-6.5591035,-8.992852,27.90196,-34.699234,41.27396,4.19002,-27.034079,45.747574,57.478867
94,5.68508768081665,-16.446636199951172,62.16440963745117,1.0092697741071872,6.344680543945262,-102.96403043727008,5.6306477,-6.953534,17.34857,7.437029,-21.887424,-1.9530092,-24.376202,3.6572058,-13.070575,-2.2807257,2.68097,9.78037,-6.669352,-9.308213,27.938965,-34.658176,40.979134,4.2716737,-27.025034,45.714012,57.488396
95,5.665339469909668,-16.882314682006836,62.05636978149414,1.1062229937023198,6.431012317160792,-102.71714350018843,5.9171576,-7.047896,17.079521,7.449785,-22.055193,-2.1713984,-24.726385,3.804942,-12.982008,-2.8000124,2.300557,10.263659,-6.762929,-9.590929,27.974382,-34.60576,40.72408,4.387767,-27.015968,45.675926,57.45374
96,5.641216278076172,-17.32073211669922,61.94913864135742,1.2415822145016662,6.507549499196256,-102.44377266752142,6.1809964,-7.1608615,16.77127,7.5547137,-22.244469,-2.380136,-25.097424,3.8519332,-12.969699,-2.959531,1.5892683,10.934363,-6.8720145,-9.816063,28.007782,-34.54521,40.47182,4.4882126,-27.008286,45.638504,57.432564
97,5.622015953063965,-17.772140502929688,61.8212776184082,1.4772937239951065,6.57883969930441,-102.10178578461372,6.4281163,-7.3494616,16.368946,7.7336845,-22.448399,-2.5886765,-25.480537,3.745156,-13.11292,-2.7795694,0.39003175,12.038613,-7.023654,-9.948182,28.036781,-34.47055,40.158012,4.525703,-27.004007,45.60515,57.481293
98,5.6047587394714355,-18.235319137573242,61.68138885498047,1.795429293670983,6.641816995789508,-101.69929923410558,6.671396,-7.599052,15.8848505,7.9607515,-22.65629,-2.7986782,-25.860666,3.515265,-13.374671,-2.3381345,-1.2004871,13.420213,-7.2112117,-9.985228,28.059917,-34.3744,39.78211,4.5010724,-27.003862,45.57792,57.59344
99,5.583784580230713,-18.698341369628906,61.54293441772461,2.1318093504309426,6.695917429107528,-101.27687575182117,6.9211063,-7.851093,15.373493,8.192263,-22.821646,-2.9926631,-26.254652,3.2580457,-13.628403,-1.5996348,-2.875943,14.323944,-7.425133,-9.869687,28.096714,-34.174084,39.32444,4.4159245,-27.009487,45.55956,57.743652
100,5.548825263977051,-19.1669921875,61.411075592041016,2.358039645938176,6.7249597946379795,-100.9782293779808,7.1426506,-7.9894376,15.0134945,8.574519,-23.039707,-3.1602728,-26.223852,3.2453885,-13.618143,-1.6179905,-3.665899,14.323944,-7.543391,-9.864448,28.112503,-34.073566,39.119175,4.4259152,-27.013569,45.56786,57.786766
101,5.530179500579834,-19.644792556762695,61.302040100097656,2.4992673813826842,6.733351664199834,-100.68603748313336,7.374208,-8.0550785,14.665471,8.966302,-23.210081,-3.2571514,-26.142944,3.1441917,-13.468613,-1.2859511,-4.0807104,14.323944,-7.668925,-9.881544,28.127644,-33.98069,39.040947,4.466783,-27.017572,45.588997,57.778225
102,5.514176845550537,-20.125625610351562,61.2144889831543,2.579658749778046,6.725425521897564,-100.40652142589647,7.603263,-8.065401,14.334129,9.399395,-23.359978,-3.304362,-25.915749,3.012323,-13.21592,-0.9118357,-4.1274347,14.323944,-7.7956104,-9.919894,28.142807,-33.903873,39.08409,4.542711,-27.020802,45.62393,57.71684
103,5.496912002563477,-20.61063575744629,61.14581298828125,2.5713682587057276,6.6923555628670774,-100.14390977019562,7.80207,-7.967207,14.049364,9.965235,-23.528345,-3.3310523,-25.51319,2.97727,-12.906731,-0.7828348,-3.7868295,14.014852,-7.956754,-9.974356,28.17279,-33.810234,39.290974,4.6737356,-27.024351,45.711605,57.55996
104,5.449752330780029,-21.094608306884766,61.11341094970703,2.458098417965556,6.663730099968812,-99.93579603684066,8.015024,-7.7577524,13.861177,10.494813,-23.60939,-3.3668907,-25.15552,3.1385152,-12.566591,-0.6461036,-3.3652442,12.877605,-8.051664,-10.069452,28.189894,-33.795,39.63944,4.842448,-27.022219,45.765556,57.330727
105,5.4111504554748535,-21.600284576416016,61.08890151977539,2.2065185345878917,6.619511980906824,-99.73448474730647,8.188418,-7.3835483,13.750988,11.172729,-23.721981,-3.3882246,-24.703302,3.4791803,-12.293579,-0.80791503,-2.6785448,11.293863,-8.160203,-10.236356,28.21117,-33.827274,40.220432,5.115489,-27.014967,45.833694,56.947254
106,5.364226341247559,-22.12550163269043,61.07937240600586,1.7774375903679538,6.553993936995938,-99.53029061092845,8.254991,-6.780507,13.715142,12.193754,-23.983057,-3.401324,-24.06245,4.032189,-12.082109,-1.3761356,-1.6075538,9.271295,-8.322926,-10.615796,28.255701,-33.99214,41.18771,5.565569,-26.993605,45.963665,56.327164
107,5.280953884124756,-22.648481369018555,61.1103401184082,1.2719677883476534,6.498021771156782,-99.29552430660887,8.290563,-6.0717654,13.669749,13.286725,-24.195675,-3.4352987,-23.41983,4.6538177,-11.952615,-1.9541928,-0.4497396,7.0869484,-8.31241,-11.180408,28.399029,-34.584255,42.223755,6.0042696,-26.851536,45.936638,55.80668
108,5.171569347381592,-23.178955078125,61.16824722290039,0.7725377164886067,6.420268269450001,-98.99583069945967,8.340813,-5.332117,13.541532,14.400545,-24.289415,-3.525463,-22.7025,5.2661467,-11.925809,-2.6508698,0.79788893,5.007561,-8.395562,-11.621271,28.425407,-35.026638,43.325123,6.5095577,-26.77239,45.803585,55.20995
109,5.063241004943848,-23.74197006225586,61.2200927734375,0.22702105237826525,6.316710939634979,-98.60515271077644,8.380037,-4.4880166,13.323779,15.623294,-24.335632,-3.6980848,-22.208954,5.850114,-12.042571,-2.696575,1.6886051,2.869932,-8.560087,-12.058233,28.436424,-35.510803,44.54592,7.0783052,-26.689157,45.574856,54.565224
110,4.957508087158203,-24.334590911865234,61.27654266357422,-0.3758513343756404,6.199055493932686,-98.1385379596492,8.402446,-3.5399258,13.042277,16.94412,-24.338856,-3.9305482,-21.667627,6.486394,-12.294093,-2.7875807,2.6381261,0.59847486,-8.791177,-12.494352,28.4437,-36.03891,45.886753,7.7101493,-26.596127,45.27999,53.865913
111,4.851253032684326,-24.93941879272461,61.33733367919922,-0.966183636853945,6.088123524069471,-97.6170501697812,8.380667,-2.5740132,12.685746,18.358255,-24.247866,-4.191977,-20.976793,7.118571,-12.701031,-3.2157695,3.7510688,-1.3817717,-9.064123,-12.865366,28.44241,-36.55351,47.241673,8.33237,-26.501295,44.972485,53.184044
112,4.736142635345459,-25.554243087768555,61.39980697631836,-1.4818434889908563,5.997226484649761,-97.07545556981101,8.29033,-1.6698364,12.257917,19.866507,-24.017052,-4.4532704,-20.30359,7.629371,-13.276338,-3.5888035,4.7483983,-2.6368089,-9.340888,-13.120464,28.427284,-37.00585,48.51917,8.872408,-26.413437,44.70334,52.588577
113,4.619934558868408,-26.16773223876953,61.460845947265625,-1.8964016277508184,5.930493771917481,-96.50056859341676,8.121359,-0.85237646,11.744588,21.482273,-23.670778,-4.6774297,-19.820566,7.911997,-14.144212,-3.4750025,5.4606767,-2.7713442,-9.630448,-13.240949,28.39641,-37.379192,49.696167,9.301487,-26.33508,44.47092,52.11054
114,4.517293930053711,-26.786226272583008,61.52166748046875,-2.2556305705648665,5.875484311651723,-95.89623460997717,7.8911357,-0.07458391,11.165269,23.197515,-23.223251,-4.8925405,-19.493027,8.025241,-15.2305765,-2.92893,5.9639306,-2.1153476,-9.932554,-13.265114,28.354591,-37.704994,50.833664,9.6673155,-26.261072,44.2506,51.702087
115,4.423161029815674,-27.409303665161133,61.58431625366211,-2.6078147257450848,5.816241050180861,-95.32903151155922,7.614003,0.69546664,10.579592,25.000727,-22.616335,-5.167924,-19.20282,8.097671,-16.249311,-2.2227163,6.2942057,-1.3103095,-10.18919,-13.224265,28.306267,-38.002377,51.96454,10.014829,-26.188808,44.05095,51.312935
116,4.315072059631348,-28.03659439086914,61.65959930419922,-3.0041830636113467,5.735787929875409,-94.86710240825074,7.3069563,1.4926946,10.046695,26.8808,-21.794504,-5.573776,-18.85505,8.271677,-16.934565,-1.5851251,6.405869,-0.97928494,-10.342528,-13.148625,28.255823,-38.2876,53.12332,10.389283,-26.115545,43.88594,50.88825
117,4.206607341766357,-28.663286209106445,61.75262451171875,-3.4837366123066107,5.623398316632929,-94.55202544167201,6.985127,2.35099,9.592206,28.847513,-20.739237,-6.1660995,-18.43715,8.627528,-17.150856,-1.0498352,6.1996126,-1.3417155,-10.361032,-13.056492,28.203953,-38.554684,54.365726,10.828215,-26.037199,43.74227,50.397556
118,4.1044535636901855,-29.29147720336914,61.84833526611328,-4.010325437369841,5.488466517141416,-94.33908770841671,6.636125,3.240031,9.174044,30.907875,-19.490435,-6.8990655,-18.00709,9.096111,-17.060995,-0.511962,5.729854,-2.0382483,-10.279894,-12.93234,28.149498,-38.794125,55.656326,11.292871,-25.956778,43.618816,49.874245
119,4.001073360443115,-29.924901962280273,61.94752502441406,-4.525990757266725,5.342307402845505,-94.16942553465148,6.2328167,4.104208,8.750645,33.058914,-18.078533,-7.691446,-17.613173,9.585868,-16.861944,0.11723906,5.0860167,-2.8139799,-10.14089,-12.749978,28.093603,-39.013393,56.896263,11.720568,-25.882376,43.544125,49.356655
120,3.897855758666992,-30.557838439941406,62.04789733886719,-4.969463086215141,5.197925869184142,-93.9846781287375,5.750388,4.884185,8.281054,35.286907,-16.528755,-8.461781,-17.301151,9.979808,-16.758486,0.9561897,4.3185678,-3.406161,-9.981827,-12.480694,28.037344,-39.22531,57.98142,12.04245,-25.822569,43.545826,48.89197
121,3.8043673038482666,-31.18411636352539,62.1448860168457,-5.316323935493332,5.053716449830787,-93.78250104903205,5.1891313,5.5452433,7.7385306,37.597874,-14.794449,-9.231203,-17.126778,10.20749,-16.794867,2.192418,3.298147,-3.7125368,-9.80818,-12.088013,27.97697,-39.39563,58.889217,12.230302,-25.78125,43.645363,48.515347
122,3.7044692039489746,-31.810626983642578,62.23542785644531,-5.594846424336569,4.9043346819237605,-93.5886069119224,4.5572453,6.1119227,7.138093,39.998367,-12.880866,-10.034757,-17.066633,10.312533,-16.868511,3.7737224,2.0025299,-3.8762999,-9.598667,-11.592377,27.913555,-39.528763,59.663864,12.315928,-25.75412,43.81761,48.20411
123,3.604234457015991,-32.428653717041016,62.32254409790039,-5.824221655130041,4.756746222423751,-93.3883692998212,3.8450058,6.6180696,6.5091586,42.472504,-10.883836,-10.811717,-17.070068,10.334631,-16.973444,5.5287786,0.5888268,-3.999901,-9.351167,-11.045118,27.854832,-39.69555,60.303123,12.33474,-25.735794,44.01112,47.908466
124,3.4933958053588867,-33.052547454833984,62.4039421081543,-6.0297415025329,4.617264245093151,-93.16919618819101,3.0445542,7.1047,5.8894863,45.004536,-8.896702,-11.500978,-17.091928,10.332597,-17.103096,7.2900696,-0.7887649,-4.1926455,-9.063378,-10.501043,27.80835,-39.96984,60.812496,12.329726,-25.720383,44.175095,47.57056
125,3.3743515014648438,-33.666725158691406,62.48059844970703,-6.205016810195895,4.49995605501584,-92.91407054888667,2.1059854,7.560343,5.222605,47.678,-6.950769,-12.014803,-16.973286,10.381649,-17.241644,8.592798,-1.8292328,-4.517426,-8.732291,-9.967346,27.775126,-40.372635,61.17293,12.330592,-25.702274,44.27975,47.171608
126,3.247988224029541,-34.26955032348633,62.55043029785156,-6.341094393199934,4.3972682449696086,-92.63377157682477,1.051803,7.9614654,4.512992,50.47074,-4.989022,-12.423418,-16.434145,10.5717,-17.33458,8.75202,-2.1585166,-4.9285254,-8.358228,-9.422491,27.751345,-40.873764,61.394142,12.307414,-25.685944,44.35737,46.74632
127,3.1205220222473145,-34.85760498046875,62.61628341674805,-6.459813244186879,4.2824529454653755,-92.35871218264104,-0.02043252,8.347709,3.8896947,53.2181,-2.9767294,-12.883237,-15.899612,10.756711,-17.43143,8.931031,-2.4936583,-5.341249,-7.948862,-8.878426,27.736992,-41.464993,61.528397,12.218225,-25.680048,44.450554,46.31049
128,3.0008819103240967,-35.44278335571289,62.678409576416016,-6.586954366107264,4.134315933927681,-92.11936983112585,-1.0193901,8.7738495,3.4756796,55.754734,-0.87708735,-13.528057,-15.302303,10.963027,-17.496782,9.016092,-2.7973669,-5.6961527,-7.6616807,-8.169931,27.740353,-41.785854,61.568375,11.998244,-25.691261,44.663357,45.87201
129,2.8637592792510986,-35.99871826171875,62.717193603515625,-6.737032535191257,3.9202753055521007,-91.91211478416594,-1.9199092,9.307045,3.3686736,58.09172,1.5076697,-14.323944,-14.650601,11.190242,-17.545208,9.105185,-3.1326475,-5.986788,-7.3309193,-7.4832873,27.75317,-42.31843,61.575157,11.647214,-25.714636,44.99552,45.425865
130,2.7775378227233887,-36.56665802001953,62.76244354248047,-6.8717184241906715,3.663229804855744,-91.71531019121566,-2.7701867,10.021167,3.948228,60.29865,4.1193323,-14.323944,-13.991148,11.37601,-17.592896,9.258731,-3.5142841,-6.2223444,-6.978282,-6.820451,27.772863,-43.01172,61.52518,11.177667,-25.750986,45.412067,44.984062
131,2.6930954456329346,-37.136985778808594,62.80227279663086,-6.985014771234483,3.385171593129793,-91.55560044928662,-3.5803797,10.822613,4.7228427,62.37386,6.5375686,-14.323944,-13.33014,11.542386,-17.610876,9.438497,-3.9240396,-6.412981,-6.5727515,-6.2003655,27.79449,-43.77269,61.44538,10.613868,-25.796574,45.841873,44.591507
132,2.6055636405944824,-37.70713424682617,62.838417053222656,-7.080547704048798,3.114759324683335,-91.45136584574698,-4.3636127,11.625999,5.4838886,64.30508,8.333705,-14.323944,-12.668715,11.706371,-17.576582,9.586417,-4.3321023,-6.5540648,-6.093101,-5.658866,27.815165,-44.50563,61.38017,9.996529,-25.844728,46.205875,44.27698
133,2.5219597816467285,-38.24375534057617,62.86431121826172,-7.151069754219171,2.8493013884132794,-91.42341505154921,-5.098358,12.450393,6.3193426,66.09135,9.438781,-14.323944,-11.994978,11.861349,-17.466719,9.679746,-4.7311053,-6.6194735,-5.5085506,-5.168904,27.83406,-45.17377,61.284122,9.323338,-25.89183,46.47479,44.067608
134,2.44378399848938,-38.78776168823242,62.88964080810547,-7.206552006437922,2.5782425686997286,-91.46203228710854,-5.781921,13.316793,7.2565513,67.74125,10.061178,-14.323944,-11.300456,12.012258,-17.294321,9.719924,-5.118537,-6.6197352,-4.8388457,-4.7043056,27.852802,-45.79241,61.14604,8.599937,-25.937584,46.66682,43.923214
135,2.3638107776641846,-39.326744079589844,62.91377639770508,-7.257711715115808,2.3179484398123162,-91.56251351742533,-6.449533,14.094158,8.033304,69.22284,10.196067,-14.323944,-10.59218,12.17382,-17.064669,9.683447,-5.463178,-6.5995827,-4.2379947,-4.281315,27.861635,-46.115486,61.085037,7.95122,-25.964937,46.759552,43.734085
136,2.279006004333496,-39.859954833984375,62.93732452392578,-7.30244340654455,2.0611819242420917,-91.66992553472348,-7.132736,14.647594,8.362708,70.50089,9.849596,-14.323944,-9.874522,12.343981,-16.828678,9.608148,-5.778646,-6.6088023,-3.5891328,-3.8375967,27.871145,-46.435448,61.045166,7.213376,-25.993685,46.82637,43.616497
137,2.191392421722412,-40.394412994384766,62.95608139038086,-7.3386771863946,1.8127525443304644,-91.79684257643514,-7.857907,14.834506,8.045733,71.5588,8.854239,-14.323944,-9.190225,12.505884,-16.582287,9.584331,-6.109961,-6.6551104,-2.921516,-3.4438033,27.880081,-46.70632,61.082603,6.448531,-26.021832,46.83183,43.536297
138,2.0948846340179443,-40.9198112487793,62.975303649902344,-7.364037348453876,1.5722189430615063,-91.94915539221773,-8.606856,14.7455,7.2751493,72.41336,7.2766237,-14.323944,-8.522916,12.659812,-16.316792,9.576338,-6.4462023,-6.713762,-2.233796,-3.0973272,27.887253,-46.907055,61.17706,5.6651506,-26.048693,46.76123,43.49187
139,1.9927971363067627,-41.42694091796875,62.98912048339844,-7.375867862030817,1.3528595442937037,-92.13076313725311,-9.360547,14.564316,6.406689,73.08125,5.457486,-14.323944,-7.8688383,12.799459,-16.02366,9.542668,-6.763857,-6.770574,-1.5283703,-2.7923813,27.891644,-47.02375,61.327137,4.873081,-26.073112,46.60329,43.469734
140,1.9217530488967896,-41.94708251953125,63.01338195800781,-7.341855419860636,1.2034759567607338,-92.3307206946754,-10.128822,14.537987,6.0165954,73.57355,3.7252042,-13.896996,-7.334186,12.857235,-15.725277,9.640172,-7.1604815,-6.799845,-0.6574813,-2.480723,27.897245,-47.112194,61.41551,4.010496,-26.107878,46.145214,43.548473
141,1.8668301105499268,-42.459991455078125,63.04584884643555,-7.246399887744106,1.0852492436448657,-92.57800246136753,-10.8466425,14.767072,6.4031253,73.86724,2.0580878,-12.744208,-6.853603,12.822551,-15.379362,9.789275,-7.5792694,-6.7872434,0.28193104,-2.2356224,27.898401,-47.100243,61.54199,3.315952,-26.142996,45.38629,43.582836
142,1.8054713010787964,-42.95994186401367,63.0765495300293,-7.148941893869963,0.9865536327765044,-92.8590166099679,-11.548223,15.030845,6.914973,73.99156,0.28638273,-11.565664,-6.3627915,12.789334,-14.995922,9.858249,-7.9494843,-6.7603703,1.1785699,-2.0388546,27.889416,-46.950844,61.782623,2.6560123,-26.169647,44.57622,43.60099
143,1.7460700273513794,-43.45197677612305,63.10420608520508,-7.0322801273010995,0.9280183735438507,-93.16389718938264,-12.259231,15.297967,7.5228767,73.95209,-1.4419315,-10.392107,-5.9177213,12.730929,-14.603922,9.936656,-8.321818,-6.7283764,2.1332896,-1.8317275,27.869984,-46.696537,62.01341,2.0223176,-26.196543,43.572063,43.620106
144,1.7082074880599976,-43.95612716674805,63.136417388916016,-6.919833496651498,0.896888331327928,-93.46936113981222,-12.986963,15.580269,8.181467,73.778694,-2.9868276,-9.248527,-5.490113,12.673898,-14.23419,9.979881,-8.667134,-6.7036557,3.0232604,-1.616795,27.841415,-46.342342,62.267845,1.3201958,-26.21978,42.64086,43.64355
145,1.6605337858200073,-44.4420051574707,63.166202545166016,-6.812963817976085,0.9083716828866576,-93.77821293416189,-13.751529,15.904897,8.951328,73.48417,-4.2880187,-8.084274,-5.0945606,12.619441,-13.897583,9.9858465,-8.983892,-6.6883636,3.8618882,-1.3705863,27.801632,-45.826984,62.51889,0.5559937,-26.241026,41.728737,43.66511
146,1.6137845516204834,-44.899566650390625,63.18878936767578,-6.700791665980671,0.9613138773276177,-94.09653735757173,-14.538691,16.256447,9.840266,73.05484,-5.4385476,-6.9075255,-4.73118,12.559784,-13.57824,9.960914,-9.277254,-6.677174,4.6652236,-1.0859796,27.745996,-45.125725,62.769844,-0.24894026,-26.266506,40.76792,43.68859
147,1.5707422494888306,-45.36832809448242,63.22081756591797,-6.587381415921356,1.0257790338671327,-94.41860334609835,-15.310299,16.579567,10.743544,72.47548,-6.515592,-5.820199,-4.3780265,12.491142,-13.259449,9.927821,-9.560521,-6.670179,5.404743,-0.76464593,27.684431,-44.338093,63.02414,-1.0743384,-26.293163,39.867477,43.68822
148,1.5307977199554443,-45.85439682006836,63.25520706176758,-6.469553095076409,1.0786937163803187,-94.732875898967,-16.037548,16.816265,11.550585,71.722595,-7.587416,-4.9210296,-4.021529,12.405477,-12.931282,9.912905,-9.849949,-6.6671414,6.0753264,-0.40999758,27.6206,-43.54323,63.285667,-1.9054186,-26.322237,39.035984,43.658257
149,1.4934279918670654,-46.3344841003418,63.28362274169922,-6.342858825179699,1.1131931096815164,-95.04136216702044,-16.707169,16.963839,12.269966,70.77641,-8.686859,-4.294832,-3.6586282,12.294677,-12.583316,9.926896,-10.151352,-6.6782246,6.7016573,-0.03752034,27.556211,-42.77058,63.560917,-2.7282498,-26.353352,38.237434,43.60499
150,1.454401969909668,-46.81031036376953,63.308258056640625,-6.209690729303292,1.1430790943819724,-95.34759563588923,-17.338776,17.048063,12.957696,69.65026,-9.762679,-3.8685443,-3.3047862,12.164224,-12.2262125,9.972688,-10.466994,-6.700912,7.300799,0.3410996,27.490099,-42.00537,63.849964,-3.542215,-26.385948,37.44007,43.527428
151,1.4155296087265015,-47.27790069580078,63.328956604003906,-6.08105038962475,1.1751012589205427,-95.64480745546375,-17.953318,17.059702,13.572913,68.369705,-10.753187,-3.4963343,-2.9487789,12.033344,-11.872664,10.008958,-10.773508,-6.7157874,7.859956,0.72957337,27.421684,-41.266624,64.14309,-4.3440986,-26.421932,36.67485,43.40246
152,1.3888044357299805,-47.750511169433594,63.34545135498047,-5.9676437558018085,1.2165446097475086,-95.92704858444124,-18.574047,16.994135,14.071284,66.9656,-11.605079,-3.025768,-2.590742,11.917485,-11.537792,10.01924,-11.063775,-6.702537,8.362624,1.1422229,27.349894,-40.5614,64.42283,-5.1242924,-26.46404,35.97573,43.196262
153,1.3609614372253418,-48.225860595703125,63.358360290527344,-5.872687607934166,1.2735877654265597,-96.19701447443484,-19.230228,16.842215,14.413729,65.46357,-12.316827,-2.3003898,-2.2278826,11.819957,-11.221489,9.98059,-11.32792,-6.6353593,8.792485,1.600899,27.269423,-39.84235,64.69498,-5.866429,-26.514101,35.335163,42.87321
154,1.333738088607788,-48.700721740722656,63.37034225463867,-5.792950983966574,1.3400296848766569,-96.45626330177811,-19.904406,16.6215,14.633422,63.85176,-12.921293,-1.4230428,-1.858438,11.733829,-10.917687,9.902226,-11.569479,-6.5314198,9.144106,2.104271,27.179926,-39.102146,64.96062,-6.572393,-26.572569,34.75955,42.437263
155,1.3001922369003296,-49.171173095703125,63.373600006103516,-5.722534263180564,1.4080610581675677,-96.69773181263051,-20.553072,16.364946,14.79703,62.10248,-13.416108,-0.629764,-1.4963162,11.652619,-10.63248,9.836971,-11.8141165,-6.4336276,9.431501,2.6163936,27.087385,-38.401905,65.20743,-7.268692,-26.637703,34.263496,41.945976
156,1.2582406997680664,-49.650672912597656,63.36635971069336,-5.656909342550919,1.4694969987797928,-96.91673905372059,-21.129782,16.100618,14.97607,60.177814,-13.791104,-0.16347443,-1.1475137,11.570298,-10.36755,9.818499,-12.074692,-6.385299,9.672983,3.1101158,27.000193,-37.800884,65.41721,-7.9508333,-26.705473,33.83009,41.440777
157,1.2303880453109741,-50.12371063232422,63.35901641845703,-5.594627183524731,1.5182754282691868,-97.10750982905529,-21.62297,15.834965,15.152786,58.05248,-14.03807,-0.1602716,-0.8221541,11.488553,-10.125591,9.879372,-12.354178,-6.4323354,9.889495,3.5656447,26.934423,-37.36797,65.5806,-8.6310625,-26.76405,33.46785,40.934597
158,1.1969624757766724,-50.59282684326172,63.34565734863281,-5.539136280745461,1.5602709451676393,-97.2757085537746,-22.05542,15.554845,15.307614,55.74474,-14.155214,-0.46309522,-0.51371086,11.40863,-9.902691,9.990964,-12.64404,-6.539844,10.068103,4.018097,26.885445,-37.0472,65.692314,-9.266054,-26.814837,33.147774,40.37702
159,1.1674630641937256,-51.06805419921875,63.329017639160156,-5.497133338598716,1.6016147468594635,-97.4257461939036,-22.433655,15.264239,15.496665,53.282368,-14.143424,-0.8833497,-0.1947738,11.33764,-9.6965275,10.084604,-12.933909,-6.630657,10.2082205,4.424048,26.850655,-36.833218,65.80322,-9.884618,-26.855577,32.895096,39.805157
160,1.1293151378631592,-51.54548263549805,63.30778121948242,-5.451446476309561,1.6622006291811517,-97.56167892497439,-22.771397,14.946734,15.783293,50.683674,-14.002897,-1.2328233,0.124837324,11.258388,-9.511733,10.153723,-13.25275,-6.625731,10.319985,4.8565545,26.81468,-36.640198,65.85674,-10.459122,-26.903233,32.636,39.204857
161,1.0963459014892578,-52.0136604309082,63.2749137878418,-5.4126899781225175,1.7359831649839592,-97.68195246009623,-23.06454,14.616612,16.195469,47.936657,-13.752906,-1.4371779,0.47435507,11.177723,-9.3512335,10.144976,-13.587429,-6.4812937,10.384332,5.2849436,26.78038,-36.512695,65.890396,-10.9874,-26.958378,32.413994,38.55823
162,1.0643378496170044,-52.48810577392578,63.242210388183594,-5.378266678500845,1.818616183973282,-97.78431559219803,-23.31387,14.268659,16.69493,45.041813,-13.390197,-1.6083492,0.8414146,11.094346,-9.216152,10.090638,-13.936925,-6.2460885,10.40498,5.6967554,26.749258,-36.469463,65.90542,-11.488039,-27.020823,32.244827,37.878117
163,1.0267937183380127,-52.969825744628906,63.19955062866211,-5.345387649765785,1.9114287754435368,-97.87105919557717,-23.530626,13.885395,17.231655,42.044945,-12.896208,-1.8372241,1.2115307,11.010921,-9.100704,10.015984,-14.287648,-5.9826503,10.402255,6.0793405,26.71988,-36.477623,65.902214,-11.953357,-27.088179,32.104908,37.185303
164,0.9980176687240601,-53.45490646362305,63.154212951660156,-5.314460884002054,2.0192892314167787,-97.94500508392518,-23.73114,13.458839,17.751633,38.992466,-12.253054,-2.2096848,1.5675544,10.933647,-8.99739,9.945566,-14.626356,-5.7539372,10.408559,6.429068,26.690155,-36.492752,65.8702,-12.398207,-27.15947,31.97339,36.513252
165,0.9549763202667236,-53.95741271972656,63.10162353515625,-5.286556679531815,2.1471999272176787,-97.9998818161091,-23.934277,13.0017395,18.217688,35.865856,-11.4316435,-2.6551294,1.9018016,10.867673,-8.909103,9.884007,-14.949429,-5.5735183,10.409528,6.7583294,26.65892,-36.483845,65.79788,-12.802554,-27.233364,31.835157,35.836147
166,0.9198113083839417,-54.447818756103516,63.05354690551758,-5.259762573467365,2.2927011535957953,-98.03434603594351,-24.13575,12.522962,18.65495,32.66355,-10.462453,-3.151373,2.227592,10.808588,-8.83979,9.808142,-15.25755,-5.4090195,10.39144,7.0830793,26.626766,-36.455643,65.68006,-13.171127,-27.310568,31.703758,35.14853
167,0.8845348954200745,-54.92578887939453,63.00400924682617,-5.227219941190067,2.447891447483886,-98.05901437461779,-24.305243,12.005414,19.104752,29.425447,-9.397436,-3.8517253,2.551936,10.74318,-8.782274,9.721585,-15.557411,-5.254623,10.366105,7.408052,26.593641,-36.409996,65.52069,-13.518745,-27.391691,31.59325,34.48431
168,0.8484022617340088,-55.4151611328125,62.94928741455078,-5.1794096307878394,2.6028794597097664,-98.08609429847537,-24.398663,11.426097,19.610287,26.15372,-8.266461,-4.9090414,2.879515,10.657694,-8.728493,9.637934,-15.860318,-5.1049128,10.327466,7.7441254,26.558128,-36.33462,65.328384,-13.816591,-27.475159,31.501265,33.845753
169,0.8132500648498535,-55.918617248535156,62.891544342041016,-5.114952462251583,2.7659009215774257,-98.11240365900817,-24.386139,10.765734,20.22406,22.706715,-6.9489865,-6.4032235,3.2113895,10.553399,-8.68591,9.538823,-16.159304,-4.9697137,10.283816,8.087862,26.520351,-36.241646,65.09832,-14.126221,-27.563562,31.454884,33.272034
170,0.7734854817390442,-56.419002532958984,62.834800720214844,-5.037480989321955,2.9385056193044528,-98.13622570709346,-24.260384,10.025961,20.89779,19.008934,-5.4138317,-8.230107,3.5390024,10.433041,-8.653808,9.440157,-16.461102,-4.848427,10.220914,8.439722,26.479536,-36.12472,64.829384,-14.427428,-27.656384,31.45291,32.73741
171,0.7426071166992188,-56.935508728027344,62.78105545043945,-4.910983390027916,3.110953875136821,-98.15917626814337,-23.899721,9.124688,21.55494,14.858464,-3.6461143,-10.250596,3.8584518,10.253532,-8.62598,9.370691,-16.778067,-4.7179866,10.147576,8.875293,26.41861,-35.92652,64.459305,-14.7539,-27.793556,31.532646,32.27344
172,0.7208444476127625,-57.45518112182617,62.71354675292969,-4.853748204563686,3.2858311600532875,-98.26102464538208,-23.370459,8.243952,22.11021,10.523284,-1.9118204,-12.350082,4.1553793,10.120985,-8.509712,9.359761,-17.118532,-4.5621467,10.078915,9.283136,26.344194,-35.5976,64.12862,-14.921824,-27.947298,31.625772,31.671774
173,0.7090156674385071,-57.98894119262695,62.603546142578125,-5.023983601505062,3.5013016176807064,-98.52435869995432,-22.914959,7.595274,22.539333,6.4668393,-0.51930195,-14.323944,4.416076,10.179876,-8.212791,9.358878,-17.458073,-4.3658032,10.133999,9.501069,26.280571,-35.148567,63.962696,-14.84249,-28.061642,31.596712,30.804144
174,0.7463939785957336,-58.534515380859375,62.44035339355469,-5.429528017454576,3.744364521498109,-98.75920473299448,-21.483255,6.379913,22.904314,-0.34887317,2.334834,-14.323944,4.6141076,10.423308,-7.934301,9.475681,-17.874205,-4.103791,10.121265,9.526032,26.231836,-34.587082,63.997837,-14.4704685,-28.138641,31.421371,29.6355
175,0.7800288200378418,-59.08515930175781,62.26570510864258,-5.870702979598361,3.957498011942309,-98.99381593765594,-20.909983,5.682703,22.985271,-4.5249195,3.5297277,-14.323944,4.8332834,10.699126,-7.639637,9.617181,-18.287315,-3.8380394,10.102169,9.538679,26.196995,-34.00537,64.04782,-13.982574,-28.190926,31.194815,28.453642
176,0.8126126527786255,-59.635704040527344,62.11252975463867,-6.156633577012909,4.08345700491124,-99.11769577604802,-21.441826,5.51877,22.82235,-5.032856,2.4786935,-14.323944,5.1063027,10.829831,-7.445951,9.831957,-18.714052,-3.5817676,9.999257,9.68297,26.166769,-33.515404,63.984547,-13.58172,-28.235735,31.053143,27.55582
177,0.8257670402526855,-60.18198013305664,61.94694137573242,-6.523501196349708,4.1568958453793945,-99.27904767256112,-21.836952,5.5284405,22.627811,-5.233351,0.85793525,-14.323944,5.3764076,11.037282,-7.1881967,10.173468,-19.178507,-3.362018,9.908742,9.702461,26.153383,-33.16643,64.06378,-13.158701,-28.257742,30.937572,26.681028
178,0.8326429724693298,-60.73262023925781,61.77379608154297,-6.964117417269577,4.192237052366876,-99.47696075972087,-22.099977,5.6444874,22.38529,-5.2367873,-1.1940501,-14.323944,5.652665,11.311724,-6.867897,10.587324,-19.656147,-3.1629598,9.800963,9.641278,26.150236,-32.83061,64.24964,-12.619952,-28.269266,30.800362,25.735987
179,0.8263798356056213,-61.28861999511719,61.62197494506836,-7.281488485626616,4.189571761804144,-99.63143608993325,-22.52004,5.8233695,22.139145,-4.297931,-3.4755418,-14.323944,5.95964,11.471331,-6.5842896,11.011593,-20.099903,-2.9616008,9.71191,9.633279,26.149784,-32.62304,64.34407,-12.192474,-28.272444,30.718365,25.08258
180,0.7969748377799988,-61.852569580078125,61.5006103515625,-7.406419477749844,4.176073202775082,-99.73717971607967,-22.84408,5.9244547,22.043852,-3.1982474,-4.842444,-14.323944,6.328595,11.458689,-6.3492107,11.308976,-20.41444,-2.7406943,9.5728855,9.799856,26.142176,-32.377563,64.24124,-11.772989,-28.28264,30.66686,24.64244
181,0.7672236561775208,-62.389034271240234,61.45682907104492,-7.263967206973698,4.1552145402242635,-99.77651856134526,-23.079807,5.955456,22.19795,-1.7681195,-4.915392,-14.323944,6.739669,11.207541,-6.1889167,11.51508,-20.6414,-2.4904811,9.335578,10.281853,26.103945,-32.035828,63.818012,-11.561793,-28.327473,30.815428,24.587784
182,0.7134391665458679,-62.932865142822266,61.440582275390625,-6.879700621512835,4.103609429491006,-99.76579899727705,-23.432821,6.021528,22.459957,0.5732121,-4.492111,-14.323944,7.0221186,10.712041,-6.123965,12.096359,-21.055136,-2.2179658,9.141708,10.831532,26.020683,-31.890106,63.257042,-11.692669,-28.359728,31.159143,25.089031
183,0.6348075866699219,-63.50220489501953,61.42845153808594,-6.358559362145119,4.041874750702934,-99.73690843272776,-24.15061,6.238,22.600697,4.112343,-4.453935,-14.323944,7.2881002,10.080437,-6.1043997,12.7330885,-21.417332,-1.9422933,8.99984,11.400101,25.931105,-31.898853,62.604515,-11.884442,-28.376608,31.507797,25.858011
184,0.5581522583961487,-64.08277893066406,61.4245719909668,-5.854500821703184,4.008610779215444,-99.758607964667,-24.042389,6.076763,22.662128,5.262379,-3.375989,-14.323944,7.486209,9.44662,-6.065156,13.472852,-21.714752,-1.6821758,8.899094,11.867022,25.85265,-31.99487,61.992,-12.098804,-28.392069,31.898163,26.70791
185,0.49523869156837463,-64.65587615966797,61.42595291137695,-5.454322546228857,4.03067817706681,-99.88943236109108,-25.15585,6.555257,22.427319,9.31154,-4.4999914,-14.323944,7.585171,8.892168,-5.9515944,14.326487,-21.946905,-1.4569908,8.876297,12.118035,25.801003,-32.206257,61.522953,-12.2813015,-28.403765,32.313187,27.527822
186,0.4663084149360657,-65.23402404785156,61.426395416259766,-5.109166486193524,4.095974275899718,-99.99217998284531,-26.208445,6.8223176,22.033318,12.898647,-5.534434,-12.934351,7.6022,8.368525,-5.893105,15.300747,-22.149626,-1.2212121,8.813784,12.208328,25.767277,-32.514732,61.158283,-12.434894,-28.411505,32.748615,28.361149
187,0.4731154441833496,-65.82862854003906,61.426509857177734,-4.7450202656395515,4.166979102374532,-99.99914655731767,-26.949362,6.619785,21.63082,15.46036,-6.0823584,-9.991259,7.554905,7.7917037,-5.9443326,16.434175,-22.325558,-0.93085176,8.647849,12.276019,25.73212,-32.81323,60.797012,-12.498252,-28.412825,33.157402,29.21209
188,0.4767734408378601,-66.43771362304688,61.42233657836914,-4.411279719834216,4.2355191390503215,-100.11019246433906,-27.483662,6.414165,21.37508,17.575932,-6.396018,-7.525964,7.44738,7.1993623,-5.8789763,17.70348,-22.420015,-0.5952125,8.565971,12.347058,25.693361,-33.001472,60.423237,-12.430811,-28.402044,33.475716,30.013065
189,0.49068084359169006,-67.07601165771484,61.421268463134766,-4.084291275491462,4.295868198061369,-100.33878185512059,-27.78197,6.2137246,21.274242,19.230143,-6.3833656,-5.681179,7.298066,6.561084,-5.691874,19.081469,-22.45161,-0.19230743,8.567394,12.465946,25.643583,-33.03042,60.005116,-12.167913,-28.378304,33.645096,30.724932
190,0.5191240310668945,-67.72006225585938,61.42855453491211,-3.7411831773124486,4.353759355214016,-100.64659675411957,-27.912607,6.0046463,21.274408,20.57102,-6.1930695,-4.217036,7.1056514,5.8701873,-5.430604,20.566101,-22.419077,0.2623214,8.626594,12.619914,25.585009,-32.967407,59.543053,-11.794845,-28.348055,33.73451,31.434824
191,0.549951434135437,-68.36666107177734,61.44188690185547,-3.3898349145943865,4.402047326866949,-100.98460382054746,-27.927078,5.7839,21.339476,21.726322,-6.033276,-2.974876,6.8578405,5.154608,-5.123166,22.19131,-22.277388,0.7393827,8.710291,12.799461,25.522425,-32.863167,59.052372,-11.379646,-28.31185,33.819893,32.21042
192,0.6037235856056213,-69.01798248291016,61.46595001220703,-3.03891291250811,4.432498070143478,-101.30536764323317,-27.870743,5.5386333,21.428236,22.797802,-6.0956063,-1.8094004,6.5402813,4.4414377,-4.795362,23.99555,-21.982065,1.2077395,8.78027,12.994938,25.460762,-32.761806,58.549007,-10.969878,-28.268017,33.96856,33.101192
193,0.652836799621582,-69.67662811279297,61.49309158325195,-2.6852821517372734,4.4379196819071645,-101.61162242791853,-27.75471,5.2617235,21.52003,23.833023,-6.4730177,-0.73736686,6.1499267,3.7247443,-4.4304748,26.02055,-21.573034,1.6299936,8.845043,13.231366,25.39832,-32.649693,58.010822,-10.565953,-28.214855,34.175186,34.133804
194,0.693977415561676,-70.34325408935547,61.51865768432617,-2.32294479970051,4.423364779392354,-101.92076060363674,-27.564743,4.9645376,21.618174,24.80186,-7.054758,0.16523217,5.694411,2.9934216,-4.0252867,28.232807,-21.055048,2.0315793,8.915497,13.508697,25.333067,-32.51224,57.43468,-10.141361,-28.152464,34.406685,35.275772
195,0.7243825197219849,-71.0188217163086,61.54988479614258,-1.9576448842801106,4.398227533345693,-102.20828693596688,-27.303024,4.648595,21.719545,25.65903,-7.7086987,0.9477694,5.175998,2.2663796,-3.6231163,30.557514,-20.33241,2.4732175,8.957586,13.776854,25.269854,-32.390476,56.866104,-9.713268,-28.083967,34.69711,36.49549
196,0.7540500164031982,-71.69690704345703,61.588623046875,-1.5968957363957421,4.37208696816176,-102.4500760850545,-26.976156,4.310455,21.827902,26.35709,-8.301601,1.6618661,4.5929184,1.5624198,-3.263138,32.935165,-19.311094,3.0160484,8.935562,13.983921,25.213873,-32.32088,56.351074,-9.291425,-28.011011,35.07752,37.752857
197,0.7735468745231628,-72.36087036132812,61.63298034667969,-1.2393797603922865,4.341870159900516,-102.6226233771875,-26.587675,3.9283707,21.937962,26.880592,-8.796636,2.3025787,3.9669826,0.8835284,-2.9676456,35.344315,-17.896112,3.7925375,8.830723,14.123734,25.163328,-32.28666,55.917107,-8.860915,-27.930204,35.53795,39.063225
198,0.7864980101585388,-73.02178955078125,61.68622970581055,-0.8838058842428674,4.303682401655525,-102.7441204251025,-26.144445,3.5013392,22.050081,27.262558,-9.257542,2.8428714,3.287515,0.22302811,-2.6979346,37.83396,-16.16993,4.7273245,8.66155,14.220154,25.116611,-32.271584,55.534172,-8.412175,-27.841938,36.06054,40.42998
199,0.8105602264404297,-73.68055725097656,61.74677658081055,-0.537159241154718,4.266321707828077,-102.85433797991813,-25.65381,3.0534592,22.181206,27.514938,-9.696309,3.304565,2.5112536,-0.411849,-2.408204,40.434235,-14.295968,5.5785217,8.449388,14.26354,25.079288,-32.31352,55.166023,-7.97097,-27.754395,36.67241,41.80207
200,0.836786150932312,-74.33319854736328,61.81157684326172,-0.20425610368843325,4.239393114083463,-102.99278861745411,-25.12176,2.6105733,22.348602,27.649858,-10.12791,3.7095096,1.6009172,-1.0158024,-2.069062,43.159973,-12.425472,6.1143384,8.217893,14.243936,25.057182,-32.454166,54.777008,-7.5701904,-27.676199,37.407757,43.13731
201,0.8781613707542419,-74.97933959960938,61.888336181640625,0.11656763302130035,4.232871431632969,-103.16114387882108,-24.550169,2.1664762,22.56096,27.644829,-10.550188,4.058499,0.52176183,-1.5886908,-1.6893911,46.08693,-10.574047,6.2322583,7.967006,14.146838,25.05562,-32.758266,54.36325,-7.215491,-27.606632,38.271523,44.452724
202,0.912055492401123,-75.62306213378906,61.96654510498047,0.42834866338058547,4.238517644861576,-103.3415050281165,-23.936386,1.7058817,22.810013,27.498753,-10.953569,4.3402667,-0.68853706,-2.131671,-1.2973584,49.166843,-8.650619,6.0877285,7.688194,13.975889,25.070614,-33.188244,53.946518,-6.8891854,-27.542694,39.246513,45.76713
203,0.9460024833679199,-76.25788879394531,62.046058654785156,0.7301176165521827,4.238175801359086,-103.54656130262724,-23.273157,1.2399222,23.089815,27.244379,-11.335653,4.5588775,-1.9609512,-2.646628,-0.8951515,52.23112,-6.645252,5.832384,7.3920207,13.75618,25.093138,-33.62711,53.5233,-6.5846653,-27.48809,40.33232,47.038292
204,0.9772137999534607,-76.87065887451172,62.124847412109375,1.017700400311936,4.214798042606489,-103.78671803787299,-22.553783,0.7811842,23.391434,26.913656,-11.694454,4.720375,-3.2298124,-3.1341765,-0.47752342,55.11465,-4.5530834,5.6075997,7.0853415,13.515871,25.114222,-33.955433,53.08943,-6.2997065,-27.446861,41.534386,48.224613
205,1.0260941982269287,-77.47221374511719,62.20879364013672,1.2853109889867045,4.160926187381418,-104.10343722044304,-21.756989,0.33740565,23.751717,26.4922,-12.039867,4.8153677,-4.5289207,-3.5765088,0.0555494,57.849876,-2.1228628,5.388831,6.799723,13.27285,25.12924,-34.12725,52.63352,-6.036529,-27.419498,42.902668,49.321056
206,1.0543713569641113,-78.10696411132812,62.305213928222656,1.5368266220480502,4.0872620988226585,-104.4758671851922,-20.898083,-0.106042475,24.162502,25.970453,-12.367722,4.849111,-5.8811035,-3.9777713,0.6645273,60.506165,0.5653018,5.11996,6.519866,13.011895,25.14344,-34.210403,52.160446,-5.8019176,-27.40224,44.424103,50.355278
207,1.0983775854110718,-78.75325012207031,62.40058135986328,1.7786093136559085,4.004064007365128,-104.82468752959116,-20.021769,-0.56478417,24.54922,25.38622,-12.657338,4.848929,-7.2042365,-4.381961,1.1588515,62.976627,2.9971757,4.8726573,6.187918,12.708124,25.163671,-34.26136,51.691284,-5.584161,-27.391459,45.99817,51.313305
208,1.1620243787765503,-79.35681915283203,62.486351013183594,2.016311796033311,3.920373206459521,-105.07341478830797,-19.165743,-1.0501032,24.838522,24.771141,-12.886054,4.8400726,-8.41494,-4.845969,1.354854,65.158966,4.6468487,4.699941,5.751121,12.334136,25.197218,-34.338924,51.24689,-5.3663626,-27.385248,47.51855,52.17694
209,1.2051620483398438,-79.93246459960938,62.56316375732422,2.2371006494770485,3.830945918308767,-105.20782417493753,-18.34201,-1.5448811,25.016525,24.153906,-13.057774,4.8154907,-9.475839,-5.418905,1.1410937,67.030426,5.2870183,4.6543,5.5196767,11.765219,25.24291,-34.76372,50.850597,-4.7957144,-27.406195,48.382954,52.816437
210,1.2347153425216675,-80.48347473144531,62.63330078125,2.4950084484890844,3.7541312860862446,-105.26434968227281,-17.518517,-2.1175501,25.134676,23.427645,-13.137116,4.772178,-10.464619,-6.136945,0.65371895,68.68694,5.192911,4.673,4.59871,11.358832,25.31897,-34.751354,50.377296,-4.9231462,-27.402847,50.489845,53.581165
211,1.2564446926116943,-81.03799438476562,62.707298278808594,2.6872061175471944,3.654374256659689,-105.25563959307289,-16.713037,-2.6286118,25.163998,22.750616,-13.221202,4.72554,-11.374116,-6.817647,0.036091056,70.11325,4.6673064,4.6212997,4.2429605,10.696244,25.36353,-35.111877,50.00722,-4.305201,-27.417683,51.143173,54.030277
212,1.2793266773223877,-81.61434173583984,62.792198181152344,2.889376593767384,3.526471639260817,-105.17968012210812,-15.85991,-3.183545,25.112741,21.976206,-13.233027,4.700794,-12.24883,-7.4542603,-0.5291522,71.36238,3.9576616,4.390058,3.6698375,9.8297205,25.436153,-35.5113,49.811863,-3.9645994,-27.442417,52.17408,54.55001
213,1.3025795221328735,-82.12937927246094,62.87186050415039,3.0376220721422835,3.3755116756320294,-105.01864886510968,-15.011924,-3.6910913,24.940916,21.235144,-13.238869,4.6897306,-13.098241,-7.9492683,-1.0291711,72.409546,2.9829679,3.8944879,3.0573888,8.93273,25.493689,-35.678215,49.683865,-3.523716,-27.455244,52.84692,54.938766
214,1.3161594867706299,-82.6705093383789,62.945377349853516,3.1613577325184825,3.198986084207096,-104.77224129826504,-14.143223,-4.190432,24.66097,20.461645,-13.197573,4.683288,-13.901672,-8.366627,-1.5293447,73.25028,1.6544933,3.2364023,2.3144376,7.913372,25.559101,-35.76016,49.672188,-3.1217315,-27.467575,53.50556,55.252968
215,1.3232356309890747,-83.23809814453125,63.016998291015625,3.257594236101534,3.017835167827176,-104.50043651703159,-13.264785,-4.6624017,24.338133,19.668545,-13.137119,4.681463,-14.676177,-8.712646,-2.0004263,73.89154,0.26266134,2.5562544,1.4933001,6.867911,25.62758,-35.724262,49.706123,-2.752355,-27.476517,54.057743,55.529827
216,1.3278915882110596,-83.80931091308594,63.08997344970703,3.3194382288647266,2.841949911488015,-104.28303950413172,-12.399478,-5.0698295,24.060837,18.929897,-13.124103,4.6837087,-15.436443,-8.98811,-2.400737,74.350044,-0.9087164,1.9876308,0.82167804,6.00053,25.669783,-35.64782,49.613445,-2.3960419,-27.47713,54.260315,55.841694
217,1.3125475645065308,-84.37216186523438,63.16362762451172,3.3766125767587134,2.677464634602116,-104.09844231712357,-11.498017,-5.479221,23.8086,18.093782,-13.075237,4.706392,-16.178589,-9.251198,-2.784245,74.61161,-1.7945758,1.5452359,0.029333644,5.0344357,25.716425,-35.481056,49.640366,-2.058584,-27.472607,54.33422,56.17909
218,1.3190510272979736,-84.91334533691406,63.23370361328125,3.4122758847412937,2.520450466367984,-103.92976371275903,-10.578016,-5.865596,23.560303,17.207266,-13.006637,4.7400675,-16.90369,-9.463824,-3.1417587,74.671036,-2.5384808,1.1672792,-0.8274964,4.04098,25.764359,-35.204018,49.731796,-1.7614814,-27.461584,54.236626,56.525944
219,1.3201161623001099,-85.46186828613281,63.31093978881836,3.433084058722832,2.404397794208127,-103.7372710077013,-9.652044,-6.248527,23.27437,16.206635,-12.869395,4.7663226,-17.625221,-9.638272,-3.508315,74.518654,-3.1632097,0.82459944,-1.8641801,2.9191234,25.848936,-34.592655,49.968956,-1.3767371,-27.435625,53.89633,56.76928
220,1.326081395149231,-86.01773834228516,63.37327194213867,3.4420239223786107,2.232762341661221,-103.56384640722375,-8.757086,-6.5624146,23.00934,15.425111,-12.844991,4.763748,-18.293528,-9.751949,-3.8080611,74.249596,-3.7380078,0.5085181,-2.6180623,2.0884778,25.897932,-34.257984,49.951294,-1.1407751,-27.419182,53.6359,57.113266
221,1.3222875595092773,-86.57181549072266,63.43757629394531,3.4543999831824115,2.0966527410874867,-103.33505848154128,-7.8202705,-6.911891,22.666842,14.431811,-12.681176,4.7428513,-18.947468,-9.858631,-4.152213,73.775826,-4.192836,0.1717696,-3.5433822,0.997461,25.995604,-33.64255,50.156742,-0.7343431,-27.389229,53.139557,57.306583
222,1.3268059492111206,-87.10134887695312,63.486968994140625,3.4632755719739943,1.9004192849445192,-103.1191217805866,-6.912689,-7.2039204,22.337084,13.660428,-12.632764,4.7073083,-19.549591,-9.920419,-4.4527264,73.18667,-4.567632,-0.14785402,-4.2711883,0.12378027,26.053082,-33.319782,50.18554,-0.5316991,-27.372921,52.830345,57.61881
223,1.3059792518615723,-87.64318084716797,63.536922454833984,3.4551665199593273,1.7632999939106502,-102.86778878586671,-5.9865847,-7.502183,21.964607,12.7005205,-12.472139,4.6565604,-20.144432,-9.92992,-4.7570972,72.366745,-4.8741837,-0.41868678,-5.1395974,-1.0105362,26.16693,-32.730446,50.418533,-0.16134882,-27.344204,52.239902,57.78548
224,1.2820390462875366,-88.18512725830078,63.561283111572266,3.433691498458723,1.5935759713037714,-102.63632616169085,-5.152219,-7.714975,21.6471,12.067385,-12.502089,4.5817866,-20.693249,-9.847889,-4.9526067,71.41958,-5.2251487,-0.57461524,-5.8098135,-1.8683947,26.233013,-32.42548,50.393925,0.015408008,-27.329239,51.902405,58.068516
225,1.2554564476013184,-88.72689819335938,63.58147430419922,3.3747273669376314,1.465648067616458,-102.3959476471198,-4.349943,-7.877663,21.345587,11.432301,-12.537924,4.487031,-21.220486,-9.648933,-5.0724854,70.246826,-5.604182,-0.58655083,-6.5026026,-2.8424394,26.306932,-32.083527,50.43392,0.22244002,-27.312866,51.50843,58.2899
226,1.2298612594604492,-89.2738037109375,63.607208251953125,3.2660918874191456,1.416630455687365,-102.14620735796555,-3.5921516,-7.9878836,21.050415,10.73973,-12.549283,4.375774,-21.753565,-9.334348,-5.1492267,68.829506,-5.9627466,-0.49681652,-7.2419944,-3.9360688,26.449953,-31.522968,50.53165,0.5703133,-27.28876,50.85026,58.34119
227,1.2119848728179932,-89.80714416503906,63.60841369628906,3.1903054343128163,1.3021207800506855,-101.89619915312987,-2.8900914,-8.074259,20.779924,10.343438,-12.727028,4.250645,-22.221512,-9.017138,-5.157397,67.32873,-6.3399277,-0.3631454,-7.81128,-4.7417026,26.530901,-31.244766,50.37579,0.7294223,-27.27765,50.496696,58.56119
228,1.1787176132202148,-90.3428955078125,63.61061477661133,3.1141542332341565,1.214882883975677,-101.6419960354201,-2.2009442,-8.156806,20.499517,9.917252,-12.888635,4.1056476,-22.662115,-8.700469,-5.1758003,65.660416,-6.651156,-0.27430418,-8.391826,-5.69319,26.623005,-30.937794,50.33665,0.9289,-27.26482,50.097313,58.75172
229,1.1503500938415527,-90.87460327148438,63.605106353759766,3.053692256078563,1.1405131985549026,-101.3716891370954,-1.5417976,-8.234011,20.20445,9.531855,-13.07717,3.9213352,-23.075449,-8.399545,-5.189348,63.855305,-6.9146776,-0.25083214,-8.942483,-6.6956334,26.720484,-30.611353,50.32449,1.1622361,-27.251062,49.665848,58.93013
230,1.1322358846664429,-91.4006118774414,63.598060607910156,2.9690922509376256,1.1285313020063246,-101.0839974661613,-0.906485,-8.28947,19.891935,9.061402,-13.220909,3.703514,-23.481953,-8.064861,-5.208007,61.853863,-7.121614,-0.25755584,-9.476718,-7.8052573,26.897785,-30.097984,50.337112,1.5981612,-27.231356,48.92839,58.944904
231,1.1070185899734497,-91.93090057373047,63.565338134765625,2.9409812172643965,1.050592082710857,-100.80290494530782,-0.3443254,-8.345596,19.602621,8.928149,-13.549598,3.4878352,-23.831844,-7.780437,-5.1920576,59.814606,-7.337584,-0.25038254,-9.902784,-8.619148,27.001339,-29.849981,50.138096,1.8010257,-27.221169,48.561405,59.175056
232,1.0818628072738647,-92.46773529052734,63.53449249267578,2.9021580502222943,1.0020991324254536,-100.53503458516006,0.22195956,-8.401999,19.31209,8.7211275,-13.8259115,3.310948,-24.137157,-7.4856973,-5.2200127,57.58319,-7.46879,-0.20512909,-10.323433,-9.523129,27.114063,-29.629274,50.01429,2.0276568,-27.210785,48.199547,59.37751
233,1.0480867624282837,-92.99742126464844,63.497276306152344,2.86302799389104,0.9688180578848217,-100.27666945200039,0.746628,-8.445707,19.022642,8.582429,-14.125005,3.186148,-24.39732,-7.195696,-5.3076277,55.177002,-7.5462213,-0.1068618,-10.703907,-10.401818,27.238121,-29.503761,49.87075,2.2440224,-27.20336,47.903587,59.59511
234,1.0220534801483154,-93.50933837890625,63.44826889038086,2.8277374824629558,0.9442902663684231,-100.02424130825388,1.2416114,-8.480593,18.733416,8.498422,-14.442309,3.0923688,-24.611547,-6.9053073,-5.4338436,52.605545,-7.573759,0.029538386,-11.036377,-11.258673,27.374454,-29.491564,49.699566,2.4352531,-27.19957,47.68994,59.839626
235,1.0122177600860596,-94.03602600097656,63.392852783203125,2.8022001871322546,0.9309075032723773,-99.79024655235393,1.7017825,-8.515359,18.460983,8.487337,-14.798197,3.009099,-24.784811,-6.606452,-5.552092,49.896557,-7.5210547,0.19586673,-11.317883,-12.125135,27.520939,-29.569994,49.532112,2.610621,-27.197742,47.532322,60.08561
236,0.9898496866226196,-94.57481384277344,63.335357666015625,2.7973653844602895,0.9358031114174258,-99.5876752435987,2.1488624,-8.570191,18.218403,8.488715,-15.167402,2.9169607,-24.926477,-6.2951674,-5.6133447,47.07477,-7.360642,0.37985024,-11.548445,-13.032178,27.68629,-29.695097,49.400192,2.7952461,-27.1947,47.37712,60.293964
237,0.9762934446334839,-95.11286163330078,63.28544616699219,2.749558472245937,0.996403492042371,-99.42824529857053,2.6092772,-8.606338,18.00879,8.340141,-15.455124,2.8163702,-25.017935,-5.9122143,-5.6333313,43.994293,-7.0055532,0.55938804,-11.663659,-14.232002,27.941734,-29.975649,49.406216,3.1487188,-27.184834,47.018936,60.310867
238,0.94927978515625,-95.66627502441406,63.2143440246582,2.772158653830807,1.0662135055484643,-99.29581887318665,3.0193553,-8.69745,17.82709,8.318283,-15.819359,2.714073,-25.1138,-5.5837235,-5.575983,40.887074,-6.615576,0.75252926,-11.680348,-15.232363,28.1775,-30.23116,49.245365,3.5208943,-27.170298,46.58896,60.33041
239,0.9322086572647095,-96.22433471679688,63.13402557373047,2.8087602670556984,1.1458908300998236,-99.1947719008797,3.437628,-8.80626,17.67598,8.270622,-16.17147,2.600211,-25.17978,-5.2364173,-5.469823,37.70046,-6.148003,0.9737748,-11.621379,-16.178343,28.3994,-30.475224,49.05499,3.919605,-27.152512,46.1194,60.327663
240,0.9256821274757385,-96.77073669433594,63.04404067993164,2.8393320201605436,1.2238894152639785,-99.12578955983628,3.8589876,-8.907041,17.565252,8.238933,-16.53753,2.4635017,-25.208006,-4.844111,-5.3230247,34.469078,-5.6144934,1.2375703,-11.4845,-17.063744,28.6091,-30.730942,48.85514,4.309792,-27.134605,45.669277,60.339302
241,0.9079891443252563,-97.33097839355469,62.952388763427734,2.8575633425685707,1.2989791835595854,-99.1017410090465,4.283469,-8.997116,17.51194,8.226371,-16.922146,2.2953334,-25.205233,-4.4029713,-5.1310515,31.162737,-4.964635,1.4590856,-11.263611,-17.903152,28.807343,-31.008911,48.668022,4.6673775,-27.11871,45.28579,60.392323
242,0.8985576033592224,-97.89677429199219,62.85296630859375,2.8698536669299104,1.375284393927874,-99.12080301543621,4.7124057,-9.082061,17.51068,8.218651,-17.314905,2.1022866,-25.173067,-3.9333858,-4.8895187,27.776009,-4.2165046,1.6475456,-10.981796,-18.719837,28.99436,-31.299114,48.51355,4.996401,-27.104515,44.973766,60.464104
243,0.8829350471496582,-98.46918487548828,62.749053955078125,2.871946596125687,1.4482548978384664,-99.16075278639777,5.139939,-9.155427,17.536194,8.240366,-17.725676,1.8973293,-25.086615,-3.4510214,-4.6062493,24.350863,-3.467781,1.9585345,-10.67779,-19.499975,29.169239,-31.584873,48.388348,5.2991567,-27.091568,44.723675,60.52679
244,0.863599419593811,-99.0442886352539,62.6426887512207,2.871078957799635,1.5144551398963313,-99.19409067316364,5.563223,-9.215162,17.556904,8.306034,-18.158445,1.6947447,-24.903563,-2.971385,-4.2911844,20.88113,-2.7867749,2.5515652,-10.390002,-20.21997,29.330746,-31.844837,48.276722,5.579155,-27.079498,44.517147,60.55452
245,0.8433129787445068,-99.62593078613281,62.52944564819336,2.87524866550201,1.575919556298414,-99.21437272580431,5.9830866,-9.276789,17.567148,8.411885,-18.61688,1.5019923,-24.558811,-2.493381,-3.925123,17.159523,-2.0928485,3.5208032,-10.124382,-20.86714,29.47805,-32.065437,48.164074,5.8266764,-27.069172,44.347687,60.554363
246,0.8239653706550598,-100.21573638916016,62.4096565246582,2.844803155938434,1.6412859475352068,-99.23638095110259,6.377289,-9.29253,17.590927,8.5952635,-19.124563,1.3078097,-23.912607,-1.9694247,-3.5297897,12.790656,-1.1171498,4.7509413,-9.825375,-21.478682,29.66786,-32.321964,48.042633,6.1008115,-27.057528,44.16144,60.481136
247,0.8047356009483337,-100.82701110839844,62.26210021972656,2.944081518092829,1.7267739105697095,-99.15550477262047,6.7610435,-9.425056,17.4935,8.779536,-19.618006,1.1175406,-23.234589,-1.6506369,-3.164512,8.4994135,-0.24806055,6.120303,-9.624478,-21.90172,29.820444,-32.428776,47.7676,6.2411146,-27.053509,44.028275,60.50709
248,0.7797176837921143,-101.4510269165039,62.087703704833984,3.200769039014094,1.8376046866580205,-98.95697253281867,7.117985,-9.687815,17.25061,8.997883,-20.106867,0.92441666,-23.169582,-1.6137414,-2.8719888,5.957468,-0.4204015,7.500418,-9.536554,-22.138239,29.901966,-32.37202,47.34881,6.217238,-27.057163,43.957005,60.662426
249,0.7517823576927185,-102.07640838623047,61.895118713378906,3.5755619117078488,1.9711284157514333,-98.65549422137705,7.4643383,-10.043771,16.880154,9.213428,-20.576574,0.72133845,-22.509491,-1.7361503,-2.6512802,2.1322525,0.07513271,8.9667015,-9.517393,-22.182816,29.962204,-32.173466,46.74932,6.0964656,-27.06801,43.898136,60.88166
250,0.7113772630691528,-102.72193908691406,61.7081413269043,3.875995403169577,2.05413187518136,-98.42902141266374,7.8210135,-10.3038225,16.59418,9.55701,-21.124266,0.49190268,-22.751776,-1.8213339,-2.3756633,0.85076016,-1.0168716,10.538404,-9.4547,-22.208307,29.983849,-32.005497,46.297913,6.0717106,-27.076483,43.884655,60.98569
251,0.6704843640327454,-103.35718536376953,61.52417755126953,4.1473504691141265,2.1389530000527737,-98.20433724303234,8.18876,-10.534154,16.295683,9.859303,-21.616692,0.25982952,-23.30217,-1.9080169,-2.233904,0.6482324,-2.6151528,12.02738,-9.391277,-22.166115,29.997591,-31.783245,45.8494,6.029036,-27.086813,43.879925,61.05198
252,0.6307360529899597,-103.98648071289062,61.347084045410156,4.3515897567414505,2.226099415115955,-97.9783145736649,8.452948,-10.6570425,16.002745,10.393409,-22.193216,0.026312731,-23.966993,-1.9595919,-2.3585348,1.1781741,-4.298597,13.2390785,-9.405672,-21.91907,30.020603,-31.342255,45.368496,5.950102,-27.107756,43.9092,61.055756
253,0.5929595828056335,-104.6100845336914,61.17143630981445,4.5206543083199255,2.2951312794104375,-97.76713537123487,8.716991,-10.732397,15.703793,10.96941,-22.774578,-0.210557,-24.11437,-1.9738021,-2.851816,1.0310974,-5.28339,14.323944,-9.416988,-21.828686,30.030008,-31.11429,45.136703,5.912746,-27.119051,43.93657,61.012302
254,0.5265039801597595,-105.23450469970703,60.99692153930664,4.654852142356885,2.373682077534363,-97.52872469148045,8.867324,-10.7001095,15.38159,11.797215,-23.469011,-0.4792449,-24.293715,-1.8398781,-3.572074,1.3951076,-6.3659244,14.323944,-9.5131645,-21.540432,30.04628,-30.670908,44.838066,5.803884,-27.141853,44.00921,60.93292
255,0.4716511368751526,-105.8582534790039,60.84185791015625,4.723701664350492,2.4386492541480127,-97.37600437964161,9.083863,-10.642737,15.140157,12.490297,-24.022572,-0.7329328,-24.188835,-1.6551384,-4.311278,1.4078599,-6.832062,14.323944,-9.515036,-21.408932,30.053473,-30.453407,44.77459,5.7583823,-27.15233,44.050426,60.79801
256,0.4279612898826599,-106.48163604736328,60.717098236083984,4.6205115146583795,2.4661356152774725,-97.2191600038531,9.236665,-10.3987465,14.950707,13.398472,-24.565306,-0.95684093,-23.978083,-1.4280007,-5.019152,1.4523072,-6.720163,14.323944,-9.626524,-21.14193,30.070974,-30.08745,44.835705,5.759887,-27.16682,44.143158,60.516846
257,0.39377501606941223,-107.09169006347656,60.673011779785156,4.365099467187535,2.470962318485847,-97.20572053050766,9.498439,-10.090023,14.927849,14.069352,-24.85987,-1.1216577,-23.699335,-1.1935662,-5.5367236,1.6756232,-5.8646235,14.323944,-9.592546,-21.0409,30.083406,-29.949394,45.17401,5.8471613,-27.168623,44.198708,60.154823
258,0.33232447504997253,-107.70809936523438,60.642250061035156,3.8104423740066062,2.4046544944355794,-97.39127056979007,9.659072,-9.426745,15.19584,15.185704,-25.3338,-1.3185035,-23.766268,-0.5216508,-5.7867737,3.2165604,-5.127681,12.3080225,-9.499693,-20.98181,30.117533,-29.82276,45.88204,6.1672854,-27.159344,44.320763,59.47763
259,0.28635793924331665,-108.34027862548828,60.61521911621094,3.1413880452409417,2.3313970887154634,-97.64979653532676,9.805998,-8.636483,15.567352,16.36187,-25.718254,-1.5307696,-24.189602,0.25427186,-5.888537,5.7235117,-4.717095,9.760096,-9.414158,-20.96452,30.273281,-29.795496,46.728783,6.4468007,-27.091236,44.53723,58.79017
260,0.2205696851015091,-108.97393035888672,60.60855484008789,2.4523690415912585,2.285012323807305,-97.83876251794965,9.890482,-7.779808,15.887132,17.637178,-25.990059,-1.7808133,-23.788713,1.1553236,-5.8771315,5.99185,-3.1461332,7.221553,-9.215341,-20.971405,30.450651,-29.99362,47.542713,6.7929535,-26.964245,44.414158,58.0993
261,0.12498379498720169,-109.60986328125,60.623870849609375,1.7590206802417918,2.2645291889287207,-97.94609843621996,9.932844,-6.8767395,16.160929,18.982477,-26.168951,-2.076206,-24.140003,2.0173104,-5.675076,7.867546,-2.7528613,4.5219946,-9.012641,-21.164972,30.50599,-30.413315,48.578224,7.232467,-26.854155,44.029778,57.319496
262,0.027009908109903336,-110.26158142089844,60.64590835571289,1.0899804854901582,2.2721209823718023,-97.97980515124527,9.936148,-5.968533,16.38571,20.390604,-26.256327,-2.4013472,-24.882973,2.8344762,-5.3605347,10.582773,-2.8819027,1.5276126,-8.848473,-21.352385,30.512629,-30.886642,49.66916,7.6702313,-26.73867,43.496895,56.538223
263,-0.07098425179719925,-110.9391098022461,60.656005859375,0.5235625292287462,2.2978797586532878,-97.8943102237356,9.864812,-5.108536,16.465317,21.947533,-26.207172,-2.755971,-25.603989,3.5225468,-5.1097054,13.204947,-2.9972963,-1.2393318,-8.792277,-21.366438,30.481363,-31.262617,50.66527,8.021465,-26.628946,42.913555,55.850464
264,-0.1776382029056549,-111.63813781738281,60.657596588134766,0.05925121084967458,2.3117115077517068,-97.69518359953499,9.698679,-4.27934,16.366848,23.740917,-25.981503,-3.145813,-26.087076,4.0427113,-5.0473795,15.341107,-2.8905113,-3.2632387,-8.853899,-21.153034,30.412413,-31.492987,51.545918,8.28379,-26.53209,42.354427,55.26904
265,-0.28817468881607056,-112.35562896728516,60.663848876953125,-0.3464211007177212,2.2970940796684496,-97.37322272457081,9.444291,-3.4362884,16.085604,25.811361,-25.6253,-3.563203,-26.254725,4.388664,-5.180955,16.862862,-2.3994658,-4.235642,-9.045459,-20.718801,30.310759,-31.589117,52.342674,8.4718,-26.4456,41.819424,54.78478
266,-0.403381884098053,-113.0855712890625,60.672454833984375,-0.7400750756150883,2.260589246090279,-96.96837683450258,9.121488,-2.557542,15.688551,28.098797,-25.140755,-4.022914,-26.209787,4.624157,-5.405359,17.998636,-1.6631563,-4.5224023,-9.323076,-20.136803,30.188154,-31.617685,53.12433,8.640784,-26.360756,41.269882,54.336514
267,-0.5181244015693665,-113.80559539794922,60.67730712890625,-1.12113568552912,2.20518368045619,-96.56108194001614,8.731665,-1.6697977,15.245871,30.535639,-24.421015,-4.5627303,-26.062735,4.801297,-5.6575384,19.009325,-1.0047805,-4.5947795,-9.605323,-19.462936,30.046988,-31.622828,53.928528,8.82879,-26.277683,40.728294,53.87804
268,-0.6191731691360474,-114.53020477294922,60.68457794189453,-1.483412476416923,2.1331928868579753,-96.22750430777128,8.270232,-0.7990024,14.818885,33.07473,-23.36436,-5.216984,-25.901718,4.9852095,-5.880486,20.082283,-0.72714627,-4.886595,-9.815269,-18.738422,29.888687,-31.635395,54.778584,9.070054,-26.197092,40.215473,53.364296
269,-0.7149487137794495,-115.26665496826172,60.69969940185547,-1.8141391773641538,2.0398276991708433,-95.98954303381157,7.7425995,0.034448054,14.406497,35.72822,-21.871454,-6.081485,-25.759554,5.203821,-6.044428,21.286148,-0.95601064,-5.4720783,-9.932328,-17.946907,29.710676,-31.638859,55.67817,9.399318,-26.116196,39.68268,52.775692
270,-0.818017840385437,-115.99269104003906,60.72095489501953,-2.118476483079928,1.9230961449688533,-95.80843358057513,7.145292,0.839193,13.969649,38.52692,-20.032246,-7.117909,-25.592806,5.44452,-6.1675463,22.510054,-1.4994706,-6.0967927,-9.992287,-17.07251,29.51457,-31.62442,56.608982,9.789667,-26.035103,39.136116,52.135517
271,-0.9197254776954651,-116.71150970458984,60.74347686767578,-2.416453009969077,1.7899328515677677,-95.66719577446413,6.464961,1.6353809,13.512789,41.44209,-18.022123,-8.1590605,-25.358734,5.719148,-6.2705555,23.624542,-2.1800234,-6.690211,-10.004309,-16.154888,29.309505,-31.633968,57.557945,10.170926,-25.961084,38.682743,51.472305
272,-1.021342396736145,-117.42597961425781,60.772621154785156,-2.7309397511433233,1.648141125152895,-95.54781442435662,5.689911,2.4483707,13.0500765,44.44016,-16.005726,-9.039275,-25.014275,6.023624,-6.382042,24.50886,-2.8324342,-7.190832,-9.979699,-15.229564,29.104837,-31.705105,58.51095,10.476944,-25.901747,38.425842,50.810177
273,-1.1238800287246704,-118.14582061767578,60.811363220214844,-3.0726131403758687,1.4863567761155716,-95.47605028635974,4.820533,3.2965288,12.589045,47.580807,-14.02498,-9.764098,-24.533098,6.371141,-6.50138,25.133327,-3.4599051,-7.583358,-9.898025,-14.283656,28.902514,-31.823275,59.478035,10.699562,-25.859987,38.398056,50.156784
274,-1.229048490524292,-118.85984802246094,60.85416793823242,-3.4281859477116106,1.3040560478720582,-95.45077174410562,3.8672397,4.1519823,12.120406,50.853065,-11.984616,-10.4292555,-23.948282,6.7597976,-6.6153793,25.573835,-4.140811,-7.8976703,-9.759086,-13.297756,28.701101,-31.971394,60.453823,10.870411,-25.832523,38.537586,49.49674
275,-1.3386290073394775,-119.54295349121094,60.90208435058594,-3.7815197282659065,1.12824952727358,-95.41267629156523,2.8325922,4.9858975,11.639073,54.11271,-9.829512,-10.987606,-23.304651,7.1495395,-6.739724,25.870558,-4.830722,-8.143505,-9.599844,-12.296898,28.502903,-32.187744,61.398754,10.974008,-25.818663,38.804108,48.830643
276,-1.4482598304748535,-120.22395324707031,60.9647216796875,-4.113930676280755,0.9868337665925544,-95.30274273030555,1.7144996,5.784751,11.1408205,57.21883,-7.5058975,-11.368036,-22.643667,7.5004497,-6.8920784,26.053894,-5.4794164,-8.3313465,-9.458448,-11.307856,28.309937,-32.515034,62.275005,10.992052,-25.817812,39.15848,48.163055
277,-1.557428240776062,-120.89076232910156,61.033565521240234,-4.437222178906225,0.8934710460472364,-95.07818141583877,0.44876495,6.5596075,10.516889,60.22821,-4.933675,-11.407266,-21.965979,7.813033,-7.1060696,26.102274,-6.08784,-8.450603,-9.378448,-10.34674,28.120316,-32.98866,63.111496,10.926725,-25.83035,39.624756,47.46826
278,-1.6622653007507324,-121.54437255859375,61.10483932495117,-4.755485622496228,0.83292301888507,-94.77735627598759,-0.9507119,7.3343925,9.817721,63.190483,-2.151443,-11.158155,-21.25111,8.104796,-7.36845,26.003298,-6.672406,-8.496902,-9.328464,-9.394931,27.934044,-33.582893,63.9164,10.781655,-25.855818,40.207912,46.755795
279,-1.7639044523239136,-122.21424865722656,61.18623733520508,-5.046645118593413,0.7887713544636742,-94.46666155180948,-2.374084,8.137805,9.277237,65.97352,0.70888484,-10.837598,-20.509989,8.36573,-7.625245,25.80248,-7.2096024,-8.494412,-9.230125,-8.432655,27.756872,-34.254295,64.62299,10.5380745,-25.89225,40.843258,46.084877
280,-1.856060266494751,-122.8600845336914,61.274940490722656,-5.28965676441005,0.7422941990128832,-94.21217424885161,-3.7133286,9.012424,9.11199,68.46333,3.4983737,-10.653887,-19.75902,8.590845,-7.824918,25.552889,-7.680468,-8.473379,-9.00893,-7.4497876,27.594893,-34.96416,65.17309,10.188443,-25.93705,41.464237,45.50465
281,-1.9411431550979614,-123.49130249023438,61.37261962890625,-5.484255176202572,0.6956089128599882,-94.00902960735705,-4.9607387,10.095315,9.518193,70.679855,6.421619,-10.623793,-18.997126,8.785299,-7.9844832,25.236265,-8.068075,-8.439406,-8.661207,-6.4526815,27.449718,-35.74822,65.55522,9.720161,-25.991014,42.07216,45.01406
282,-2.0311837196350098,-124.11246490478516,61.47489547729492,-5.642715612002952,0.653226195381149,-93.84064353324482,-6.169082,11.386256,10.343483,72.71483,9.454691,-10.572425,-18.224957,8.96859,-8.118122,24.83844,-8.384274,-8.390597,-8.216383,-5.4658575,27.319765,-36.62329,65.820946,9.1460085,-26.054075,42.699074,44.583405
283,-2.107692003250122,-124.72120666503906,61.58330535888672,-5.761474812871273,0.6007961332942918,-93.73788747375272,-7.3068094,12.669871,11.240963,74.52031,12.117717,-10.49184,-17.4418,9.140958,-8.179944,24.401651,-8.656093,-8.3417015,-7.6648116,-4.501256,27.204487,-37.522583,65.996826,8.486466,-26.123842,43.331608,44.229603
284,-2.177738904953003,-125.32225799560547,61.69606399536133,-5.83320932874706,0.5225954597373345,-93.72871493546765,-8.356261,13.681825,11.861667,76.03569,13.940166,-10.432127,-16.658495,9.288476,-8.125199,23.992052,-8.918508,-8.298146,-6.998601,-3.5571918,27.102192,-38.374973,66.09713,7.7586327,-26.198677,43.958454,43.978794
285,-2.2376389503479004,-125.9336929321289,61.81214904785156,-5.837076925722127,0.4072810353728562,-93.82476442983265,-9.304085,14.308003,12.142729,77.211784,14.756989,-10.473578,-15.874351,9.381911,-7.93206,23.635986,-9.178871,-8.24511,-6.197189,-2.6308212,27.01257,-39.2022,66.10323,6.9322643,-26.282553,44.636475,43.88333
286,-2.2894208431243896,-126.53662109375,61.91987228393555,-5.771921308390568,0.270190365029802,-94.00413801011167,-10.169096,14.666507,12.279506,78.081276,14.84785,-10.58964,-15.095088,9.415529,-7.631276,23.31706,-9.432164,-8.179047,-5.2951307,-1.5154015,26.996815,-39.8002,65.830574,6.068272,-26.335377,45.231003,43.91068
287,-2.325099468231201,-127.14054870605469,62.0260009765625,-5.681156780802415,0.10364553938900078,-94.23226586211625,-10.966439,14.849292,12.308119,78.703285,14.414634,-10.679167,-14.299224,9.424455,-7.2676845,23.00337,-9.670517,-8.1152,-4.3282495,-0.79956764,26.867716,-40.770298,65.84519,5.044136,-26.467405,46.060272,44.012764
288,-2.3533952236175537,-127.73778533935547,62.124813079833984,-5.590214420609447,-0.041513611295384036,-94.4855007797975,-11.756572,14.933958,12.258586,79.12535,13.657689,-10.651001,-13.526666,9.433034,-6.8777537,22.68445,-9.904401,-8.069009,-3.407001,0.26341572,26.85138,-41.129333,65.53085,4.225857,-26.505182,46.4298,44.000877
289,-2.369168996810913,-128.342041015625,62.227027893066406,-5.460088114031246,-0.21329708049287566,-94.76928504345888,-12.50285,14.801794,12.042709,79.31508,12.481254,-10.497025,-12.760245,9.396474,-6.4429927,22.420282,-10.162362,-8.044473,-2.4315984,1.0734295,26.726276,-41.831116,65.39001,3.211297,-26.637022,46.978573,44.06434
290,-2.38415265083313,-128.9316864013672,62.318092346191406,-5.344825902608633,-0.36811554542694014,-95.09135455507615,-13.247029,14.498457,11.624453,79.280716,10.8116865,-10.292286,-12.004274,9.369703,-5.96537,22.121605,-10.393208,-8.0297575,-1.5083627,2.109333,26.704065,-42.020805,65.020874,2.3591826,-26.66812,47.174866,44.041367
291,-2.398225784301758,-129.51919555664062,62.40910339355469,-5.214534756145893,-0.5277140258832259,-95.43386493955333,-13.947325,14.174268,11.254653,79.06297,8.9551935,-9.991088,-11.254914,9.31562,-5.465097,21.835962,-10.625608,-8.008965,-0.5562187,3.116979,26.67244,-42.20192,64.62142,1.4528118,-26.70846,47.355717,44.05076
292,-2.41438364982605,-130.09449768066406,62.49191665649414,-5.080401069711637,-0.6804881645703003,-95.77437968391129,-14.601204,14.012959,11.15898,78.71391,7.205775,-9.567165,-10.512785,9.24293,-4.9753795,21.549902,-10.856691,-7.9705315,0.4222269,3.9840124,26.544096,-42.40353,64.32894,0.6128982,-26.846653,47.45017,43.94651
293,-2.424665689468384,-130.68048095703125,62.57181167602539,-5.002362928475578,-0.8151736330962003,-96.11501441753906,-15.2246,14.108112,11.36955,78.26112,5.573741,-9.026107,-9.75139,9.219791,-4.502663,21.174353,-11.034303,-7.9224195,1.3600414,4.8839087,26.495909,-42.289696,63.96514,-0.13226596,-26.887894,47.359955,43.793537
294,-2.4358716011047363,-131.26336669921875,62.6513786315918,-4.942428784684155,-0.9423980425185671,-96.46498369025312,-15.810057,14.323473,11.774444,77.66508,3.927364,-8.393754,-8.985531,9.206274,-4.0291457,20.767145,-11.189889,-7.8668766,2.2939234,5.7529197,26.438776,-42.01255,63.6013,-0.81334424,-26.933329,47.137745,43.572544
295,-2.447023630142212,-131.8418426513672,62.728546142578125,-4.895438513583976,-1.0544047375165053,-96.800190581045,-16.371687,14.614482,12.308491,76.92932,2.3022923,-7.709632,-8.223084,9.190035,-3.5786846,20.33252,-11.332844,-7.795319,3.188212,6.597214,26.385271,-41.64184,63.23149,-1.4523388,-26.97291,46.829197,43.283417
296,-2.4592628479003906,-132.42083740234375,62.79518127441406,-4.851380599453526,-1.1416353859109811,-97.097484856302,-16.924433,14.935828,12.912295,76.056496,0.73556334,-7.008047,-7.474845,9.156955,-3.1741607,19.877394,-11.474523,-7.701243,4.0105014,7.4259768,26.331215,-41.21718,62.854115,-2.0630074,-27.015783,46.447113,42.91996
297,-2.467148780822754,-132.99755859375,62.85973358154297,-4.809926545661959,-1.198117755567938,-97.34720774835132,-17.469322,15.300836,13.622172,75.050735,-0.8164261,-6.3043756,-6.7392116,9.104966,-2.8290718,19.385185,-11.61349,-7.5838037,4.7539673,8.220267,26.276243,-40.74643,62.47582,-2.6391358,-27.061237,45.97527,42.46816
298,-2.462068796157837,-133.581298828125,62.91754913330078,-4.776796780931563,-1.2302643582952995,-97.56203749889144,-17.997768,15.707065,14.451749,73.908554,-2.360142,-5.601124,-6.0121565,9.044387,-2.5300162,18.85952,-11.749066,-7.4537773,5.4439096,8.995392,26.22083,-40.210033,62.080112,-3.1596303,-27.108719,45.39249,41.92339
299,-2.4651966094970703,-134.1505126953125,62.96429443359375,-4.750048154966709,-1.2472623578900826,-97.75126239179949,-18.509705,16.094213,15.312377,72.61831,-3.8045557,-4.897749,-5.299456,8.978945,-2.2624977,18.336737,-11.890102,-7.3202634,6.0871367,9.730555,26.16688,-39.667587,61.69572,-3.669244,-27.158518,44.760975,41.338444
300,-2.4750254154205322,-134.71572875976562,63.007450103759766,-4.732886114544526,-1.2623883597278718,-97.92639572991415,-19.00405,16.417662,16.119478,71.17415,-5.059883,-4.1785364,-4.6023197,8.916042,-2.0091429,17.848055,-12.0416355,-7.188305,6.686186,10.430274,26.12272,-39.197285,61.324337,-4.1838627,-27.201292,44.17954,40.72855
301,-2.4870362281799316,-135.2855224609375,63.04193115234375,-4.722857408329837,-1.2700023585860323,-98.08698558175409,-19.494179,16.684258,16.883348,69.58023,-6.104801,-3.3465338,-3.925865,8.850982,-1.7697564,17.393522,-12.196782,-7.05192,7.2470336,11.118235,26.080132,-38.73507,60.94955,-4.6851683,-27.249758,43.55789,40.085007
302,-2.49027681350708,-135.85545349121094,63.06821823120117,-4.720191838172336,-1.2672888155761757,-98.22822762067652,-19.976418,16.913242,17.644667,67.84425,-6.9953666,-2.4356868,-3.265186,8.783514,-1.5514215,16.954666,-12.354083,-6.9099936,7.7653475,11.776002,26.040482,-38.29302,60.57687,-5.16672,-27.303354,42.90784,39.39086
303,-2.4993183612823486,-136.42007446289062,63.084964752197266,-4.725612190230752,-1.2607655038629968,-98.3536971807368,-20.434696,17.083939,18.36895,65.95977,-7.7504473,-1.6092001,-2.62031,8.719669,-1.3505477,16.545738,-12.52851,-6.7696996,8.249825,12.387272,26.004223,-37.890804,60.24214,-5.647165,-27.362173,42.254036,38.682674
304,-2.505408525466919,-136.98825073242188,63.09000778198242,-4.741024186560474,-1.2605285490809344,-98.46678294446242,-20.849913,17.18326,19.021368,63.916954,-8.380325,-1.0260897,-1.9872502,8.668097,-1.1632923,16.178545,-12.735861,-6.638284,8.664018,12.896577,25.97671,-37.5889,60.01064,-6.1943374,-27.406012,41.754337,38.01949
305,-2.5140600204467773,-137.55648803710938,63.08708953857422,-4.760442910876862,-1.260521858674331,-98.57720043067587,-21.226452,17.218075,19.605366,61.709293,-8.866159,-0.7170425,-1.3733195,8.624616,-0.9771184,15.850753,-12.973886,-6.5175667,9.056558,13.401889,25.948866,-37.285416,59.81355,-6.7365437,-27.455206,41.219917,37.3541
306,-2.5311124324798584,-138.12109375,63.07529067993164,-4.7883428673873905,-1.2604765785594454,-98.68029069637824,-21.570944,17.20468,20.140375,59.34562,-9.205335,-0.58827937,-0.7753774,8.59001,-0.79784006,15.556406,-13.235128,-6.4013705,9.410796,13.864913,25.922962,-37.010006,59.66956,-7.2675524,-27.510448,40.684837,36.667812
307,-2.5435171127319336,-138.6851043701172,63.04948806762695,-4.8265923824494195,-1.254011503753508,-98.76157232053293,-21.881977,17.135206,20.629044,56.822445,-9.42446,-0.60652447,-0.18978842,8.566431,-0.64543307,15.285683,-13.517678,-6.2839184,9.724156,14.28422,25.899382,-36.76719,59.569206,-7.792897,-27.571297,40.161633,35.984203
308,-2.5673751831054688,-139.25006103515625,63.01718521118164,-4.88360541756638,-1.2360007198256133,-98.80676589006757,-22.156212,17.001476,21.073444,54.13259,-9.550873,-0.73874044,0.3872727,8.555989,-0.53957856,15.031234,-13.822587,-6.160444,9.991261,14.668491,25.877756,-36.55001,59.496735,-8.312182,-27.636742,39.654076,35.32545
309,-2.5823440551757812,-139.82955932617188,62.9707145690918,-4.962248030474318,-1.209905356340639,-98.81002229871213,-22.382324,16.825256,21.502779,51.25532,-9.606793,-0.9562758,0.9614494,8.563463,-0.4914523,14.79312,-14.154698,-6.0332985,10.204855,15.022908,25.858604,-36.36155,59.45422,-8.837735,-27.706251,39.171844,34.700924
310,-2.602850914001465,-140.40399169921875,62.91510009765625,-5.056418713573212,-1.1779262677605,-98.77928061635724,-22.56265,16.60521,21.907627,48.19488,-9.572326,-1.276021,1.5307595,8.584207,-0.48842877,14.571568,-14.509678,-5.9033484,10.36106,15.346978,25.84195,-36.198605,59.444477,-9.363262,-27.778763,38.714256,34.098473
311,-2.6242446899414062,-140.9833984375,62.85438537597656,-5.159382801046375,-1.1285943585107305,-98.72021376372939,-22.72665,16.31283,22.223837,45.00421,-9.423995,-1.727925,2.0829792,8.61231,-0.51748747,14.366962,-14.880434,-5.7653246,10.476247,15.636925,25.82673,-36.04769,59.453754,-9.892274,-27.853746,38.275673,33.52632
312,-2.6398470401763916,-141.56271362304688,62.78022003173828,-5.260076488641324,-1.0513938582985554,-98.63823228952215,-22.898273,15.925586,22.388845,41.72548,-9.1399555,-2.3329697,2.6092498,8.640299,-0.56432754,14.171983,-15.257831,-5.614503,10.557661,15.895687,25.811087,-35.88643,59.465073,-10.409138,-27.929068,37.84349,32.97901
313,-2.6585276126861572,-142.1396484375,62.697879791259766,-5.355107678933028,-0.937936190706872,-98.52695010964212,-23.098251,15.44372,22.352663,38.326027,-8.646912,-3.0671382,3.0996687,8.66514,-0.63389784,13.990111,-15.639754,-5.4448047,10.60983,16.126165,25.79285,-35.693275,59.476143,-10.928635,-28.004986,37.41371,32.471188
314,-2.672173500061035,-142.7255401611328,62.60502243041992,-5.446831266361887,-0.7964476388832583,-98.38556253255123,-23.3073,14.903646,22.151995,34.808834,-7.999681,-3.9018722,3.5686393,8.688943,-0.7308071,13.806656,-16.022316,-5.2608,10.615369,16.34091,25.771193,-35.464973,59.48751,-11.44075,-28.0814,36.990334,31.990927
315,-2.691777229309082,-143.30691528320312,62.50493621826172,-5.5274199367566625,-0.6407726483357266,-98.23005210270428,-23.489353,14.328993,21.864065,31.264305,-7.366256,-4.8523817,3.9975967,8.702027,-0.84568673,13.6989355,-16.45022,-5.074378,10.577022,16.555859,25.747183,-35.225082,59.477715,-11.941205,-28.158226,36.586994,31.537827
316,-2.704929828643799,-143.88629150390625,62.4005126953125,-5.587230051492478,-0.4863942838566796,-98.07956984972094,-23.601183,13.727018,21.579853,27.754072,-6.8923564,-5.9403205,4.382678,8.691331,-0.9644569,13.710449,-16.946692,-4.8979244,10.500193,16.786503,25.722967,-35.007206,59.42349,-12.414926,-28.23427,36.213177,31.10918
317,-2.718255043029785,-144.47267150878906,62.29069137573242,-5.633443323532327,-0.3320684911419169,-97.92553309076146,-23.61338,13.07239,21.30272,24.138178,-6.567442,-7.204915,4.7579875,8.66808,-1.089377,13.760207,-17.467218,-4.732071,10.372698,17.026865,25.70071,-34.837627,59.32715,-12.8566065,-28.308405,35.86415,30.694643
318,-2.724738121032715,-145.0614776611328,62.17710876464844,-5.667737134742742,-0.17188232822192143,-97.7634820679313,-23.515663,12.36856,21.008234,20.328932,-6.283795,-8.6036415,5.126298,8.635879,-1.2229537,13.82762,-17.999573,-4.571581,10.206085,17.258068,25.681036,-34.716057,59.206448,-13.262212,-28.379236,35.526672,30.29534
319,-2.7272896766662598,-145.65530395507812,62.06005096435547,-5.694510492207609,-0.008119911193158478,-97.62105139231345,-23.296274,11.660546,20.745626,16.441893,-6.008613,-10.05607,5.483932,8.591109,-1.339918,13.917081,-18.53874,-4.4198685,10.054058,17.457266,25.664228,-34.63813,59.075176,-13.651761,-28.447351,35.20515,29.934208
320,-2.723196506500244,-146.26156616210938,61.9460334777832,-5.675096522257385,0.15593532157997864,-97.51316283326,-22.822193,10.875925,20.590548,12.284676,-5.5214453,-11.487352,5.830193,8.487461,-1.431465,14.031577,-19.07999,-4.2767806,9.982249,17.65128,25.645472,-34.600647,58.89066,-13.9889,-28.545576,34.828625,29.616245
321,-2.706989049911499,-146.88047790527344,61.812381744384766,-5.752924395843371,0.34615277221431806,-97.5474750507245,-22.204475,10.204337,20.539726,8.026435,-5.0288796,-12.986463,6.136343,8.456145,-1.3800286,14.179494,-19.635965,-4.1472163,10.019411,17.69107,25.63102,-34.57449,58.812878,-14.185227,-28.66186,34.425762,29.135025
322,-2.686917304992676,-147.50897216796875,61.62844467163086,-6.092547901109229,0.5859836278861065,-97.75981736354876,-21.36892,9.736665,20.578087,3.2996643,-4.3128843,-14.323944,6.3588734,8.660991,-1.1348455,14.4207,-20.239008,-4.0328403,10.099683,17.457895,25.630054,-34.473145,59.00014,-14.25045,-28.730663,34.04863,28.380064
323,-2.6367745399475098,-148.13632202148438,61.42435073852539,-6.428211382564439,0.8081786598347798,-97.88065842628414,-20.326845,9.004802,20.510437,-1.702788,-3.2377274,-14.323944,6.4935856,8.836377,-0.99441177,14.934681,-20.98271,-3.8933246,10.064298,17.218796,25.633802,-34.35943,59.195564,-14.303903,-28.767218,33.727142,27.702002
324,-2.58689022064209,-148.7572021484375,61.23074722290039,-6.62484601130961,0.9627053007847255,-97.93962381288237,-20.365044,8.687872,20.313679,-3.1807456,-3.7667701,-14.323944,6.666431,8.8773365,-0.92341167,15.505476,-21.696823,-3.7518172,9.987939,17.094194,25.636223,-34.286358,59.288895,-14.422274,-28.783218,33.529972,27.307241
325,-2.536005973815918,-149.3727264404297,61.03372573852539,-6.780852538609597,1.1261973974179855,-97.9933729242482,-20.621408,8.473912,20.200865,-3.4717286,-4.5558915,-14.323944,6.780095,8.876812,-0.86556894,16.179848,-22.428078,-3.6214604,9.890727,16.91922,25.639841,-34.202618,59.380966,-14.538928,-28.79643,33.30535,26.988974
326,-2.4821650981903076,-149.99256896972656,60.83625030517578,-6.906022607989863,1.284130147036551,-98.05425984638642,-20.917862,8.274304,20.19825,-3.116742,-5.399247,-14.323944,6.844524,8.83811,-0.8079179,16.96901,-23.190998,-3.5015929,9.79385,16.71695,25.64508,-34.121796,59.46768,-14.629243,-28.807312,33.071293,26.745127
327,-2.4412832260131836,-150.6014862060547,60.668033599853516,-6.897172102502539,1.4071928441675874,-98.07223858288042,-21.461319,8.128672,20.270905,-1.6418123,-6.436873,-14.323944,6.918043,8.670418,-0.79975617,17.814297,-23.898985,-3.3700686,9.685776,16.566687,25.649445,-34.06263,59.477516,-14.721671,-28.818222,32.853436,26.684862
328,-2.404909372329712,-151.17794799804688,60.57907485961914,-6.74555041854466,1.496279975575064,-98.05497461423035,-21.891407,7.9668703,20.47675,-0.13453513,-6.8687725,-14.323944,7.0259304,8.37938,-0.8272513,18.65947,-24.46312,-3.2137756,9.588422,16.498121,25.65072,-34.030743,59.38928,-14.837939,-28.830828,32.66874,26.838734
329,-2.412733793258667,-151.7806854248047,60.50906753540039,-6.335361998049977,1.5287755545399857,-97.98367978224863,-22.385283,7.8475275,20.904898,2.046188,-6.775368,-14.323944,7.13878,7.8600326,-0.92850685,19.637451,-24.966227,-3.0324981,9.559588,16.632957,25.643284,-34.063297,59.060383,-15.050739,-28.864193,32.469147,27.376356
330,-2.453620195388794,-152.4149169921875,60.46513366699219,-5.772465802220199,1.4953874225425667,-97.84693575664843,-22.906467,7.801727,21.382826,4.8395095,-6.276878,-14.323944,7.3391633,7.214318,-1.0964599,20.564169,-25.320791,-2.8355737,9.511574,16.880308,25.62607,-34.169937,58.63549,-15.350527,-28.905827,32.427044,28.192102
331,-2.4861130714416504,-153.0529022216797,60.43919372558594,-5.191066611663271,1.4695395279752517,-97.74539762096447,-23.673357,7.931834,21.643332,8.366401,-5.9589376,-14.323944,7.4740143,6.543801,-1.2392403,21.644342,-25.629185,-2.6123936,9.540601,16.980171,25.5615,-34.437366,58.311707,-15.678536,-29.033281,32.45373,29.092806
332,-2.454225778579712,-153.68153381347656,60.405574798583984,-4.796272930094267,1.5087749477422638,-97.68207600053464,-24.830133,8.144472,21.457594,12.457905,-6.261171,-13.2031145,7.5263257,6.0075765,-1.3314941,22.780575,-25.813211,-2.3282597,9.45062,16.92019,25.51092,-34.474323,58.15918,-15.71703,-29.102512,32.36328,29.66976
333,-2.389342784881592,-154.3185577392578,60.385311126708984,-4.367228129525012,1.5990174401429127,-97.56617132950097,-25.584352,7.8254104,20.976778,15.051709,-6.019991,-10.939088,7.5136976,5.395834,-1.499472,23.982656,-25.918324,-1.9723654,9.302751,16.829948,25.467394,-34.479763,57.96724,-15.828211,-29.141722,32.31351,30.378494
334,-2.3245489597320557,-154.9828643798828,60.37091064453125,-3.8922248654593057,1.7144087307628522,-97.47076392265038,-26.188017,7.3536315,20.363152,17.160505,-5.5820565,-8.632177,7.4611034,4.715617,-1.6638728,25.231438,-25.924044,-1.5786904,9.147353,16.742113,25.4245,-34.440876,57.727,-15.944113,-29.153421,32.287445,31.186495
335,-2.26851749420166,-155.668212890625,60.36228561401367,-3.405732699015716,1.8355827553001736,-97.4156720812746,-26.651287,6.8237267,19.798988,18.943178,-5.1494594,-6.506036,7.345774,4.006802,-1.7784147,26.601545,-25.794012,-1.1608833,9.022629,16.639742,25.380575,-34.375423,57.475376,-16.030802,-29.152496,32.27768,32.05311
336,-2.2020280361175537,-156.35845947265625,60.35007095336914,-2.9549270977974174,1.9391219036061231,-97.42691760148293,-26.97158,6.3429976,19.437607,20.525415,-4.90252,-4.791505,7.15102,3.3161397,-1.7894092,28.15993,-25.488863,-0.732135,8.938492,16.527386,25.336834,-34.26263,57.24482,-15.980882,-29.13595,32.245502,32.880486
337,-2.12203311920166,-157.0648956298828,60.343849182128906,-2.5456200809171117,2.027334252749069,-97.53474418448587,-27.167356,5.967333,19.29217,21.99069,-4.936173,-3.6600566,6.880049,2.6431596,-1.6434855,29.915281,-25.036625,-0.25414616,8.9273815,16.404459,25.291838,-34.087357,57.038273,-15.801557,-29.104542,32.18459,33.668724
338,-2.0350453853607178,-157.77444458007812,60.34569549560547,-2.14445199638375,2.106572694969814,-97.7087002125661,-27.250313,5.6505733,19.245146,23.337269,-5.186632,-2.9498212,6.543594,1.9605253,-1.3902584,31.830643,-24.447004,0.26730543,8.961201,16.28526,25.24345,-33.860806,56.831005,-15.512492,-29.062508,32.09987,34.451546
339,-1.9535586833953857,-158.48876953125,60.35377883911133,-1.7417945288593126,2.166053301629553,-97.88770440867964,-27.224916,5.345072,19.244938,24.557146,-5.583215,-2.4065466,6.1311417,1.2778062,-1.1279376,33.90831,-23.646362,0.7538135,8.995061,16.1707,25.195667,-33.6373,56.621136,-15.1623125,-29.009623,32.039864,35.286385
340,-1.8801785707473755,-159.20172119140625,60.374855041503906,-1.330335818155481,2.1943832662414398,-98.01270086720986,-27.09033,4.9844756,19.246738,25.608135,-6.038146,-1.7861891,5.6374364,0.6050812,-0.95321643,36.14475,-22.560072,1.1278807,8.982569,16.060406,25.152912,-33.466663,56.405403,-14.790888,-28.944258,32.049618,36.221325
341,-1.8118278980255127,-159.91070556640625,60.40871047973633,-0.9017405906396004,2.1756443882093,-98.0550539243906,-26.844383,4.5247526,19.229734,26.489523,-6.571543,-1.0421278,5.088781,-0.058211878,-0.91056937,38.55176,-21.096607,1.4455601,8.906809,15.96626,25.11606,-33.35474,56.18081,-14.368416,-28.862093,32.092346,37.27441
342,-1.751383900642395,-160.6221923828125,60.461952209472656,-0.4623725250740506,2.1184962978407684,-98.05078741132907,-26.502033,3.9956362,19.211637,27.229954,-7.2103624,-0.315672,4.4867177,-0.7167235,-0.9452401,41.118923,-19.314323,1.7246244,8.792927,15.882753,25.083094,-33.27661,55.94798,-13.888983,-28.766436,32.157272,38.41874
343,-1.6808794736862183,-161.33399963378906,60.516624450683594,-0.027743973394993408,2.048008748011525,-98.03938327436214,-26.08289,3.4333215,19.212265,27.810598,-7.8694906,0.35550982,3.7912102,-1.3678719,-1.0133328,43.80734,-17.35512,1.8365046,8.652191,15.787626,25.05352,-33.227272,55.708286,-13.403035,-28.665943,32.315292,39.616524
344,-1.6139500141143799,-162.04571533203125,60.58243942260742,0.3857725235760614,1.9909023367465652,-98.0608503362896,-25.601292,2.8810973,19.255762,28.209553,-8.468589,0.93603563,2.961832,-2.0092857,-1.0792689,46.577644,-15.356336,1.6599575,8.495272,15.657595,25.026901,-33.202076,55.465687,-12.9589615,-28.567688,32.641167,40.829845
345,-1.5388089418411255,-162.74658203125,60.66127014160156,0.7785061070367252,1.950584124248152,-98.1063714350649,-25.041656,2.333245,19.343267,28.382336,-8.980193,1.4141586,1.9638792,-2.6397722,-1.1650864,49.51131,-13.325345,1.0410795,8.312872,15.498049,25.001339,-33.197113,55.224567,-12.557484,-28.47065,33.13671,42.082382
346,-1.4617596864700317,-163.43936157226562,60.751853942871094,1.1611857446985605,1.9147203082795832,-98.16238085602593,-24.403112,1.7699573,19.468246,28.35323,-9.448865,1.806576,0.83405054,-3.2695272,-1.3098186,52.588165,-11.177774,0.10275957,8.101157,15.321387,24.977327,-33.21244,54.978367,-12.171762,-28.372824,33.767647,43.384426
347,-1.3817713260650635,-164.11526489257812,60.84117889404297,1.528439708006031,1.8882985287830905,-98.25859004969982,-23.721363,1.2200347,19.641794,28.203955,-9.8983,2.121193,-0.36558694,-3.9111774,-1.4911448,55.618095,-8.916678,-0.8718145,7.880171,15.111168,24.958958,-33.25211,54.71822,-11.812924,-28.279686,34.562164,44.681705
348,-1.3025215864181519,-164.77513122558594,60.93441390991211,1.8743855409185783,1.8772190059717393,-98.42506029404683,-23.03489,0.7127792,19.874796,28.019945,-10.352272,2.3684175,-1.582517,-4.574456,-1.6611607,58.430695,-6.5726748,-1.6154314,7.669316,14.849953,24.950312,-33.31889,54.43704,-11.480238,-28.194391,35.53953,45.909454
349,-1.2075897455215454,-165.43048095703125,61.036258697509766,2.1981582596720073,1.894857317066752,-98.70182426935627,-22.352205,0.25657946,20.20699,27.798096,-10.826438,2.5408976,-2.865153,-5.2520466,-1.7013208,61.04881,-3.984312,-2.0586483,7.510534,14.526623,24.953384,-33.440647,54.125137,-11.180734,-28.11349,36.717796,47.084633
350,-1.1044777631759644,-166.0797119140625,61.136478424072266,2.501933007788231,1.9357220457370752,-99.05949042020644,-21.658304,-0.16930006,20.619677,27.501556,-11.301193,2.6373847,-4.233188,-5.9394975,-1.6523076,63.564598,-1.2082521,-2.353811,7.381243,14.148693,24.966173,-33.609486,53.793304,-10.909252,-28.035786,38.07723,48.234127
351,-1.0128412246704102,-166.6970672607422,61.22721862792969,2.7853733883810095,1.9758011142343068,-99.42565547205221,-20.94988,-0.58173704,21.039936,27.145466,-11.744774,2.6809597,-5.594544,-6.6596212,-1.690002,65.92432,1.3865502,-2.5877352,7.2095637,13.726557,24.986776,-33.777416,53.46334,-10.651905,-27.96805,39.587746,49.309494
352,-0.9316580295562744,-167.3032989501953,61.3172721862793,3.0495756708185295,1.9901505059759448,-99.73300119753205,-20.217922,-0.9979292,21.39858,26.741676,-12.128246,2.696641,-6.8491287,-7.451481,-1.9982529,68.064644,3.4319763,-2.8664072,6.9278054,13.272755,25.013178,-33.89554,53.154995,-10.394431,-27.91727,41.221073,50.259254
353,-0.8511440753936768,-167.90093994140625,61.41253662109375,3.304829383628674,1.9718102529386605,-99.9840448790042,-19.45404,-1.4300318,21.706364,26.273954,-12.435445,2.6782155,-7.976642,-8.401676,-2.6877687,69.98956,4.8995233,-3.2033126,6.5319057,12.801797,25.045311,-33.955273,52.84564,-10.13789,-27.88777,43.046494,51.055416
354,-0.7743200659751892,-168.49334716796875,61.50753402709961,3.5470730998357025,1.93333654625218,-100.20820741461276,-18.665524,-1.8734283,21.993021,25.738512,-12.685346,2.6248307,-9.022564,-9.488959,-3.6387472,71.739746,5.9486575,-3.5786474,6.060794,12.30291,25.084627,-33.988888,52.531063,-9.892432,-27.873276,45.05074,51.73623
355,-0.7081788778305054,-169.08474731445312,61.60313034057617,3.7624961747307095,1.878474796274924,-100.376629897199,-17.871767,-2.3135831,22.215748,25.174715,-12.902027,2.567552,-9.988628,-10.587175,-4.6993484,73.30891,6.4913673,-4.041361,5.5126734,11.747273,25.132345,-34.01608,52.258163,-9.650805,-27.86514,47.0817,52.33745
356,-0.6529987454414368,-169.66546630859375,61.6959342956543,3.9284338669853747,1.8086863309641152,-100.46396247653949,-17.088331,-2.7258635,22.332901,24.62653,-13.110831,2.5308402,-10.879325,-11.547582,-5.7094426,74.68011,6.4506006,-4.6149845,4.888722,11.1042795,25.190071,-34.05916,52.078438,-9.393379,-27.856972,48.980885,52.88429
357,-0.6062867641448975,-170.24554443359375,61.78759765625,4.005690250829634,1.7026849408584022,-100.45690707994325,-16.316235,-3.0573785,22.317505,24.152315,-13.338608,2.5082688,-11.668974,-12.293602,-6.679292,75.83762,5.607617,-5.371282,4.574257,10.190044,25.250084,-34.505806,52.08152,-8.695273,-27.881458,50.01833,53.24568
358,-0.5700926184654236,-170.82960510253906,61.88072967529297,4.080421629733751,1.6063529040605484,-100.37032441114282,-15.548479,-3.4098642,22.21471,23.623533,-13.515611,2.489898,-12.411808,-12.94266,-7.6230536,76.811714,4.0564938,-6.2144723,3.4229116,9.464669,25.351372,-34.342968,52.086456,-8.797839,-27.865446,52.4945,53.713627
359,-0.5367119908332825,-171.40504455566406,61.969356536865234,4.081972382949514,1.4642889097085419,-100.24362518314626,-14.767362,-3.684358,22.040115,23.147293,-13.704614,2.4785285,-13.070422,-13.392408,-8.475567,77.56421,2.2832792,-6.96649,2.9455047,8.434632,25.417038,-34.77071,52.222927,-8.122027,-27.883345,53.43626,53.974632
360,-0.5064524412155151,-171.9745330810547,62.061500549316406,4.089743152093064,1.3201990327660411,-100.10021146689225,-13.9693165,-3.97486,21.836391,22.616167,-13.852192,2.4838998,-13.714521,-13.716016,-9.154579,78.11347,0.72069204,-7.458778,2.275216,7.364534,25.504387,-35.11687,52.40109,-7.6817365,-27.899988,54.6164,54.314533
361,-0.48143506050109863,-172.546630859375,62.155330657958984,4.082662307950501,1.1594979370865204,-99.93290182138938,-13.151436,-4.2555366,21.583141,22.0573,-13.972103,2.5026193,-14.328154,-13.890208,-9.673244,78.437065,-0.60143816,-7.6551824,1.5884845,6.3627777,25.578037,-35.293118,52.543373,-7.1400375,-27.903269,55.415806,54.63562
362,-0.4571384787559509,-173.11900329589844,62.250308990478516,4.05967452489784,0.980213375371893,-99.73475955762852,-12.314451,-4.5188866,21.275988,21.477045,-14.065237,2.5268257,-14.908572,-13.923525,-10.063747,78.54271,-1.8897685,-7.6501026,0.8958484,5.3727326,25.641394,-35.413826,52.68465,-6.553133,-27.901089,55.951595,54.949287
363,-0.4348796010017395,-173.68545532226562,62.34184646606445,4.0247872649082295,0.8012617995925283,-99.52402221513977,-11.47339,-4.764609,20.948475,20.87819,-14.136876,2.5562844,-15.483051,-13.84621,-10.345749,78.45369,-3.0333812,-7.513729,0.13436055,4.3316565,25.711742,-35.48208,52.876015,-5.9950914,-27.893545,56.40617,55.25842
364,-0.41545698046684265,-174.24330139160156,62.42053985595703,4.006628569076636,0.6475994385536142,-99.34877078064505,-10.653127,-5.01268,20.671753,20.284,-14.2104025,2.5939252,-16.10248,-13.699809,-10.475836,78.220726,-3.9413857,-7.295417,-0.48763555,3.4932086,25.75496,-35.472427,52.862587,-5.483737,-27.884523,56.567554,55.620197
365,-0.3936418890953064,-174.8046875,62.505645751953125,3.991637855152261,0.502639192985241,-99.1769975503311,-9.816338,-5.2663627,20.406794,19.62707,-14.235313,2.6581354,-16.737894,-13.490415,-10.523122,77.81534,-4.51496,-7.022769,-1.2178121,2.5396051,25.802036,-35.37969,52.956142,-4.9376864,-27.868988,56.61086,55.96059
366,-0.3750394284725189,-175.36111450195312,62.5849609375,3.9755179341524935,0.3718929487724536,-99.00977431174066,-8.984236,-5.5150766,20.150808,18.948208,-14.237909,2.7412019,-17.395334,-13.196866,-10.457994,77.23494,-4.835546,-6.6593347,-2.0036137,1.5656306,25.849329,-35.17589,53.07706,-4.406652,-27.845825,56.49165,56.29965
367,-0.3686511516571045,-175.92266845703125,62.66965866088867,3.9276129191299245,0.2822566517340853,-98.83020397230516,-8.169439,-5.7286367,19.882061,18.216576,-14.209736,2.8099127,-18.058372,-12.809456,-10.340003,76.43954,-5.009783,-6.241171,-2.9390013,0.45991585,25.9289,-34.67202,53.329582,-3.7279453,-27.79561,56.104496,56.508923
368,-0.36795327067375183,-176.47784423828125,62.73978805541992,3.8897888278276875,0.19757409403601298,-98.67499206941964,-7.3789587,-5.9266467,19.650286,17.54395,-14.227577,2.8347075,-18.71335,-12.381696,-10.131292,75.5092,-5.2081347,-5.791521,-3.7155356,-0.39530703,26.004385,-34.15851,53.31594,-3.1435952,-27.744299,55.66116,56.77935
369,-0.36191466450691223,-177.02743530273438,62.80315017700195,3.842453152377132,0.12468635337014383,-98.52682752604998,-6.5966516,-6.1015124,19.433762,16.867596,-14.259426,2.818154,-19.35127,-11.885775,-9.842855,74.410805,-5.413111,-5.319521,-4.447645,-1.237935,26.080717,-33.617092,53.25448,-2.5638933,-27.691721,55.154606,57.026253
370,-0.36207303404808044,-177.58834838867188,62.8592414855957,3.7880667168037125,0.0654537173315077,-98.38507176923866,-5.823709,-6.259145,19.231564,16.185244,-14.298222,2.776835,-19.979254,-11.325429,-9.471521,73.14406,-5.570548,-4.817397,-5.158951,-2.0831327,26.15815,-33.027393,53.16939,-1.9893285,-27.63768,54.56086,57.24915
371,-0.3699677884578705,-178.137451171875,62.90908432006836,3.7292845813030295,0.01646188608754746,-98.2479759224803,-5.0660086,-6.398852,19.040367,15.519972,-14.346962,2.7034767,-20.580444,-10.747812,-9.073799,71.71175,-5.723658,-4.301828,-5.834624,-2.9176822,26.238676,-32.418777,53.04722,-1.4226669,-27.583677,53.916313,57.463825
372,-0.3773269057273865,-178.68267822265625,62.949432373046875,3.6731935396981834,-0.02601078837745716,-98.11389412302366,-4.3269815,-6.5228195,18.857254,14.888244,-14.406926,2.590734,-21.140907,-10.196916,-8.705477,70.12042,-5.911364,-3.7861047,-6.458296,-3.7327042,26.324726,-31.835428,52.87765,-0.8745308,-27.53158,53.275475,57.68807
373,-0.38805273175239563,-179.2313690185547,62.9805793762207,3.6134577021134735,-0.0628970607280236,-97.97975774646763,-3.6090372,-6.6203513,18.683626,14.297842,-14.478184,2.4088461,-21.659317,-9.659734,-8.363239,68.35649,-6.1543045,-3.2515678,-7.0365653,-4.539401,26.417532,-31.293285,52.665794,-0.35844678,-27.48199,52.65781,57.925766
374,-0.392833948135376,-179.77394104003906,63.00244903564453,3.5480782012816547,-0.09239801378822421,-97.84672570242608,-2.910555,-6.6934257,18.520746,13.741683,-14.565185,2.1751583,-22.14085,-9.121635,-8.0266285,66.42051,-6.4267273,-2.7010617,-7.577152,-5.3481812,26.517015,-30.781687,52.421577,0.12653115,-27.434366,52.051846,58.168724
375,-0.4044843316078186,-180.31536865234375,63.017887115478516,3.4870542878353685,-0.11423553483172799,-97.71950670530768,-2.2296267,-6.7642164,18.365078,13.215957,-14.666845,1.9494448,-22.58025,-8.618814,-7.724357,64.33301,-6.6962457,-2.1741087,-8.065509,-6.1472807,26.622969,-30.306278,52.13642,0.5863196,-27.389174,51.469822,58.420544
376,-0.4219856560230255,-180.85531616210938,63.02764892578125,3.444572048564438,-0.12788465627262155,-97.60349744810284,-1.5688753,-6.852584,18.213299,12.726153,-14.784483,1.7880551,-22.973633,-8.183387,-7.4823427,62.114227,-6.929955,-1.7049221,-8.490159,-6.927213,26.7349,-29.876179,51.805607,1.0261011,-27.347115,50.93165,58.681507
377,-0.4285885989665985,-181.3981170654297,63.027320861816406,3.4221639914346498,-0.13383655406408282,-97.49774364130357,-0.93082124,-6.9600544,18.060202,12.277239,-14.913886,1.7161291,-23.322132,-7.8192763,-7.306609,59.763477,-7.1412787,-1.2909387,-8.846046,-7.6878495,26.851635,-29.491259,51.422337,1.4408511,-27.308777,50.454094,58.962166
378,-0.42928218841552734,-181.9337158203125,63.01466751098633,3.4134019437162637,-0.13118106930731965,-97.40089783468213,-0.3158416,-7.076259,17.909698,11.867753,-15.05539,1.6964406,-23.627567,-7.501604,-7.1814833,57.269543,-7.3375635,-0.90808684,-9.146778,-8.432566,26.972103,-29.142323,50.992794,1.8249964,-27.27398,50.03724,59.257084
379,-0.43541473150253296,-182.47705078125,62.99891662597656,3.4160317803934883,-0.11833835697139776,-97.3181483622141,0.27879798,-7.198104,17.771957,11.491389,-15.217229,1.6903476,-23.889387,-7.2180266,-7.1014705,54.635918,-7.4771023,-0.56017256,-9.406488,-9.158681,27.096037,-28.825233,50.53162,2.181489,-27.242348,49.672913,59.544014
380,-0.43935322761535645,-183.01783752441406,62.974464416503906,3.4248941479755968,-0.09391752836683415,-97.25456020426844,0.8544973,-7.324778,17.657436,11.143794,-15.408379,1.6608456,-24.106575,-6.9552636,-7.061114,51.86433,-7.5192847,-0.25112364,-9.635569,-9.865654,27.224045,-28.540997,50.05421,2.5163898,-27.213524,49.347614,59.800686
381,-0.4358811676502228,-183.5609893798828,62.938926696777344,3.4360825034898337,-0.05652110138645826,-97.21204372444436,1.4124748,-7.451713,17.56982,10.816904,-15.629718,1.6013297,-24.27703,-6.712734,-7.091639,48.93502,-7.4520698,0.008008368,-9.8266,-10.556557,27.35685,-28.293337,49.551277,2.838308,-27.187716,49.056496,60.00991
382,-0.4334021806716919,-184.10340881347656,62.894248962402344,3.4494471594556684,-0.006672798613332529,-97.18822518226521,1.9493876,-7.576135,17.504898,10.51918,-15.8789015,1.5302014,-24.402416,-6.4791803,-7.1849284,45.852005,-7.29894,0.23465164,-9.973208,-11.234638,27.494722,-28.084621,49.022247,3.1489003,-27.165201,48.800156,60.18087
383,-0.4307899475097656,-184.64671325683594,62.83925247192383,3.466912595286969,0.05290355784501705,-97.18247285222044,2.4675775,-7.702018,17.460142,10.255255,-16.15467,1.4493293,-24.489782,-6.235212,-7.2742815,42.655575,-7.0710993,0.46117696,-10.086428,-11.8971615,27.63729,-27.91221,48.494434,3.4464748,-27.145344,48.567207,60.331066
384,-0.4332323670387268,-185.18873596191406,62.771785736083984,3.4957601437603225,0.12016015537536498,-97.1939583533827,2.9633036,-7.832304,17.433687,10.045358,-16.458597,1.3600764,-24.543846,-5.971295,-7.2916055,39.378075,-6.783044,0.7115426,-10.175309,-12.539737,27.783276,-27.772083,47.991978,3.7288156,-27.127064,48.341576,60.48079
385,-0.433130145072937,-185.7403106689453,62.693904876708984,3.541216082407499,0.19789496677942184,-97.2247382046038,3.4275172,-7.9671745,17.430058,9.904341,-16.800653,1.2696545,-24.563852,-5.6929183,-7.2164955,35.97605,-6.389302,0.9542542,-10.238152,-13.169138,27.932156,-27.666216,47.519318,3.9931474,-27.109386,48.112232,60.642494
386,-0.42849424481391907,-186.2874755859375,62.61029052734375,3.5966102125023527,0.2864301133750705,-97.27682125115795,3.8701682,-8.108292,17.45059,9.803562,-17.166939,1.1749316,-24.548763,-5.4056377,-7.081184,32.450253,-5.904691,1.1830792,-10.264326,-13.788822,28.083649,-27.598991,47.066143,4.24667,-27.091927,47.878834,60.80147
387,-0.4322054386138916,-186.84161376953125,62.519065856933594,3.6531610936064096,0.3791683918641524,-97.34752055874226,4.3025074,-8.2481165,17.489372,9.732971,-17.550993,1.0622374,-24.502798,-5.106252,-6.8980184,28.890041,-5.42699,1.454416,-10.25118,-14.386522,28.236252,-27.56717,46.634007,4.5011253,-27.074581,47.642403,60.936726
388,-0.43670329451560974,-187.39939880371094,62.42025375366211,3.702749506160441,0.4698202624011142,-97.43291229080738,4.748848,-8.386654,17.5376,9.648772,-17.926363,0.9183544,-24.423748,-4.791797,-6.6819944,25.364506,-5.041184,1.8259511,-10.202319,-14.948203,28.387499,-27.56248,46.225117,4.7700953,-27.057478,47.406227,61.022957
389,-0.4351077675819397,-187.9651641845703,62.31067657470703,3.751255628282042,0.5596773780489337,-97.53637664196312,5.2198467,-8.5319195,17.596048,9.522369,-18.277975,0.73076,-24.303709,-4.4606056,-6.378551,21.79466,-4.7657356,2.2593462,-10.11874,-15.475506,28.53614,-27.580791,45.843666,5.05323,-27.04104,47.173363,61.05725
390,-0.43965670466423035,-188.53369140625,62.197322845458984,3.7993253695433196,0.650979793479198,-97.65910175904654,5.7058067,-8.684606,17.669317,9.371717,-18.616068,0.50875264,-24.125263,-4.119108,-6.0002713,18.11648,-4.5280147,2.7345684,-10.0018425,-15.9722395,28.681427,-27.620462,45.48939,5.3434033,-27.02557,46.945705,61.051098
391,-0.44237220287323,-189.1082000732422,62.0776252746582,3.8464664551964485,0.7420264956310909,-97.78573619360597,6.188596,-8.832926,17.746769,9.247286,-18.965971,0.2726228,-23.860092,-3.7792003,-5.6688547,14.382446,-4.244283,3.3447042,-9.865622,-16.426176,28.821547,-27.673422,45.15227,5.63694,-27.011227,46.725998,61.008354
392,-0.4482364356517792,-189.69976806640625,61.956478118896484,3.863432478013976,0.8379022061519625,-97.89703173540565,6.613134,-8.921799,17.822971,9.277039,-19.399088,0.039667066,-23.354828,-3.4005814,-5.5304446,10.326861,-3.642938,4.1864233,-9.691475,-16.818209,29.011421,-27.764833,44.778683,5.9931707,-26.994244,46.442177,60.882164
393,-0.4645860195159912,-190.30238342285156,61.80379867553711,4.042336952523066,0.9639991177287681,-97.88148774295976,6.987703,-9.14835,17.766497,9.38673,-19.869349,-0.17319714,-22.942297,-3.241432,-5.6450224,6.6623077,-3.1720312,5.3812065,-9.6030855,-17.016079,29.16729,-27.768492,44.20329,6.1876717,-26.985245,46.20204,60.89519
394,-0.47538861632347107,-190.91659545898438,61.615692138671875,4.416483147371209,1.1180422949209274,-97.75095574500163,7.311384,-9.543359,17.580412,9.59138,-20.389328,-0.3747674,-22.2381,-3.2689524,-5.9540787,2.3640425,-2.2526789,6.864309,-9.61751,-17.057198,29.248613,-27.662254,43.48612,6.185993,-26.98632,46.047646,61.079277
395,-0.4926646649837494,-191.53492736816406,61.423091888427734,4.714867347044171,1.2277703483914577,-97.68685244941973,7.652517,-9.8519535,17.462254,9.880105,-20.953934,-0.5845501,-22.243252,-3.272743,-6.268004,0.2003422,-2.4362164,8.46892,-9.611972,-17.096527,29.284065,-27.564207,42.957905,6.211262,-26.98882,45.97002,61.190548
396,-0.512337863445282,-192.14663696289062,61.239295959472656,4.968415230493355,1.3389186437559615,-97.63711288691033,7.997801,-10.1108675,17.336176,10.144323,-21.480017,-0.79368806,-22.673,-3.2935743,-6.582455,-0.52616537,-3.2355664,10.027208,-9.604125,-17.113903,29.315313,-27.43734,42.48742,6.2362676,-26.992218,45.88896,61.24644
397,-0.5342320203781128,-192.7539520263672,61.05704879760742,5.2037638141093,1.460819101264248,-97.56962755284486,8.299379,-10.33142,17.171043,10.487332,-22.042227,-0.994504,-23.22649,-3.3386333,-6.9822345,-0.5581673,-4.295408,11.731353,-9.617939,-17.103159,29.34303,-27.285639,42.061543,6.245659,-26.996685,45.802353,61.25394
398,-0.5655238032341003,-193.36972045898438,60.87099838256836,5.440281126854149,1.5939079600807795,-97.47367831484182,8.561299,-10.529716,16.961979,10.906125,-22.638493,-1.1898152,-23.767458,-3.4116192,-7.5030203,-0.2941657,-5.4079404,13.579504,-9.655275,-17.049646,29.366787,-27.110043,41.655037,6.2320576,-27.002558,45.711365,61.228783
399,-0.6095304489135742,-193.9742889404297,60.68550491333008,5.6091499610257936,1.737922610263849,-97.40300520930487,8.748889,-10.619854,16.785395,11.488885,-23.28936,-1.4165297,-24.24327,-3.3350315,-7.9266486,0.12015097,-6.3331833,14.323944,-9.689593,-16.823408,29.411432,-26.785364,41.202312,6.249378,-27.01636,45.57711,61.10874
400,-0.652521550655365,-194.58489990234375,60.52143096923828,5.669664007716526,1.833453144935526,-97.45622240122144,9.0286045,-10.630455,16.72744,11.966379,-23.821795,-1.6744066,-24.334206,-3.1086113,-8.110655,0.06273472,-6.508898,14.323944,-9.631531,-16.738377,29.433657,-26.643555,41.085648,6.31234,-27.022251,45.537094,60.943512
401,-0.6762599349021912,-195.19198608398438,60.38094711303711,5.580536719302578,1.8895768212407191,-97.55659881359082,9.343671,-10.520438,16.713923,12.432185,-24.307623,-1.9480542,-24.266539,-2.9150891,-8.20767,0.26244694,-6.1877794,14.323944,-9.5580845,-16.67206,29.457617,-26.531677,41.18596,6.4656944,-27.026062,45.52857,60.6575
402,-0.6970874071121216,-195.80520629882812,60.26624298095703,5.374898332002169,1.9100730186241877,-97.69871162363104,9.69617,-10.31523,16.73719,12.869791,-24.738802,-2.231159,-23.9907,-2.7062771,-8.224929,0.5171324,-5.3676505,14.323944,-9.473877,-16.633911,29.484398,-26.463997,41.49383,6.6985164,-27.027353,45.558212,60.264626
403,-0.7313066720962524,-196.4145965576172,60.18345260620117,4.956385720377986,1.8668080792717479,-97.97382143629302,9.991227,-9.847423,16.948763,13.625516,-25.267529,-2.5576487,-24.271688,-2.2492046,-7.970097,2.4785702,-5.2933125,13.37098,-9.371122,-16.684917,29.544317,-26.450085,42.159264,7.117562,-27.025063,45.67257,59.632915
404,-0.7884297370910645,-197.0188446044922,60.14248275756836,4.529050513086071,1.8540435926793617,-98.2265150193279,10.28931,-9.355266,17.153234,14.288561,-25.568764,-2.8819797,-24.708918,-1.7097166,-7.5787554,4.646368,-5.3534465,11.931482,-9.244294,-16.715282,29.581285,-26.4881,42.824787,7.365107,-27.017134,45.742035,59.1213
405,-0.8476719260215759,-197.65818786621094,60.09628677368164,3.9398076535930175,1.8295928155888515,-98.48522559337316,10.440654,-8.629746,17.453014,15.386884,-25.97681,-3.2035146,-24.790937,-0.91305816,-7.1430097,5.860137,-4.9243875,10.218001,-9.193826,-16.932041,29.649782,-26.634644,43.871902,7.7491837,-26.995308,45.86099,58.387985
406,-0.9221782088279724,-198.30189514160156,60.0780029296875,3.289839057707703,1.8440055041468058,-98.69647854870563,10.524675,-7.81589,17.741167,16.578976,-26.30541,-3.5209134,-24.719402,-0.037472524,-6.6535287,6.640703,-4.1866,8.15101,-9.088245,-17.21994,29.917528,-27.031076,44.893246,7.9879794,-26.861599,45.939552,57.79595
407,-1.0209345817565918,-198.93206787109375,60.09101867675781,2.7031726458965126,1.8606323018403557,-98.82160022922835,10.60097,-7.032169,17.931723,17.783009,-26.462261,-3.852309,-25.33677,0.6663657,-6.1248674,9.122289,-4.377941,6.0800476,-9.050739,-17.329102,30.002184,-27.26399,45.900204,8.217187,-26.772205,45.872047,57.2043
408,-1.1373834609985352,-199.5734100341797,60.115962982177734,2.1861645297135337,1.8877610187054514,-98.7922128028921,10.604087,-6.240339,17.944107,19.132223,-26.49089,-4.224411,-25.864614,1.2627677,-5.6416144,11.336043,-4.312375,4.341274,-9.134602,-17.380377,30.006508,-27.50568,46.92763,8.435707,-26.699902,45.6792,56.61401
409,-1.2629245519638062,-200.240234375,60.136558532714844,1.6690088757778307,1.9231902065041415,-98.59577237806518,10.537012,-5.3624163,17.789907,20.633434,-26.428465,-4.6610093,-26.202806,1.8324376,-5.1058135,13.014992,-3.6802475,2.9527543,-9.35635,-17.373014,29.98784,-27.770845,47.986095,8.703153,-26.624058,45.324055,55.956448
410,-1.3897879123687744,-200.9345245361328,60.16305160522461,1.1191307034754678,1.9647143784215881,-98.28455194385526,10.41268,-4.390019,17.532482,22.271744,-26.276081,-5.154535,-26.384956,2.4195793,-4.5313773,14.292634,-2.6219745,1.7453372,-9.675408,-17.328634,29.96119,-28.06993,49.114426,9.032464,-26.539612,44.843613,55.220863
411,-1.5265775918960571,-201.6414337158203,60.19380569458008,0.5791029711166881,2.0053870193068,-97.92688172464217,10.222145,-3.3908587,17.203983,24.062561,-25.964176,-5.683796,-26.441084,2.970243,-4.1035557,15.334042,-1.5208706,0.7803614,-10.034095,-17.207748,29.916496,-28.381855,50.278973,9.38147,-26.45279,44.316227,54.473534
412,-1.66702139377594,-202.35641479492188,60.23392105102539,0.0949203737722873,2.0370694826659927,-97.58738559248125,9.952337,-2.4324749,16.830309,26.024294,-25.422354,-6.2241597,-26.402683,3.4191225,-3.9903111,16.297249,-0.7588024,0.11795306,-10.374293,-16.96385,29.83967,-28.679205,51.43484,9.700676,-26.371265,43.81503,53.782257
413,-1.8080579042434692,-203.0764617919922,60.27365493774414,-0.3249657667628942,2.05959590625958,-97.25187609468146,9.595775,-1.5184371,16.38823,28.181576,-24.645,-6.7767744,-26.250484,3.703745,-4.341418,17.176678,-0.43190175,-0.025980374,-10.708274,-16.570911,29.728027,-28.949438,52.565674,9.992569,-26.294369,43.30309,53.15175
414,-1.9350534677505493,-203.80003356933594,60.31134796142578,-0.7132161259675671,2.07327068866706,-96.90540617530218,9.1625185,-0.6129185,15.880563,30.510162,-23.6644,-7.3543973,-25.99038,3.8648179,-5.0058165,17.950583,-0.3562146,0.24103595,-11.046563,-16.064688,29.590614,-29.21519,53.705284,10.285394,-26.218224,42.759007,52.54179
415,-2.060147762298584,-204.521484375,60.35629653930664,-1.0832764036625577,2.0691587041471506,-96.60683225507663,8.660561,0.27560323,15.3653755,32.96796,-22.464582,-7.9474983,-25.684254,3.9947956,-5.698196,18.715246,-0.4753147,0.50872314,-11.334131,-15.485039,29.431517,-29.493889,54.87368,10.562178,-26.146622,42.27394,51.952015
416,-2.1874613761901855,-205.2451171875,60.41423034667969,-1.448429408316934,2.0391759411839097,-96.41101618360673,8.100862,1.1360677,14.896162,35.50954,-21.029629,-8.549684,-25.390055,4.1985636,-6.1340046,19.541445,-0.74221826,0.38118705,-11.52132,-14.867089,29.254316,-29.79815,56.084812,10.798386,-26.084476,41.9416,51.38497
417,-2.3041090965270996,-205.9672393798828,60.477481842041016,-1.808061417165668,1.97018305134829,-96.36106443452056,7.5125504,1.9617879,14.512897,38.123226,-19.26647,-9.305522,-25.135109,4.5437355,-6.186912,20.476368,-1.2064387,-0.315463,-11.577316,-14.194973,29.055237,-30.114561,57.363873,10.9897375,-26.033222,41.786335,50.85769
418,-2.412682056427002,-206.67483520507812,60.54322052001953,-2.154299523077459,1.8689295429338644,-96.41671400619734,6.8802395,2.754211,14.164215,40.838043,-17.217054,-10.177015,-24.88598,4.9884725,-6.0166707,21.449783,-1.853577,-1.3268853,-11.531264,-13.442957,28.837412,-30.431828,58.676308,11.142931,-25.991146,41.75247,50.363155
419,-2.5191195011138916,-207.37820434570312,60.61077880859375,-2.4860185197271156,1.758263953893876,-96.50661963633598,6.1511054,3.5157113,13.777551,43.66531,-15.059179,-10.891046,-24.597225,5.4759173,-5.7710257,22.325388,-2.5380263,-2.4068058,-11.425473,-12.632833,28.614975,-30.76998,59.945473,11.243872,-25.959595,41.817078,49.873158
420,-2.6226727962493896,-208.07630920410156,60.68876266479492,-2.803946149421768,1.6619500940021197,-96.55950176252688,5.2744427,4.2530646,13.300322,46.605442,-12.954132,-11.177026,-24.223736,5.9288335,-5.6049547,22.982706,-3.1415334,-3.3129086,-11.305069,-11.785289,28.401718,-31.147655,61.09935,11.282488,-25.939356,41.959446,49.356773
421,-2.731218099594116,-208.77532958984375,60.77387237548828,-3.109079362777732,1.581993239688607,-96.57902955829358,4.1965528,4.960419,12.682549,49.775143,-10.96622,-10.774243,-23.740541,6.3286085,-5.540114,23.37684,-3.6491017,-4.002792,-11.171849,-10.8870535,28.196875,-31.565496,62.138893,11.248114,-25.93234,42.20197,48.811222
422,-2.8421764373779297,-209.46319580078125,60.86627197265625,-3.4001479898573366,1.5075273225629378,-96.59546626826219,2.966024,5.6335173,11.9976845,53.10691,-8.960823,-9.904385,-23.176968,6.7094607,-5.502163,23.585123,-4.1286216,-4.5978866,-11.002452,-9.928972,27.996107,-32.017715,63.09137,11.147122,-25.937752,42.54383,48.25229
423,-2.9529306888580322,-210.1392059326172,60.96185302734375,-3.6800234865803594,1.443575420364969,-96.57811586164719,1.6801075,6.297683,11.3708935,56.347202,-6.8222365,-8.995168,-22.566406,7.0614395,-5.5055757,23.670315,-4.596385,-5.1024437,-10.808243,-8.946662,27.80667,-32.516514,63.93472,10.996261,-25.951773,42.93185,47.67651
424,-3.0655293464660645,-210.80126953125,61.0556526184082,-3.948588330291696,1.3955200321396168,-96.49543680099579,0.42491415,6.9937954,10.898833,59.2741,-4.475667,-8.450004,-21.941748,7.376868,-5.566299,23.69046,-5.063771,-5.5219545,-10.601529,-7.982398,27.636364,-33.077625,64.65314,10.809698,-25.971037,43.313015,47.084335
425,-3.1713924407958984,-211.4549102783203,61.14955520629883,-4.213111429362628,1.3761585012064776,-96.30094687276964,-0.82737094,7.753739,10.519718,61.894775,-1.8081083,-8.344954,-21.310444,7.6524076,-5.732621,23.6413,-5.546172,-5.841711,-10.421804,-7.0624466,27.486362,-33.73526,65.26616,10.598359,-25.994465,43.697372,46.45163
426,-3.288386821746826,-212.0983428955078,61.24165725708008,-4.469129687690487,1.3795456677157498,-96.02564508150294,-2.1181347,8.56768,10.189611,64.33965,1.0840409,-8.431794,-20.652332,7.8935723,-5.981719,23.491331,-6.028396,-6.062464,-10.249426,-6.1712623,27.352242,-34.4786,65.78745,10.344118,-26.024393,44.107334,45.79541
427,-3.4025051593780518,-212.73785400390625,61.333316802978516,-4.7035957341030095,1.3813177002333303,-95.75308662821953,-3.3869896,9.425366,10.01427,66.59481,3.944075,-8.619073,-19.967806,8.109903,-6.227326,23.273054,-6.4829483,-6.2171335,-10.016848,-5.2945395,27.233582,-35.25847,66.198746,10.02798,-26.061434,44.510296,45.162407
428,-3.5071351528167725,-213.3709259033203,61.43067932128906,-4.900403341921209,1.3563162663849322,-95.56553201218651,-4.566833,10.323101,10.107282,68.640656,6.5188847,-8.821522,-19.25956,8.31351,-6.384444,23.020893,-6.882856,-6.3427453,-9.6573,-4.4177876,27.130054,-36.025467,66.4806,9.633457,-26.10632,44.873165,44.597836
429,-3.609659433364868,-213.99020385742188,61.531700134277344,-5.066057778331865,1.297127090574675,-95.4736437472294,-5.635381,11.3780775,10.658371,70.50475,8.941938,-9.08479,-18.52542,8.517301,-6.453972,22.730131,-7.211811,-6.442759,-9.16204,-3.5415533,27.042343,-36.798462,66.623245,9.151436,-26.162004,45.21413,44.0872
430,-3.704667091369629,-214.5968475341797,61.62873077392578,-5.194251187451509,1.230083434104186,-95.44464516690459,-6.632587,12.56749,11.555516,72.203575,11.277657,-9.409318,-17.789494,8.710571,-6.46923,22.409681,-7.4994926,-6.5079465,-8.688249,-2.4316225,27.027716,-37.19898,66.47304,8.595778,-26.191296,45.528214,43.6101
431,-3.795062303543091,-215.20335388183594,61.72990036010742,-5.307348797188949,1.115287413410746,-95.47983121500106,-7.538108,13.702955,12.437339,73.707825,13.16399,-9.692224,-16.998756,8.912092,-6.412718,22.028137,-7.7322187,-6.556027,-7.882871,-1.8337442,26.914375,-38.347263,66.57302,7.9634185,-26.295982,45.856915,43.211212
432,-3.8739304542541504,-215.80038452148438,61.83146286010742,-5.356430006831682,1.0090499100757806,-95.59132626961086,-8.411583,14.516742,13.008211,74.934975,14.257592,-9.815852,-16.246712,9.05933,-6.250061,21.703785,-7.991207,-6.5945954,-7.2354374,-0.8285888,26.900429,-38.68585,66.318985,7.2842813,-26.325706,46.103622,42.920177
433,-3.929384708404541,-216.39309692382812,61.92814254760742,-5.339319604305812,0.8665179828783816,-95.79226509816739,-9.226964,14.881325,13.139321,75.84023,14.369503,-9.772469,-15.48751,9.139983,-5.954545,21.422745,-8.262801,-6.607671,-6.443398,0.10418543,26.883955,-39.12469,65.99767,6.47642,-26.366755,46.37551,42.82641
434,-3.9901700019836426,-216.99276733398438,62.02617263793945,-5.261066201132955,0.6992223182737913,-96.06939058322075,-9.986189,14.929393,13.037882,76.45491,13.7297,-9.616443,-14.727313,9.160326,-5.5536284,21.174288,-8.539949,-6.590952,-5.533389,0.97159714,26.864183,-39.59584,65.60581,5.5912294,-26.414711,46.61678,42.86585
435,-4.032759189605713,-217.59033203125,62.122066497802734,-5.150669692851373,0.523322294150151,-96.38196309970203,-10.70397,14.830809,12.866692,76.844505,12.617655,-9.352937,-13.972764,9.144915,-5.106694,20.945316,-8.820126,-6.5691757,-4.5559525,1.7652653,26.840485,-40.03708,65.197296,4.68894,-26.465801,46.788555,42.9631
436,-4.0721755027771,-218.1805877685547,62.20899963378906,-5.041033511339588,0.35517269254278927,-96.6898708719497,-11.393751,14.760635,12.784991,77.07331,11.310428,-8.987555,-13.228393,9.12186,-4.6720247,20.716661,-9.097072,-6.5672884,-3.5647185,2.475975,26.811619,-40.38467,64.82748,3.8261583,-26.516878,46.857956,43.043213
437,-4.1111955642700195,-218.7681884765625,62.29957962036133,-4.92829894806748,0.19550104727504922,-96.9973961049693,-12.061658,14.690637,12.748999,77.13496,9.743009,-8.522182,-12.49668,9.0907,-4.2486973,20.488562,-9.371523,-6.5941973,-2.5567334,3.1092367,26.776041,-40.5847,64.49844,3.0082529,-26.566652,46.803665,43.111942
438,-4.14610481262207,-219.34742736816406,62.3825798034668,-4.8029805692610354,0.03898684818840977,-97.32155920146693,-12.705014,14.544691,12.678821,77.002396,7.815407,-7.971609,-11.776356,9.037882,-3.811002,20.268276,-9.646111,-6.631907,-1.5218855,3.7007346,26.734983,-40.633034,64.17006,2.2154353,-26.614666,46.64027,43.195004
439,-4.183871269226074,-219.92666625976562,62.461029052734375,-4.669894925029842,-0.10723707649844338,-97.63889357909336,-13.322324,14.420914,12.697062,76.70586,5.754041,-7.3519835,-11.071756,8.962413,-3.3793795,20.057037,-9.922253,-6.666503,-0.46222368,4.303839,26.676403,-40.562576,63.810253,1.4651395,-26.67925,46.326893,43.261013
440,-4.212784767150879,-220.51089477539062,62.53857421875,-4.570767684745638,-0.2424764897154921,-97.92282599921495,-13.912052,14.454034,12.910965,76.29211,3.7688086,-6.6910114,-10.358482,8.906484,-2.9815025,19.801687,-10.168757,-6.6888247,0.50609165,4.864699,26.621868,-40.40366,63.496433,0.7714733,-26.740547,46.002354,43.241993
441,-4.254654407501221,-221.089599609375,62.611854553222656,-4.500133029128929,-0.3694709267468231,-98.1685362447649,-14.457445,14.67065,13.394834,75.75654,1.8388348,-5.9854503,-9.6392975,8.863373,-2.61741,19.521015,-10.393536,-6.7038574,1.4077913,5.4143395,26.57123,-40.169086,63.186024,0.10400041,-26.799238,45.66146,43.17029
442,-4.290804386138916,-221.67034912109375,62.68116760253906,-4.443527879275817,-0.48803037307983177,-98.38868902748816,-14.962852,14.988861,14.067645,75.07806,-0.12847243,-5.2511067,-8.921933,8.822268,-2.2766008,19.229357,-10.606204,-6.715744,2.2749603,5.964899,26.524021,-39.838654,62.858814,-0.53470093,-26.856323,45.26603,43.063683
443,-4.322056293487549,-222.2420654296875,62.745506286621094,-4.400616626482022,-0.5937656303608275,-98.58220144396019,-15.449352,15.350052,14.837744,74.26117,-2.0194728,-4.5234823,-8.209657,8.781621,-1.9670558,18.919487,-10.808626,-6.715058,3.0819597,6.4864717,26.479927,-39.4499,62.553608,-1.1669797,-26.912287,44.853233,42.926064
444,-4.352512836456299,-222.8140106201172,62.80237579345703,-4.361388424609445,-0.6769945464822364,-98.75381580155583,-15.938907,15.696373,15.631885,73.30517,-3.7174182,-3.8220794,-7.5160737,8.7314005,-1.6907613,18.59795,-11.011719,-6.692521,3.8317137,7.005676,26.43911,-39.01921,62.25243,-1.7959918,-26.96801,44.416767,42.75523
445,-4.3818206787109375,-223.3832550048828,62.85366439819336,-4.32183524995781,-0.7297838160910958,-98.89958456221228,-16.44007,16.047047,16.491768,72.2214,-5.212938,-3.1223917,-6.844123,8.671485,-1.4561809,18.25089,-11.210852,-6.649433,4.5264583,7.516295,26.400375,-38.533314,61.949158,-2.4146328,-27.024557,43.929214,42.539173
446,-4.410407066345215,-223.95266723632812,62.90187072753906,-4.290514084401747,-0.7592382805048277,-99.01870025090045,-16.93839,16.412914,17.445808,71.006645,-6.5663767,-2.4312298,-6.1867857,8.608849,-1.2599211,17.880732,-11.403851,-6.594003,5.1695743,8.007952,26.363325,-37.998127,61.64944,-3.0160189,-27.08189,43.392662,42.27802
447,-4.44495964050293,-224.51889038085938,62.941749572753906,-4.267579419654613,-0.7809985833783366,-99.11577289228616,-17.423532,16.739954,18.399897,69.647,-7.762967,-1.7969428,-5.5350704,8.5476675,-1.0912803,17.50677,-11.598351,-6.5267344,5.7608523,8.446092,26.327665,-37.487698,61.406376,-3.6418498,-27.140202,42.87887,42.017624
448,-4.4726338386535645,-225.08041381835938,62.97724914550781,-4.252988347422138,-0.8039477151517759,-99.20309474063899,-17.890125,16.981544,19.269073,68.126526,-8.7842455,-1.2569118,-4.8911657,8.489453,-0.9322406,17.157188,-11.805627,-6.445728,6.302641,8.86761,26.30143,-37.078682,61.189095,-4.2870793,-27.18568,42.46652,41.7587
449,-4.502886772155762,-225.64051818847656,63.00333786010742,-4.236365593246805,-0.8271460317383345,-99.27930009226468,-18.342627,17.13651,20.060547,66.43953,-9.604005,-0.7817782,-4.2553163,8.423486,-0.78380173,16.832705,-12.025784,-6.3403506,6.8110466,9.293007,26.275875,-36.69592,60.999405,-4.9778748,-27.237417,42.072765,41.540653
450,-4.536244869232178,-226.19937133789062,63.02198028564453,-4.222751708948665,-0.8471472967593155,-99.34111317593188,-18.783503,17.231035,20.820272,64.59894,-10.240495,-0.354222,-3.6268811,8.353152,-0.6520857,16.52161,-12.254242,-6.2145696,7.2751746,9.700945,26.2519,-36.35751,60.83945,-5.6896486,-27.295624,41.715702,41.327232
451,-4.565227508544922,-226.75860595703125,63.03125,-4.219911947895753,-0.8616602915108096,-99.39045677407002,-19.209131,17.258781,21.519014,62.606884,-10.733267,-0.017257713,-3.0096722,8.291606,-0.5336139,16.226698,-12.494791,-6.086162,7.693132,10.080562,26.229574,-36.063595,60.72323,-6.413584,-27.359612,41.39574,41.101906
452,-4.589367866516113,-227.3213348388672,63.033729553222656,-4.237528876344879,-0.8681847499285658,-99.42963013313614,-19.616491,17.217505,22.125837,60.46489,-11.120635,0.18919216,-2.410799,8.251425,-0.4247964,15.959349,-12.750498,-5.9720407,8.062073,10.426851,26.208475,-35.805965,60.66051,-7.1349134,-27.42818,41.104744,40.844505
453,-4.621455669403076,-227.8768768310547,63.023685455322266,-4.279329331606196,-0.8676886260656275,-99.45879068635924,-20.012468,17.122837,22.625238,58.179214,-11.40403,0.289787,-1.8303882,8.238254,-0.3221248,15.718428,-13.017953,-5.8804846,8.374117,10.73956,26.1887,-35.588615,60.663162,-7.8471518,-27.500992,40.843914,40.536766
454,-4.655403137207031,-228.43399047851562,63.004905700683594,-4.339566184903485,-0.8601358346953021,-99.47684613350853,-20.397978,16.98309,23.037004,55.752937,-11.569006,0.30816746,-1.2667295,8.24496,-0.22825696,15.501286,-13.296976,-5.8000464,8.633119,11.018301,26.170242,-35.41425,60.723698,-8.556854,-27.577906,40.614166,40.190285
455,-4.6934685707092285,-228.99932861328125,62.971527099609375,-4.414616528085363,-0.8415090747245227,-99.48462756461947,-20.76055,16.787449,23.382835,53.176624,-11.627279,0.20502256,-0.71848136,8.265159,-0.14827162,15.302002,-13.591518,-5.7186437,8.852855,11.2632265,26.152153,-35.26479,60.818916,-9.263822,-27.657679,40.399982,39.82834
456,-4.7276787757873535,-229.55958557128906,62.93009948730469,-4.497480108182004,-0.8080491994122379,-99.48309320884862,-21.08372,16.523878,23.685673,50.430912,-11.588076,-0.05911914,-0.18707815,8.2921095,-0.08713576,15.122759,-13.91078,-5.624426,9.04206,11.482077,26.133003,-35.111637,60.922935,-9.957614,-27.73824,40.17754,39.468445
457,-4.7606706619262695,-230.1258087158203,62.882965087890625,-4.593417013121684,-0.7589287262962654,-99.47353317666462,-21.358776,16.211569,23.967009,47.4851,-11.459323,-0.47462794,0.32750764,8.329313,-0.04767774,14.960462,-14.257173,-5.514939,9.1991625,11.680906,26.111977,-34.933678,61.031746,-10.635724,-27.81817,39.93028,39.104214
458,-4.793148040771484,-230.6893310546875,62.82535171508789,-4.703366044074672,-0.6947900989120361,-99.45537292129481,-21.595606,15.859417,24.207205,44.357174,-11.238468,-1.0159228,0.82601464,8.378424,-0.026531553,14.811799,-14.623369,-5.3957415,9.319468,11.866136,26.089392,-34.734734,61.149197,-11.29878,-27.89776,39.664055,38.72722
459,-4.826900482177734,-231.25624084472656,62.76137161254883,-4.815949155593478,-0.616626604403444,-99.42620235256638,-21.807014,15.446451,24.366766,41.10306,-10.918793,-1.6951154,1.3155948,8.430056,-0.019523052,14.664929,-14.997293,-5.2676516,9.405109,12.044101,26.065914,-34.525875,61.26323,-11.937056,-27.976429,39.3902,38.348263
460,-4.863600254058838,-231.83004760742188,62.6873893737793,-4.923704881043819,-0.5257583954940998,-99.38380925218333,-22.004711,14.956753,24.405972,37.77617,-10.495993,-2.5185366,1.797391,8.474734,-0.023682153,14.521,-15.374109,-5.132331,9.458677,12.220309,26.041893,-34.32122,61.36237,-12.542269,-28.054937,39.121517,37.981056
461,-4.892095565795898,-232.41171264648438,62.61045455932617,-5.029717650541144,-0.4178757258310571,-99.32281267377901,-22.198002,14.39281,24.281189,34.33065,-9.920669,-3.450955,2.2771688,8.515921,-0.04051835,14.357246,-15.742192,-4.9865904,9.483733,12.390063,26.017872,-34.132603,61.45242,-13.13411,-28.13356,38.86957,37.64207
462,-4.92412805557251,-232.98703002929688,62.526546478271484,-5.130711658473447,-0.29540960054013016,-99.24421116267901,-22.36973,13.784727,24.018187,30.753708,-9.227183,-4.4734683,2.752165,8.552737,-0.073251046,14.184948,-16.109951,-4.831404,9.470744,12.552674,25.993334,-33.95447,61.536983,-13.702708,-28.211353,38.626335,37.318645
463,-4.953417778015137,-233.567626953125,62.440879821777344,-5.219139278541394,-0.1655398151795326,-99.15722787041305,-22.490953,13.154639,23.686459,27.126173,-8.523771,-5.621629,3.2134855,8.574236,-0.117884256,14.039593,-16.494438,-4.67511,9.437723,12.711253,25.968384,-33.791042,61.597717,-14.25375,-28.288391,38.395107,37.02029
464,-4.977056503295898,-234.15591430664062,62.35199737548828,-5.287016263165604,-0.0370016452510964,-99.0729072710082,-22.519657,12.503657,23.365627,23.486012,-7.8864064,-6.941768,3.6547472,8.570366,-0.16822822,13.955438,-16.911612,-4.5259705,9.389214,12.871037,25.943117,-33.640614,61.620106,-14.764041,-28.363567,38.17036,36.733997
465,-5.001489639282227,-234.74673461914062,62.255455017089844,-5.335575055764279,0.09043391568317027,-98.9855332800933,-22.40539,11.779232,23.045286,19.627733,-7.244368,-8.493958,4.0807605,8.543385,-0.2319159,13.926291,-17.361326,-4.3859754,9.318622,13.034254,25.91778,-33.503532,61.600838,-15.223744,-28.43602,37.944187,36.444798
466,-5.024486064910889,-235.33889770507812,62.157047271728516,-5.32871599452828,0.22305492220382847,-98.88008361982175,-22.036924,10.892461,22.727142,15.205494,-6.3707576,-10.212031,4.49055,8.460762,-0.32395068,13.941308,-17.837543,-4.2497196,9.23285,13.255004,25.883781,-33.361713,61.48562,-15.61173,-28.537777,37.66387,36.15099
467,-5.034526348114014,-235.94589233398438,62.04365921020508,-5.390785095790898,0.36893977745008466,-98.85113608507625,-21.526825,10.0953865,22.48523,10.653443,-5.4497128,-12.014388,4.8574076,8.4362755,-0.3399745,14.030424,-18.34757,-4.120776,9.180388,13.365869,25.856722,-33.244587,61.44645,-15.920757,-28.629286,37.391117,35.781136
468,-5.033973217010498,-236.56552124023438,61.9008674621582,-5.59568599529723,0.552231670731092,-98.96803415957311,-21.08699,9.597576,22.387903,6.6145735,-4.775274,-13.837266,5.1496034,8.539273,-0.20185094,14.207893,-18.893414,-3.999577,9.224706,13.30622,25.840097,-33.120895,61.53848,-16.151047,-28.710337,37.09538,35.283733
469,-4.998327255249023,-237.18588256835938,61.715240478515625,-5.968222656531938,0.759140131702711,-99.12903862096461,-20.725418,9.120977,22.27954,2.8721802,-4.353622,-14.323944,5.3522553,8.767645,-0.014254856,14.550366,-19.548546,-3.8543758,9.252669,13.071554,25.839005,-32.994335,61.787937,-16.316095,-28.756325,36.826294,34.67029
470,-4.947432041168213,-237.8132781982422,61.50465774536133,-6.409592570969803,0.9837296447008406,-99.2980930761064,-19.726456,8.3294325,22.18327,-2.4144447,-3.0797122,-14.323944,5.5080495,9.042739,0.18334311,14.977769,-20.263496,-3.6994607,9.254842,12.750169,25.846317,-32.844273,62.089687,-16.383373,-28.796274,36.503586,33.977684
471,-4.906118392944336,-238.42388916015625,61.30750274658203,-6.662755116420383,1.1267982750751482,-99.37572644263844,-20.117802,8.054888,21.868647,-3.4060395,-4.0704145,-14.323944,5.711537,9.130982,0.28245866,15.479237,-20.992357,-3.5381353,9.217344,12.627579,25.850672,-32.76451,62.197536,-16.528402,-28.816225,36.324688,33.6066
472,-4.876083850860596,-239.0421600341797,61.12448501586914,-6.835583161419559,1.2851691256118627,-99.43584936374909,-20.565222,7.874885,21.683825,-3.6813295,-4.9256177,-14.323944,5.896347,9.156488,0.37002715,15.978093,-21.641144,-3.3858259,9.164141,12.506865,25.854622,-32.677895,62.24901,-16.699198,-28.836258,36.132812,33.347095
473,-4.8657732009887695,-239.653564453125,60.94731140136719,-6.9488844058490145,1.4353689825275933,-99.47845009099572,-20.806387,7.7039075,21.764822,-3.7279537,-5.2671657,-14.323944,6.065452,9.134015,0.45099092,16.513182,-22.244537,-3.2428808,9.0967865,12.413543,25.857643,-32.595085,62.250225,-16.862406,-28.856213,35.943356,33.193237
474,-4.863174915313721,-240.2651824951172,60.78828430175781,-7.020734887017272,1.572327182001549,-99.51625536006028,-20.833166,7.491824,22.09455,-3.701281,-5.164004,-14.323944,6.225834,9.076724,0.53727084,17.078726,-22.809649,-3.10742,9.025499,12.3401375,25.859894,-32.520374,62.214542,-17.007015,-28.876013,35.763527,33.122772
475,-4.8452887535095215,-240.84425354003906,60.696571350097656,-6.903859097587924,1.658315174850551,-99.47876799073322,-21.407658,7.427436,22.492477,-1.7184647,-5.7835665,-14.323944,6.3982496,8.841019,0.5341303,17.733423,-23.340853,-2.9683955,8.925573,12.38734,25.857098,-32.47255,62.039833,-17.176388,-28.898758,35.61834,33.293087
476,-4.846541881561279,-241.43978881835938,60.63194274902344,-6.65065854163525,1.7266372810119592,-99.44986861842034,-21.760672,7.269066,23.052504,-0.117460705,-5.8018613,-14.323944,6.5429864,8.481465,0.5165827,18.512491,-23.815561,-2.8358042,8.893324,12.592626,25.845484,-32.438786,61.669807,-17.385677,-28.94164,35.4393,33.69142
477,-4.887725353240967,-242.06292724609375,60.583526611328125,-6.249940925965028,1.737497798949911,-99.3971139192285,-22.325878,7.312869,23.737284,2.4319053,-5.812175,-14.323944,6.7690096,8.001356,0.4641268,19.243572,-24.129753,-2.7216609,8.868474,12.882895,25.82513,-32.465256,61.224796,-17.62475,-28.98572,35.35632,34.32338
478,-4.953695774078369,-242.7054443359375,60.564064025878906,-5.684683348383205,1.7103868794076271,-99.33235147600445,-22.698837,7.3349175,24.534147,4.920282,-5.2872925,-14.323944,6.9926624,7.372604,0.37676796,20.083004,-24.398413,-2.6230435,8.912509,13.229616,25.753231,-32.63588,60.693516,-17.916956,-29.114073,35.326042,35.186333
479,-5.005422592163086,-243.3396759033203,60.566444396972656,-5.209101057929015,1.70139833714418,-99.34747612466985,-23.795963,7.933207,25.031914,9.4287615,-5.8438363,-14.323944,7.1789365,6.820631,0.37305552,20.966505,-24.559137,-2.5203087,8.962551,13.423388,25.682264,-32.74927,60.311893,-18.088501,-29.202578,35.2624,35.95717
480,-4.986391544342041,-243.971923828125,60.55010986328125,-4.876586376679701,1.7341173802690908,-99.30654778877381,-24.88199,8.229349,25.07123,13.412653,-6.4080286,-12.219846,7.2689104,6.3537526,0.3191768,22.002802,-24.678894,-2.3379254,8.913805,13.472956,25.634857,-32.78255,60.0663,-18.085722,-29.23071,35.089798,36.568798
481,-4.947055339813232,-244.6280059814453,60.53472137451172,-4.535294308140804,1.7991057153028809,-99.28908449955014,-25.616177,8.152972,24.843687,16.177528,-6.592053,-9.654204,7.296147,5.843498,0.27324668,23.123344,-24.735209,-2.1058435,8.8563595,13.507756,25.590145,-32.740696,59.799683,-17.990917,-29.229824,34.862083,37.15907
482,-4.914051055908203,-245.3014678955078,60.523040771484375,-4.1540792734191365,1.883807549781637,-99.31214208130005,-26.180666,7.9249434,24.466105,18.433405,-6.6243677,-7.124694,7.2774315,5.2753243,0.251588,24.31539,-24.714573,-1.8453819,8.82898,13.551278,25.543188,-32.657566,59.48614,-17.883207,-29.216625,34.634327,37.815838
483,-4.873040199279785,-245.9918212890625,60.51321792602539,-3.755628174789511,1.972341177025309,-99.37709129577576,-26.596947,7.6146164,24.092606,20.327858,-6.620104,-4.807054,7.200473,4.673933,0.27187893,25.621365,-24.57659,-1.5516604,8.830109,13.599656,25.493425,-32.54625,59.145187,-17.714975,-29.197916,34.411095,38.4972
484,-4.823244571685791,-246.68783569335938,60.51091003417969,-3.371438003409408,2.0530025463531385,-99.49172714930567,-26.88055,7.3065004,23.863941,21.983278,-6.684178,-2.8772976,7.0418935,4.0693192,0.35839915,27.096552,-24.280857,-1.2212026,8.868698,13.646057,25.445745,-32.420635,58.793392,-17.490347,-29.170486,34.229694,39.197155
485,-4.760609149932861,-247.38177490234375,60.51509475708008,-3.002031736934018,2.1268336785598185,-99.68230519897368,-27.045631,7.0466948,23.788452,23.476276,-6.8815136,-1.4695202,6.802829,3.4531848,0.5481207,28.752415,-23.866028,-0.83127415,8.952701,13.708005,25.397772,-32.24209,58.41243,-17.157675,-29.1343,34.053432,39.870525
486,-4.690737724304199,-248.08602905273438,60.52839660644531,-2.625884286132278,2.1996468127836017,-99.92927486763384,-27.104319,6.809133,23.765905,24.821846,-7.1995177,-0.45950747,6.490584,2.8106682,0.80986106,30.565723,-23.34016,-0.39026898,9.08324,13.784649,25.348139,-32.033676,57.99445,-16.774752,-29.091396,33.900803,40.576534
487,-4.629065990447998,-248.7914276123047,60.54365539550781,-2.2439521015613426,2.256836813263667,-100.17478152549664,-27.054798,6.564316,23.772959,26.015966,-7.6035976,0.355021,6.1062474,2.1639264,1.0718617,32.52706,-22.615461,0.05850837,9.204642,13.869077,25.299076,-31.839031,57.57375,-16.341206,-29.04003,33.80161,41.33074
488,-4.573391914367676,-249.4992218017578,60.565311431884766,-1.8586803456953935,2.2856961062134804,-100.3627415309295,-26.899035,6.2650013,23.790127,27.033031,-8.045919,1.1656655,5.6496353,1.535377,1.2633739,34.630623,-21.599127,0.4734093,9.273201,13.9433775,25.254705,-31.715006,57.185406,-15.893854,-28.977137,33.806232,42.174374
489,-4.522789478302002,-250.20828247070312,60.599666595458984,-1.4673085094704363,2.2698743903136087,-100.4660496120926,-26.631887,5.8754663,23.801434,27.865501,-8.528077,1.9805746,5.1476665,0.9358826,1.3524965,36.885685,-20.209084,0.9155219,9.266844,14.019077,25.215254,-31.656675,56.83702,-15.397652,-28.898771,33.888992,43.11594
490,-4.4760847091674805,-250.91615295410156,60.64715576171875,-1.0703515293140977,2.2195864210495064,-100.51866712638449,-26.270777,5.417687,23.813131,28.544394,-9.06416,2.6948862,4.5960097,0.3547853,1.3827436,39.289734,-18.511496,1.3870187,9.212695,14.096496,25.179417,-31.641474,56.509525,-14.857548,-28.808086,34.039394,44.140892
491,-4.424538612365723,-251.62315368652344,60.70369338989258,-0.6755037252745811,2.1591617689254505,-100.55744092098833,-25.839798,4.9180565,23.84469,29.069233,-9.610048,3.330307,3.9546895,-0.21702504,1.3912925,41.812572,-16.633158,1.7659414,9.123697,14.150466,25.147831,-31.677845,56.199787,-14.31367,-28.712109,34.300304,45.21296
492,-4.378406524658203,-252.32374572753906,60.76886749267578,-0.28838286431944593,2.1142581126784146,-100.61881327116058,-25.35623,4.405764,23.918722,29.432076,-10.124839,3.91114,3.1851776,-0.79000944,1.4072618,44.41966,-14.694347,1.9381038,9.013979,14.15741,25.121084,-31.775404,55.903027,-13.810002,-28.617567,34.7204,46.30164
493,-4.321499347686768,-253.02066040039062,60.84568405151367,0.09535325710362033,2.0916737923420055,-100.69151301014932,-24.811132,3.8623562,24.034603,29.591522,-10.588608,4.447004,2.2564154,-1.3656759,1.4182352,47.176216,-12.683734,1.7923344,8.877096,14.1167345,25.099293,-31.95999,55.619637,-13.3520565,-28.522903,35.30253,47.443535
494,-4.255067348480225,-253.7088165283203,60.9267578125,0.48087976484494094,2.078224364625644,-100.76355649124565,-24.198414,3.2754948,24.184935,29.55893,-11.022679,4.9198537,1.2055506,-1.9376401,1.3976938,50.062355,-10.533116,1.4465264,8.707149,14.0395975,25.08222,-32.21652,55.351353,-12.913631,-28.426882,36.02405,48.640804
495,-4.178112983703613,-254.38706970214844,61.01237487792969,0.8546932330531138,2.0714048564529994,-100.87043675848061,-23.546385,2.691355,24.381887,29.419062,-11.447675,5.3134847,0.08562005,-2.508143,1.3626542,52.932053,-8.287665,1.1149471,8.521866,13.919573,25.070095,-32.495678,55.093224,-12.490043,-28.335163,36.89561,49.81183
496,-4.098547458648682,-255.0549774169922,61.10100555419922,1.201092087215167,2.069245112102126,-101.04540776299964,-22.880123,2.157389,24.635214,29.247711,-11.880009,5.6138077,-1.0551804,-3.079245,1.3451811,55.64611,-6.003897,0.9865733,8.336307,13.747046,25.063246,-32.746902,54.846558,-12.075489,-28.252987,37.928944,50.870426
497,-4.0148210525512695,-255.71238708496094,61.18830490112305,1.5149720229135988,2.080374791042104,-101.33302893171486,-22.206242,1.6907637,24.98813,29.052721,-12.336411,5.7995315,-2.2578752,-3.6433883,1.4626628,58.237865,-3.592267,1.1432161,8.186505,13.51278,25.061262,-32.97517,54.615215,-11.679651,-28.180475,39.156437,51.813965
498,-3.934666156768799,-256.3531494140625,61.275516510009766,1.8029917200604277,2.1041086880145543,-101.7029675502884,-21.512156,1.2618114,25.422874,28.792883,-12.797703,5.883091,-3.5396,-4.196525,1.6834382,60.777493,-1.0692756,1.4625276,8.053702,13.221166,25.064259,-33.20141,54.402424,-11.302232,-28.114431,40.563587,52.68356
499,-3.8512542247772217,-256.99456787109375,61.3626823425293,2.0684575818710393,2.1221206090092073,-102.07420690285058,-20.802645,0.8460061,25.857965,28.48036,-13.233643,5.9068995,-4.8269854,-4.767109,1.8109977,63.20018,1.3249956,1.7921436,7.8722167,12.884831,25.07294,-33.40282,54.204285,-10.935327,-28.056353,42.101048,53.470947
500,-3.7741429805755615,-257.61114501953125,61.44517517089844,2.31571660806907,2.1169693266856693,-102.37266396314683,-20.075274,0.41995707,26.217436,28.123224,-13.614233,5.9140263,-6.0356665,-5.40725,1.6368816,65.41789,3.3624399,1.9550065,7.585052,12.516922,25.088232,-33.558113,54.014565,-10.559164,-28.006933,43.710613,54.154736
501,-3.6998770236968994,-258.2259216308594,61.52991485595703,2.5516572333421323,2.083467153632729,-102.59531704899004,-19.32707,-0.029120326,26.504776,27.710728,-13.927599,5.9043045,-7.158658,-6.202552,1.0446414,67.42396,5.1327095,1.8893019,7.192452,12.130196,25.110334,-33.671234,53.810238,-10.171775,-27.969015,45.45489,54.71858
502,-3.632120370864868,-258.83624267578125,61.6163444519043,2.7738702727828835,2.0307088766485277,-102.77582426642702,-18.560743,-0.4959219,26.754889,27.239063,-14.191169,5.8661084,-8.232045,-7.1474786,0.1475943,69.26622,6.7018266,1.6371155,6.72963,11.713246,25.13932,-33.761738,53.597145,-9.780766,-27.940765,47.328423,55.179996
503,-3.5731899738311768,-259.4334411621094,61.70513153076172,2.9728728355866822,1.959150573708991,-102.89371926115082,-17.785671,-0.9682231,26.936111,26.731842,-14.418779,5.825105,-9.235191,-8.154677,-0.9234155,70.93508,7.8081675,1.1908833,6.19516,11.242539,25.176441,-33.837143,53.41141,-9.381032,-27.91815,49.171623,55.567356
504,-3.5265755653381348,-260.0223388671875,61.79404830932617,3.1343262731159633,1.867779812979643,-102.93141786057346,-17.008348,-1.4266965,27.01702,26.21876,-14.626663,5.800969,-10.148457,-9.110929,-2.0266027,72.41601,8.193485,0.573215,5.5886674,10.693293,25.223255,-33.905575,53.293446,-8.965907,-27.89889,50.82863,55.905308
505,-3.481673002243042,-260.61871337890625,61.88231658935547,3.2502747797047333,1.747980722733949,-102.87024132364286,-16.228607,-1.8561482,26.974033,25.718636,-14.818934,5.795038,-10.948513,-9.996706,-3.1966963,73.705086,7.5938883,-0.26375857,4.89051,10.043415,25.283321,-33.980614,53.270447,-8.539539,-27.88639,52.327347,56.17402
506,-3.4463307857513428,-261.2095947265625,61.96887969970703,3.308804414254253,1.588300700111888,-102.73002964142123,-15.43638,-2.2403831,26.82804,25.238327,-14.999793,5.7939725,-11.632813,-10.816812,-4.457291,74.801796,6.2176733,-1.2658845,4.417128,9.194121,25.337109,-34.332596,53.35468,-7.796032,-27.900764,53.158012,56.299553
507,-3.4173953533172607,-261.79595947265625,62.055484771728516,3.367724281219507,1.4368312879442033,-102.54266037928893,-14.641322,-2.6398876,26.625874,24.703762,-15.137515,5.794564,-12.278196,-11.546984,-5.635323,75.714294,4.506342,-2.2416294,3.3563788,8.503801,25.438023,-34.19918,53.402725,-7.5975657,-27.8849,54.855743,56.49928
508,-3.3924107551574707,-262.3794250488281,62.14305114746094,3.3982403330243973,1.270346376921929,-102.35793532793383,-13.827007,-3.0038404,26.406578,24.154932,-15.261736,5.7897806,-12.896064,-12.094928,-6.6008754,76.420456,2.9340844,-3.0469751,2.8054247,7.6784873,25.479788,-34.40276,53.465164,-6.8682785,-27.88737,55.292236,56.59968
509,-3.3738467693328857,-262.96209716796875,62.231689453125,3.4237521785643024,1.0987514972090835,-102.1557820569175,-12.990193,-3.369836,26.151775,23.54916,-15.345263,5.783447,-13.506914,-12.473102,-7.3473034,76.92032,1.4965066,-3.6897743,2.1134317,6.7833166,25.533705,-34.576458,53.59828,-6.260272,-27.887539,55.75336,56.728477
510,-3.3607614040374756,-263.54559326171875,62.32320022583008,3.4333219015473064,0.9216882020374224,-101.92853985947718,-12.138564,-3.721295,25.85323,22.908192,-15.39792,5.772191,-14.101871,-12.692277,-7.9335895,77.214966,-0.00061696477,-4.230843,1.3204212,5.875869,25.593933,-34.66904,53.75659,-5.7085752,-27.881046,56.117546,56.851536
511,-3.3412723541259766,-264.12322998046875,62.407569885253906,3.439385751917808,0.7617747582629713,-101.73832249323372,-11.300768,-4.046245,25.58811,22.278248,-15.458884,5.746089,-14.72568,-12.775096,-8.32093,77.33838,-1.4073883,-4.6241074,0.63651943,5.138454,25.633318,-34.682976,53.75495,-5.227114,-27.872309,56.245663,57.011772
512,-3.3273096084594727,-264.69940185546875,62.496315002441406,3.4430179903518976,0.5963288550851394,-101.52936127448176,-10.433124,-4.372188,25.30767,21.5758,-15.471806,5.7068095,-15.322098,-12.7982435,-8.665042,77.27361,-2.5533912,-4.878183,-0.14778264,4.2882915,25.679098,-34.652245,53.848064,-4.6988244,-27.858965,56.311794,57.129356
513,-3.320016622543335,-265.2705078125,62.58266067504883,3.4448799440061615,0.4409160034526898,-101.331086747664,-9.5543375,-4.6912103,25.046356,20.825968,-15.457603,5.666124,-15.921315,-12.753775,-8.931962,77.02707,-3.3664982,-4.9553967,-0.9658437,3.415427,25.727118,-34.549427,53.961075,-4.1888585,-27.840553,56.272907,57.236416
514,-3.318882465362549,-265.8421936035156,62.664146423339844,3.4432329348408666,0.29453493939305525,-101.14197832228025,-8.669127,-5.003739,24.79752,20.042606,-15.422406,5.623961,-16.526182,-12.627899,-9.101228,76.59816,-3.9441643,-4.883835,-1.8118826,2.543147,25.776262,-34.36265,54.075375,-3.7035725,-27.816307,56.10474,57.341656
515,-3.315969467163086,-266.40643310546875,62.74955749511719,3.4197349741414214,0.17678014472255785,-100.93032240002657,-7.7784247,-5.2980995,24.523191,19.17232,-15.339045,5.56018,-17.123384,-12.413902,-9.222216,75.95503,-4.3636174,-4.7206964,-2.8006423,1.5563562,25.861353,-33.930656,54.296906,-3.076639,-27.76753,55.68959,57.3276
516,-3.3161308765411377,-266.974609375,62.812477111816406,3.410023259531506,0.05614711659696183,-100.77622972111135,-6.938578,-5.5580997,24.31622,18.459812,-15.360137,5.4490366,-17.738794,-12.127905,-9.176651,75.2134,-4.7816844,-4.500109,-3.5105011,0.8612743,25.909073,-33.6761,54.19771,-2.686099,-27.738232,55.388817,57.461327
517,-3.3244569301605225,-267.5451354980469,62.884132385253906,3.3648045216166307,-0.027713911962378417,-100.59252992506113,-6.0746574,-5.800063,24.073381,17.592813,-15.304344,5.281414,-18.33671,-11.737913,-9.083026,74.24195,-5.116352,-4.247771,-4.3705516,-0.02263171,25.999535,-33.157635,54.23999,-2.0458188,-27.682234,54.762737,57.40716
518,-3.332183837890625,-268.1063537597656,62.93843460083008,3.316861992413671,-0.10333743388155794,-100.43807770072496,-5.241784,-6.011352,23.867588,16.79812,-15.306281,5.0720887,-18.944294,-11.262223,-8.859794,73.1318,-5.3812356,-3.934319,-5.1182694,-0.76048183,26.089952,-32.66739,54.11498,-1.5116757,-27.628565,54.124344,57.398235
519,-3.345665454864502,-268.6620788574219,62.98213195800781,3.268777441666389,-0.16965630644338076,-100.29054237820256,-4.4238615,-6.209402,23.669394,16.020903,-15.317078,4.847802,-19.534704,-10.744737,-8.573269,71.8599,-5.6191454,-3.577359,-5.81767,-1.5021603,26.183601,-32.194504,53.957756,-0.9925153,-27.576212,53.464157,57.389153
520,-3.3542044162750244,-269.2182922363281,63.019935607910156,3.230186754153744,-0.22677103560747142,-100.14634903115882,-3.6385934,-6.3988986,23.473026,15.303007,-15.340852,4.6300397,-20.096048,-10.226748,-8.263105,70.42934,-5.8879614,-3.190534,-6.4524827,-2.26042,26.28272,-31.767574,53.776234,-0.4837718,-27.526894,52.82875,57.388126
521,-3.3662736415863037,-269.7671813964844,63.0490608215332,3.199174766798047,-0.27475589932972977,-100.00381229678338,-2.8896608,-6.5751185,23.275581,14.649401,-15.372035,4.4070854,-20.629784,-9.6983,-7.9082265,68.832245,-6.214453,-2.7508125,-7.0279183,-3.0489097,26.388748,-31.398907,53.576283,0.0011910709,-27.481771,52.24463,57.394665
522,-3.3793177604675293,-270.3086853027344,63.05986785888672,3.18660936029478,-0.33856251071621196,-99.86852215439256,-2.19377,-6.731914,23.090807,14.162209,-15.477448,4.1711054,-21.136951,-9.165328,-7.4862533,67.114975,-6.5894217,-2.2662706,-7.536514,-3.7927458,26.457262,-31.184063,53.329254,0.30645245,-27.454462,51.90414,57.501045
523,-3.388521194458008,-270.85748291015625,63.08384704589844,3.148152440842865,-0.3466887584464422,-99.72804537509262,-1.4708323,-6.893134,22.890581,13.478944,-15.4666195,3.9514654,-21.608162,-8.620195,-7.101775,65.15318,-6.9074616,-1.7992641,-8.072284,-4.7689915,26.58436,-30.820032,53.218414,0.8446119,-27.410679,51.293644,57.43585
524,-3.3971033096313477,-271.4018859863281,63.07597732543945,3.1547728431423967,-0.3857929392081701,-99.60022210324483,-0.82945335,-7.0469055,22.718645,13.084054,-15.619039,3.770297,-22.043976,-8.160908,-6.7498045,63.149097,-7.232736,-1.3946619,-8.479672,-5.5168653,26.669205,-30.632645,52.92695,1.1518426,-27.384089,50.975803,57.546288
525,-3.405272960662842,-271.9483642578125,63.07835006713867,3.1367193662021826,-0.370066153894684,-99.47245103965372,-0.1418966,-7.2213297,22.53887,12.45014,-15.637333,3.6545804,-22.435457,-7.71847,-6.486447,60.90301,-7.4710345,-1.0656842,-8.88516,-6.466195,26.81074,-30.341372,52.73548,1.6498059,-27.34515,50.448437,57.524185
526,-3.4170053005218506,-272.49127197265625,63.049869537353516,3.166981194101971,-0.38621775529745667,-99.35082660124324,0.4435953,-7.3818436,22.384304,12.155321,-15.841121,3.5775614,-22.80104,-7.3478265,-6.232173,58.618942,-7.745703,-0.77661866,-9.176336,-7.2091575,26.903204,-30.195719,52.382008,1.9610424,-27.321861,50.18042,57.650078
527,-3.4263291358947754,-273.03466796875,63.0209846496582,3.1899453005515186,-0.3793659310105388,-99.2367501879488,1.0472478,-7.5507727,22.229773,11.76706,-15.993512,3.5070403,-23.114939,-6.997957,-6.040163,56.149837,-7.9394984,-0.5219474,-9.455132,-8.053207,27.00303,-30.043436,52.09393,2.3035054,-27.297676,49.905994,57.739765
528,-3.434842109680176,-273.58197021484375,62.98300552368164,3.2135350689690365,-0.35425766089503136,-99.1341976557952,1.636461,-7.718285,22.081043,11.381913,-16.157877,3.4048934,-23.384037,-6.6788125,-5.9181495,53.538734,-8.038879,-0.2898426,-9.693296,-8.919118,27.119589,-29.896969,51.82599,2.6553907,-27.271603,49.636417,57.80238
529,-3.4424688816070557,-274.12774658203125,62.93595886230469,3.2279770872006375,-0.317356508573514,-99.04585743312158,2.1915572,-7.862283,21.939878,11.064555,-16.370283,3.260343,-23.605732,-6.3843436,-5.8932505,50.78301,-8.047443,-0.0772573,-9.877855,-9.780735,27.240755,-29.769915,51.552948,3.0135858,-27.247372,49.39193,57.840683
530,-3.451510429382324,-274.6725769042969,62.878536224365234,3.236390801186828,-0.2703757524125138,-98.96926686665479,2.7218726,-7.991614,21.807112,10.793258,-16.615223,3.0923934,-23.78083,-6.1051683,-5.948584,47.881138,-7.9810805,0.121189065,-10.011357,-10.643077,27.366533,-29.666136,51.276764,3.3740768,-27.22542,49.178814,57.8604
531,-3.4618027210235596,-275.2166748046875,62.83192443847656,3.191751799952231,-0.177329469006845,-98.91335044903363,3.2624485,-8.086191,21.69401,10.389315,-16.788872,2.9064488,-23.895824,-5.766603,-6.057854,44.732628,-7.7559714,0.3097488,-10.090616,-11.645022,27.547134,-29.5752,51.074993,3.841857,-27.200682,48.88063,57.75116
532,-3.4674980640411377,-275.7624206542969,62.74238967895508,3.258834921249307,-0.11115957114761933,-98.84630472218063,3.7006152,-8.233346,21.595043,10.330101,-17.164194,2.7068722,-24.033655,-5.5406957,-6.114594,41.713673,-7.572283,0.5059489,-10.125992,-12.359623,27.669748,-29.5221,50.716167,4.116734,-27.185913,48.747852,57.825035
533,-3.476505756378174,-276.30975341796875,62.676422119140625,3.2560525828495335,0.02614632840045187,-98.81727267440826,4.181071,-8.353893,21.543201,9.985285,-17.380802,2.4902318,-24.087786,-5.2150593,-6.188632,38.311028,-7.120696,0.6658859,-10.125839,-13.310294,27.84422,-29.459854,50.506233,4.485037,-27.167616,48.541508,57.750626
534,-3.4846701622009277,-276.85711669921875,62.58868408203125,3.30778176951662,0.16925402555146077,-98.78911885731425,4.5697284,-8.48936,21.517115,9.873786,-17.73934,2.2520401,-24.14558,-4.947776,-6.2543874,34.891922,-6.63348,0.81058955,-10.07819,-14.129905,28.008331,-29.406054,50.22291,4.782007,-27.153276,48.386818,57.739323
535,-3.493910551071167,-277.40667724609375,62.493141174316406,3.362874827830088,0.3232812447466617,-98.76994242924937,4.9518633,-8.62877,21.503471,9.761872,-18.097786,2.0105422,-24.180855,-4.6675515,-6.2881885,31.429956,-6.110006,0.9849794,-10.006663,-14.917715,28.163937,-29.34796,49.9507,5.054608,-27.141418,48.272842,57.720184
536,-3.5035948753356934,-277.95904541015625,62.39006423950195,3.4102016022335735,0.4786308791716713,-98.75507506567087,5.330908,-8.754614,21.488054,9.669553,-18.461538,1.780053,-24.194424,-4.3543825,-6.2571917,27.99692,-5.6082416,1.2328835,-9.922906,-15.666533,28.312162,-29.291166,49.69953,5.3159685,-27.131435,48.20036,57.67434
537,-3.518747568130493,-278.5184020996094,62.28575134277344,3.4439719556556527,0.6388393861858633,-98.74842257586266,5.7025914,-8.864845,21.473324,9.600446,-18.831453,1.5681704,-24.186386,-4.001728,-6.1226983,24.528246,-5.083788,1.5192622,-9.816083,-16.38096,28.454058,-29.24225,49.466797,5.568101,-27.12327,48.176865,57.600464
538,-3.532374620437622,-279.07806396484375,62.17704391479492,3.468040728749806,0.8064583373386649,-98.75367737712001,6.0670366,-8.964776,21.468615,9.544197,-19.204632,1.3653103,-24.150799,-3.6264443,-5.910021,20.993546,-4.518852,1.8239881,-9.683726,-17.072454,28.590235,-29.200668,49.26045,5.8085456,-27.11662,48.201855,57.50092
539,-3.5480406284332275,-279.6441650390625,62.06623458862305,3.4794701256644887,0.9702101385860613,-98.76327104669606,6.4348946,-9.0479355,21.465225,9.502596,-19.582947,1.1606177,-24.05849,-3.2444792,-5.6866264,17.467712,-3.984923,2.2178638,-9.549245,-17.730623,28.720222,-29.161043,49.090454,6.034412,-27.110783,48.26174,57.378544
540,-3.567003011703491,-280.21624755859375,61.95094680786133,3.4870600338638007,1.1213970202545192,-98.75959000481194,6.805261,-9.113034,21.445644,9.503972,-19.984467,0.9427542,-23.874907,-2.8739257,-5.526521,14.005874,-3.535201,2.7820575,-9.439395,-18.33486,28.843061,-29.11288,48.950428,6.2389507,-27.10511,48.335125,57.243015
541,-3.593205213546753,-280.8042907714844,61.83451843261719,3.4627374025547875,1.266231828493267,-98.73468446762396,7.173288,-9.127825,21.409164,9.549383,-20.417238,0.70535576,-23.404312,-2.458296,-5.448725,10.069546,-2.9304845,3.5495234,-9.386971,-18.879995,29.007597,-29.03436,48.834366,6.4301057,-27.097658,48.441948,57.06004
542,-3.621450901031494,-281.4022216796875,61.68585968017578,3.60561173202916,1.433683367192413,-98.5801584931025,7.525771,-9.291401,21.220469,9.608817,-20.854845,0.46786168,-23.114414,-2.2757053,-5.4320664,6.694529,-2.752236,4.5088916,-9.40621,-19.22685,29.142893,-28.869911,48.5092,6.4774637,-27.093962,48.52341,57.031242
543,-3.6488022804260254,-282.0074462890625,61.50388717651367,3.9020502499517655,1.6208450539680934,-98.32594121622294,7.8576336,-9.585553,20.903124,9.700968,-21.295958,0.23257874,-22.404137,-2.2388952,-5.530284,2.5003257,-2.023609,5.6171103,-9.469043,-19.440838,29.214705,-28.65675,48.057865,6.4072084,-27.095915,48.559204,57.136436
544,-3.686929225921631,-282.6250915527344,61.321292877197266,4.140886128820468,1.7558114382320076,-98.1388228789805,8.225684,-9.80987,20.645346,9.842106,-21.742544,-0.014281102,-22.258553,-2.1975691,-5.6800404,0.21517614,-2.2082314,6.817245,-9.472038,-19.620188,29.245861,-28.4977,47.73353,6.394789,-27.098148,48.57315,57.187122
545,-3.732614517211914,-283.2402038574219,61.141700744628906,4.404709588039156,1.9041827874895312,-97.90934718625851,8.586067,-10.042626,20.31845,9.968799,-22.160555,-0.26456946,-22.564625,-2.257104,-6.0440216,-0.57745373,-3.2051697,8.417663,-9.5197735,-19.759844,29.270102,-28.29111,47.40257,6.3293457,-27.101782,48.57696,57.243336
546,-3.7786998748779297,-283.8554992675781,60.96206283569336,4.6898865430923085,2.08174345229777,-97.5874150608082,8.840508,-10.235169,19.89455,10.287876,-22.665108,-0.5222676,-23.23643,-2.4280133,-6.6484613,-0.18729132,-4.863002,10.335046,-9.706707,-19.71204,29.306948,-27.855143,46.95968,6.1623006,-27.111471,48.59354,57.304237
547,-3.82645845413208,-284.47149658203125,60.78479766845703,4.895655870781302,2.215032640734612,-97.34119682945486,9.088237,-10.331256,19.55525,10.736934,-23.203192,-0.7876423,-23.670843,-2.5051825,-7.2340674,0.067966565,-6.073648,11.920218,-9.8592205,-19.60171,29.33923,-27.447205,46.631104,6.0622396,-27.121698,48.633087,57.28715
548,-3.871058702468872,-285.0824279785156,60.629940032958984,4.942876639304228,2.3028910515632575,-97.24441265245642,9.389181,-10.293546,19.37929,11.15109,-23.644918,-1.0560955,-23.78877,-2.385789,-7.582237,0.0314975,-6.431187,12.542015,-9.866333,-19.625904,29.355915,-27.254017,46.58647,6.07112,-27.125069,48.65675,57.158466
549,-3.919337749481201,-285.68310546875,60.51047897338867,4.768976809581543,2.359506806893007,-97.27355716474636,9.671147,-10.039308,19.358416,11.653854,-24.06359,-1.3212463,-23.686707,-2.0482185,-7.692064,0.08282913,-5.9198074,11.856182,-9.813208,-19.72104,29.377779,-27.09992,46.806255,6.179291,-27.124443,48.689472,56.853283
550,-3.9899215698242188,-286.248291015625,60.46979522705078,4.4234768816226815,2.3820769297004274,-97.42740949071927,9.956213,-9.624168,19.481474,12.205106,-24.45354,-1.5843002,-23.317976,-1.5022048,-7.6253476,0.022715503,-4.614825,10.276564,-9.691354,-19.884422,29.40821,-27.011457,47.268486,6.38853,-27.118773,48.73384,56.396786
551,-4.058877944946289,-286.8322448730469,60.43998718261719,3.8526309392553353,2.3608784519409856,-97.71215800102304,10.169152,-8.947942,19.797098,13.073706,-24.951014,-1.8766434,-23.396292,-0.7515667,-7.3956404,1.3554885,-3.7791903,8.315897,-9.543483,-20.224619,29.483244,-27.029257,48.115513,6.7783184,-27.10097,48.83551,55.68687
552,-4.116283416748047,-287.4436950683594,60.39907455444336,3.2540512159372352,2.335909818982756,-97.98194988283007,10.388441,-8.227454,20.119688,13.947776,-25.318428,-2.1888316,-24.051508,-0.03015394,-7.068941,4.0009913,-3.7629943,6.479215,-9.369765,-20.54872,29.566101,-27.184269,48.984592,7.096594,-27.07585,48.92104,55.03278
553,-4.177372455596924,-288.0703430175781,60.359867095947266,2.574922647340555,2.3509904539957236,-98.23715687336126,10.501567,-7.381858,20.479319,15.043306,-25.708036,-2.526772,-24.966383,0.772479,-6.6183524,7.0353713,-4.0731072,4.625855,-9.07331,-21.054092,29.863825,-27.755209,49.887524,7.3784986,-26.956284,48.923546,54.419117
554,-4.261895179748535,-288.6907958984375,60.353939056396484,1.9425822284179017,2.3727602371090564,-98.47334875062171,10.642098,-6.5853333,20.822199,16.076773,-25.955889,-2.8702266,-25.580006,1.5897336,-6.034752,9.287953,-3.8269873,2.5611944,-8.790429,-21.32525,30.0506,-28.143454,50.69678,7.5924473,-26.854097,48.866653,53.86179
555,-4.367173671722412,-289.3143310546875,60.35169982910156,1.4387837820101133,2.4104508400711304,-98.57386135366768,10.738287,-5.869113,21.017807,17.196358,-26.098473,-3.2241702,-26.336908,2.2101715,-5.5296464,11.893203,-3.7775178,0.68536496,-8.643581,-21.505383,30.105724,-28.45737,51.498962,7.689716,-26.792429,48.785076,53.408466
556,-4.484493732452393,-289.9674377441406,60.34556579589844,1.0330585683666085,2.451089115090782,-98.51066949278848,10.765236,-5.1756034,21.038502,18.477497,-26.134306,-3.6004324,-26.903175,2.6530693,-5.245008,14.094022,-3.5448573,-0.6183631,-8.641276,-21.506458,30.106297,-28.692623,52.196957,7.729531,-26.737978,48.61076,53.03679
557,-4.601505279541016,-290.64495849609375,60.33690643310547,0.6715668915103351,2.4826093252848276,-98.27151237966748,10.742533,-4.446449,20.897097,19.909803,-26.106623,-4.0045524,-27.172157,2.939098,-5.1990833,15.664992,-2.8986573,-1.0993633,-8.797841,-21.336002,30.07846,-28.874008,52.813023,7.759554,-26.681936,48.33142,52.703655
558,-4.715435028076172,-291.3387451171875,60.331417083740234,0.3139528291994053,2.5054445100777643,-97.91794978422178,10.678418,-3.662381,20.658651,21.472652,-26.00915,-4.4350743,-27.239767,3.1280293,-5.2834787,16.84115,-1.9708949,-1.039413,-9.058204,-21.048058,30.034058,-29.041672,53.41005,7.797819,-26.621548,47.971207,52.3792
559,-4.828334808349609,-292.03363037109375,60.33757781982422,-0.035292323629645704,2.514105754952725,-97.5471816502425,10.556124,-2.8486958,20.383018,23.191103,-25.752787,-4.891191,-27.205101,3.273431,-5.4243064,17.880817,-1.1205095,-0.82876956,-9.33576,-20.66236,29.970045,-29.201921,54.02177,7.850771,-26.558481,47.549355,52.06028
560,-4.9331536293029785,-292.72003173828125,60.35181427001953,-0.37153102757762296,2.5024218649560592,-97.25260152603437,10.355487,-2.0313787,20.125631,25.099903,-25.247278,-5.371461,-27.13503,3.4362679,-5.5587144,18.949955,-0.6696707,-0.833885,-9.547564,-20.199606,29.88136,-29.360264,54.679306,7.9207234,-26.494968,47.08469,51.743767
561,-5.036429405212402,-293.41229248046875,60.37257766723633,-0.6875756241128401,2.461999621174075,-97.0523966054273,10.089354,-1.2248381,19.884495,27.210028,-24.458124,-5.9279222,-27.05427,3.6268785,-5.6909833,20.129234,-0.7831107,-1.0825512,-9.678964,-19.637327,29.764307,-29.496737,55.37867,8.016756,-26.429329,46.53819,51.43673
562,-5.141637325286865,-294.107666015625,60.403778076171875,-0.9910813876551217,2.3961357122256053,-96.90131753249797,9.765198,-0.41681978,19.634535,29.499466,-23.435717,-6.54422,-26.929272,3.8294077,-5.838239,21.316963,-1.2624311,-1.3793243,-9.766804,-18.973322,29.623072,-29.61485,56.103992,8.13588,-26.36044,45.911385,51.136448
563,-5.248499870300293,-294.7997131347656,60.448707580566406,-1.2838087491062067,2.3172445163434743,-96.79433655709416,9.359207,0.40150678,19.394978,31.94623,-22.217434,-7.1194167,-26.747793,4.0626154,-5.964569,22.41731,-1.8919939,-1.7480433,-9.807547,-18.251259,29.464645,-29.749983,56.859333,8.251518,-26.292664,45.285793,50.832893
564,-5.356784820556641,-295.4923400878906,60.5072135925293,-1.5711669414647857,2.238529520701671,-96.72445811811146,8.847046,1.2401016,19.186672,34.534008,-20.833422,-7.558041,-26.49358,4.334997,-6.039823,23.333025,-2.4586227,-2.2182772,-9.800737,-17.512863,29.296288,-29.9362,57.647858,8.336326,-26.23104,44.744724,50.51493
565,-5.463291645050049,-296.18023681640625,60.57607650756836,-1.8517812120617148,2.1518809433337758,-96.72241736018546,8.245843,2.0980816,19.066322,37.27379,-19.21256,-7.932884,-26.154943,4.658726,-6.025586,24.049911,-2.937516,-2.861196,-9.725156,-16.74254,29.116104,-30.158752,58.49422,8.395231,-26.176418,44.30495,50.18815
566,-5.575606822967529,-296.8672790527344,60.6524543762207,-2.1233426842882777,2.0539967813631654,-96.77979234049405,7.566508,2.9655612,19.006514,40.16459,-17.358763,-8.276624,-25.744864,5.0260496,-5.945566,24.620167,-3.4346828,-3.637353,-9.586712,-15.91685,28.924892,-30.403353,59.377243,8.436568,-26.12666,43.923306,49.85389
567,-5.695829391479492,-297.5425109863281,60.739444732666016,-2.3869679755942044,1.9657797267623742,-96.83041861741137,6.776452,3.841749,18.910833,43.16337,-15.4095955,-8.436686,-25.280643,5.404132,-5.8678675,25.042393,-3.9341319,-4.413816,-9.427903,-15.063099,28.733881,-30.702364,60.231827,8.43897,-26.083288,43.589916,49.497578
568,-5.8238019943237305,-298.20697021484375,60.8348503112793,-2.646564751493186,1.9088813313290283,-96.80789312116926,5.8407464,4.7288156,18.69062,46.22573,-13.496635,-8.256388,-24.77841,5.755409,-5.861989,25.31604,-4.424006,-5.0570292,-9.29457,-14.209964,28.554306,-31.087328,60.99651,8.382469,-26.047806,43.296368,49.1042
569,-5.959742069244385,-298.8675231933594,60.93952560424805,-2.9011213599223016,1.8988508691414032,-96.68517793199311,4.6875043,5.6370587,18.262142,49.466316,-11.699187,-7.497349,-24.231655,6.069678,-5.9568825,25.407867,-4.91263,-5.535484,-9.210245,-13.361385,28.388346,-31.56828,61.668354,8.258203,-26.01955,43.034687,48.66978
570,-6.09556770324707,-299.5152282714844,61.04751205444336,-3.1494789785756714,1.921956222817696,-96.50082634150182,3.3580537,6.559014,17.716995,52.84913,-9.902828,-6.315933,-23.628576,6.3598003,-6.110275,25.32311,-5.4037814,-5.9087796,-9.146895,-12.504667,28.231833,-32.131126,62.278046,8.07867,-25.99853,42.809063,48.203255
571,-6.230366230010986,-300.1490783691406,61.157554626464844,-3.391734843938924,1.9569607593377694,-96.2872746960272,1.9798572,7.4860063,17.218464,56.125767,-7.9691477,-5.1233644,-22.982195,6.6257887,-6.28838,25.123901,-5.8772535,-6.185373,-9.07428,-11.643892,28.085094,-32.76901,62.81625,7.8535943,-25.987225,42.634056,47.70853
572,-6.36294412612915,-300.77972412109375,61.265830993652344,-3.6272741830680078,1.9822348967810257,-96.07743613050509,0.674951,8.42556,16.909012,59.072227,-5.7957296,-4.311818,-22.310308,6.872646,-6.4603953,24.87379,-6.310736,-6.3849373,-8.96276,-10.782601,27.948563,-33.47275,63.27225,7.5909233,-25.988163,42.526077,47.189278
573,-6.48559045791626,-301.4015197753906,61.375694274902344,-3.867222530358908,2.0003557808262067,-95.85223006101353,-0.5623819,9.426087,16.79025,61.68547,-3.1976337,-4.0229387,-21.622993,7.113488,-6.6551228,24.57548,-6.702146,-6.5053196,-8.838906,-9.921418,27.820684,-34.266308,63.651634,7.2830977,-26.004635,42.526794,46.620956
574,-6.599523067474365,-302.01556396484375,61.4814338684082,-4.108239098548712,2.0204582938486797,-95.60445991025007,-1.796437,10.491724,16.771124,64.10683,-0.31351775,-3.9977531,-20.912493,7.35419,-6.8817105,24.196802,-7.0553975,-6.546727,-8.71008,-9.065037,27.701689,-35.14519,63.96611,6.923406,-26.03507,42.6203,46.011147
575,-6.708805084228516,-302.6170349121094,61.58530807495117,-4.331331373518566,2.0288223382784265,-95.3842471596351,-2.993387,11.563278,16.848408,66.338,2.467395,-4.0314126,-20.18002,7.586867,-7.082133,23.766811,-7.367576,-6.541654,-8.518392,-8.21824,27.594072,-36.056416,64.20631,6.522485,-26.074574,42.732887,45.41315
576,-6.8029632568359375,-303.2183532714844,61.696571350097656,-4.518462583788838,2.010433106897091,-95.23990727319267,-4.1131573,12.583725,17.037077,68.3728,4.7583046,-3.928956,-19.42828,7.800299,-7.1993537,23.322033,-7.6404643,-6.519952,-8.206661,-7.391095,27.500687,-36.95277,64.36619,6.0947204,-26.118155,42.79118,44.878872
577,-6.889419078826904,-303.8127136230469,61.805870056152344,-4.663004609282147,1.9555923831433624,-95.18705587895315,-5.133826,13.597827,17.452726,70.229965,6.588112,-3.636485,-18.652742,7.992318,-7.222816,22.86827,-7.8681283,-6.4748588,-7.753277,-6.583372,27.42267,-37.868084,64.431244,5.6417465,-26.166388,42.790382,44.408215
578,-6.969886302947998,-304.39569091796875,61.91007614135742,-4.764176520031518,1.880823540705906,-95.20433377307701,-6.080066,14.614273,18.068384,71.91427,8.116075,-3.2477322,-17.8798,8.158203,-7.177667,22.42564,-8.073607,-6.4025803,-7.455715,-5.493118,27.411787,-38.269283,64.27213,5.0548673,-26.192148,42.977848,43.996784
579,-7.0467071533203125,-304.97821044921875,62.015235900878906,-4.861847860497215,1.7703636795484479,-95.26539064740975,-6.952654,15.569306,18.659082,73.39931,9.150926,-2.822045,-17.060888,8.340049,-7.0848107,21.921839,-8.228446,-6.3323646,-6.5671353,-5.043262,27.312119,-39.701935,64.34886,4.6289597,-26.280262,42.74956,43.60288
580,-7.119485855102539,-305.5594177246094,62.11516189575195,-4.908659856321445,1.6683025171030035,-95.34882160826234,-7.7995753,16.28521,19.034473,74.61148,9.530262,-2.4123046,-16.274635,8.47226,-6.944707,21.46791,-8.41306,-6.283265,-6.137184,-4.1145554,27.301096,-40.029922,64.18529,4.0001855,-26.306265,42.87959,43.302464
581,-7.186005115509033,-306.1348571777344,62.21406936645508,-4.913034192153828,1.5455939784343007,-95.45085756825769,-8.616591,16.682468,19.071892,75.525566,9.057412,-2.030582,-15.480414,8.562671,-6.7554865,21.029589,-8.606075,-6.2561803,-5.593506,-3.3103309,27.288902,-40.44601,64.023346,3.3168302,-26.341555,42.98762,43.117847
582,-7.246284008026123,-306.7105407714844,62.310935974121094,-4.878620538056061,1.4081194327462891,-95.57721353443586,-9.405333,16.82462,18.89305,76.17216,7.885095,-1.6645216,-14.683601,8.610778,-6.5200458,20.607239,-8.802871,-6.235072,-4.957651,-2.6098125,27.27393,-40.884846,63.851986,2.6150033,-26.382826,43.039,43.006268
583,-7.3028059005737305,-307.2823181152344,62.40639114379883,-4.8245261148786405,1.26555331209756,-95.72448121987135,-10.161908,16.83946,18.646675,76.59845,6.355601,-1.3519497,-13.886075,8.637432,-6.2518334,20.181717,-8.989239,-6.2156067,-4.238277,-2.0022018,27.255175,-41.29591,63.68762,1.9239426,-26.427856,43.021526,42.93526
584,-7.358156204223633,-307.85137939453125,62.50197219848633,-4.774233211603515,1.127617461317407,-95.88959799747812,-10.879433,16.868137,18.492592,76.85667,4.8051105,-1.1201786,-13.089705,8.66552,-5.964135,19.736141,-9.1532755,-6.1950364,-3.4482148,-1.4814292,27.231565,-41.63112,63.552715,1.2716682,-26.474665,42.93006,42.87094
585,-7.410787105560303,-308.4163818359375,62.5926513671875,-4.731927425928595,0.9923917687638096,-96.08033630111284,-11.547193,16.917763,18.437717,76.933525,3.1990228,-1.0319006,-12.288644,8.701608,-5.6448746,19.258427,-9.28321,-6.1749616,-2.584126,-1.046215,27.202806,-41.854485,63.452904,0.66506004,-26.52198,42.76482,42.811127
586,-7.46086311340332,-308.9794006347656,62.68033218383789,-4.688222987282759,0.8566836443831123,-96.29671394582668,-12.171685,16.931074,18.411106,76.80966,1.397734,-1.0503081,-11.4852495,8.732996,-5.291612,18.762957,-9.389892,-6.1535306,-1.6596158,-0.6735221,27.169489,-41.956062,63.36885,0.08937891,-26.56987,42.537964,42.76763
587,-7.511934757232666,-309.54217529296875,62.76738739013672,-4.64422428415659,0.728514192720197,-96.52248546294877,-12.772733,16.950695,18.453943,76.523575,-0.41277567,-1.062091,-10.686979,8.75569,-4.931821,18.255678,-9.484742,-6.1257296,-0.707922,-0.331187,27.132061,-41.9384,63.287094,-0.47090128,-26.619108,42.27109,42.734577
588,-7.559038162231445,-310.1004943847656,62.84752655029297,-4.601869132384397,0.6154037274795225,-96.74028736098944,-13.37024,17.013165,18.60362,76.11442,-2.0478487,-0.9593311,-9.900522,8.766972,-4.594532,17.740606,-9.5793915,-6.0900316,0.23591489,0.009420952,27.090736,-41.808582,63.1963,-1.0323306,-26.670895,41.98778,42.70683
589,-7.606488227844238,-310.65234375,62.92384719848633,-4.560923051516743,0.5173206398448887,-96.94737112952126,-13.966742,17.133036,18.89366,75.59153,-3.4874585,-0.6981374,-9.121817,8.768018,-4.287588,17.210655,-9.673507,-6.0572968,1.1753739,0.34547004,27.044796,-41.549488,63.09663,-1.6053686,-26.72574,41.694427,42.696926
590,-7.647602081298828,-311.2120056152344,62.995391845703125,-4.515039051950226,0.4355717280084245,-97.15432169357426,-14.554094,17.275877,19.298838,74.93006,-4.8198285,-0.35074392,-8.356027,8.754743,-3.9931824,16.673107,-9.766936,-6.028831,2.1159346,0.7229126,26.97726,-41.067974,62.967857,-2.1656508,-26.806501,41.331856,42.68345
591,-7.682465076446533,-311.7631530761719,63.05626678466797,-4.4778577756700315,0.3651200431887967,-97.35726560907187,-15.133674,17.423542,19.750912,74.13378,-6.030948,0.01200999,-7.6082788,8.73841,-3.7102878,16.147041,-9.866232,-5.9911776,2.9922442,1.1064651,26.91241,-40.48183,62.839535,-2.729793,-26.889492,41.047592,42.64476
592,-7.717891216278076,-312.3146057128906,63.11353302001953,-4.442215036420617,0.30703010574973366,-97.5477214818319,-15.707556,17.545845,20.190556,73.19405,-7.099766,0.3308366,-6.890073,8.714468,-3.440282,15.655992,-9.981267,-5.92771,3.7954297,1.5101693,26.850325,-39.835144,62.711407,-3.3480234,-26.975573,40.849705,42.619167
593,-7.754371166229248,-312.8583984375,63.16464614868164,-4.409151341807018,0.2660842432374052,-97.73069602946195,-16.282097,17.654053,20.643135,72.12147,-7.993302,0.6138388,-6.2021008,8.680348,-3.1756728,15.18401,-10.10334,-5.8236604,4.5517097,1.9130166,26.789465,-39.137016,62.58358,-4.0229344,-27.066038,40.736088,42.61294
594,-7.783748149871826,-313.406982421875,63.20643615722656,-4.377881901775729,0.24056553928036659,-97.90757766884613,-16.854342,17.752983,21.132732,70.91597,-8.733071,0.88492143,-5.5398645,8.637027,-2.9189367,14.727584,-10.229788,-5.692165,5.270927,2.3183842,26.728025,-38.37273,62.45033,-4.7459235,-27.16097,40.69048,42.625336
595,-7.816118240356445,-313.9450378417969,63.23655319213867,-4.346162788150469,0.22700142097284634,-98.0743172585905,-17.415337,17.80953,21.608154,69.55959,-9.377442,1.1121452,-4.9094315,8.585517,-2.6762228,14.320779,-10.384548,-5.5560665,5.834425,2.806777,26.654886,-37.417927,62.30479,-5.4896708,-27.284746,40.752045,42.578003
596,-7.846920967102051,-314.48333740234375,63.259952545166016,-4.325182848384787,0.20702460213726956,-98.22445740907679,-17.946716,17.805676,22.010689,68.03945,-9.9851465,1.266179,-4.2930937,8.538639,-2.4551544,13.969933,-10.570363,-5.438083,6.412834,3.2119336,26.600943,-36.685482,62.204395,-6.2579474,-27.376171,40.791725,42.58677
597,-7.8749165534973145,-315.01702880859375,63.272743225097656,-4.307819275572501,0.18652620687321722,-98.36002390527963,-18.454157,17.730566,22.322325,66.34469,-10.585021,1.3549142,-3.7066543,8.490161,-2.2555583,13.70124,-10.801574,-5.341527,6.8992248,3.6255138,26.548262,-35.95761,62.123547,-7.007322,-27.466349,40.8173,42.55554
598,-7.903809070587158,-315.5596923828125,63.277435302734375,-4.296936668412315,0.16881017327802258,-98.48261949458193,-18.941494,17.60318,22.57653,64.486786,-11.142548,1.3944949,-3.1448216,8.440367,-2.0739405,13.489932,-11.063283,-5.2537293,7.333386,4.028253,26.498476,-35.263012,62.058685,-7.7542706,-27.555449,40.833305,42.507923
599,-7.93630313873291,-316.1009216308594,63.27134323120117,-4.294373490350175,0.15714719016539647,-98.59043602840639,-19.404266,17.43842,22.800966,62.476788,-11.619986,1.3709747,-2.6043372,8.395786,-1.9116958,13.321282,-11.350481,-5.1713247,7.714557,4.420184,26.451649,-34.61311,62.014923,-8.483818,-27.642881,40.8371,42.436283
600,-7.972156047821045,-316.6395263671875,63.2593879699707,-4.305141176012402,0.15629270132636264,-98.68159814936753,-19.839579,17.250006,23.023525,60.324577,-11.979664,1.2689726,-2.0825572,8.363312,-1.7695962,13.180989,-11.658977,-5.0913177,8.04842,4.8036423,26.407513,-34.019505,61.992645,-9.1992035,-27.728842,40.836456,42.345352
601,-8.006204605102539,-317.1766662597656,63.23685073852539,-4.327891695926513,0.16741061902437582,-98.75730463310892,-20.248768,17.045618,23.25294,58.026333,-12.21993,1.0827622,-1.5845534,8.342136,-1.648022,13.077041,-11.992617,-5.0185184,8.333886,5.1816764,26.36527,-33.48443,61.989525,-9.900712,-27.813013,40.82917,42.232315
602,-8.040532112121582,-317.7171936035156,63.20765686035156,-4.3626073423623986,0.1858900222737896,-98.81780477822407,-20.632938,16.820341,23.473133,55.584457,-12.361544,0.823082,-1.106076,8.331647,-1.5462024,13.009316,-12.3495865,-4.952176,8.574253,5.520859,26.323687,-33.018196,62.033695,-10.581798,-27.89486,40.805904,42.09789
603,-8.073793411254883,-318.261962890625,63.16769790649414,-4.414960936343549,0.20832096576106357,-98.85940805861374,-20.987278,16.56735,23.674023,53.00945,-12.397777,0.49921235,-0.63101023,8.33782,-1.4637231,12.947665,-12.7143135,-4.8812213,8.806973,5.8105392,26.293858,-32.699615,62.10953,-11.241019,-27.952162,40.757065,41.97209
604,-8.109682083129883,-318.8050842285156,63.120399475097656,-4.474757630656401,0.24236055688509142,-98.87969671291283,-21.310238,16.2657,23.853539,50.295525,-12.316585,0.12421999,-0.15925716,8.351446,-1.4009577,12.87933,-13.083389,-4.793336,8.985895,6.103279,26.263472,-32.395138,62.195507,-11.887607,-28.010744,40.69525,41.84127
605,-8.146162033081055,-319.35601806640625,63.066673278808594,-4.552797487305251,0.28212286959180594,-98.87926857025755,-21.599825,15.93759,24.00728,47.434044,-12.126891,-0.26746634,0.31738606,8.383483,-1.3569477,12.793239,-13.44867,-4.6812906,9.100641,6.379189,26.235317,-32.131145,62.318047,-12.503082,-28.069891,40.635666,41.680492
606,-8.18301010131836,-319.9078674316406,63.004947662353516,-4.645708836241568,0.3295607363049688,-98.85862547943019,-21.85982,15.5866585,24.135035,44.431175,-11.836597,-0.68695796,0.79299164,8.430055,-1.3334475,12.700211,-13.815419,-4.5515223,9.16136,6.6341014,26.21035,-31.920956,62.473175,-13.105485,-28.129631,40.582916,41.504696
607,-8.220539093017578,-320.46282958984375,62.939857482910156,-4.7412496157014825,0.3870207350261859,-98.81265813491045,-22.091433,15.187171,24.228853,41.322666,-11.439617,-1.1896108,1.267442,8.478175,-1.3342347,12.602108,-14.188038,-4.4140606,9.171385,6.8766437,26.187336,-31.752062,62.6385,-13.68057,-28.188395,40.51965,41.32127
608,-8.262735366821289,-321.01739501953125,62.87101364135742,-4.826791126151467,0.45878306362020926,-98.73651500494684,-22.296986,14.716187,24.279966,38.136963,-10.927061,-1.8289988,1.7424403,8.517024,-1.362808,12.491713,-14.566841,-4.2802014,9.138883,7.1208253,26.164215,-31.604807,62.786976,-14.218805,-28.244606,40.425842,41.140377
609,-8.302921295166016,-321.58087158203125,62.793392181396484,-4.9044986372311845,0.5498475265362445,-98.62109885878812,-22.487907,14.174874,24.25138,34.831417,-10.264264,-2.560729,2.214285,8.552891,-1.4254946,12.3708935,-14.955195,-4.1569476,9.067592,7.3672338,26.140501,-31.47444,62.913628,-14.737319,-28.297733,40.29505,40.973083
610,-8.335723876953125,-322.14404296875,62.71234893798828,-4.972466951972103,0.6542576868649541,-98.46973153285391,-22.658121,13.579073,24.153093,31.410942,-9.477239,-3.3636687,2.6813502,8.581002,-1.52191,12.251769,-15.3585,-4.0377874,8.944185,7.6240273,26.115917,-31.360289,63.022335,-15.216836,-28.347105,40.124115,40.807133
611,-8.366336822509766,-322.7127685546875,62.63019943237305,-5.002963819268966,0.7725543499511265,-98.29140973527925,-22.777262,12.909818,24.049316,27.922607,-8.620768,-4.327536,3.131699,8.572292,-1.6500832,12.157717,-15.783563,-3.9136658,8.805702,7.9196143,26.080244,-31.262547,63.075993,-15.664137,-28.415182,39.89434,40.661983
612,-8.40030574798584,-323.28680419921875,62.5488395690918,-5.005262433469826,0.8949687509302666,-98.10228538969635,-22.80528,12.174285,24.001167,24.39828,-7.73756,-5.5480623,3.5815935,8.530266,-1.7968997,12.0647135,-16.207083,-3.7760153,8.65213,8.244305,26.045826,-31.214005,63.071712,-16.065481,-28.479605,39.667225,40.52961
613,-8.430142402648926,-323.8621826171875,62.46208572387695,-4.962621442782826,1.0311051045320005,-97.91034144614194,-22.704348,11.325588,24.043785,20.66341,-6.7306585,-7.0921655,3.9817922,8.4403515,-1.9660786,12.074002,-16.69439,-3.6233156,8.523113,8.586272,26.00277,-31.24077,63.022556,-16.512558,-28.557299,39.46589,40.482185
614,-8.454325675964355,-324.4345397949219,62.373817443847656,-4.873630190598109,1.1726856441586908,-97.70070599285113,-22.407927,10.321129,24.143375,16.501131,-5.470905,-8.8820505,4.369048,8.301598,-2.1648617,12.117335,-17.207418,-3.4602659,8.384045,8.9348755,25.942606,-31.34578,62.943012,-16.885864,-28.658314,39.23184,40.42943
615,-8.470952987670898,-325.0242919921875,62.281280517578125,-4.801916457809791,1.3302214777674437,-97.53186881768977,-21.886692,9.250373,24.309713,11.9370985,-4.00127,-10.818119,4.742872,8.171312,-2.320218,12.161956,-17.710375,-3.2896824,8.259993,9.236465,25.885277,-31.468534,62.878204,-17.242834,-28.751457,39.003563,40.367252
616,-8.477676391601562,-325.62890625,62.15940856933594,-4.898569241596375,1.5237121548296975,-97.51516508887894,-21.350399,8.4257765,24.543493,7.619401,-2.7136807,-12.828529,5.0737696,8.19026,-2.302684,12.222959,-18.192093,-3.1165192,8.18711,9.361789,25.856487,-31.520023,62.963665,-17.495672,-28.801592,38.74635,40.113125
617,-8.465930938720703,-326.24359130859375,61.99176788330078,-5.265119251058709,1.758300442479722,-97.63064273987499,-20.771343,7.7760315,24.831644,3.2792075,-1.542951,-14.323944,5.3378773,8.444485,-2.1257868,12.355975,-18.706432,-2.928362,8.114353,9.20741,25.853563,-31.512354,63.327927,-17.571325,-28.819504,38.44131,39.52514
618,-8.413217544555664,-326.8546142578125,61.791221618652344,-5.700654703897931,1.9861758827937075,-97.65818182520299,-19.753716,6.679416,25.028017,-2.2345352,0.20132679,-14.323944,5.56235,8.734404,-2.029944,12.6246395,-19.307142,-2.6954782,7.913087,8.994802,25.860928,-31.497261,63.758728,-17.547073,-28.823393,38.12339,38.845226
619,-8.35667610168457,-327.46697998046875,61.61090850830078,-6.001509706290857,2.1854117091709626,-97.61851675436476,-20.10532,6.2369113,24.948431,-3.5775273,-0.40543747,-14.323944,5.825229,8.888194,-1.9984446,12.866305,-19.852455,-2.4464962,7.6982675,8.860928,25.869099,-31.501593,64.05906,-17.491997,-28.82478,37.758682,38.30504
620,-8.322257041931152,-328.07403564453125,61.438018798828125,-6.19280755478502,2.3572878761199854,-97.58196206288099,-20.519407,5.935727,24.860056,-4.06218,-1.2377421,-14.323944,6.025822,8.939769,-1.9693553,13.303195,-20.425209,-2.198709,7.541711,8.821192,25.873814,-31.521923,64.2206,-17.439571,-28.826468,37.387688,37.928158
621,-8.311407089233398,-328.6798095703125,61.267364501953125,-6.350051285337316,2.5185040205497895,-97.58649134602514,-20.710178,5.702339,24.869644,-4.372807,-1.9642296,-14.323944,6.199953,8.962055,-1.889324,13.79615,-20.945261,-1.9502949,7.4969416,8.790662,25.875553,-31.564775,64.31792,-17.294535,-28.832228,36.893417,37.595795
622,-8.309670448303223,-329.2859802246094,61.10409927368164,-6.48709469002146,2.661096884495217,-97.63150841662039,-20.740572,5.5046244,24.980783,-4.4646854,-2.66622,-14.323944,6.351364,8.962957,-1.7611723,14.359133,-21.43424,-1.6976849,7.4820056,8.771072,25.87238,-31.592041,64.386925,-17.147161,-28.83834,36.453766,37.320736
623,-8.29367446899414,-329.8709716796875,61.019561767578125,-6.482511652584584,2.7622826353228933,-97.6593087631638,-20.941143,5.3856735,25.133759,-3.595988,-3.5368729,-14.323944,6.5098963,8.828239,-1.6556121,14.991848,-21.875898,-1.4462932,7.5049047,8.866817,25.857082,-31.642298,64.30632,-16.997688,-28.851097,36.009575,37.229923
624,-8.287816047668457,-330.4571838378906,60.97322082519531,-6.291278587701862,2.807415437702005,-97.67618043495997,-21.22152,5.293855,25.335512,-2.171585,-4.0875244,-14.323944,6.6785927,8.513812,-1.5756795,15.738622,-22.269798,-1.2052912,7.591636,9.074898,25.819553,-31.78,64.0724,-16.882355,-28.882017,35.5958,37.40213
625,-8.325329780578613,-331.0757751464844,60.938865661621094,-5.9038587323760625,2.784880910806909,-97.69048379679691,-21.457731,5.2561207,25.64093,-0.4041509,-3.8644145,-14.323944,6.882006,8.021298,-1.5063093,16.570213,-22.604427,-0.9916405,7.7127805,9.3984165,25.751541,-32.006157,63.702698,-16.85821,-28.930723,35.294926,37.87897
626,-8.384966850280762,-331.71075439453125,60.93204116821289,-5.337382074612291,2.708341188166744,-97.69771436944964,-21.955502,5.416749,25.91191,2.5650334,-3.5881085,-14.323944,7.100291,7.360805,-1.4556293,17.494764,-22.894186,-0.79486406,7.7956967,9.907417,25.67144,-32.19051,63.1481,-16.992708,-28.951258,35.186493,38.671276
627,-8.431434631347656,-332.349609375,60.961116790771484,-4.6807176793846725,2.6229518064691084,-97.73381291790515,-22.408873,5.5504246,26.006817,5.5516167,-3.1441193,-14.323944,7.282687,6.5974073,-1.3970028,18.522562,-23.120607,-0.5921244,7.8847947,10.494176,25.5895,-32.324623,62.48097,-17.206121,-28.947552,35.177937,39.643555
628,-8.419951438903809,-332.9848327636719,60.9987907409668,-4.050974029604328,2.563835258415442,-97.69515524081069,-22.98036,5.3967285,25.775349,8.4367895,-3.0501323,-12.680486,7.3736353,5.8102098,-1.4379754,19.717327,-23.304283,-0.32236752,7.8567533,11.02974,25.506319,-32.364086,61.839176,-17.301914,-28.940395,35.139465,40.5396
629,-8.368350982666016,-333.6341247558594,61.03260040283203,-3.4417488137868406,2.564576461606161,-97.68977908295489,-23.395893,4.9251103,25.386269,10.516427,-3.0113206,-10.08077,7.377193,4.992621,-1.4957387,21.001066,-23.43194,0.011223386,7.8598466,11.4862585,25.423712,-32.327705,61.199993,-17.42335,-28.93691,35.12183,41.45583
630,-8.314249992370605,-334.3011474609375,61.06589889526367,-2.813563429530756,2.5997700362077754,-97.77578685693095,-23.729233,4.397248,24.945915,12.334606,-3.0610428,-7.5127835,7.318734,4.128832,-1.5012599,22.366758,-23.488844,0.3764972,7.9236636,11.929827,25.336845,-32.210308,60.52227,-17.49684,-28.939108,35.093224,42.376236
631,-8.265377044677734,-334.97821044921875,61.094810485839844,-2.1858112581889606,2.655541453174733,-97.93200185289817,-23.950546,3.8342662,24.593296,13.871797,-3.1652277,-5.168314,7.179049,3.243983,-1.4278321,23.862818,-23.425732,0.7601533,8.034552,12.364055,25.249222,-32.048813,59.812454,-17.522434,-28.94196,35.083714,43.301014
632,-8.208046913146973,-335.66845703125,61.12287139892578,-1.5934846002577334,2.720054231606535,-98.14616948779398,-24.067062,3.305835,24.449158,15.197114,-3.3368542,-3.2461355,6.93521,2.3790178,-1.2357032,25.533405,-23.188305,1.147146,8.1824665,12.776611,25.166727,-31.873861,59.09385,-17.485731,-28.937199,35.112457,44.206818
633,-8.131290435791016,-336.3562316894531,61.164974212646484,-1.0228134910358093,2.7984370256456588,-98.44334479463515,-24.067917,2.8267488,24.561548,16.304838,-3.5837052,-1.8752661,6.571954,1.5108539,-0.88681084,27.406298,-22.808167,1.5247234,8.383859,13.194356,25.084793,-31.64573,58.328556,-17.379946,-28.925903,35.17276,45.087376
634,-8.04642105102539,-337.0467529296875,61.21845245361328,-0.4394960287192537,2.892376544454377,-98.80537823212003,-23.93253,2.350481,24.827484,17.169832,-3.8995771,-0.9257207,6.105146,0.61357623,-0.42965925,29.45699,-22.303373,1.9106433,8.6347685,13.637724,24.99946,-31.375381,57.49443,-17.245481,-28.911495,35.27837,46.000343
635,-7.973206996917725,-337.7359313964844,61.26703643798828,0.14006647282427828,2.979700658383422,-99.16323095023174,-23.675598,1.868926,25.13603,17.848816,-4.2661624,-0.2154973,5.5670137,-0.26828292,0.057033565,31.634007,-21.590057,2.332443,8.869136,14.083402,24.917187,-31.133217,56.65318,-17.048832,-28.888105,35.424625,46.93619
636,-7.902227401733398,-338.41864013671875,61.321876525878906,0.7019776485237446,3.0399468703802555,-99.44828347390197,-23.317293,1.3520755,25.382278,18.358307,-4.6448884,0.43473136,4.9848356,-1.0962462,0.497346,33.893215,-20.581858,2.8145864,9.038562,14.495093,24.84728,-31.007301,55.861805,-16.821505,-28.848969,35.648895,47.93421
637,-7.838837623596191,-339.1012268066406,61.38935852050781,1.2558480710919098,3.061080789715808,-99.6285345311591,-22.87339,0.75898254,25.53525,18.697866,-5.0420113,1.0135127,4.3803573,-1.8750435,0.8664649,36.224564,-19.174004,3.4474604,9.11595,14.883688,24.790775,-31.007524,55.11838,-16.543594,-28.789047,35.93251,49.018948
638,-7.783613204956055,-339.78875732421875,61.467384338378906,1.8067304456596953,3.053386137619184,-99.7436507763214,-22.356327,0.102008276,25.645876,18.876123,-5.4600587,1.437148,3.7332327,-2.6207345,1.2145879,38.65519,-17.441206,4.1873226,9.12843,15.257284,24.74415,-31.088543,54.395767,-16.216892,-28.713041,36.27122,50.1707
639,-7.741392612457275,-340.4627685546875,61.54541778564453,2.3318855184471103,3.0275733893937304,-99.83503314058879,-21.791727,-0.5692283,25.736694,18.940073,-5.8669047,1.7783512,3.013173,-3.3121376,1.5764025,41.190987,-15.565749,4.8602448,9.091288,15.579111,24.708227,-31.231014,53.719215,-15.847671,-28.626734,36.689587,51.311314
640,-7.70206880569458,-341.1435241699219,61.62859344482422,2.8070338584497248,2.9954407521628643,-99.943302745755,-21.192955,-1.2012601,25.829666,18.924747,-6.2275004,2.1086483,2.1976092,-3.9282448,1.9742537,43.821964,-13.716943,5.299897,9.018465,15.81429,24.683762,-31.415695,53.11301,-15.443422,-28.536259,37.2176,52.365864
641,-7.665626525878906,-341.8153076171875,61.71406936645508,3.2182699316068164,2.952216861453799,-100.0529025915898,-20.55375,-1.7778533,25.90517,18.827902,-6.5287733,2.4245014,1.2752925,-4.445205,2.397115,46.605724,-11.917308,5.405704,8.892595,15.941169,24.674362,-31.665548,52.607304,-14.991093,-28.43933,37.856354,53.344578
642,-7.623708248138428,-342.48028564453125,61.80387878417969,3.5806154631000098,2.893271734273343,-100.15098138450612,-19.874868,-2.3318968,25.960297,18.636536,-6.7902274,2.6970832,0.26866385,-4.8785443,2.8243837,49.509933,-10.064872,5.297567,8.706862,15.982852,24.677916,-31.97386,52.18253,-14.4847765,-28.335836,38.594154,54.272564
643,-7.573854923248291,-343.13836669921875,61.89369583129883,3.914299149992554,2.8324602839395885,-100.28338101881324,-19.161268,-2.8770022,26.04193,18.345259,-7.0179305,2.9567251,-0.7970962,-5.2693243,3.2643912,52.393723,-8.144272,5.136226,8.497584,15.971993,24.686756,-32.2817,51.788887,-13.957707,-28.236181,39.454647,55.112537
644,-7.514092922210693,-343.7828674316406,61.98395919799805,4.238161412659721,2.785700740097008,-100.4954712428213,-18.425188,-3.4210413,26.196325,17.96613,-7.222187,3.2312856,-1.9061018,-5.657433,3.7368987,55.133465,-6.1525335,5.0741253,8.302186,15.939976,24.69343,-32.531216,51.377155,-13.4374695,-28.14928,40.454468,55.82118
645,-7.450994968414307,-344.4209289550781,62.07727813720703,4.554770625619244,2.76680595318297,-100.82232339924164,-17.666225,-3.9633503,26.456676,17.479345,-7.402534,3.5409865,-3.1040752,-6.0217824,4.3647757,57.757805,-3.9183607,5.1583247,8.152834,15.899045,24.695223,-32.71944,50.928474,-12.930889,-28.075237,41.621494,56.39801
646,-7.380317687988281,-345.052978515625,62.17300796508789,4.855721443043855,2.765745543144532,-101.2324278572612,-16.87614,-4.5035644,26.791355,16.877604,-7.5496716,3.8642356,-4.3880057,-6.3435755,5.109827,60.326576,-1.5045465,5.309524,8.02475,15.831135,24.696367,-32.875046,50.47129,-12.429773,-28.010365,42.94351,56.871845
647,-7.303269386291504,-345.6727600097656,62.26339340209961,5.144221533223424,2.762832819074223,-101.66873102489932,-16.058512,-5.0522995,27.147272,16.192072,-7.6646175,4.1669183,-5.675382,-6.685677,5.7479634,62.77012,0.7233351,5.4598436,7.870447,15.722666,24.699722,-32.990738,50.02714,-11.936205,-27.956839,44.368813,57.241707
648,-7.2289042472839355,-346.2893371582031,62.35015869140625,5.427147394084812,2.7375109268244064,-102.08035707655519,-15.205088,-5.6231813,27.475956,15.435056,-7.7416244,4.41561,-6.8804517,-7.140862,6.048996,65.00407,2.404579,5.507495,7.650905,15.562222,24.708155,-33.058636,49.612816,-11.448748,-27.917622,45.841198,57.501953
649,-7.151424884796143,-346.897705078125,62.42986297607422,5.718721369897791,2.683754825686036,-102.48967629807845,-14.288409,-6.246172,27.79784,14.548116,-7.7557793,4.612451,-7.9935255,-7.8135633,5.917432,67.023476,3.4679918,5.4347706,7.3925457,15.367711,24.721245,-33.08482,49.199177,-10.968408,-27.896292,47.40021,57.64142
650,-7.078176498413086,-347.4999084472656,62.50457763671875,6.007654893384764,2.613786622196721,-102.91537268556453,-13.324529,-6.89934,28.127605,13.555126,-7.724824,4.769824,-9.061474,-8.663092,5.483768,68.87949,4.085775,5.2431655,7.1186237,15.129283,24.739136,-33.081264,48.793205,-10.491234,-27.890348,49.04146,57.662502
651,-7.0142598152160645,-348.09417724609375,62.567657470703125,6.251373260722143,2.5324883306717094,-103.29955453926412,-12.368486,-7.512075,28.408209,12.589148,-7.7057133,4.8748817,-10.081947,-9.563946,4.852388,70.56859,4.2630734,4.8662024,6.7860775,14.789959,24.766127,-33.05332,48.47315,-10.009338,-27.894672,50.645752,57.575382
652,-6.960348606109619,-348.6952819824219,62.619422912597656,6.413439320879641,2.4414329939346495,-103.58100104797582,-11.488735,-8.005683,28.585888,11.821705,-7.77013,4.9171453,-11.048671,-10.377683,4.1259966,72.07706,4.015576,4.2559204,6.345513,14.296462,24.806494,-33.006744,48.31407,-9.513398,-27.90441,52.095512,57.38821
653,-6.915571689605713,-349.2806091308594,62.664188385009766,6.463058135703579,2.321087934673427,-103.73168043032904,-10.710943,-8.324241,28.64073,11.361025,-7.971309,4.86912,-11.931074,-11.0547695,3.2723343,73.37993,3.177508,3.3234417,6.1295357,13.509625,24.84854,-33.245872,48.382774,-8.660927,-27.91678,52.707073,57.02505
654,-6.878103256225586,-349.8567199707031,62.70599365234375,6.523366058569517,2.200057579414088,-103.81419643324335,-9.92379,-8.670424,28.640263,10.84375,-8.123921,4.755581,-12.769968,-11.740632,2.346098,74.51214,1.778268,2.1776025,5.1352806,12.809919,24.937923,-32.9563,48.49232,-8.503962,-27.95887,54.653034,56.662384
655,-6.852129936218262,-350.4308166503906,62.74589157104492,6.497384890266341,2.0416295811612093,-103.794449802852,-9.22511,-8.871967,28.539818,10.6209135,-8.418763,4.6266117,-13.510137,-12.307786,1.3444127,75.44181,0.21332507,1.0242943,4.7007227,11.851241,24.9854,-33.150146,48.742798,-7.7497396,-27.969286,55.16964,56.219482
656,-6.833734512329102,-351.0035705566406,62.78554916381836,6.453667730186148,1.8775409648352857,-103.68860311566121,-8.547792,-9.049343,28.346312,10.4341755,-8.711286,4.539481,-14.18937,-12.806682,0.34897062,76.1734,-1.1457027,0.05718651,4.072248,10.811749,25.046028,-33.296078,49.083904,-7.1450663,-27.984575,55.77201,55.843773
657,-6.823180675506592,-351.567138671875,62.82429122924805,6.387989578661375,1.707550613595016,-103.46780379288506,-7.900925,-9.1946945,28.026566,10.303475,-9.003287,4.5073557,-14.799134,-13.253039,-0.6943136,76.69966,-2.2471106,-0.6885626,3.2622442,9.766696,25.111506,-33.329895,49.45904,-6.633504,-27.99779,56.305458,55.525234
658,-6.815145969390869,-352.1256103515625,62.8619499206543,6.327431400486923,1.5389735525526032,-103.22430708311542,-7.249382,-9.345559,27.676758,10.139376,-9.257192,4.494743,-15.383262,-13.646543,-1.6863346,77.052536,-3.2770665,-1.2983522,2.544695,8.912584,25.155033,-33.309517,49.65754,-6.193061,-28.001062,56.54782,55.327263
659,-6.815459728240967,-352.6732482910156,62.89723587036133,6.230481810760894,1.3544477801089911,-102.88107024957544,-6.6161804,-9.444626,27.224062,10.035211,-9.523406,4.4903007,-15.894042,-13.957865,-2.7148457,77.20595,-4.1894093,-1.820816,1.6126144,7.894204,25.20677,-33.234806,50.039677,-5.731196,-28.001318,56.73737,55.09513
660,-6.819479942321777,-353.21868896484375,62.93025588989258,6.11235107307994,1.187650593693899,-102.49814526123063,-6.0183177,-9.504672,26.739065,9.971927,-9.809698,4.476467,-16.388739,-14.161138,-3.6671014,77.18021,-4.954625,-2.2771742,0.5696405,6.834075,25.261524,-33.07627,50.48038,-5.305051,-27.996784,56.811764,54.892223
661,-6.829026222229004,-353.76116943359375,62.961280822753906,5.978043692320428,1.043141090386722,-102.08644617659277,-5.456696,-9.530063,26.234539,9.9436035,-10.11493,4.454396,-16.88509,-14.258841,-4.529575,76.98365,-5.5229483,-2.6792374,-0.56018704,5.77016,25.316603,-32.810543,50.94717,-4.9162016,-27.985209,56.71996,54.7485
662,-6.846144676208496,-354.3018798828125,62.99570083618164,5.749113250682519,0.9519064447355837,-101.4730029666765,-5.0393376,-9.418714,25.542892,10.122052,-10.512655,4.432381,-17.33652,-14.236571,-5.529768,76.54937,-5.906806,-3.017363,-2.1127844,4.47306,25.410587,-32.17596,51.69718,-4.3990655,-27.954176,56.330494,54.445427
663,-6.865222930908203,-354.8424377441406,63.02244567871094,5.569189026177831,0.8742303366899997,-101.00250848013175,-4.581508,-9.3543005,24.996948,10.190523,-10.867974,4.3934484,-17.845884,-14.128639,-6.2517905,75.99029,-6.225482,-3.2808347,-3.4158714,3.5006201,25.496754,-31.51861,52.131687,-3.9706154,-27.9137,55.761177,54.30727
664,-6.88394832611084,-355.3758239746094,63.05003356933594,5.392387719728661,0.8182877842996148,-100.59665078922681,-4.115098,-9.292522,24.519594,10.198229,-11.2020445,4.332715,-18.377317,-13.917967,-6.7927675,75.26498,-6.554703,-3.4692836,-4.6364336,2.569706,25.582798,-30.851679,52.5171,-3.5130656,-27.862858,55.016678,54.173103
665,-6.907276630401611,-355.8999328613281,63.07231903076172,5.213226700375413,0.7995822217299419,-100.25558025150391,-3.652822,-9.2251215,24.112799,10.138311,-11.518643,4.2390103,-18.953861,-13.58052,-7.133322,74.37237,-6.9097505,-3.6063473,-5.815392,1.6423962,25.669994,-30.156445,52.89284,-3.0222201,-27.799835,54.035934,54.01203
666,-6.932119846343994,-356.4325866699219,63.09843826293945,5.013563076450883,0.8414575666817268,-99.93540192447738,-3.244217,-9.121784,23.73718,10.076487,-11.848564,4.118625,-19.578577,-13.119699,-7.336404,73.30007,-7.2448034,-3.6929994,-6.919129,0.7851127,25.797907,-29.295864,53.165237,-2.3106568,-27.70107,52.48408,53.74725
667,-6.958498954772949,-356.9602355957031,63.12090301513672,4.835431292497381,0.864178163061381,-99.68416836637616,-2.7871847,-9.041239,23.430635,9.947876,-12.14137,3.994275,-20.184011,-12.603196,-7.3881693,72.069984,-7.563479,-3.692222,-7.832031,-0.065811545,25.927242,-28.641804,53.38543,-1.6194755,-27.601097,50.911366,53.571476
668,-6.986167907714844,-357.4825439453125,63.13904571533203,4.669634117648984,0.8675818108683953,-99.48510797260022,-2.315773,-8.961255,23.178337,9.844702,-12.435926,3.8838975,-20.74182,-12.060759,-7.357358,70.667076,-7.8550186,-3.5655491,-8.532337,-0.95005,26.061214,-28.17648,53.573242,-0.912541,-27.50411,49.41343,53.448627
669,-7.01370096206665,-358.01318359375,63.15516662597656,4.512442887971955,0.8491841743544357,-99.3525542874779,-1.8331273,-8.879221,22.993109,9.787959,-12.738655,3.7988439,-21.249321,-11.473155,-7.2060533,69.07342,-8.124636,-3.2544024,-9.035847,-1.8559053,26.19944,-27.867496,53.724594,-0.21121502,-27.413065,48.045803,53.372852
670,-7.036479473114014,-358.5386657714844,63.16712951660156,4.363153787759053,0.8223184894570537,-99.27798659138925,-1.3479668,-8.793029,22.868185,9.763193,-13.049586,3.7271461,-21.722387,-10.832744,-6.9344525,67.29395,-8.372858,-2.8037012,-9.409525,-2.7805393,26.339891,-27.652662,53.85571,0.46617827,-27.326578,46.774525,53.33259
671,-7.055624008178711,-359.0670166015625,63.17285919189453,4.216054028161095,0.7901830243967247,-99.23215765229295,-0.8624265,-8.702438,22.77602,9.756888,-13.369073,3.6534905,-22.15013,-10.186129,-6.6402483,65.35023,-8.585543,-2.3232188,-9.673776,-3.7201276,26.483805,-27.531837,53.962406,1.0967588,-27.24702,45.653,53.344845
672,-7.080437183380127,-359.5909423828125,63.174407958984375,4.080172914557252,0.7404564116677812,-99.1876040877037,-0.35240242,-8.627679,22.688307,9.724927,-13.678581,3.5648289,-22.515987,-9.587992,-6.4097767,63.275764,-8.7522,-1.914678,-9.944344,-4.666255,26.590752,-27.470089,54.09725,1.5148695,-27.195307,44.972713,53.496418
673,-7.104130744934082,-360.1156311035156,63.168155670166016,3.921632319529548,0.6933450456942688,-99.14391989831496,0.13607676,-8.517907,22.611668,9.7406645,-14.024574,3.4538295,-22.832449,-9.001127,-6.262821,61.046753,-8.867027,-1.5937253,-10.095273,-5.6528163,26.71189,-27.491817,54.21808,1.8989751,-27.150194,44.464584,53.69981
674,-7.1252665519714355,-360.6416931152344,63.14179992675781,3.806156178207251,0.6304623749195812,-99.10349291155504,0.6018914,-8.436382,22.549028,9.850125,-14.427092,3.333576,-23.119085,-8.473927,-6.1287827,58.731632,-8.980919,-1.297922,-10.176672,-6.4515014,26.80035,-27.53612,54.160923,2.0904276,-27.127842,44.303833,54.057533
675,-7.149128437042236,-361.1700439453125,63.11952590942383,3.663322194975153,0.5805684440244748,-99.07234503143864,1.090104,-8.340672,22.49587,9.881611,-14.791149,3.2044792,-23.340416,-7.936647,-6.061622,56.22001,-9.008826,-1.0375829,-10.219777,-7.380773,26.903372,-27.624643,54.189358,2.3021984,-27.108635,44.240818,54.397224
676,-7.1759209632873535,-361.69415283203125,63.09190368652344,3.533114155433562,0.5592677272869744,-99.03507949047619,1.5569602,-8.258013,22.441181,9.902295,-15.152379,3.0688398,-23.521854,-7.4378366,-6.0669613,53.56453,-8.962091,-0.8081641,-10.261227,-8.353187,27.016745,-27.74615,54.229313,2.5273747,-27.090633,44.244984,54.70006
677,-7.202450275421143,-362.2216491699219,63.07245635986328,3.348270527805263,0.5956006254158831,-98.98825660848976,2.0049691,-8.131619,22.38183,9.83405,-15.462856,2.934931,-23.639084,-6.918864,-6.216003,50.64506,-8.793873,-0.62914574,-10.323132,-9.663394,27.19923,-28.024343,54.494728,2.8246467,-27.060486,44.30824,54.890182
678,-7.228456974029541,-362.7510986328125,63.03462219238281,3.2385537230206416,0.6513444779701512,-98.92283469654012,2.4116373,-8.067106,22.311749,9.822531,-15.804756,2.8030205,-23.750757,-6.501824,-6.4282274,47.667446,-8.628492,-0.474016,-10.3162365,-10.737105,27.374067,-28.289446,54.494125,3.0842931,-27.03079,44.406578,55.140064
679,-7.253302574157715,-363.2792053222656,62.994468688964844,3.145519877822913,0.7243529281671646,-98.85382829540262,2.8201482,-8.025967,22.238039,9.769942,-16.131018,2.6489015,-23.827105,-6.099194,-6.659509,44.57197,-8.381373,-0.30932555,-10.279218,-11.753662,27.545567,-28.545979,54.421223,3.3436954,-27.001545,44.543003,55.37059
680,-7.281228065490723,-363.8121337890625,62.94184875488281,3.065995390816881,0.8082841466238471,-98.78538823864098,3.2322295,-7.9992433,22.163315,9.692781,-16.459015,2.449024,-23.867868,-5.6845765,-6.8460946,41.377983,-8.021648,-0.103358366,-10.22214,-12.720625,27.713684,-28.79346,54.30549,3.5995014,-26.97379,44.716316,55.556644
681,-7.309057712554932,-364.3470764160156,62.88039779663086,2.997665790200422,0.90648887476616,-98.71165643660946,3.651418,-7.988564,22.080574,9.572504,-16.785185,2.1737704,-23.866037,-5.2684593,-7.0037127,38.0381,-7.504365,0.13947682,-10.143296,-13.643192,27.878325,-29.032671,54.140564,3.8565207,-26.949074,44.934063,55.689465
682,-7.340394496917725,-364.8870544433594,62.812984466552734,2.9391660727828963,1.0207983593844865,-98.63378413941712,4.074025,-7.9917855,21.994255,9.4101925,-17.103224,1.8419235,-23.826586,-4.8579745,-7.151785,34.559162,-6.862044,0.40235293,-10.041763,-14.52997,28.03984,-29.265348,53.931225,4.115035,-26.92819,45.1995,55.779068
683,-7.370596408843994,-365.42132568359375,62.74101638793945,2.886381145544575,1.1413163506574187,-98.56725086955825,4.494015,-7.9960175,21.92291,9.2523775,-17.428331,1.5030739,-23.76159,-4.432511,-7.2300043,31.02951,-6.1746125,0.69064593,-9.924093,-15.372182,28.197653,-29.486208,53.70362,4.364997,-26.910593,45.49865,55.829975
684,-7.398862361907959,-365.9627990722656,62.66276168823242,2.8297153433192768,1.257152586108529,-98.52814147655432,4.908127,-7.993476,21.883821,9.140574,-17.774122,1.2078283,-23.679968,-3.976332,-7.178752,27.530605,-5.51909,1.006346,-9.793549,-16.155708,28.350668,-29.68843,53.47851,4.5995245,-26.895079,45.809902,55.849827
685,-7.427577495574951,-366.50830078125,62.57691955566406,2.7665392764979053,1.370303265773987,-98.5299358814464,5.3116574,-7.9836464,21.89248,9.084796,-18.146832,0.97996134,-23.592184,-3.4779904,-6.9284515,24.018776,-4.8552313,1.2715586,-9.629539,-16.881618,28.49824,-29.871462,53.255295,4.8330326,-26.880903,46.12762,55.825024
686,-7.457057952880859,-367.0603942871094,62.48671340942383,2.695786827718359,1.4835414870813304,-98.56555296625335,5.7086368,-7.966642,21.940125,9.063862,-18.538948,0.78937817,-23.48462,-2.958627,-6.525133,20.458698,-4.1606293,1.4960583,-9.428021,-17.55291,28.640236,-30.038204,53.024635,5.072381,-26.868032,46.45283,55.7531
687,-7.491386890411377,-367.6192626953125,62.391841888427734,2.625581070435848,1.5901295886702194,-98.61431623656155,6.1017,-7.9427276,22.002222,9.084714,-18.952194,0.60629344,-23.316236,-2.4508946,-6.0877733,16.899185,-3.5106106,1.8199422,-9.226401,-18.163918,28.776804,-30.189978,52.796062,5.3012934,-26.856071,46.77172,55.652706
688,-7.530210018157959,-368.1876525878906,62.291358947753906,2.575539398257314,1.6867509233719133,-98.64409514894945,6.5061893,-7.9309325,22.039673,9.113923,-19.364126,0.40312982,-23.0202,-1.9891921,-5.741493,13.312269,-2.9297404,2.3952093,-9.061846,-18.694378,28.907015,-30.321499,52.554024,5.4960413,-26.844673,47.060013,55.555702
689,-7.572879791259766,-368.7666320800781,62.17876052856445,2.5398988649966134,1.7814366535371648,-98.63320267773442,6.8939962,-7.912131,22.03801,9.214399,-19.821032,0.1672894,-22.428644,-1.5480748,-5.5116134,9.228438,-2.2491693,3.262009,-8.983425,-19.161875,29.082298,-30.450577,52.295704,5.6276093,-26.828337,47.371986,55.464745
690,-7.618124008178711,-369.3542175292969,62.02827835083008,2.717710905421675,1.9099506972604094,-98.48117033302186,7.262947,-8.091258,21.86913,9.30541,-20.268381,-0.06902863,-22.114555,-1.4062814,-5.360273,5.923661,-2.1741793,4.377147,-8.976428,-19.35866,29.227354,-30.444798,51.724274,5.6170135,-26.8172,47.560722,55.54565
691,-7.6616339683532715,-369.956787109375,61.84233856201172,3.0540400197089586,2.050378783184816,-98.25601757746884,7.625122,-8.41531,21.598698,9.409597,-20.70809,-0.3002535,-21.337278,-1.4072,-5.3185325,1.69851,-1.4855373,5.706009,-8.993246,-19.386032,29.306889,-30.34802,51.00137,5.510132,-26.816029,47.64007,55.749535
692,-7.7095627784729,-370.564697265625,61.65923309326172,3.298413779311672,2.1388988708449688,-98.11215448832819,8.012903,-8.636316,21.409798,9.583752,-21.160713,-0.535709,-21.659266,-1.4272199,-5.3415546,0.68837357,-2.4416838,7.209732,-8.970169,-19.425224,29.343723,-30.276403,50.48077,5.476687,-26.817339,47.67495,55.8573
693,-7.762777805328369,-371.1680908203125,61.475608825683594,3.60300797458886,2.2438737315589465,-97.90778424319791,8.377021,-8.8995495,21.134613,9.768484,-21.595846,-0.7513095,-22.199121,-1.5673368,-5.6026177,0.55016357,-3.7456038,9.223722,-9.0035305,-19.39787,29.376328,-30.171864,49.905495,5.3430743,-26.821466,47.689026,56.015064
694,-7.819540977478027,-371.765869140625,61.28969192504883,3.955137459601891,2.356799684617138,-97.6472506443828,8.715332,-9.185471,20.785894,9.999743,-22.038265,-0.957463,-22.794601,-1.799269,-6.078912,0.84666276,-5.215225,11.640924,-9.098869,-19.286667,29.403591,-30.026367,49.293003,5.1247473,-26.828339,47.67527,56.20975
695,-7.871264934539795,-372.3645324707031,61.114864349365234,4.264436472192022,2.4622094387606293,-97.39013408078058,9.0488405,-9.413503,20.437426,10.25399,-22.432585,-1.1695794,-23.262587,-2.0142999,-6.6286316,1.206385,-6.4152417,13.772094,-9.2141905,-19.123177,29.427008,-29.8513,48.740532,4.8891163,-26.836523,47.639126,56.376785
696,-7.933341026306152,-372.9621276855469,60.96720886230469,4.403147446489257,2.553219415102486,-97.1828808561813,9.242551,-9.394175,20.18315,10.882891,-22.936113,-1.4233005,-23.512302,-1.9993845,-7.044577,1.4556757,-7.013475,14.323944,-9.337192,-18.817293,29.477022,-29.540905,48.2436,4.7029085,-26.84849,47.573723,56.42085
697,-7.978566646575928,-373.5592956542969,60.840911865234375,4.349401702425782,2.5840818669073236,-97.19136621194498,9.522818,-9.245867,20.151808,11.434213,-23.317698,-1.6850468,-23.418617,-1.8431726,-7.26019,1.5480448,-6.7444363,14.323944,-9.313167,-18.748512,29.505968,-29.426577,48.211216,4.6948175,-26.851002,47.542564,56.29937
698,-8.03342342376709,-374.1285705566406,60.77767562866211,4.112872558312298,2.580163104834085,-97.26385488404397,9.731657,-8.88701,20.21698,12.230697,-23.761625,-1.9550498,-23.031778,-1.5498545,-7.4516063,1.4940165,-5.780919,13.946581,-9.278112,-18.686226,29.571903,-29.304693,48.375996,4.815941,-26.848408,47.47693,56.002243
699,-8.1141357421875,-374.6983642578125,60.752384185791016,3.7985108781501213,2.5636712296991173,-97.41712632584424,10.008541,-8.469928,20.36439,12.875153,-24.016184,-2.2490752,-22.826832,-1.0968184,-7.443761,2.094195,-4.896038,12.576266,-9.179382,-18.710293,29.610283,-29.287695,48.731636,4.9217973,-26.841267,47.431503,55.69318
700,-8.181955337524414,-375.3013000488281,60.703147888183594,3.279787266060635,2.505301485621176,-97.64343079414901,10.167658,-7.769649,20.655577,13.983364,-24.440134,-2.593533,-23.169926,-0.4538052,-7.346299,4.083952,-4.839695,11.065601,-9.039563,-18.835934,29.691595,-29.355495,49.36949,5.2486873,-26.817516,47.313957,55.131783
701,-8.248006820678711,-375.9271545410156,60.66325759887695,2.675877999763237,2.4633953526908194,-97.8382512171175,10.301394,-6.9592605,20.950378,15.145857,-24.793327,-2.966979,-23.43868,0.31295705,-7.2483015,5.7637568,-4.666957,9.222829,-8.765566,-19.005178,29.892994,-29.664701,49.969917,5.6624975,-26.746609,46.96632,54.52759
702,-8.335227966308594,-376.5458679199219,60.661529541015625,1.982042434719282,2.416884026941801,-98.05470914894119,10.434905,-6.0469646,21.294184,16.34893,-25.074146,-3.3658562,-23.094412,1.2772282,-7.10352,5.9786005,-3.5413725,6.934459,-8.413208,-19.168463,30.130665,-30.056007,50.62447,6.111882,-26.63746,46.514854,53.886932
703,-8.456214904785156,-377.16058349609375,60.68894958496094,1.3084579644182677,2.3644052569758736,-98.22269423994149,10.551011,-5.12082,21.584736,17.622122,-25.250605,-3.7797637,-23.127298,2.1488225,-6.895527,7.1474977,-2.920704,4.696297,-8.181635,-19.277075,30.27503,-30.324371,51.384144,6.4941607,-26.538229,46.122078,53.267723
704,-8.583362579345703,-377.7955627441406,60.70905303955078,0.7571364249007851,2.3324052708763805,-98.26093844672391,10.604106,-4.257272,21.71022,19.000648,-25.295746,-4.1995964,-23.544678,2.790289,-6.6126604,9.203528,-2.7844481,3.003124,-8.090836,-19.263079,30.316214,-30.453657,52.10122,6.792847,-26.461296,45.688606,52.725773
705,-8.707497596740723,-378.4537048339844,60.714088439941406,0.3115202372606759,2.339774593440835,-98.12808809062145,10.585143,-3.4311593,21.636448,20.47558,-25.250528,-4.632294,-23.856089,3.2783113,-6.11917,10.867102,-2.2385812,2.026358,-8.137937,-19.07519,30.320223,-30.447878,52.669544,7.049036,-26.38646,45.1152,52.2412
706,-8.828495979309082,-379.1339416503906,60.7152214050293,-0.09599713704531637,2.372154023439058,-97.88381774861402,10.50867,-2.590761,21.439972,22.046608,-25.120464,-5.085505,-24.049665,3.7056096,-5.458876,12.186758,-1.3464167,1.4847589,-8.279351,-18.76625,30.310278,-30.357265,53.173058,7.304378,-26.307737,44.433784,51.76198
707,-8.952598571777344,-379.8225402832031,60.72365188598633,-0.4743132942296997,2.4053324676642878,-97.60786929229886,10.369633,-1.7451974,21.187527,23.749525,-24.829395,-5.553378,-24.133652,4.088848,-4.8388624,13.298214,-0.45655948,1.1859916,-8.451492,-18.349546,30.283142,-30.210653,53.66233,7.5572805,-26.228662,43.720207,51.29071
708,-9.081686019897461,-380.5087890625,60.74262237548828,-0.8212327569845632,2.414176325460526,-97.37230307633695,10.159302,-0.9101775,20.935463,25.62916,-24.29779,-6.027524,-24.134743,4.4236574,-4.472284,14.372208,0.06128288,0.9366745,-8.591369,-17.822008,30.229767,-30.02318,54.167717,7.796173,-26.15434,43.041126,50.842278
709,-9.208466529846191,-381.1995544433594,60.76924133300781,-1.1371386653954219,2.3926537836857835,-97.18032623743484,9.890549,-0.08555012,20.679735,27.683664,-23.479528,-6.576934,-24.048737,4.683106,-4.4826217,15.442733,0.06374259,0.8161614,-8.699531,-17.178423,30.146477,-29.776136,54.692696,8.0264015,-26.084488,42.380802,50.410904
710,-9.326187133789062,-381.8885803222656,60.80359649658203,-1.4345089181715718,2.348665143166112,-97.00687352376185,9.567229,0.74078447,20.403168,29.893038,-22.427029,-7.1842856,-23.87149,4.8772984,-4.719941,16.447117,-0.2490266,0.882717,-8.791324,-16.425364,30.038942,-29.473648,55.227345,8.261667,-26.01571,41.708,49.98243
711,-9.44565486907959,-382.5763854980469,60.85145568847656,-1.718039369651611,2.28339428370485,-96.87637958269534,9.168022,1.5671128,20.138079,32.264645,-21.198961,-7.712465,-23.632296,5.0568447,-4.99514,17.393642,-0.7293061,0.9152083,-8.84337,-15.617464,29.909618,-29.188623,55.81264,8.480819,-25.951063,41.086273,49.567146
712,-9.55862045288086,-383.2576904296875,60.907047271728516,-1.9881637623484472,2.1986571674719775,-96.80972143674326,8.674936,2.3891387,19.918743,34.79759,-19.848139,-8.02694,-23.349258,5.278668,-5.1192884,18.259558,-1.2149009,0.6965768,-8.834718,-14.803374,29.759405,-28.98908,56.484715,8.664775,-25.893778,40.57452,49.17292
713,-9.667510986328125,-383.93853759765625,60.973175048828125,-2.242898467989179,2.0799908147596997,-96.84445076972054,8.1059265,3.1991146,19.798077,37.512398,-18.321644,-8.146402,-23.030369,5.577654,-5.006655,19.073143,-1.7162985,0.11489592,-8.732166,-13.974453,29.582842,-28.868513,57.277905,8.814047,-25.844473,40.18586,48.821407
714,-9.769967079162598,-384.6124267578125,61.04465866088867,-2.4809160189236206,1.9304116113133893,-96.95758365886759,7.471124,4.001382,19.751839,40.390324,-16.60194,-8.132056,-22.666634,5.9307876,-4.7655654,19.829544,-2.295626,-0.6883944,-8.550043,-13.109811,29.382889,-28.80212,58.15841,8.935882,-25.80202,39.88194,48.50101
715,-9.876114845275879,-385.28314208984375,61.125396728515625,-2.708843939963811,1.7792034304010764,-97.07702354014418,6.740313,4.8112826,19.70324,43.369408,-14.786705,-7.9152384,-22.249645,6.3051243,-4.50124,20.454268,-2.872864,-1.5514629,-8.340644,-12.231824,29.174017,-28.826551,59.052666,9.020536,-25.767681,39.64634,48.1704
716,-9.983137130737305,-385.94189453125,61.21308135986328,-2.9361437959939454,1.6566702818685792,-97.13182569899405,5.879751,5.6451564,19.577465,46.392086,-12.973195,-7.426414,-21.771185,6.657932,-4.321741,20.878382,-3.379646,-2.313306,-8.158076,-11.35934,28.970198,-28.974361,59.88651,9.061193,-25.742298,39.463623,47.785545
717,-10.096840858459473,-386.59747314453125,61.30647659301758,-3.161178165145959,1.5707582709024206,-97.10681104281767,4.826688,6.5107317,19.306011,49.572342,-11.219151,-6.448008,-21.21371,6.977182,-4.2504873,21.05629,-3.807682,-2.9492319,-8.018387,-10.480408,28.77188,-29.246798,60.65561,9.050132,-25.726824,39.34342,47.34522
718,-10.212289810180664,-387.23980712890625,61.405216217041016,-3.381958668485637,1.506791406642685,-97.03957922576167,3.6196034,7.399824,18.96863,52.88274,-9.43624,-5.0865803,-20.587736,7.2806883,-4.2313232,21.040678,-4.200012,-3.5359902,-7.8909044,-9.581334,28.575787,-29.625267,61.387608,8.9952,-25.720749,39.286774,46.867413
719,-10.333921432495117,-387.8737487792969,61.50823211669922,-3.6021871765466758,1.4611449131364782,-96.93787005572418,2.3686287,8.315715,18.695538,56.07995,-7.529989,-3.740013,-19.922775,7.568469,-4.255331,20.897566,-4.558086,-4.065858,-7.759419,-8.677249,28.388704,-30.112066,62.05609,8.9019165,-25.72425,39.27144,46.349003
720,-10.45709228515625,-388.4999694824219,61.61258316040039,-3.8228262991641073,1.4306298469201044,-96.80977101906785,1.176163,9.27322,18.59417,58.946312,-5.4413114,-2.7897615,-19.252462,7.8428984,-4.3151765,20.697968,-4.883555,-4.535507,-7.6109433,-7.786441,28.217419,-30.708338,62.638023,8.776061,-25.737421,39.274345,45.78652
721,-10.57911491394043,-389.114990234375,61.715362548828125,-4.059412722240757,1.4284827175738246,-96.62315039175859,0.030861884,10.327456,18.659893,61.47538,-2.985346,-2.3914573,-18.589064,8.115965,-4.452617,20.437685,-5.1713214,-4.9539137,-7.4797645,-6.9199486,28.06391,-31.453115,63.139236,8.616045,-25.762571,39.315937,45.143562
722,-10.694612503051758,-389.7193603515625,61.812843322753906,-4.306104352515024,1.452802477965523,-96.38650236107922,-1.1209902,11.472566,18.816372,63.806244,-0.28175795,-2.28932,-17.914202,8.389373,-4.658447,20.080341,-5.415554,-5.3225064,-7.363996,-6.068735,27.924805,-32.33018,63.57509,8.419342,-25.79912,39.40077,44.43182
723,-10.809646606445312,-390.3135070800781,61.90920639038086,-4.535755486664636,1.4761691047719125,-96.1678798835741,-2.2397432,12.630591,19.057852,65.952896,2.2611756,-2.2536888,-17.224371,8.649336,-4.850913,19.670822,-5.62909,-5.630474,-7.1910243,-5.222099,27.798409,-33.263176,63.93375,8.180448,-25.843727,39.48719,43.730648
724,-10.916478157043457,-390.90679931640625,62.00387954711914,-4.72426245516261,1.4692654089419985,-96.0330104000438,-3.277008,13.724338,19.397322,67.9184,4.2374845,-2.066333,-16.51803,8.880361,-4.9510593,19.262575,-5.828924,-5.866502,-6.8920913,-4.3737674,27.683992,-34.1803,64.205986,7.9030704,-25.892023,39.53223,43.109264
725,-11.014790534973145,-391.4962158203125,62.095367431640625,-4.863134176455351,1.4204216891037214,-95.99476692528333,-4.209404,14.780037,19.934603,69.71869,5.6136203,-1.6579556,-15.786764,9.074503,-4.9490504,18.855879,-6.012935,-6.0099154,-6.4469333,-3.5164516,27.581457,-35.106796,64.37574,7.5842257,-25.945017,39.53169,42.57492
726,-11.104588508605957,-392.0794372558594,62.183074951171875,-4.95724361303699,1.359352007165064,-96.021860363261,-5.0717587,15.816999,20.642868,71.35229,6.5781584,-1.1467668,-15.063328,9.2322855,-4.8844295,18.46175,-6.1928706,-6.0774627,-6.15655,-2.3170042,27.564873,-35.509953,64.26197,7.115291,-25.972372,39.71617,42.116627
727,-11.185388565063477,-392.65191650390625,62.267093658447266,-5.038236199467801,1.2496666236273493,-96.10235910068074,-5.84748,16.780386,21.33928,72.79685,7.0656514,-0.61600006,-14.295228,9.388585,-4.7608066,18.039463,-6.340274,-6.110795,-5.2777567,-1.8246928,27.423504,-36.983543,64.485954,6.8059254,-26.067818,39.49992,41.685368
728,-11.255104064941406,-393.217041015625,62.346744537353516,-5.08305689014867,1.1590195252584334,-96.22120098054563,-6.61466,17.534931,21.836926,73.98998,7.0324984,-0.15882407,-13.578661,9.509458,-4.5842834,17.686962,-6.5223336,-6.1448846,-4.8400774,-0.77828765,27.40799,-37.34057,64.369644,6.268597,-26.096447,39.649097,41.373135
729,-11.328368186950684,-393.7884216308594,62.42144012451172,-5.095357480313432,1.041326366605656,-96.39794190628626,-7.341127,18.01259,22.060753,74.90447,6.3097453,0.17678313,-12.866341,9.598783,-4.329275,17.385654,-6.7163477,-6.1763735,-4.258671,0.13595323,27.390026,-37.810593,64.269196,5.66215,-26.136913,39.80034,41.194542
730,-11.386372566223145,-394.35528564453125,62.49443435668945,-5.073981685328086,0.8974414213596206,-96.6407506350568,-8.021669,18.26258,22.121225,75.56505,4.986202,0.42791188,-12.154929,9.653859,-3.9938889,17.122915,-6.916882,-6.185236,-3.009159,0.32055998,27.245234,-39.31858,64.4853,5.320916,-26.27508,39.345245,40.99968
731,-11.443337440490723,-394.91522216796875,62.562740325927734,-5.043539574598911,0.7674657417252667,-96.87969608942691,-8.719031,18.385887,22.050274,76.02524,3.3962317,0.6190398,-11.464524,9.689036,-3.65578,16.87499,-7.1228647,-6.1819377,-2.3650331,1.1315136,27.231958,-39.57461,64.366776,4.688352,-26.305008,39.44069,40.932243
732,-11.491981506347656,-395.4673767089844,62.62808609008789,-5.002588825561953,0.6300037402644059,-97.12079999284106,-9.400957,18.474916,21.998507,76.32539,1.8783817,0.7982156,-10.780038,9.704892,-3.3106048,16.649055,-7.331973,-6.1781116,-1.6370891,1.848906,27.214584,-39.873287,64.26089,4.018768,-26.344826,39.516136,40.956703
733,-11.538278579711914,-396.0220947265625,62.691749572753906,-4.961180943850008,0.49469995716495546,-97.35415356082116,-10.083449,18.539616,21.944006,76.46505,0.4086388,0.95863074,-10.101858,9.71246,-2.9688022,16.425014,-7.530461,-6.1748495,-0.8554688,2.4553602,27.190865,-40.12833,64.197815,3.3626199,-26.38893,39.534557,41.033417
734,-11.587246894836426,-396.5760498046875,62.75284957885742,-4.913711157373589,0.3592783316319056,-97.5917678583572,-10.763729,18.537119,21.844088,76.425835,-1.1540298,1.0866262,-9.432221,9.70534,-2.6170669,16.212034,-7.7241025,-6.165081,-0.026765015,2.982137,27.160765,-40.309727,64.155556,2.718698,-26.435528,39.497414,41.15914
735,-11.632137298583984,-397.1237487792969,62.8089485168457,-4.8630258716795,0.22996865129169744,-97.81961942642464,-11.443431,18.504248,21.742908,76.2286,-2.6601586,1.2067655,-8.77354,9.68263,-2.273061,16.008083,-7.9243174,-6.1497006,0.80852896,3.4625068,27.125267,-40.416294,64.117096,2.0832624,-26.484152,39.417027,41.310493
736,-11.677202224731445,-397.6685791015625,62.862056732177734,-4.810388042434357,0.11329317281331287,-98.02224771365354,-12.126066,18.477264,21.683899,75.89637,-3.960105,1.3417066,-8.129417,9.645289,-1.9560866,15.8124895,-8.142508,-6.1316404,1.6100914,3.9203389,27.086159,-40.459175,64.07127,1.4569458,-26.534046,39.30467,41.45912
737,-11.724136352539062,-398.2164611816406,62.911380767822266,-4.752976961920555,0.009620436743474662,-98.19046440145463,-12.817763,18.470049,21.686773,75.43858,-4.9961696,1.5036236,-7.496506,9.594859,-1.6730158,15.619709,-8.382096,-6.120672,2.3743052,4.3489704,27.044365,-40.43564,64.01995,0.83135206,-26.584974,39.161797,41.616955
738,-11.762019157409668,-398.75335693359375,62.95564270019531,-4.694347702037952,-0.08422701740645493,-98.33306833466591,-13.515098,18.461388,21.727377,74.84263,-5.854794,1.6769118,-6.871232,9.532718,-1.4140617,15.424453,-8.634112,-6.1144814,3.1155252,4.7435946,26.999805,-40.337643,63.96661,0.20493722,-26.637218,38.988888,41.79539
739,-11.802837371826172,-399.2875671386719,62.99236297607422,-4.635628567937986,-0.16670267559213056,-98.46059066270378,-14.20764,18.434458,21.784616,74.0981,-6.606878,1.8437476,-6.265217,9.460981,-1.1753385,15.248162,-8.900681,-6.098199,3.8258474,5.125674,26.95401,-40.17848,63.90214,-0.418216,-26.690199,38.798046,41.972122
740,-11.841156005859375,-399.82373046875,63.025611877441406,-4.5775239303375015,-0.23658632592092607,-98.58413240996673,-14.885973,18.37399,21.8364,73.19824,-7.320025,1.9866488,-5.686331,9.3817215,-0.95215243,15.103832,-9.18153,-6.057179,4.5017247,5.513287,26.90814,-39.98036,63.817184,-1.0380684,-26.744423,38.603836,42.129112
741,-11.874346733093262,-400.3591613769531,63.05434036254883,-4.518352938569495,-0.2928495068860433,-98.70552214729841,-15.550089,18.278769,21.892988,72.143394,-8.002463,2.1220803,-5.13383,9.2904215,-0.74520874,14.988349,-9.474277,-5.9793687,5.152926,5.9079385,26.861803,-39.7496,63.700348,-1.6607292,-26.801413,38.411114,42.272358
742,-11.906923294067383,-400.8958435058594,63.07334899902344,-4.459071613692904,-0.3366711716453978,-98.81997583557175,-16.20362,18.154375,21.96411,70.93794,-8.622177,2.251484,-4.603904,9.18886,-0.55579495,14.895899,-9.779297,-5.877198,5.780113,6.2991567,26.815836,-39.482037,63.55904,-2.2880006,-26.859985,38.216663,42.411186
743,-11.937721252441406,-401.423583984375,63.08766555786133,-4.404515435122192,-0.3705231344298679,-98.92775593473046,-16.839836,17.998592,22.0262,69.576706,-9.188165,2.3374665,-4.0946817,9.089149,-0.38091046,14.828979,-10.09938,-5.7714415,6.367266,6.683676,26.769999,-39.187084,63.41258,-2.915755,-26.920666,38.02075,42.53398
744,-11.967754364013672,-401.95623779296875,63.09597396850586,-4.362661453346076,-0.3970977142783321,-99.02927460931235,-17.451023,17.811146,22.056112,68.052574,-9.708672,2.3448775,-3.6022809,9.002302,-0.21657057,14.78604,-10.435167,-5.6818,6.8988996,7.052985,26.725098,-38.880447,63.28388,-3.5369573,-26.982515,37.822395,42.62716
745,-12.002374649047852,-402.4850769042969,63.0992546081543,-4.338027230659857,-0.4187822993776786,-99.128033391294,-18.037754,17.592236,22.039093,66.359344,-10.208722,2.270633,-3.1276522,8.930219,-0.059089396,14.770107,-10.78758,-5.611487,7.379163,7.392279,26.681301,-38.566563,63.18524,-4.1474934,-27.04423,37.610306,42.68752
746,-12.030390739440918,-403.0054626464844,63.09416198730469,-4.324290042602445,-0.4329863018830719,-99.22256956002091,-18.602758,17.34689,21.992167,64.50431,-10.678338,2.1359332,-2.672878,8.868364,0.088515386,14.781871,-11.156811,-5.5504756,7.8204184,7.7023773,26.638767,-38.247757,63.10528,-4.7483997,-27.104765,37.379074,42.721363
747,-12.0584077835083,-403.52899169921875,63.08209991455078,-4.3208410139516715,-0.43708134193425385,-99.3068171841871,-19.138824,17.080925,21.940924,62.495907,-11.071583,1.9428585,-2.2303605,8.815258,0.22220182,14.802446,-11.53233,-5.4973226,8.218655,7.9993234,26.597599,-37.93648,63.029816,-5.3389606,-27.16472,37.137444,42.730614
748,-12.084213256835938,-404.0536804199219,63.060970306396484,-4.325679833523085,-0.42810639111232895,-99.37413236565074,-19.640076,16.79865,21.909855,60.342216,-11.342851,1.6920909,-1.7980092,8.768983,0.33638763,14.826038,-11.911367,-5.450682,8.570554,8.297043,26.558111,-37.649506,62.94553,-5.9248667,-27.225466,36.902435,42.72095
749,-12.111714363098145,-404.57550048828125,63.0363655090332,-4.332823913582058,-0.40530361484941413,-99.42652507003777,-20.109142,16.501905,21.892939,58.037796,-11.488836,1.3753906,-1.381354,8.726735,0.43210545,14.864193,-12.29426,-5.420268,8.875621,8.598501,26.520445,-37.396843,62.851772,-6.516361,-27.2879,36.683758,42.69502
750,-12.142667770385742,-405.1028137207031,63.00437545776367,-4.344843709349072,-0.3703836015109188,-99.46612320415312,-20.548338,16.187504,21.88061,55.583313,-11.533215,0.9964417,-0.9812912,8.688691,0.5111152,14.919414,-12.684113,-5.402862,9.135739,8.893185,26.484364,-37.17545,62.755585,-7.11246,-27.351818,36.47693,42.654053
751,-12.173807144165039,-405.62982177734375,62.9679069519043,-4.364280023255032,-0.3236173006085683,-99.48509876824795,-20.951773,15.851535,21.890856,52.989597,-11.468675,0.5719645,-0.5832072,8.656803,0.5697381,14.96228,-13.076981,-5.377214,9.348719,9.175294,26.449722,-36.980442,62.655308,-7.6983175,-27.416506,36.276966,42.596127
752,-12.210331916809082,-406.1575927734375,62.92615509033203,-4.394124117623404,-0.2654188497827322,-99.47561774251456,-21.314344,15.490489,21.940723,50.26373,-11.287553,0.11880948,-0.17222016,8.63393,0.60361433,14.960553,-13.467298,-5.3226604,9.512727,9.439743,26.416649,-36.806335,62.548985,-8.260718,-27.48099,36.07887,42.521236
753,-12.243184089660645,-406.6945495605469,62.881439208984375,-4.43866820772418,-0.19463866943563737,-99.43421981463835,-21.643202,15.111994,22.024698,47.392002,-10.974533,-0.31465232,0.25625533,8.6218405,0.6095425,14.900603,-13.855095,-5.2239323,9.622798,9.686804,26.384916,-36.642788,62.439564,-8.790344,-27.544174,35.873535,42.421585
754,-12.279800415039062,-407.232421875,62.82999038696289,-4.4939204549129785,-0.11079984637053358,-99.3641109609382,-21.943115,14.717096,22.131008,44.381233,-10.543999,-0.7514317,0.69454294,8.6192465,0.5886031,14.796289,-14.239421,-5.0954432,9.682761,9.920657,26.35472,-36.492073,62.323814,-9.298932,-27.606106,35.663555,42.30262
755,-12.316922187805176,-407.7696838378906,62.77476119995117,-4.553799232219797,-0.018079769842877597,-99.26766608455758,-22.198584,14.288503,22.268545,41.26022,-10.027205,-1.2828245,1.1413419,8.61983,0.5427715,14.666331,-14.621095,-4.9603825,9.689031,10.147939,26.326464,-36.36234,62.19311,-9.776331,-27.666548,35.452225,42.164646
756,-12.347611427307129,-408.3105163574219,62.715003967285156,-4.606650821155147,0.08028294279013606,-99.14759372435445,-22.393923,13.809688,22.446835,38.047718,-9.449572,-1.9989655,1.5927497,8.619208,0.47451285,14.5335,-15.003055,-4.842205,9.644929,10.3705015,26.300976,-36.268898,62.039555,-10.221413,-27.725548,35.246666,42.014122
757,-12.379600524902344,-408.86187744140625,62.647743225097656,-4.659252775523945,0.18699551709795317,-98.99587823121821,-22.521545,13.275138,22.660418,34.659584,-8.733471,-2.9371674,2.050707,8.621309,0.37667972,14.389751,-15.380481,-4.753912,9.535019,10.585605,26.279459,-36.229748,61.866272,-10.636457,-27.782557,35.047447,41.848507
758,-12.415576934814453,-409.41351318359375,62.57684326171875,-4.709377295682968,0.302068951974802,-98.81244110239214,-22.58483,12.6890135,22.8996,31.087887,-7.882396,-4.0418954,2.5141137,8.625,0.24851367,14.233488,-15.756677,-4.680575,9.369492,10.785596,26.262173,-36.24733,61.67818,-11.024999,-27.837051,34.849567,41.674168
759,-12.44774341583252,-409.9708557128906,62.50216293334961,-4.747435950820278,0.4179980059142126,-98.61361615245296,-22.576391,12.048226,23.175463,27.440376,-7.0289803,-5.2628655,2.9799972,8.617964,0.1050087,14.085144,-16.142616,-4.6041512,9.186978,10.969256,26.247929,-36.307327,61.468338,-11.385467,-27.889347,34.652294,41.50646
760,-12.47216796875,-410.53070068359375,62.418312072753906,-4.764664423497914,0.5266027108522962,-98.42020889821812,-22.48606,11.350068,23.513693,23.81885,-6.301627,-6.547654,3.434038,8.585622,-0.03625936,13.989466,-16.556278,-4.506842,9.027681,11.144263,26.234549,-36.385765,61.223328,-11.722295,-27.941128,34.46172,41.364452
761,-12.498311042785645,-411.09381103515625,62.32591247558594,-4.759081248646702,0.6249881205206976,-98.22763810233114,-22.272299,10.564737,23.97354,20.080894,-5.6906,-7.90887,3.8925977,8.526806,-0.17789431,13.918631,-16.992476,-4.379662,8.887861,11.326563,26.22041,-36.467354,60.92883,-12.044694,-27.993874,34.290497,41.25447
762,-12.519976615905762,-411.66162109375,62.2255973815918,-4.744430423677658,0.7207696911398181,-98.03734777678955,-21.905432,9.688457,24.54419,16.070662,-5.055221,-9.35768,4.364771,8.458973,-0.31529635,13.835803,-17.427492,-4.2343245,8.744594,11.509371,26.205551,-36.54624,60.601505,-12.345359,-28.047478,34.142048,41.14702
763,-12.535005569458008,-412.2471923828125,62.11859130859375,-4.696968016103781,0.8222890601426529,-97.86739540269134,-21.29004,8.650141,25.171965,11.596002,-4.1792865,-10.824394,4.7423124,8.34828,-0.44899493,13.976475,-17.9847,-4.081842,8.635505,11.69437,26.18505,-36.64639,60.222355,-12.607329,-28.126148,33.971405,41.042656
764,-12.539836883544922,-412.8406066894531,61.9875602722168,-4.8094233484267965,0.964071354503436,-97.85139699429871,-20.743095,7.8695,25.76302,7.5321913,-3.4638286,-12.294097,5.068064,8.383304,-0.42123243,14.138391,-18.513664,-3.9425821,8.599918,11.687903,26.171614,-36.701813,60.024616,-12.751764,-28.1956,33.797348,40.717617
765,-12.54249095916748,-413.43890380859375,61.82487106323242,-5.117973128315986,1.146038613453212,-97.98269360277384,-20.989765,7.7648497,26.21043,5.787982,-4.115086,-13.925235,5.341625,8.599387,-0.236916,14.328409,-19.037762,-3.8200076,8.599116,11.4998665,26.170418,-36.692165,60.016758,-12.757524,-28.23221,33.621258,40.133553
766,-12.521960258483887,-414.0330810546875,61.646575927734375,-5.506038605155681,1.354782644547989,-98.12079291404743,-20.116737,6.925801,26.690039,1.0053757,-3.064724,-14.323944,5.578304,8.86663,-0.04397373,14.546081,-19.568403,-3.6785989,8.569347,11.20063,26.177292,-36.654152,60.09024,-12.645701,-28.260956,33.391167,39.402218
767,-12.495437622070312,-414.62518310546875,61.467506408691406,-5.821505754690771,1.4931482561726637,-98.1775524737164,-19.662588,6.2792335,26.917662,-2.1420274,-2.7698321,-14.323944,5.8204,9.057463,0.061537094,14.919953,-20.148052,-3.529822,8.473282,11.009667,26.183277,-36.618893,60.101215,-12.564721,-28.272137,33.24517,38.85429
768,-12.470952987670898,-415.2172546386719,61.31477355957031,-6.006271316936933,1.6302823378988047,-98.21942550802655,-19.887802,6.0591283,26.991423,-2.834492,-3.4579508,-14.323944,6.037768,9.117315,0.14802682,15.331797,-20.656002,-3.3811827,8.393135,10.824398,26.18799,-36.56927,60.042973,-12.497133,-28.282808,33.08861,38.43075
769,-12.46306037902832,-415.8075256347656,61.16946792602539,-6.116919937599938,1.749707319560664,-98.27257658383634,-20.054165,5.921979,27.025496,-2.9224703,-3.9815261,-14.323944,6.2111454,9.109638,0.24072419,15.863306,-21.13854,-3.248063,8.352621,10.654271,26.190699,-36.500713,59.948765,-12.440536,-28.294378,32.931164,38.129982
770,-12.466889381408691,-416.40478515625,61.02948760986328,-6.191931162707069,1.8554124660916884,-98.35467869811222,-20.05678,5.786814,27.054766,-2.830934,-4.2198176,-14.323944,6.347607,9.068383,0.3592836,16.492708,-21.598406,-3.1261241,8.37073,10.480341,26.191784,-36.417656,59.84102,-12.405664,-28.30718,32.785477,37.92449
771,-12.452584266662598,-416.9715270996094,60.952293395996094,-6.077369854330766,1.9377986766754909,-98.44007630741987,-20.431942,5.7946362,27.078346,-1.2657591,-4.9494615,-14.323944,6.423036,8.834038,0.45929462,17.315468,-22.087254,-2.9922602,8.40694,10.438785,26.183372,-36.260883,59.5645,-12.338858,-28.338675,32.57944,37.8722
772,-12.449126243591309,-417.54693603515625,60.903846740722656,-5.8607172531688025,1.973416739238934,-98.5082523402269,-20.666622,5.750981,27.120705,0.17476384,-5.2414165,-14.323944,6.565099,8.504494,0.55179924,18.105116,-22.460897,-2.841385,8.47215,10.542854,26.166922,-36.118473,59.16877,-12.359521,-28.375738,32.467564,38.06923
773,-12.486547470092773,-418.1590576171875,60.855674743652344,-5.465427407816713,1.9606136610195766,-98.55537428815852,-20.969608,5.764021,27.195269,2.1414092,-5.3025303,-14.323944,6.7390704,8.009073,0.6215245,18.958467,-22.796825,-2.6747768,8.482907,10.87952,26.119282,-35.861454,58.594208,-12.38863,-28.4503,32.415184,38.454338
774,-12.537294387817383,-418.78790283203125,60.833187103271484,-4.9220843199071,1.9296237883210292,-98.57510444121681,-21.592606,5.965854,27.18311,5.314335,-5.5741916,-14.323944,6.923552,7.3753386,0.6588985,19.850119,-23.081652,-2.4971097,8.3538685,11.370915,25.998755,-35.425766,57.930088,-12.574556,-28.614399,32.64397,39.006626
775,-12.531834602355957,-419.4075012207031,60.841854095458984,-4.292939324006069,1.862080014117011,-98.42821956013549,-21.336752,5.2879305,26.936413,5.963004,-4.251248,-12.500757,7.094244,6.632255,0.5197491,20.884338,-23.34588,-2.2603025,8.125627,11.881671,25.888372,-35.09521,57.22588,-12.80589,-28.681608,32.861984,39.82657
776,-12.488043785095215,-420.0314025878906,60.87025451660156,-3.6571263913711833,1.8151208962815741,-98.29527272832937,-21.608622,4.7472982,26.550692,7.825519,-3.8495517,-10.112431,7.189659,5.8440056,0.3800377,22.038795,-23.516205,-1.9785339,7.9372234,12.352763,25.7902,-34.819893,56.501427,-13.043064,-28.710217,33.054226,40.743168
777,-12.443599700927734,-420.67364501953125,60.9028205871582,-2.997109335414571,1.8086294150669666,-98.26054019194054,-21.744555,4.0992475,26.106024,9.168824,-3.3793516,-7.9948454,7.2157173,4.995624,0.3046511,23.271553,-23.601982,-1.660333,7.843446,12.801217,25.694,-34.558525,55.72837,-13.268756,-28.736124,33.213852,41.715023
778,-12.394352912902832,-421.3345947265625,60.943084716796875,-2.275161898575473,1.8217983578266876,-98.27495998890967,-21.768229,3.3299139,25.62126,10.196242,-2.8152862,-5.8931127,7.1909823,4.0615387,0.24874355,24.599018,-23.621296,-1.3035636,7.8020673,13.2748375,25.593395,-34.306965,54.880516,-13.49561,-28.766344,33.361042,42.787033
779,-12.347457885742188,-422.0135803222656,60.98283004760742,-1.5460199650581394,1.8485962636286537,-98.33872445197208,-21.71727,2.540768,25.23406,11.064488,-2.340829,-4.0028324,7.0934935,3.108242,0.24876004,26.056978,-23.509577,-0.9183726,7.7961826,13.741375,25.49463,-34.072445,54.01365,-13.670746,-28.794003,33.496708,43.88419
780,-12.29004955291748,-422.69793701171875,61.02517318725586,-0.8848432191873709,1.8908321471102,-98.46150880820082,-21.656805,1.8690197,25.056404,11.971189,-2.157071,-2.5265133,6.8891335,2.2184794,0.35462353,27.68176,-23.20093,-0.5183536,7.836251,14.136207,25.408354,-33.8806,53.203243,-13.784641,-28.806437,33.640545,44.954464
781,-12.225810050964355,-423.37542724609375,61.06941223144531,-0.29399519150918957,1.9585692718898144,-98.67368586610793,-21.566977,1.3405954,25.147772,12.875217,-2.2965553,-1.6280575,6.5580034,1.3886474,0.614609,29.501856,-22.725182,-0.11561056,7.9218554,14.468883,25.333443,-33.698326,52.43942,-13.789625,-28.80415,33.758595,45.9482
782,-12.158836364746094,-424.0561828613281,61.11363220214844,0.28110135551757826,2.0482237251187043,-98.95109096004306,-21.381748,0.8574674,25.407429,13.62031,-2.6050673,-1.1629834,6.1161203,0.56457216,0.9794895,31.499752,-22.108252,0.30139256,8.050751,14.78064,25.264212,-33.53418,51.669495,-13.746228,-28.792822,33.87673,46.95184
783,-12.101689338684082,-424.7362976074219,61.16033172607422,0.8408626816766033,2.1318841085858558,-99.22822960967473,-21.102781,0.38409233,25.702717,14.227416,-2.9938035,-0.8767521,5.591128,-0.23456685,1.364649,33.635925,-21.27327,0.7502251,8.176837,15.072357,25.20129,-33.409492,50.91934,-13.661978,-28.769825,34.03098,47.988865
784,-12.04944133758545,-425.4122619628906,61.21924591064453,1.3817493374298595,2.1795241791660827,-99.44346512187077,-20.743216,-0.119698,25.90668,14.718783,-3.3841357,-0.5172889,5.011104,-0.98656493,1.6918398,35.877796,-20.137903,1.2479469,8.250484,15.340592,25.146023,-33.33937,50.219334,-13.522642,-28.730223,34.2436,49.060894
785,-11.997191429138184,-426.0787353515625,61.29179763793945,1.9079247329480309,2.174285106751363,-99.56674017049995,-20.316727,-0.68213195,25.970736,15.1123905,-3.7960384,-0.051143855,4.3986797,-1.6889987,1.9319514,38.229115,-18.60817,1.8570201,8.250205,15.593789,25.098879,-33.32385,49.575012,-13.303097,-28.669157,34.48353,50.19455
786,-11.965344429016113,-426.75018310546875,61.36375045776367,2.422247452253242,2.13211940486039,-99.63492353089482,-19.833921,-1.288308,25.963232,15.405967,-4.256231,0.39319837,3.733119,-2.3527865,2.1378295,40.710526,-16.75418,2.5445464,8.202506,15.828411,25.059402,-33.353268,48.969666,-13.018751,-28.590034,34.750683,51.380157
787,-11.935674667358398,-427.4179992675781,61.434410095214844,2.907932071345077,2.0712604957092617,-99.68939487792154,-19.316086,-1.9031965,25.935453,15.614959,-4.717599,0.8252624,2.988773,-2.9709628,2.3531048,43.293438,-14.730245,3.1923554,8.119849,16.025402,25.026712,-33.413254,48.40602,-12.694253,-28.502516,35.104233,52.545795
788,-11.907563209533691,-428.0887145996094,61.5089225769043,3.3504173854512085,2.0122512278584077,-99.77125341286067,-18.771471,-2.488088,25.93884,15.737978,-5.1273437,1.2528653,2.1420314,-3.5343037,2.6128414,45.94214,-12.683794,3.6920214,8.015505,16.165274,25.000088,-33.490734,47.88787,-12.352239,-28.414675,35.605145,53.61952
789,-11.873629570007324,-428.7474670410156,61.587162017822266,3.7326946244084613,1.9597480846303121,-99.86887343255243,-18.212082,-3.0200834,25.962807,15.798608,-5.4870033,1.6842219,1.1710427,-4.0122676,2.9282641,48.710514,-10.603606,3.9789371,7.8751426,16.24147,24.979818,-33.593216,47.43113,-11.982329,-28.323633,36.25745,54.60787
790,-11.83580493927002,-429.3953552246094,61.6615104675293,4.066971714429083,1.9033644524185251,-99.96815919383788,-17.62371,-3.5250716,25.987162,15.77504,-5.811882,2.1115544,0.10091309,-4.411432,3.2725506,51.58451,-8.415103,4.1453905,7.692934,16.265491,24.966022,-33.71914,47.028633,-11.571783,-28.227861,37.03568,55.53792
791,-11.7869291305542,-430.0362548828125,61.73509979248047,4.37795135774861,1.8431520473059881,-100.10627101977929,-16.996834,-4.018654,26.050714,15.659852,-6.108784,2.516292,-1.0241827,-4.781879,3.6250882,54.431126,-6.174256,4.3108454,7.4971113,16.243624,24.95781,-33.845154,46.652706,-11.142552,-28.13742,37.95938,56.374104
792,-11.732388496398926,-430.66497802734375,61.80794906616211,4.692756457966842,1.7801073016620057,-100.3205384311415,-16.32084,-4.5196333,26.192572,15.43866,-6.3799014,2.8817234,-2.165505,-5.1813545,3.9730756,57.127926,-3.9453244,4.5756874,7.318736,16.18185,24.95417,-33.949806,46.27486,-10.713613,-28.060919,39.042736,57.07689
793,-11.668298721313477,-431.290771484375,61.8805046081543,5.015605590891992,1.7199953480558599,-100.64758450397171,-15.589894,-5.043417,26.451616,15.083029,-6.618632,3.2153275,-3.354483,-5.6141543,4.4128323,59.691402,-1.5348518,5.020555,7.193558,16.084358,24.955233,-34.04528,45.873352,-10.290886,-27.999268,40.32218,57.650078
794,-11.602189064025879,-431.9063720703125,61.95012283325195,5.337525713255375,1.6620352365291924,-101.05538144550594,-14.820535,-5.5786867,26.7954,14.616973,-6.827759,3.525297,-4.6077003,-6.048372,4.930859,62.192467,1.0134826,5.5695405,7.096294,15.946884,24.961348,-34.13938,45.46824,-9.866927,-27.948387,41.779526,58.118233
795,-11.529393196105957,-432.5094299316406,62.0152587890625,5.648665542348463,1.5980130291811774,-101.4891528913456,-14.018731,-6.122459,27.162828,14.067479,-7.0075703,3.7947598,-5.8569956,-6.5141726,5.343924,64.5673,3.2818148,6.0496917,6.978837,15.759666,24.972086,-34.20863,45.096657,-9.442079,-27.908663,43.343693,58.472885
796,-11.451760292053223,-433.0986022949219,62.07281494140625,5.937132099483579,1.5181004344353106,-101.89033221575599,-13.196841,-6.663509,27.49078,13.478459,-7.164829,4.0064077,-7.042034,-7.0727134,5.4418817,66.75967,4.849042,6.253634,6.7914853,15.513162,24.987194,-34.231773,44.794098,-9.021046,-27.882032,44.946373,58.70653
797,-11.382986068725586,-433.6871643066406,62.128173828125,6.212156305679201,1.4180985533862729,-102.27075305436767,-12.351671,-7.207047,27.793596,12.853453,-7.303227,4.151317,-8.153889,-7.8266535,5.093565,68.776436,5.5519147,6.084858,6.546012,15.210434,25.00761,-34.211555,44.546265,-8.606834,-27.87247,46.637165,58.794277
798,-11.32237434387207,-434.271728515625,62.17710876464844,6.466702640953424,1.3034367845151666,-102.6520027961918,-11.491269,-7.7420325,28.093681,12.206426,-7.438686,4.240167,-9.22298,-8.750431,4.422066,70.648796,5.620601,5.6244297,6.2712164,14.843676,25.034798,-34.16805,44.350864,-8.195297,-27.877901,48.418156,58.742596
799,-11.266875267028809,-434.8509216308594,62.22293472290039,6.6818864543890095,1.1781865345929416,-102.99017356764612,-10.623073,-8.250606,28.340563,11.543268,-7.566618,4.2838874,-10.244188,-9.716168,3.5938237,72.347046,5.22998,4.9348373,5.944582,14.390715,25.069118,-34.110664,44.253273,-7.781909,-27.891989,50.14718,58.593716
800,-11.217364311218262,-435.4337158203125,62.2629508972168,6.8292480301647736,1.0445933143094794,-103.24211042566321,-9.786677,-8.681795,28.488338,10.964,-7.7312675,4.2901893,-11.212896,-10.561713,2.7746234,73.83925,4.56297,4.094907,5.5382185,13.820401,25.111885,-34.045586,44.31409,-7.355366,-27.909325,51.685287,58.374886
801,-11.180408477783203,-436.0095520019531,62.30154800415039,6.89765367651941,0.8789629716436553,-103.39343517264919,-8.942869,-9.035235,28.515896,10.41849,-7.9004445,4.2440596,-12.103721,-11.24166,1.9805793,75.1037,3.5021794,3.0516732,5.362477,12.96128,25.159431,-34.30972,44.623924,-6.621049,-27.929527,52.4796,58.0317
802,-11.149486541748047,-436.5865173339844,62.337501525878906,6.94680538998363,0.7218502671279362,-103.47164548118754,-8.144475,-9.351098,28.470312,9.957932,-8.113776,4.1417465,-12.959544,-11.848219,1.1835129,76.171875,1.9918331,1.842655,4.4881077,12.287049,25.230911,-33.97615,44.944824,-6.475153,-27.971903,54.307297,57.670315
803,-11.127091407775879,-437.15533447265625,62.37333297729492,6.9181846740694475,0.5373539489196684,-103.47489668655756,-7.4375625,-9.527349,28.355625,9.792338,-8.481568,4.012983,-13.73982,-12.312107,0.37931412,77.02765,0.38647163,0.6465573,4.15326,11.331145,25.27425,-34.159714,45.432125,-5.7824917,-27.983051,54.815228,57.23276
804,-11.111452102661133,-437.7204895019531,62.41070556640625,6.858696482296611,0.352361158195562,-103.42717311068363,-6.7515125,-9.658155,28.192764,9.662882,-8.855608,3.896758,-14.478009,-12.678643,-0.39650446,77.67999,-0.9826038,-0.376242,3.6377292,10.309787,25.327328,-34.29622,46.022186,-5.240864,-27.99836,55.39603,56.851967
805,-11.104316711425781,-438.2791442871094,62.449275970458984,6.758717781330638,0.17518064098235128,-103.31183309550376,-6.0957603,-9.742159,27.965187,9.564834,-9.230771,3.7931066,-15.182774,-12.95834,-1.1841905,78.12706,-2.0597317,-1.2282463,2.9526489,9.295843,25.38189,-34.311302,46.66747,-4.8000484,-28.009766,55.87512,56.522705
806,-11.096033096313477,-438.8272399902344,62.485931396484375,6.617943765981257,0.0007647901408414877,-103.1272322589842,-5.4621534,-9.775463,27.668516,9.492276,-9.6048975,3.6849773,-15.849481,-13.1426115,-1.9870598,78.36888,-3.0062118,-1.9823713,2.1246486,8.281204,25.43717,-34.210426,47.376934,-4.407665,-28.014654,56.208035,56.20285
807,-11.093682289123535,-439.36920166015625,62.51725387573242,6.496276615738731,-0.1485327074004235,-102.96971625981043,-4.825735,-9.835138,27.40177,9.345019,-9.934155,3.5803502,-16.531937,-13.253753,-2.658838,78.4446,-3.8345735,-2.5940146,1.4304571,7.4797935,25.472635,-34.104847,47.86736,-4.0999265,-28.011765,56.29683,56.014915
808,-11.100205421447754,-439.9068298339844,62.55538558959961,6.271338046639084,-0.30029423170471775,-102.64381682035045,-4.2824388,-9.742876,26.977196,9.4089155,-10.351429,3.4945529,-17.106625,-13.238334,-3.4660087,78.25293,-4.4949274,-3.0603633,0.31389612,6.29207,25.537363,-33.80829,48.78533,-3.6710851,-28.001886,56.357147,55.627567
809,-11.105077743530273,-440.43597412109375,62.584835052490234,6.121256738458743,-0.41445395460026985,-102.44114756271482,-3.712182,-9.744458,26.680916,9.325156,-10.699577,3.4304838,-17.74302,-13.172586,-4.018308,77.93547,-5.007182,-3.308646,-0.4854365,5.5158615,25.57378,-33.58693,49.241894,-3.443374,-27.990444,56.260445,55.50439
810,-11.115396499633789,-440.9649963378906,62.625152587890625,5.845399162892953,-0.4960518294727992,-102.02342213241786,-3.271613,-9.574629,26.183308,9.455964,-11.138957,3.3869805,-18.289536,-12.982677,-4.7722645,77.33389,-5.320811,-3.398387,-1.7441489,4.3768487,25.64005,-33.060574,50.112175,-3.051746,-27.960403,55.925797,55.15807
811,-11.131311416625977,-441.4955139160156,62.657867431640625,5.604554845388679,-0.5534539260558032,-101.6718652379118,-2.8305864,-9.440136,25.758856,9.53273,-11.547203,3.3521473,-18.86741,-12.71868,-5.340518,76.58348,-5.5638285,-3.383996,-2.8529794,3.4625897,25.705067,-32.528114,50.73146,-2.7416904,-27.924528,55.49295,54.924694
812,-11.147335052490234,-442.0194091796875,62.6884651184082,5.375147647102894,-0.5968527279963555,-101.35003276004927,-2.3946176,-9.307796,25.371933,9.592632,-11.934038,3.3193848,-19.449087,-12.364151,-5.752052,75.659904,-5.804293,-3.3432198,-3.8917563,2.5783474,25.774689,-32.016052,51.27961,-2.4193137,-27.88351,54.99382,54.700375
813,-11.172534942626953,-442.53448486328125,62.719146728515625,5.154705700607288,-0.6199153336921761,-101.04977547772087,-1.9734676,-9.1754675,25.018467,9.644893,-12.297728,3.291953,-20.050758,-11.8976145,-5.9790907,74.56577,-6.048965,-3.3134959,-4.8756757,1.7039077,25.850346,-31.529186,51.766457,-2.0901606,-27.838196,54.42671,54.475067
814,-11.195237159729004,-443.0565490722656,62.750606536865234,4.938808111025268,-0.6229202247246545,-100.75952713271762,-1.5699494,-9.036759,24.685398,9.694318,-12.643757,3.2738123,-20.66324,-11.334011,-6.061638,73.29558,-6.2602744,-3.2591262,-5.8239293,0.83293724,25.932219,-31.057838,52.20809,-1.7567968,-27.788279,53.770195,54.254414
815,-11.21668815612793,-443.571044921875,62.78025436401367,4.726064127858719,-0.6173531257224067,-100.49676965861322,-1.1684067,-8.899508,24.383512,9.734181,-12.982429,3.256456,-21.25475,-10.718538,-6.0487514,71.84654,-6.454585,-3.1403341,-6.6980677,-0.033365563,26.021633,-30.624617,52.605255,-1.4043502,-27.73515,53.0542,54.045418
816,-11.237375259399414,-444.087890625,62.8084831237793,4.521146851366209,-0.6168176741865613,-100.28265268315485,-0.7533388,-8.767302,24.12794,9.762557,-13.326635,3.2313917,-21.795113,-10.092404,-5.9864154,70.21689,-6.6438727,-2.9153085,-7.458738,-0.8977359,26.120298,-30.261787,52.96312,-1.0280795,-27.680918,52.32836,53.858765
817,-11.259549140930176,-444.6046447753906,62.8293342590332,4.319272498131822,-0.6261765120524906,-100.13065962189965,-0.32035792,-8.633736,23.929636,9.779837,-13.6809435,3.2011008,-22.2783,-9.438239,-5.851331,68.389275,-6.831377,-2.5427768,-8.10444,-1.7699279,26.228817,-29.97808,53.29318,-0.6391894,-27.626541,51.607365,53.69147
818,-11.28054141998291,-445.1223449707031,62.842254638671875,4.119111971105003,-0.6392865587499735,-100.02810479341883,0.123667985,-8.501118,23.779161,9.785685,-14.0376835,3.1689408,-22.71516,-8.745755,-5.63326,66.36699,-7.0092444,-2.061347,-8.654975,-2.6509502,26.346594,-29.765419,53.593227,-0.2457401,-27.571957,50.882103,53.541523
819,-11.299994468688965,-445.64215087890625,62.84770965576172,3.928554893686985,-0.653117376022573,-99.95601991343568,0.5730642,-8.37616,23.660448,9.78896,-14.39855,3.1276133,-23.099821,-8.060825,-5.3977194,64.1749,-7.1725,-1.5430411,-9.106812,-3.5319319,26.472893,-29.629232,53.849686,0.1550012,-27.518167,50.172707,53.422356
820,-11.320125579833984,-446.1629333496094,62.844093322753906,3.753397170015538,-0.6647654183624622,-99.89443629857375,1.0267361,-8.267028,23.55545,9.78747,-14.758261,3.069896,-23.425016,-7.426132,-5.209518,61.83348,-7.3148565,-1.0536577,-9.462551,-4.4085374,26.60684,-29.577227,54.05421,0.5606568,-27.466444,49.51163,53.34642
821,-11.333450317382812,-446.6925048828125,62.836910247802734,3.5905511628567552,-0.6780908543088962,-99.84423222579044,1.4850805,-8.172522,23.46687,9.787255,-15.118355,2.993694,-23.689894,-6.840496,-5.0663996,59.337223,-7.4627223,-0.59304523,-9.728069,-5.287197,26.747671,-29.612543,54.216244,0.9628118,-27.41757,48.92139,53.31919
822,-11.351496696472168,-447.21875,62.81887435913086,3.4390871942655883,-0.6925789440617803,-99.8122291718613,1.9479716,-8.086768,23.40039,9.788447,-15.481038,2.9033062,-23.895988,-6.2811337,-4.9417863,56.67387,-7.6070724,-0.12723404,-9.91329,-6.174042,26.894295,-29.725487,54.344772,1.3514749,-27.371521,48.40296,53.333588
823,-11.369828224182129,-447.74755859375,62.79637145996094,3.3004326583054593,-0.698694183599894,-99.78841755918162,2.4075174,-8.014906,23.344162,9.788095,-15.847317,2.7996922,-24.044024,-5.7547364,-4.864508,53.852413,-7.6888766,0.32815242,-10.026865,-7.064094,27.044552,-29.900873,54.430874,1.7218592,-27.328466,47.95726,53.379723
824,-11.383874893188477,-448.27838134765625,62.76876449584961,3.175537920285347,-0.686442708174886,-99.76135656139309,2.8559496,-7.9598823,23.284817,9.782246,-16.217356,2.6838167,-24.138992,-5.267909,-4.863141,50.882275,-7.6499395,0.7581595,-10.079447,-7.9480276,27.19604,-30.11795,54.462658,2.0699234,-27.288654,47.583828,53.44849
825,-11.395877838134766,-448.8106689453125,62.736183166503906,3.0641143760957905,-0.6526880716980131,-99.72890401844322,3.2928793,-7.9228134,23.22061,9.761446,-16.590033,2.5505528,-24.1775,-4.8347487,-4.9836116,47.737877,-7.4675665,1.1478183,-10.07139,-8.825928,27.347681,-30.368376,54.43392,2.392951,-27.252787,47.295784,53.541466
826,-11.408886909484863,-449.3502502441406,62.695377349853516,2.9655705846747917,-0.6016112162912771,-99.69655871560919,3.7221174,-7.899883,23.15787,9.727821,-16.96431,2.4004984,-24.160887,-4.4365344,-5.1963406,44.42158,-7.1733246,1.5183724,-10.009002,-9.698695,27.498962,-30.646753,54.35423,2.686849,-27.221228,47.10105,53.660732
827,-11.418060302734375,-449.8924255371094,62.649810791015625,2.8800031107497874,-0.5354539360238231,-99.66451656166426,4.140284,-7.891383,23.097012,9.69623,-17.339228,2.243728,-24.09607,-4.0386524,-5.414198,40.971325,-6.7930503,1.9028095,-9.910933,-10.553761,27.64801,-30.93327,54.23172,2.9533906,-27.193388,46.985638,53.78974
828,-11.43074893951416,-450.43768310546875,62.59272003173828,2.811243448308935,-0.455911448753886,-99.63212726796743,4.544491,-7.8965735,23.037395,9.682949,-17.715654,2.0901973,-23.990042,-3.6185546,-5.5498953,37.42184,-6.3540006,2.3234243,-9.791943,-11.370285,27.79234,-31.201672,54.067432,3.1992059,-27.168322,46.92457,53.911427
829,-11.443296432495117,-450.98529052734375,62.525970458984375,2.7601884879319334,-0.35720464127672014,-99.59846121444804,4.9290075,-7.921957,22.977201,9.686784,-18.088547,1.9532483,-23.844032,-3.1866868,-5.583806,33.72409,-5.823145,2.7128677,-9.642186,-12.141725,27.930557,-31.437584,53.84363,3.4340684,-27.14607,46.912483,54.02237
830,-11.459444046020508,-451.5426025390625,62.45185852050781,2.727091573624195,-0.24015328272459935,-99.56504934590377,5.2967677,-7.963727,22.918438,9.700206,-18.45847,1.8236047,-23.654627,-2.7635689,-5.556722,29.872416,-5.203103,3.0691845,-9.460486,-12.869773,28.062868,-31.640545,53.561962,3.6572149,-27.12705,46.956112,54.125774
831,-11.470098495483398,-452.1020812988281,62.36756896972656,2.7048349911873637,-0.11784407324314063,-99.53400042221335,5.6646323,-8.0148945,22.86355,9.715544,-18.826593,1.6781428,-23.410744,-2.349197,-5.473309,25.939697,-4.5613074,3.5081966,-9.272268,-13.540656,28.188662,-31.806622,53.246094,3.857631,-27.110985,47.044296,54.222095
832,-11.481436729431152,-452.6682434082031,62.272125244140625,2.692598626208003,-0.002731307563120805,-99.5042909946327,6.0400944,-8.068415,22.813208,9.746739,-19.206665,1.4939895,-23.092775,-1.9425168,-5.3404007,21.970552,-3.945202,4.1498165,-9.1019125,-14.13613,28.307638,-31.931314,52.912807,4.0278845,-27.09712,47.156483,54.31187
833,-11.493184089660645,-453.2437438964844,62.16654968261719,2.7043336818153922,0.10616144563484849,-99.47032581818294,6.4306536,-8.139384,22.76366,9.774696,-19.590319,1.2578663,-22.640694,-1.54959,-5.1227255,17.762777,-3.3135836,5.040138,-8.945678,-14.638807,28.418509,-32.00759,52.536076,4.161233,-27.085665,47.28306,54.407185
834,-11.509922981262207,-453.8292541503906,62.04592514038086,2.7584041621377184,0.219858176531049,-99.41584706322466,6.821521,-8.248039,22.695925,9.811596,-19.981888,0.9859019,-22.029781,-1.2058698,-4.837261,13.207794,-2.5732014,6.102642,-8.8019,-15.043213,28.520391,-32.029663,52.082855,4.2480645,-27.077423,47.42463,54.5262
835,-11.530267715454102,-454.41748046875,61.91143798828125,2.8899251977297102,0.3464469330607744,-99.31062216735617,7.197933,-8.42015,22.568724,9.876778,-20.387522,0.70223784,-21.289675,-0.96872896,-4.577612,8.473777,-1.6930654,7.284807,-8.702651,-15.333591,28.612465,-31.988321,51.531265,4.2617836,-27.072908,47.569153,54.701515
836,-11.555012702941895,-455.0182800292969,61.754302978515625,3.128322320766327,0.49080014916060055,-99.12792627532745,7.569618,-8.688043,22.339977,9.925361,-20.773075,0.4322154,-21.431877,-0.9633735,-4.4231367,6.1596155,-2.0801744,8.548592,-8.67394,-15.48891,28.693039,-31.872551,50.8555,4.1788745,-27.072617,47.69952,54.964413
837,-11.577681541442871,-455.6258544921875,61.57969284057617,3.4536308401348337,0.6457011686031974,-98.8883282254029,7.9368577,-9.028426,22.034826,9.977075,-21.156149,0.17426737,-22.269527,-1.1269379,-4.3598185,5.7557154,-3.4282637,9.951295,-8.702194,-15.511591,28.761997,-31.683107,50.072704,4.0265975,-27.076418,47.80734,55.283707
838,-11.604427337646484,-456.2355651855469,61.39554977416992,3.758122635526451,0.7648546834864672,-98.71877956380055,8.300716,-9.330113,21.80362,10.164012,-21.630915,-0.094141535,-21.84093,-1.1374294,-4.31082,2.472552,-2.9437556,11.480019,-8.6595125,-15.545623,28.793821,-31.553547,49.41456,3.96549,-27.08075,47.857502,55.528187
839,-11.639603614807129,-456.85162353515625,61.223201751708984,4.010890560764773,0.8736862402334824,-98.54303004001247,8.720441,-9.589012,21.550936,10.227581,-22.015995,-0.36087906,-22.423887,-1.194474,-4.3706236,2.030475,-3.9827163,13.025515,-8.635074,-15.546005,28.822218,-31.406298,48.789257,3.8971276,-27.085497,47.903248,55.741135
840,-11.678203582763672,-457.46746826171875,61.05356979370117,4.2087772977209585,0.9762768571896104,-98.37781501281702,9.116283,-9.771738,21.299229,10.3624735,-22.417685,-0.6218499,-22.985605,-1.207211,-4.584043,1.9764428,-5.031974,14.323944,-8.623278,-15.529263,28.852701,-31.247011,48.252773,3.8357823,-27.09064,47.94429,55.90942
841,-11.745885848999023,-458.0715637207031,60.87650680541992,4.388162278038573,1.079997555728368,-98.26038148443814,9.416255,-9.857176,21.086117,10.75055,-22.962435,-0.90566033,-23.375315,-1.0085914,-4.8945312,1.9329641,-5.9473166,14.323944,-8.584037,-15.484492,28.878998,-31.080286,47.764465,3.756064,-27.095188,47.976902,56.071102
842,-11.816466331481934,-458.67095947265625,60.694129943847656,4.561440778022118,1.1788979116068352,-98.14401477739878,9.645775,-9.896052,20.862698,11.338247,-23.622822,-1.1828038,-23.620584,-0.79311156,-5.358664,1.9275773,-6.760668,14.323944,-8.550586,-15.404408,28.90383,-30.904081,47.310886,3.6550803,-27.099695,47.99831,56.23452
843,-11.885274887084961,-459.27734375,60.51906967163086,4.678374479865065,1.2627769585898003,-98.03042572937044,9.855147,-9.869703,20.65045,12.006817,-24.275984,-1.4561884,-23.716364,-0.57096595,-5.892801,1.9294329,-7.288538,14.323944,-8.532086,-15.304005,28.92809,-30.724771,46.95163,3.565799,-27.103281,48.010353,56.360874
844,-11.934642791748047,-459.88153076171875,60.36436462402344,4.6860230318818745,1.3219097190985907,-97.93509820907019,10.077096,-9.747427,20.4899,12.688436,-24.82995,-1.7319561,-23.668726,-0.35324013,-6.402066,1.9485521,-7.3386364,14.323944,-8.526664,-15.214019,28.952505,-30.555187,46.76745,3.533465,-27.104324,48.017014,56.398552
845,-11.95988941192627,-460.4868469238281,60.23579788208008,4.563483220747151,1.3494746446426205,-97.87949049532322,10.321913,-9.526885,20.40899,13.367688,-25.286581,-2.00531,-23.452337,-0.16778715,-6.8968,2.0904033,-6.7684717,14.323944,-8.521031,-15.159092,28.979109,-30.407911,46.79897,3.5782428,-27.101757,48.022488,56.33548
846,-11.989219665527344,-461.0721435546875,60.16905212402344,4.319067256519584,1.3438848166181847,-97.87107927454075,10.579883,-9.197467,20.40657,14.076374,-25.682291,-2.2754705,-23.220768,0.008802732,-7.3868175,2.7145135,-5.9307814,14.323944,-8.50689,-15.147301,29.009407,-30.29279,47.042286,3.7020226,-27.094416,48.027542,56.17007
847,-12.021677017211914,-461.6800842285156,60.12303161621094,3.8815793209133336,1.2897180798336152,-97.88447818052414,10.770877,-8.613795,20.488241,15.088044,-26.150682,-2.5679922,-23.184753,0.27251545,-7.814488,4.113893,-5.322057,14.323944,-8.552706,-15.195812,29.071558,-30.179052,47.575596,3.9993074,-27.072592,48.03985,55.782284
848,-12.039897918701172,-462.3058776855469,60.07750701904297,3.3706768355614227,1.248024853026162,-97.87996212655898,10.955498,-7.9402814,20.571146,16.076988,-26.461351,-2.87223,-23.26043,0.5850543,-8.064427,5.625237,-4.854986,14.323944,-8.600737,-15.308557,29.135386,-30.15673,48.242504,4.301011,-27.0427,48.029312,55.33495
849,-12.099411010742188,-462.9283447265625,60.058021545410156,2.6695402743166325,1.2410196051129914,-97.92074722191863,11.0159855,-6.98954,20.77807,17.33656,-26.81429,-3.2435744,-22.938253,1.414222,-8.09695,5.8316627,-3.7664273,12.476232,-8.508113,-15.50065,29.3856,-30.338528,48.968655,4.7164526,-26.908884,47.860767,54.761887
850,-12.200994491577148,-463.5389404296875,60.081565856933594,1.8451740508158947,1.239632660453357,-98.00640269532613,11.052295,-5.886113,21.078157,18.677925,-27.103401,-3.6556191,-22.63892,2.4863725,-7.9990883,6.008657,-2.6556458,9.552656,-8.319052,-15.845264,29.58259,-30.67641,49.938736,5.2238603,-26.769135,47.58627,54.060986
851,-12.31555461883545,-464.15716552734375,60.11800765991211,1.0149640279678114,1.2305516619024388,-98.04786598183243,11.054867,-4.7354646,21.332117,20.141031,-27.285597,-4.0938067,-22.351627,3.5539782,-7.8366685,6.20589,-1.5314678,6.654847,-8.17533,-16.291275,29.651981,-31.073366,51.128033,5.7657814,-26.666319,47.277573,53.292133
852,-12.431190490722656,-464.8043212890625,60.14087677001953,0.3027522024782692,1.2180696853155153,-97.99074251040659,10.998597,-3.6416543,21.433748,21.7601,-27.312946,-4.553888,-22.662477,4.353294,-7.656534,7.8983784,-1.2349858,4.41881,-8.114222,-16.589796,29.667137,-31.394392,52.2365,6.254141,-26.575,46.919407,52.597668
853,-12.54857349395752,-465.47283935546875,60.1501350402832,-0.2741276165861387,1.2094339382246992,-97.77863956951047,10.889932,-2.6128337,21.327168,23.511423,-27.213278,-5.060635,-22.98868,4.9269123,-7.34697,9.609429,-0.72348934,3.094807,-8.192453,-16.681902,29.650465,-31.588814,53.1996,6.6891847,-26.491455,46.477264,51.98272
854,-12.66595458984375,-466.1463317871094,60.157047271728516,-0.7892729936485811,1.2053444783391019,-97.45645232321878,10.7310295,-1.5906993,21.082521,25.388174,-27.000498,-5.6119885,-23.192364,5.3995214,-6.9143085,11.013716,0.13737606,2.310219,-8.371121,-16.641592,29.61644,-31.71018,54.109623,7.113831,-26.409575,45.9672,51.38633
855,-12.786870956420898,-466.82135009765625,60.17264175415039,-1.257989002455246,1.1923329418550492,-97.11936063305376,10.5012,-0.58336943,20.776522,27.425278,-26.593325,-6.160328,-23.308296,5.8132906,-6.4966073,12.283484,0.9488037,1.7547421,-8.568304,-16.485939,29.56296,-31.783358,55.00137,7.5152864,-26.33199,45.46484,50.821342
856,-12.914697647094727,-467.5012512207031,60.195655822753906,-1.680660749758216,1.1581785348850262,-96.85613827104781,10.181621,0.38930237,20.476875,29.654146,-25.906094,-6.6581326,-23.384392,6.1926303,-6.238198,13.607482,1.2976446,1.1265293,-8.706604,-16.219864,29.484808,-31.821167,55.892086,7.8665905,-26.262907,45.046265,50.310593
857,-13.032686233520508,-468.1820068359375,60.2213249206543,-2.060744385641672,1.0910704693030084,-96.69215193218267,9.785473,1.3202511,20.191599,32.087563,-24.871645,-7.180101,-23.44433,6.537431,-6.1962967,15.085831,0.976071,0.40076086,-8.76418,-15.831758,29.378763,-31.806206,56.793808,8.172833,-26.20283,44.704384,49.8541
858,-13.13495922088623,-468.85113525390625,60.253990173339844,-2.4102322718533227,0.995237892633508,-96.58739701521074,9.321305,2.2264557,19.896807,34.70492,-23.546356,-7.7306075,-23.445925,6.845832,-6.2615986,16.571934,0.25598708,-0.2694937,-8.77309,-15.3370695,29.250267,-31.748497,57.707855,8.453237,-26.148932,44.401825,49.428295
859,-13.231650352478027,-469.52227783203125,60.30015182495117,-2.733955656643743,0.8832830008589029,-96.5267128247652,8.768572,3.117319,19.60962,37.476345,-22.031328,-8.159739,-23.36579,7.134591,-6.340793,17.938086,-0.59932643,-0.9121481,-8.736663,-14.772957,29.106863,-31.697205,58.621166,8.686989,-26.102203,44.169273,49.033905
860,-13.327823638916016,-470.195068359375,60.354740142822266,-3.0379913375414005,0.7693842513564222,-96.49292396582841,8.109576,4.0019813,19.35074,40.366978,-20.417843,-8.318889,-23.18456,7.4253407,-6.35168,19.058311,-1.3229947,-1.5560836,-8.659857,-14.16981,28.955462,-31.698647,59.51454,8.848998,-26.064135,44.03876,48.676056
861,-13.418963432312012,-470.8587646484375,60.41770553588867,-3.314280881491697,0.6436043674336938,-96.52170018449439,7.35114,4.878795,19.191236,43.42064,-18.674025,-8.172819,-22.897566,7.739695,-6.2444253,19.917435,-1.8659909,-2.211275,-8.511671,-13.511587,28.792196,-31.734215,60.40795,8.92324,-26.03669,44.04226,48.386276
862,-13.508735656738281,-471.5120849609375,60.490692138671875,-3.56223587155968,0.5018609155724552,-96.60986663730476,6.5089746,5.749275,19.116531,46.62408,-16.75165,-7.808772,-22.526005,8.077733,-6.073303,20.592802,-2.36371,-2.8553605,-8.295233,-12.789576,28.617985,-31.793863,61.301765,8.928009,-26.018658,44.149593,48.149357
863,-13.60736083984375,-472.15899658203125,60.57059097290039,-3.8036923556185362,0.367448507222546,-96.68068744249653,5.569339,6.6286554,19.018412,49.86749,-14.715912,-7.2587132,-22.088425,8.424058,-5.919495,21.092567,-2.8243206,-3.4728613,-8.066122,-12.032887,28.44569,-31.93002,62.138073,8.8869,-26.006927,44.300175,47.903694
864,-13.711653709411621,-472.79840087890625,60.65975570678711,-4.057655971394837,0.26533894025454063,-96.65682496121562,4.5115848,7.52872,18.78196,53.046604,-12.633615,-6.5523467,-21.60119,8.755698,-5.864461,21.422745,-3.2591147,-4.0496135,-7.8829317,-11.2706375,28.287365,-32.192917,62.85986,8.822845,-25.998465,44.433914,47.588924
865,-13.82755184173584,-473.43505859375,60.75847244262695,-4.331591021097609,0.2109120930153397,-96.50311068120139,3.2519448,8.448559,18.269728,56.261253,-10.50859,-5.503169,-21.060741,9.065632,-5.94642,21.557695,-3.6792822,-4.606126,-7.7794766,-10.502667,28.143457,-32.595764,63.466557,8.728376,-25.993254,44.569057,47.19767
866,-13.9463472366333,-474.0636901855469,60.86312484741211,-4.613739484448171,0.18990228084584868,-96.26680428743052,1.8246034,9.379122,17.594727,59.51575,-8.289663,-4.161885,-20.461718,9.364476,-6.1161327,21.505083,-4.0797467,-5.1421185,-7.716394,-9.713146,28.008999,-33.111908,63.983616,8.592625,-25.992947,44.72523,46.763645
867,-14.062338829040527,-474.677978515625,60.97096633911133,-4.89808115919093,0.18341443690402048,-95.99148871816426,0.3717485,10.336917,16.990498,62.603275,-5.9956985,-2.891037,-19.819235,9.654077,-6.3278623,21.321617,-4.4486504,-5.6128373,-7.6497493,-8.910577,27.886936,-33.72919,64.39883,8.437611,-25.996502,44.845985,46.282646
868,-14.180032730102539,-475.27685546875,61.07626724243164,-5.173669720434553,0.17291044754719215,-95.72173354845337,-0.96640426,11.35455,16.667738,65.3331,-3.6758437,-2.03222,-19.147278,9.93683,-6.5356975,21.059065,-4.7691536,-5.9760833,-7.533512,-8.106393,27.780119,-34.438797,64.699326,8.284583,-26.003008,44.87363,45.751514
869,-14.29781723022461,-475.8701171875,61.179168701171875,-5.446401135965625,0.16214009304364538,-95.43078669452741,-2.1712394,12.5054655,16.68153,67.67725,-1.1340761,-1.7778761,-18.444115,10.213352,-6.774459,20.702719,-5.0314827,-6.2154,-7.3901277,-7.299707,27.68921,-35.284042,64.87024,8.145214,-26.01235,44.795425,45.13757
870,-14.418233871459961,-476.45770263671875,61.284393310546875,-5.716867333717376,0.1590145529402936,-95.11045613802203,-3.3197684,13.770778,16.885683,69.7665,1.5568088,-1.8734913,-17.703661,10.487029,-7.053461,20.227072,-5.241165,-6.3608956,-7.2328677,-6.495097,27.612322,-36.258297,64.93189,8.004345,-26.02539,44.642014,44.45567
871,-14.533394813537598,-477.0362243652344,61.3938102722168,-5.967828776726538,0.1483891899079249,-94.83360459370527,-4.405888,15.039982,17.193415,71.63992,3.9373941,-1.9988347,-16.93131,10.759465,-7.2853994,19.669905,-5.4071665,-6.4397464,-7.00057,-5.707331,27.547684,-37.275734,64.914,7.8396907,-26.042694,44.42604,43.77446
872,-14.635091781616211,-477.6049499511719,61.50243377685547,-6.179579102939835,0.11392806468144272,-94.67224422374814,-5.418501,16.203938,17.548048,73.32338,5.552549,-1.8405988,-16.135843,11.026837,-7.3833156,19.075754,-5.5386677,-6.476057,-6.6327415,-4.9451094,27.49347,-38.246403,64.839645,7.631973,-26.064377,44.158627,43.15932
873,-14.729537010192871,-478.16644287109375,61.61048889160156,-6.342533652672564,0.04504389272694449,-94.65559458262533,-6.3362865,17.265663,18.028708,74.82384,6.236696,-1.2364527,-15.313514,11.282376,-7.314683,18.460096,-5.6419683,-6.463922,-6.0979757,-4.203412,27.450737,-39.19617,64.68552,7.364983,-26.093197,43.84103,42.619133
874,-14.81584358215332,-478.7219543457031,61.71580505371094,-6.452858254486711,-0.04302885325873852,-94.7298290444589,-7.1695237,18.24986,18.64125,76.11686,6.254862,-0.38222352,-14.480005,11.501486,-7.139862,17.839224,-5.7385798,-6.3931146,-5.827386,-3.1757822,27.44388,-39.53555,64.36408,6.841099,-26.110516,43.884598,42.187138
875,-14.896329879760742,-479.28228759765625,61.82029724121094,-6.560521758374421,-0.157928886071139,-94.87398905345299,-7.927578,19.14968,19.247831,77.1993,5.78808,0.4826483,-13.584131,11.7341795,-6.8813934,17.103771,-5.76163,-6.2809386,-4.746107,-2.7748332,27.401648,-41.008163,64.16993,6.6934524,-26.165104,43.09818,41.68459
876,-14.965577125549316,-479.84033203125,61.921268463134766,-6.628054401503595,-0.2623427171426736,-95.01011102975224,-8.673152,19.846254,19.668753,78.03128,5.0415916,1.1295949,-12.707119,11.910298,-6.6164103,16.388416,-5.8026934,-6.136229,-4.3594522,-1.9057996,27.392918,-41.24625,63.873768,6.133534,-26.180964,43.064606,41.376472
877,-15.029276847839355,-480.3901672363281,62.02153396606445,-6.684972761597827,-0.3799058099488929,-95.19942049102099,-9.367341,20.33229,19.90034,78.589584,3.8951325,1.4585049,-11.789611,12.075749,-6.2829223,15.588106,-5.782738,-5.944119,-3.243297,-1.5406771,27.357395,-42.3379,63.662228,5.9542384,-26.233675,42.1997,41.03354
878,-15.086471557617188,-480.94049072265625,62.12120056152344,-6.707220223707026,-0.5011245790954847,-95.39029514447522,-10.043922,20.603025,19.945559,78.89336,2.3123763,1.5908456,-10.870599,12.190498,-5.934711,14.7913685,-5.766935,-5.6965766,-2.736503,-0.8316489,27.347336,-42.446968,63.393406,5.3554187,-26.247108,42.09184,40.8958
879,-15.140286445617676,-481.4824523925781,62.2184944152832,-6.7073694917556095,-0.6323988488840168,-95.61949897967713,-10.687583,20.754694,19.941233,78.984505,0.6004345,1.6361451,-9.924261,12.280849,-5.534434,13.939724,-5.714332,-5.428001,-2.0305555,-0.1760819,27.335348,-42.605515,63.081047,4.799165,-26.266111,41.78402,40.81988
880,-15.194231033325195,-482.0230407714844,62.31361770629883,-6.709510389746505,-0.7381426138531083,-95.80045554441685,-11.376315,20.866484,19.874119,78.92889,-0.94269794,1.6970646,-8.983462,12.354336,-5.174441,13.047478,-5.650157,-5.1696625,-1.3181075,0.36969748,27.319807,-42.693077,62.823925,4.2995925,-26.28512,41.36355,40.734486
881,-15.243246078491211,-482.55987548828125,62.40565872192383,-6.711710038785588,-0.8236507571957521,-95.94188528730402,-12.10299,20.946346,19.765882,78.72301,-2.300711,1.7811013,-8.029908,12.412478,-4.8390017,12.081104,-5.555573,-4.9179945,-0.54116267,0.84116924,27.295816,-42.676743,62.592937,3.8931174,-26.306585,40.736053,40.64522
882,-15.286709785461426,-483.0904541015625,62.491859436035156,-6.710066626133272,-0.8982137932309763,-96.0574889077801,-12.849052,20.95941,19.592464,78.34442,-3.6152155,1.8443098,-7.067899,12.45109,-4.516832,11.069028,-5.4425063,-4.6559567,0.21694234,1.2685499,27.265652,-42.49284,62.39401,3.4805274,-26.325872,40.07858,40.601803
883,-15.33464527130127,-483.62188720703125,62.572044372558594,-6.699749537458174,-0.957625081029149,-96.15587658629454,-13.611104,20.916958,19.382519,77.81099,-4.8152356,1.9148891,-6.1257944,12.470859,-4.211397,10.067012,-5.336222,-4.4000735,0.9448469,1.6864672,27.231703,-42.183258,62.19928,3.0507398,-26.345272,39.422585,40.57994
884,-15.38278579711914,-484.1540832519531,62.64597702026367,-6.675112030141082,-0.9986943279331796,-96.24372183094123,-14.384106,20.825941,19.162996,77.14228,-5.8332005,2.0198092,-5.239426,12.469463,-3.9299352,9.152671,-5.276709,-4.1693983,1.6345966,2.1090114,27.197332,-41.817448,61.990623,2.58175,-26.368002,38.80761,40.568527
885,-15.43124771118164,-484.6772155761719,62.69678497314453,-6.609262983870372,-1.0214823914395745,-96.31581646329012,-15.178723,20.671806,18.94853,76.36987,-6.628133,2.1802657,-4.4486833,12.424836,-3.6814637,8.4237995,-5.3306317,-3.981393,2.2801526,2.5215478,27.165524,-41.433853,61.755985,2.030772,-26.390993,38.29734,40.607975
886,-15.479317665100098,-485.19769287109375,62.73577880859375,-6.519015374244896,-1.0238115309095668,-96.37300438175163,-15.993551,20.455847,18.729984,75.4679,-7.2396708,2.3797526,-3.810786,12.342375,-3.4761834,8.0107155,-5.571472,-3.820006,2.9211652,2.9537656,27.130053,-40.961815,61.47951,1.4613408,-26.419218,37.756596,40.670784
887,-15.522665023803711,-485.7115173339844,62.76484298706055,-6.420064212194548,-1.0133402875515076,-96.4290648643722,-16.80339,20.188353,18.49688,74.42049,-7.7539067,2.5854073,-3.3456767,12.23695,-3.3138177,7.977945,-6.0300956,-3.6649687,3.541269,3.388873,27.093302,-40.449654,61.197823,0.8829222,-26.45423,37.23003,40.725822
888,-15.562263488769531,-486.23455810546875,62.78999328613281,-6.331593635687975,-0.9952218686786901,-96.49621885112126,-17.58721,19.881174,18.23421,73.21728,-8.265003,2.7642322,-2.8975139,12.13439,-3.160378,7.954818,-6.4759517,-3.4996245,4.1324334,3.8167083,27.056946,-39.93904,60.93736,0.30180842,-26.496279,36.744217,40.74598
889,-15.599105834960938,-486.7495422363281,62.80974197387695,-6.252208262246105,-0.9803874270313537,-96.56692252478062,-18.348469,19.515211,17.900837,71.86786,-8.784461,2.9566457,-2.4415097,12.032244,-3.0259333,7.909503,-6.8862824,-3.3236325,4.6923842,4.1822834,27.018778,-39.472958,60.746613,-0.30204836,-26.542782,36.3232,40.755836
890,-15.635607719421387,-487.2594909667969,62.827552795410156,-6.171256097617721,-0.9500483414100557,-96.64651397075627,-19.100494,19.09512,17.526848,70.37435,-9.272225,3.1680138,-2.0103915,11.922748,-2.9027345,7.879942,-7.2907977,-3.149693,5.2370806,4.5469427,26.988224,-39.05831,60.529434,-0.90599614,-26.58068,35.969593,40.73425
891,-15.666444778442383,-487.75787353515625,62.83535385131836,-6.097423226413838,-0.9092464990382431,-96.73731256480623,-19.812975,18.66568,17.1743,68.7341,-9.741107,3.3135142,-1.5994867,11.815563,-2.777033,7.8650265,-7.6956363,-2.9821842,5.771922,4.9073215,26.95507,-38.61641,60.335888,-1.5287623,-26.625093,35.608566,40.71021
892,-15.692034721374512,-488.2521667480469,62.83302307128906,-6.048118533577557,-0.8584845785813384,-96.84802353057027,-20.462307,18.280474,16.906118,66.94555,-10.206663,3.3027577,-1.20817,11.728533,-2.6292906,7.860093,-8.103916,-2.8241277,6.2842894,5.237355,26.921907,-38.188725,60.199326,-2.1453204,-26.676783,35.279522,40.648815
893,-15.716292381286621,-488.7415771484375,62.82481002807617,-6.022664473498488,-0.8013886870908956,-96.9890035874106,-21.035864,17.945131,16.73115,64.98858,-10.706324,3.0581393,-0.83998257,11.661562,-2.446367,7.8754115,-8.517833,-2.6734695,6.7814507,5.519511,26.890152,-37.79742,60.13495,-2.7655895,-26.736322,35.00283,40.54925
894,-15.740042686462402,-489.22613525390625,62.804908752441406,-6.013076194874839,-0.7370142547694826,-97.15517795895897,-21.548677,17.635527,16.623064,62.868664,-11.219428,2.6434493,-0.4889254,11.608174,-2.2388406,7.898047,-8.927697,-2.5295846,7.26416,5.754205,26.859705,-37.444305,60.130558,-3.3951766,-26.803465,34.779625,40.420082
895,-15.765449523925781,-489.71820068359375,62.77914047241211,-6.020661452396525,-0.6598319324758389,-97.32942620938252,-22.018467,17.352413,16.589283,60.617886,-11.671443,2.1762657,-0.15285131,11.571276,-2.0276399,7.9225726,-9.340911,-2.396046,7.7197747,5.9461393,26.82997,-37.1209,60.180233,-4.0323668,-26.876753,34.600487,40.27549
896,-15.784950256347656,-490.2005615234375,62.75006103515625,-6.04406858207219,-0.5644697674297188,-97.49230112567975,-22.464659,17.094429,16.631273,58.271545,-11.99099,1.7733281,0.17257002,11.551887,-1.8352623,7.9410167,-9.763745,-2.2761998,8.1293545,6.1035385,26.80007,-36.812798,60.277367,-4.668635,-26.954012,34.44969,40.127804
897,-15.806174278259277,-490.6826171875,62.71316909790039,-6.088857672835993,-0.4449566513480597,-97.65176778032276,-22.905397,16.877295,16.748806,55.848423,-12.179584,1.472445,0.48361957,11.553059,-1.6611664,7.9442105,-10.200832,-2.1637707,8.499226,6.221123,26.77008,-36.518124,60.427876,-5.310448,-27.034218,34.324734,39.973152
898,-15.826396942138672,-491.1694641113281,62.67286682128906,-6.15206221073621,-0.3048874141234402,-97.81272435843574,-23.33096,16.690807,16.937109,53.332134,-12.272532,1.2035012,0.78089094,11.569821,-1.4961383,7.9338713,-10.644948,-2.057587,8.831169,6.3004413,26.74012,-36.237865,60.629032,-5.9533753,-27.116646,34.226,39.803772
899,-15.845245361328125,-491.6550598144531,62.629180908203125,-6.223108231584901,-0.1526895836562488,-97.94895349461302,-23.723413,16.49873,17.185108,50.710186,-12.254283,0.9218254,1.0700916,11.594714,-1.3527298,7.9243345,-11.086164,-1.9691317,9.112526,6.35937,26.709478,-35.966175,60.85999,-6.590845,-27.20038,34.14727,39.64053
900,-15.877330780029297,-492.1437683105469,62.580543518066406,-6.291938470766399,0.002158346822436371,-98.03142052345348,-24.062628,16.263536,17.480515,47.964783,-12.1099205,0.5840586,1.3579252,11.620394,-1.2456495,7.929766,-11.514875,-1.9105397,9.323488,6.420486,26.677061,-35.692154,61.09907,-7.205831,-27.284073,34.077072,39.497387
901,-15.90831470489502,-492.6402587890625,62.53194046020508,-6.355939336390065,0.15894034502266327,-98.04537789396956,-24.347698,15.981988,17.82702,45.064888,-11.81672,0.22738726,1.6500247,11.646147,-1.1804034,7.941972,-11.921691,-1.8765194,9.457227,6.4879904,26.642166,-35.406326,61.349003,-7.799268,-27.366785,34.009167,39.37838
902,-15.94113826751709,-493.14227294921875,62.48060989379883,-6.416764693206331,0.3208487496112309,-98.00361251825453,-24.592318,15.664087,18.222023,42.035225,-11.395685,-0.14498778,1.9421887,11.673067,-1.1531975,7.958127,-12.314708,-1.8628851,9.517717,6.5592437,26.604734,-35.108604,61.6138,-8.371611,-27.448421,33.944954,39.27518
903,-15.973104476928711,-493.65496826171875,62.422691345214844,-6.472538811138154,0.48653832458126195,-97.91913189501182,-24.79864,15.295878,18.644808,38.934254,-10.884634,-0.6233587,2.2291641,11.698673,-1.162465,7.993015,-12.706348,-1.8836346,9.51366,6.6420736,26.565342,-34.811165,61.87245,-8.91867,-27.52857,33.88984,39.18882
904,-16.00462532043457,-494.1648864746094,62.363182067871094,-6.519104329177781,0.6536207047965655,-97.80452736642314,-24.962635,14.865867,19.075117,35.806366,-10.315315,-1.29424,2.502452,11.719529,-1.2073367,8.0711355,-13.115084,-1.9527206,9.455644,6.7438874,26.524918,-34.53127,62.103916,-9.434774,-27.606613,33.848053,39.122368
905,-16.039134979248047,-494.68011474609375,62.30213165283203,-6.5589789966189445,0.8252858839830831,-97.6511470506452,-25.075905,14.378746,19.52791,32.570248,-9.632048,-2.1938303,2.7573912,11.742111,-1.2976953,8.196099,-13.542529,-2.088096,9.333639,6.8570848,26.484476,-34.278076,62.316902,-9.910424,-27.680523,33.812263,39.07107
906,-16.063440322875977,-495.19781494140625,62.24909591674805,-6.567526921310772,1.017238548248477,-97.42498744305401,-25.141066,13.789054,19.9857,29.16715,-8.803816,-3.2626364,2.9803805,11.741797,-1.4646765,8.371458,-13.99581,-2.2760487,9.099717,7.027544,26.428026,-33.986435,62.474194,-10.382168,-27.779905,33.79899,39.041813
907,-16.09325408935547,-495.72161865234375,62.193077087402344,-6.570396536363925,1.1883878970840973,-97.19980804328428,-25.14478,13.15662,20.435795,25.780926,-7.9634147,-4.4519954,3.2178545,11.7347355,-1.628852,8.56569,-14.446353,-2.4868891,8.867451,7.1833763,26.377033,-33.76978,62.630257,-10.803495,-27.866024,33.795094,39.035877
908,-16.122928619384766,-496.2517395019531,62.13829040527344,-6.528734048188693,1.345619929166199,-96.97201510937506,-25.065609,12.42436,20.841646,22.439877,-7.160206,-5.6896553,3.4569733,11.677732,-1.7989225,8.796361,-14.911006,-2.6885955,8.597257,7.3995166,26.30548,-33.54546,62.71814,-11.19585,-27.981041,33.832626,39.03895
909,-16.141891479492188,-496.7882995605469,62.08510971069336,-6.4427526961686485,1.4825245094169783,-96.74850162681601,-24.882277,11.584927,21.191172,19.058544,-6.341993,-6.9304934,3.7142024,11.570899,-1.9671085,9.038193,-15.370529,-2.8787584,8.330812,7.649988,26.224152,-33.38169,62.742844,-11.581112,-28.107046,33.908665,39.094707
910,-16.15697479248047,-497.33258056640625,62.0374755859375,-6.310156568010466,1.6057249107349274,-96.51317004492614,-24.532541,10.616215,21.516455,15.417218,-5.3845096,-8.194392,3.9802532,11.414021,-2.149908,9.301376,-15.832434,-3.0723364,8.07908,7.9294906,26.1424,-33.30186,62.695374,-11.981527,-28.22474,33.99823,39.245342
911,-16.160865783691406,-497.8859558105469,61.99069595336914,-6.1631668662815065,1.7226182525661076,-96.314676216997,-23.906954,9.546747,21.89529,11.339415,-4.2200828,-9.518569,4.2442665,11.235017,-2.295471,9.591005,-16.299742,-3.2658494,7.884826,8.217345,26.078608,-33.278538,62.585197,-12.389426,-28.305523,34.082077,39.474064
912,-16.163116455078125,-498.4670104980469,61.90436553955078,-6.258579195381891,1.8891154541830013,-96.35332572146739,-22.95203,8.674819,22.45084,6.676334,-2.7950249,-10.974699,4.463561,11.274821,-2.1862178,9.887377,-16.752954,-3.4628797,7.8703666,8.268413,26.063877,-33.244556,62.657524,-12.597693,-28.331333,34.026913,39.419327
913,-16.165613174438477,-499.0525817871094,61.7612190246582,-6.69032090511438,2.0724782451750934,-96.57223799011572,-21.410824,7.921023,23.208559,0.7222534,-0.8378535,-12.827536,4.6577444,11.640495,-1.8685133,10.220869,-17.221699,-3.69297,7.8949795,8.009097,26.071712,-33.16941,63.080845,-12.485013,-28.326563,33.874783,38.913555
914,-16.148897171020508,-499.62774658203125,61.605220794677734,-7.164909321577992,2.242053675043179,-96.78883392785521,-20.594194,7.4373574,23.904772,-3.095699,-0.32849702,-14.323944,4.8359466,12.028937,-1.5489652,10.628409,-17.734205,-3.9203987,7.929551,7.728968,26.086199,-33.119007,63.506264,-12.343589,-28.317844,33.72841,38.404465
915,-16.107818603515625,-500.2161865234375,61.45363998413086,-7.49665492177358,2.344119948499212,-96.82764508921666,-20.639017,7.067241,24.218185,-4.2349405,-1.2592983,-14.323944,5.0257006,12.25255,-1.4153856,11.170159,-18.32737,-4.082449,7.8218775,7.619426,26.094822,-33.091763,63.76717,-12.225299,-28.310322,33.631527,38.10446
916,-16.090412139892578,-500.8121032714844,61.31908416748047,-7.677629772727325,2.4846974845351104,-96.82835970032957,-20.975721,6.887102,24.282911,-4.151156,-2.389364,-14.323944,5.2476783,12.340374,-1.3059068,11.539019,-18.79547,-4.189157,7.698277,7.506041,26.10602,-33.05427,63.908035,-12.083897,-28.299562,33.447266,37.886414
917,-16.097192764282227,-501.41168212890625,61.200565338134766,-7.716345747946138,2.569597459647518,-96.7990732612526,-21.021555,6.7026033,24.1392,-3.970259,-2.9170432,-14.323944,5.545413,12.299594,-1.2111052,11.844897,-19.217306,-4.230176,7.5982394,7.5721726,26.110601,-33.04729,63.841175,-12.031798,-28.293661,33.29781,37.932583
918,-16.087722778320312,-501.9798278808594,61.145835876464844,-7.589691383458853,2.614860638548026,-96.70082247239787,-21.414675,6.6911287,23.768198,-2.139162,-3.9434185,-14.323944,5.8924994,12.100479,-1.1825715,12.117418,-19.616688,-4.2163415,7.501414,7.79121,26.10697,-33.088196,63.567776,-12.066655,-28.293118,33.164528,38.23565
919,-16.079143524169922,-502.5452575683594,61.11725616455078,-7.310600641216391,2.624633599022706,-96.61478339404529,-21.829475,6.6662974,23.418705,0.1403705,-4.879729,-14.323944,6.0993247,11.740785,-1.1910288,12.810383,-20.21627,-4.1654563,7.5200872,8.045289,26.07182,-33.258614,63.182888,-12.159225,-28.317265,33.019352,38.767063
920,-16.094120025634766,-503.1488342285156,61.06759262084961,-6.874636398876515,2.6210930148436473,-96.57493935229812,-22.235563,6.5697846,23.253603,2.4195697,-5.570534,-14.323944,6.2529955,11.217373,-1.1931316,13.666549,-20.818466,-4.09851,7.4974437,8.464445,26.009068,-33.270832,62.62801,-12.4125185,-28.34707,33.09023,39.506172
921,-16.137237548828125,-503.7724609375,61.03731918334961,-6.236259677825142,2.5986133063504573,-96.56552773745214,-22.75769,6.481038,23.338121,5.0901504,-6.1813574,-14.323944,6.4255605,10.500405,-1.1984987,14.539097,-21.371548,-4.01967,7.510286,9.053279,25.925295,-33.22931,61.852585,-12.789976,-28.383093,33.25316,40.50579
922,-16.12218475341797,-504.37469482421875,61.047000885009766,-5.392054077230541,2.5425608609696666,-96.29870993540126,-23.01756,5.688408,23.228525,6.9317446,-6.003202,-11.494895,6.5745564,9.561453,-1.504664,15.584099,-22.002605,-3.8538969,7.306444,9.795055,25.816364,-33.18678,60.89808,-13.237911,-28.430399,33.47707,41.74976
923,-16.081024169921875,-504.97320556640625,61.09272766113281,-4.503478906552482,2.4757937848207394,-96.01678179964057,-23.289791,4.7597675,23.110981,8.765846,-5.7079973,-7.9055414,6.68522,8.55264,-1.855799,16.749014,-22.577991,-3.6461186,7.099249,10.540133,25.70322,-33.14077,59.90534,-13.689706,-28.479206,33.72785,43.07119
924,-16.034517288208008,-505.59075927734375,61.13508987426758,-3.778760827332927,2.4250952686331044,-95.89757914075535,-23.589792,4.082734,22.981293,10.618352,-5.485003,-5.072336,6.7168016,7.6712265,-2.0574532,18.044275,-23.010025,-3.4283388,7.0064564,11.114211,25.607672,-33.04969,59.08394,-13.953396,-28.5119,33.907623,44.184074
925,-15.98945426940918,-506.2319641113281,61.16293716430664,-3.211624463326604,2.400591519156457,-96.00529518925005,-23.756811,3.600955,22.76978,12.077338,-5.0296063,-3.1983624,6.6609893,6.895825,-2.0737572,19.475487,-23.304602,-3.194614,7.089168,11.533442,25.528212,-32.893425,58.41387,-14.040881,-28.531475,34.016262,45.09576
926,-15.934755325317383,-506.8824768066406,61.18772506713867,-2.6534140797075194,2.3822171157993064,-96.23429565028991,-23.701424,3.095702,22.529116,13.010036,-4.216967,-1.7902008,6.550467,6.095522,-2.0133214,21.02557,-23.494087,-2.9313865,7.2714777,11.936659,25.44717,-32.689007,57.746372,-14.066117,-28.549393,34.12334,45.995277
927,-15.877565383911133,-507.5474853515625,61.22003936767578,-2.10705471993611,2.374298780941873,-96.5190206921098,-23.53521,2.6057897,22.360094,13.732407,-3.4261699,-0.70825565,6.3700733,5.292914,-1.8903908,22.706041,-23.54933,-2.6451066,7.4988856,12.315688,25.36614,-32.4593,57.093315,-14.0555935,-28.562527,34.263012,46.90698
928,-15.813469886779785,-508.2084655761719,61.254150390625,-1.5938431589644362,2.381571833691352,-96.80600688602323,-23.3685,2.18596,22.360928,14.532226,-3.0197258,0.17066845,6.1001434,4.524629,-1.7051944,24.532465,-23.443926,-2.3449862,7.707234,12.652,25.288643,-32.205223,56.482815,-13.972966,-28.565166,34.4286,47.79038
929,-15.754286766052246,-508.86279296875,61.287147521972656,-1.1055713803102467,2.4164569576060435,-97.11418724356528,-23.207151,1.8430413,22.602993,15.3947935,-3.0602841,0.7318427,5.712566,3.7802298,-1.4216386,26.547745,-23.22547,-2.0764158,7.9148884,12.946886,25.212648,-31.898914,55.89806,-13.838815,-28.558104,34.623486,48.65891
930,-15.69616985321045,-509.51239013671875,61.32486343383789,-0.6226211524256094,2.4699542077155203,-97.45066513765376,-22.990978,1.5251788,22.98916,16.160257,-3.32234,0.94533026,5.2247295,3.0368326,-1.0646105,28.735083,-22.89369,-1.8185909,8.132835,13.224533,25.134825,-31.546091,55.31808,-13.663708,-28.543625,34.84977,49.53779
931,-15.644505500793457,-510.168701171875,61.37421798706055,-0.14712683478791083,2.516697524622751,-97.74628658987041,-22.715572,1.1850544,23.370512,16.82207,-3.6989293,1.0559257,4.68165,2.3100805,-0.720823,31.019686,-22.350481,-1.4853877,8.3076315,13.485841,25.059381,-31.213085,54.764008,-13.451971,-28.519644,35.130222,50.44553
932,-15.589827537536621,-510.83489990234375,61.43403625488281,0.3148847818660682,2.5302291264520327,-97.93644096439314,-22.374422,0.78124183,23.602917,17.37115,-4.088506,1.3085842,4.1279774,1.6153971,-0.46809536,33.331676,-21.493595,-0.9933944,8.385007,13.72653,24.991652,-30.961649,54.260303,-13.199274,-28.48327,35.482735,51.38832
933,-15.546506881713867,-511.502685546875,61.498016357421875,0.7587459308264349,2.4955897508792018,-97.9750085268533,-21.985733,0.3017978,23.60901,17.864056,-4.5354586,1.7781662,3.597154,0.9630018,-0.34187543,35.651146,-20.242228,-0.24703646,8.328579,13.944256,24.933027,-30.785904,53.826904,-12.87842,-28.429548,35.883556,52.385586
934,-15.511676788330078,-512.1660766601562,61.56721878051758,1.1874679923592613,2.426435897788746,-97.90723309203412,-21.560202,-0.23285837,23.473736,18.30361,-5.076992,2.3258357,3.0575495,0.3431413,-0.27921525,38.022842,-18.671196,0.6744105,8.170907,14.134357,24.88159,-30.655151,53.448307,-12.498659,-28.361626,36.331917,53.420902
935,-15.481786727905273,-512.8229370117188,61.642601013183594,1.5977050453977033,2.3398649543608037,-97.80837429115564,-21.07698,-0.8034646,23.300484,18.602644,-5.6053257,2.8772237,2.4577296,-0.25448358,-0.20971847,40.468098,-16.910276,1.6008803,7.955966,14.293067,24.837727,-30.584663,53.095398,-12.079395,-28.287655,36.860195,54.421303
936,-15.445602416992188,-513.4742431640625,61.72111511230469,1.9891708117168068,2.2555281736830315,-97.75357042768219,-20.517113,-1.381266,23.195856,18.691671,-6.0290494,3.3564188,1.7488816,-0.8370189,-0.07327433,43.00113,-15.084325,2.378353,7.732876,14.416053,24.802359,-30.595234,52.739174,-11.649217,-28.216309,37.50934,55.324818
937,-15.39907169342041,-514.1250610351562,61.808631896972656,2.3579073954441325,2.176158751112965,-97.7392198733484,-19.85847,-1.9699163,23.16736,18.513372,-6.312295,3.7491772,0.916652,-1.392668,0.13370886,45.662308,-13.1692295,2.9773092,7.4940934,14.501088,24.77691,-30.71639,52.3903,-11.197525,-28.1463,38.283985,56.138542
938,-15.343801498413086,-514.7620239257812,61.897945404052734,2.7083186634420215,2.093248813871937,-97.73428026838951,-19.112968,-2.5756166,23.164923,18.119009,-6.510306,4.0870757,-0.0043856855,-1.9106433,0.38501054,48.419086,-11.108292,3.5069659,7.220289,14.550057,24.761063,-30.927908,52.058697,-10.717935,-28.07616,39.17121,56.893555
939,-15.276087760925293,-515.3854370117188,61.98741912841797,3.044607850729467,2.0094797926327654,-97.77321607307921,-18.30262,-3.1800816,23.210514,17.57603,-6.6538444,4.3642464,-0.9861356,-2.4013562,0.6899217,51.166946,-8.9708395,4.020447,6.9395604,14.568915,24.752407,-31.171366,51.71624,-10.225731,-28.012514,40.167553,57.551212
940,-15.201595306396484,-516.0072021484375,62.07765197753906,3.3723821711766684,1.9285060244578451,-97.89034520867473,-17.460604,-3.7637837,23.328684,16.965471,-6.780251,4.5832343,-2.0084631,-2.8816564,1.0583351,53.816654,-6.833084,4.5523324,6.6810613,14.562804,24.748314,-31.38897,51.33501,-9.736727,-27.961851,41.268665,58.071857
941,-15.117157936096191,-516.6206665039062,62.169891357421875,3.6991940312589735,1.8546417745449777,-98.12685515899294,-16.573982,-4.3403172,23.564123,16.24397,-6.87822,4.7426853,-3.1122437,-3.3386872,1.609193,56.407246,-4.5048027,5.156149,6.4843106,14.5401535,24.747988,-31.593973,50.900505,-9.25299,-27.925175,42.512054,58.447628
942,-15.031049728393555,-517.2238159179688,62.26161575317383,4.020780685367745,1.786260445442241,-98.45286178631603,-15.635544,-4.926128,23.891659,15.373783,-6.923844,4.851639,-4.299091,-3.7581825,2.311161,58.979923,-2.0178251,5.8098745,6.32598,14.494031,24.752964,-31.810894,50.430813,-8.772641,-27.899231,43.888496,58.70815
943,-14.948760032653809,-517.8193359375,62.346614837646484,4.327435381428875,1.7192769815677045,-98.79949306163464,-14.692555,-5.5079026,24.234186,14.46406,-6.950803,4.929103,-5.4889393,-4.181174,2.9323907,61.438408,0.21362086,6.3875475,6.149178,14.402937,24.764463,-32.00368,49.950314,-8.3070135,-27.88347,45.324474,58.865368
944,-14.870063781738281,-518.408935546875,62.41907501220703,4.602938621158858,1.648102982211073,-99.09825932826956,-13.791803,-6.057171,24.514147,13.636823,-7.00153,4.9881196,-6.6066365,-4.6757555,3.215044,63.690945,1.7744823,6.717604,5.8962173,14.240799,24.784359,-32.134968,49.489674,-7.8616233,-27.878195,46.743057,58.91994
945,-14.795938491821289,-518.9833374023438,62.4743537902832,4.805647809821339,1.564828110882697,-99.34324123499158,-13.006103,-6.4881234,24.722239,13.102498,-7.1836996,5.0214295,-7.628154,-5.2849455,3.008788,65.71615,2.5217268,6.6948986,5.8659935,13.844658,24.82126,-32.48117,49.12432,-7.0835147,-27.898832,47.560417,58.71496
946,-14.72305965423584,-519.5515747070312,62.524749755859375,5.07031535821433,1.4941192881136993,-99.58617775317971,-12.140414,-7.042057,24.926115,12.293789,-7.194337,5.0364122,-8.631795,-6.1321254,2.5073354,67.61177,2.6530128,6.3884664,5.2093062,13.683894,24.857084,-32.279263,48.600967,-7.0355577,-27.919598,49.645046,58.627724
947,-14.659708976745605,-520.1181640625,62.564247131347656,5.205330894504753,1.408148425195258,-99.74403202528072,-11.439734,-7.393249,25.03298,11.922713,-7.435084,5.0204353,-9.569988,-6.9511037,1.7429558,69.30063,2.3814988,5.8343225,5.1207876,13.159392,24.893538,-32.545914,48.25601,-6.259445,-27.935017,50.27337,58.246197
948,-14.601314544677734,-520.6765747070312,62.60174560546875,5.339649563740109,1.2778642943451566,-99.88636041564652,-10.718721,-7.73157,25.120356,11.59554,-7.6968417,4.9840193,-10.461892,-7.773782,0.9892441,70.83661,1.8470536,5.11861,4.834813,12.547058,24.951689,-32.803528,48.01165,-5.754121,-27.968014,51.30238,57.96541
949,-14.549450874328613,-521.2238159179688,62.63313293457031,5.415235315419056,1.149982615584626,-99.90858839671881,-10.052212,-8.004523,25.080261,11.366853,-8.0022,4.9210706,-11.325114,-8.548943,0.1353475,72.1855,0.92814356,4.1662083,4.4550385,11.932537,24.998047,-32.895428,47.764156,-5.2158675,-27.98821,52.00875,57.626953
950,-14.501232147216797,-521.7706298828125,62.6624641418457,5.460635534319442,0.9932560253674058,-99.87014019307722,-9.371396,-8.249448,24.968899,11.143488,-8.298445,4.832728,-12.1321945,-9.317456,-0.8078515,73.36075,-0.41263282,3.005295,3.949827,11.253443,25.051668,-32.91464,47.57535,-4.732287,-28.009857,52.723934,57.25115
951,-14.458433151245117,-522.3140258789062,62.69293975830078,5.475188731318317,0.827982143062237,-99.77787083687492,-8.698342,-8.463479,24.80037,10.936222,-8.590058,4.7399845,-12.893391,-10.035213,-1.7621485,74.34422,-1.8544266,1.8463883,3.343388,10.549119,25.10885,-32.834476,47.423477,-4.3055577,-28.029613,53.36585,56.886997
952,-14.4209623336792,-522.8500366210938,62.724853515625,5.4724884047077085,0.6970162193017536,-99.69337329054416,-8.0675745,-8.648931,24.645258,10.749846,-8.887702,4.6578894,-13.659014,-10.668236,-2.6047528,75.12713,-3.073591,0.8812137,2.881617,9.912478,25.145061,-32.7491,47.193127,-3.9279003,-28.036116,53.65018,56.64763
953,-14.386938095092773,-523.38427734375,62.75698471069336,5.441598802768937,0.5366146657112901,-99.56290621547043,-7.42289,-8.806137,24.447317,10.5765,-9.176326,4.5935993,-14.3561945,-11.25014,-3.4514236,75.698944,-3.9913464,0.1232792,2.2758315,9.161173,25.186773,-32.59606,47.11605,-3.541356,-28.039333,53.868767,56.435863
954,-14.349895477294922,-523.9113159179688,62.7866096496582,5.377019679500906,0.3633722787579752,-99.38628417241203,-6.7816596,-8.92707,24.204243,10.421837,-9.460405,4.5347104,-15.003903,-11.773785,-4.3126016,76.06502,-4.7695622,-0.5143761,1.5711846,8.352192,25.231016,-32.35647,47.128086,-3.1880043,-28.037786,53.98121,56.260864
955,-14.319950103759766,-524.4345092773438,62.8213996887207,5.23494263900807,0.17490591227039037,-99.08387094332181,-6.1983833,-8.944941,23.833122,10.421411,-9.802446,4.487602,-15.565481,-12.179411,-5.238639,76.19423,-5.424437,-1.0508227,0.49364075,7.3948407,25.307728,-31.79093,47.39094,-2.7721164,-28.029217,54.04592,55.967415
956,-14.290371894836426,-524.947509765625,62.853885650634766,5.152157688502168,0.038341125994088524,-98.90301640735326,-5.609991,-9.023264,23.575527,10.303054,-10.08201,4.450069,-16.205051,-12.483143,-5.8487544,76.18495,-6.0240993,-1.4782146,-0.1901708,6.7241178,25.34976,-31.462055,47.297558,-2.5531898,-28.018684,53.96,55.91952
957,-14.272276878356934,-525.4571533203125,62.88832473754883,4.977388982384786,-0.10258773070315837,-98.55687711509809,-5.0887923,-8.984346,23.139349,10.332362,-10.408448,4.4371824,-16.756002,-12.6194515,-6.5006685,75.91943,-6.49318,-1.8077738,-1.285715,5.842023,25.432142,-30.792929,47.505325,-2.1626036,-27.990536,53.680153,55.691452
958,-14.260019302368164,-525.9646606445312,62.9221076965332,4.809756453141248,-0.20940989788034825,-98.27442011065513,-4.5938115,-8.934298,22.759771,10.3546505,-10.729634,4.4348555,-17.350637,-12.628339,-6.945189,75.48182,-6.853375,-2.0309856,-2.245312,5.0812407,25.514038,-30.162842,47.583996,-1.873096,-27.955433,53.28862,55.57969
959,-14.246238708496094,-526.471923828125,62.957035064697266,4.6393045028066,-0.30732669746843416,-98.01361440444826,-4.10771,-8.870976,22.398132,10.378881,-11.039132,4.4352865,-17.940393,-12.533354,-7.254902,74.85982,-7.1629443,-2.1807618,-3.153262,4.317165,25.598946,-29.566343,47.666004,-1.5913757,-27.912537,52.790497,55.508797
960,-14.22928237915039,-526.978515625,62.993125915527344,4.479139206507595,-0.3990117145085262,-97.79747648718967,-3.628019,-8.804536,22.0832,10.411701,-11.339992,4.4273047,-18.523281,-12.349599,-7.4219446,74.06198,-7.4868774,-2.2867033,-3.9731448,3.5595863,25.688112,-29.023544,47.735573,-1.3078403,-27.864052,52.229156,55.466396
961,-14.21971607208252,-527.4832153320312,63.028709411621094,4.33396231972355,-0.48728414408825504,-97.63347615509538,-3.1524196,-8.742716,21.820131,10.455778,-11.622632,4.4094305,-19.104187,-12.063399,-7.4100695,73.08767,-7.8508315,-2.3676496,-4.710248,2.8077042,25.78156,-28.53534,47.79843,-1.0410014,-27.811192,51.614616,55.46236
962,-14.217589378356934,-527.9851684570312,63.057498931884766,4.1957617776787295,-0.5709156220238473,-97.50955369793286,-2.6813393,-8.679321,21.594893,10.5059185,-11.888625,4.3878355,-19.68055,-11.672789,-7.237391,71.93274,-8.218028,-2.4109983,-5.383768,2.0506067,25.879158,-28.091469,47.867382,-0.79450256,-27.753895,50.937176,55.49879
963,-14.201189994812012,-528.4957885742188,63.09177780151367,4.060666649569029,-0.6472768163643211,-97.42146689354762,-2.2149732,-8.610109,21.409079,10.557342,-12.158365,4.362753,-20.236717,-11.217093,-6.9756517,70.60252,-8.560274,-2.3964574,-5.9772463,1.2923775,25.98164,-27.699795,47.928417,-0.5419262,-27.693186,50.220097,55.55131
964,-14.19396686553955,-528.996337890625,63.118988037109375,3.9208383575515935,-0.7147907295734851,-97.36678101759018,-1.7499815,-8.535945,21.266294,10.598589,-12.449005,4.3342643,-20.755947,-10.731737,-6.694601,69.09779,-8.849643,-2.3004017,-6.4757104,0.5358726,26.09013,-27.371494,47.967937,-0.2615215,-27.630627,49.499237,55.593666
965,-14.188962936401367,-529.4935913085938,63.13683319091797,3.7720537692287284,-0.7727181178535578,-97.35482889297285,-1.2883204,-8.4482,21.174723,10.634444,-12.771538,4.3159733,-21.242418,-10.199604,-6.374051,67.407684,-9.073908,-2.0846279,-6.883015,-0.21856497,26.204779,-27.101091,47.98813,0.043861438,-27.56678,48.782223,55.61477
966,-14.18740463256836,-529.9949951171875,63.151329040527344,3.6166135009331595,-0.8224840123021566,-97.38417256165603,-0.82957757,-8.352451,21.13049,10.666527,-13.114218,4.3040714,-21.696367,-9.61055,-5.9918795,65.53158,-9.249317,-1.7748464,-7.2122817,-0.972811,26.325287,-26.880241,47.99566,0.3577266,-27.501991,48.06668,55.62806
967,-14.177396774291992,-530.4952392578125,63.16252899169922,3.4657034120752224,-0.8635789960496129,-97.43316463359042,-0.3711345,-8.261791,21.115326,10.686078,-13.462326,4.2736335,-22.104902,-9.010583,-5.616614,63.489044,-9.387021,-1.4385755,-7.466066,-1.7264042,26.452032,-26.717611,47.982162,0.6774472,-27.437725,47.38044,55.643295
968,-14.174395561218262,-530.996826171875,63.167877197265625,3.3277029875967123,-0.8963590862311094,-97.47792597180651,0.0902598,-8.188213,21.109478,10.685021,-13.802002,4.1992426,-22.454035,-8.445243,-5.3188725,61.297863,-9.500185,-1.1426823,-7.65171,-2.4825284,26.58527,-26.625517,47.94379,0.99328834,-27.376217,46.76377,55.673233
969,-14.164434432983398,-531.4996337890625,63.165138244628906,3.2005865033680054,-0.9249510050393376,-97.51559593217745,0.56198186,-8.13189,21.118217,10.652768,-14.127124,4.0640955,-22.742516,-7.9162903,-5.1058125,58.952335,-9.614811,-0.9107711,-7.772939,-3.2520661,26.725077,-26.611769,47.89266,1.2936885,-27.319351,46.252716,55.729015
970,-14.157557487487793,-532.005126953125,63.1541748046875,3.0787371087450146,-0.9483639857915958,-97.5556681076571,1.0402634,-8.087154,21.147593,10.598341,-14.447548,3.8854947,-22.97444,-7.399967,-4.9456286,56.443153,-9.716801,-0.7011182,-7.8414297,-4.038902,26.870522,-26.665545,47.83896,1.5685984,-27.267365,45.85064,55.804188
971,-14.152975082397461,-532.5055541992188,63.121803283691406,3.0209337796700897,-0.9668691928638381,-97.56538190241795,1.490685,-8.099032,21.153107,10.602851,-14.801627,3.6925614,-23.173727,-6.9685974,-4.841986,53.862453,-9.80557,-0.47086015,-7.939981,-4.678816,26.977991,-26.700806,47.67785,1.7113594,-27.233084,45.66433,55.951015
972,-14.146438598632812,-533.0145874023438,63.11238479614258,2.8880565269074077,-0.9433379320615816,-97.60918952382762,1.9675379,-8.057426,21.176899,10.452713,-15.072668,3.5017593,-23.276516,-6.446115,-4.8275833,50.976303,-9.680152,-0.20724143,-7.9668765,-5.6019363,27.138794,-26.825993,47.702774,1.9937942,-27.184736,45.38348,55.947968
973,-14.1417875289917,-533.5176391601562,63.08246994018555,2.8122438803621406,-0.8895599070401332,-97.6116903163784,2.380421,-8.058475,21.149805,10.39029,-15.388688,3.3153899,-23.352127,-6.018999,-4.905652,47.988914,-9.473568,0.10563825,-7.970932,-6.3883057,27.295849,-26.973133,47.56776,2.21975,-27.141226,45.171444,55.964226
974,-14.135296821594238,-534.0250244140625,63.04777145385742,2.753340739960819,-0.8088947195552221,-97.59600503414727,2.775852,-8.076895,21.097918,10.309131,-15.692657,3.1215239,-23.376518,-5.626142,-5.0698757,44.83182,-9.165429,0.45287088,-7.957632,-7.148644,27.450987,-27.130579,47.382236,2.426467,-27.10196,45.02403,55.96452
975,-14.125641822814941,-534.5264892578125,63.006954193115234,2.714105588865006,-0.7093279826264831,-97.57337345681532,3.1538491,-8.113516,21.036509,10.230349,-15.997668,2.9352942,-23.35594,-5.23583,-5.274975,41.54607,-8.760994,0.8549713,-7.935247,-7.88616,27.60423,-27.293186,47.174217,2.607693,-27.066877,44.930767,55.943264
976,-14.118059158325195,-535.0376586914062,62.949581146240234,2.698319781814593,-0.5990314767388997,-97.55415044751891,3.5176225,-8.175744,20.97888,10.166858,-16.3126,2.7724817,-23.296225,-4.826365,-5.474957,38.171642,-8.267697,1.3254611,-7.9071245,-8.59231,27.755196,-27.456614,46.95837,2.752672,-27.036173,44.87682,55.902336
977,-14.10867977142334,-535.54052734375,62.88953399658203,2.708875036847268,-0.4742146820347413,-97.54058626785809,3.8614862,-8.2711935,20.92826,10.119704,-16.635456,2.6548488,-23.204027,-4.414365,-5.66475,34.670963,-7.6507516,1.8075168,-7.8640857,-9.267377,27.903572,-27.621202,46.72716,2.8610208,-27.01059,44.858932,55.839485
978,-14.101667404174805,-536.0496826171875,62.82457733154297,2.742951710663631,-0.3318489860875801,-97.52952954802822,4.185258,-8.392263,20.879889,10.083927,-16.96395,2.567348,-23.075186,-4.0123053,-5.859999,31.029995,-6.9197307,2.3036053,-7.803011,-9.915444,28.049501,-27.788189,46.477047,2.9413586,-26.99053,44.87837,55.75123
979,-14.092733383178711,-536.5643920898438,62.74515914916992,2.791499771641728,-0.18463783889710142,-97.52101664552708,4.5058203,-8.525974,20.832685,10.057031,-17.301962,2.4719093,-22.89164,-3.603214,-6.047118,27.300488,-6.136515,2.908652,-7.7357087,-10.5248575,28.192379,-27.952354,46.22168,3.000319,-26.975445,44.92274,55.642094
980,-14.079787254333496,-537.0868530273438,62.65238952636719,2.850900977650288,-0.046335996877725834,-97.51296934991089,4.84007,-8.6632395,20.783604,10.036853,-17.653902,2.3314145,-22.622877,-3.1745708,-6.2151055,23.50371,-5.3465004,3.7149734,-7.6762185,-11.0800085,28.330866,-28.106619,45.971107,3.0480947,-26.964256,44.97416,55.515537
981,-14.06837272644043,-537.611083984375,62.551719665527344,2.9345218389684287,0.08464863673777508,-97.50008518724421,5.195116,-8.820039,20.72384,10.00694,-18.018795,2.1310518,-22.227749,-2.7358909,-6.3557687,19.49184,-4.5175486,4.7660522,-7.6197195,-11.562579,28.463573,-28.247185,45.699055,3.0800655,-26.957014,45.02542,55.379982
982,-14.071111679077148,-538.146240234375,62.44239044189453,3.059531557204775,0.2178758691171062,-97.47135822561008,5.5505385,-9.0103035,20.643936,9.990689,-18.405182,1.8942366,-21.688309,-2.3247244,-6.4823756,15.170679,-3.5776362,5.987379,-7.5686817,-11.969951,28.589739,-28.370096,45.384327,3.0848699,-26.954319,45.076294,55.245586
983,-14.07017993927002,-538.6883544921875,62.317604064941406,3.241145179648918,0.35508640213778203,-97.40597302104887,5.9056506,-9.249971,20.524122,9.984624,-18.796618,1.6435876,-20.997421,-1.9805338,-6.6232696,10.608515,-2.4848752,7.3016195,-7.5415964,-12.287814,28.707373,-28.46137,45.01201,3.042345,-26.9564,45.11619,55.147305
984,-14.070841789245605,-539.2392578125,62.17108917236328,3.5083428879495973,0.4998168664081373,-97.279326882507,6.2542195,-9.562242,20.338686,9.995016,-19.18183,1.4018962,-20.381552,-1.7738531,-6.802074,6.452899,-1.5375537,8.646566,-7.5618763,-12.495689,28.813559,-28.501184,44.557487,2.927434,-26.96349,45.132008,55.12576
985,-14.065943717956543,-539.7966918945312,61.99734878540039,3.843327867654334,0.610154531022711,-97.16379337807422,6.581716,-9.914884,20.17522,10.181201,-19.664703,1.1588849,-21.184996,-1.8306593,-6.8784595,6.062335,-2.7259462,10.097619,-7.583415,-12.596155,28.871653,-28.488329,44.10812,2.805458,-26.971785,45.122803,55.147793
986,-14.068254470825195,-540.361328125,61.81778335571289,4.249390844614382,0.7399809351077595,-96.99102260796566,6.9516797,-10.35725,19.940504,10.215191,-20.044607,0.91837823,-21.783169,-1.961375,-6.9815497,5.2640157,-3.6276658,11.642477,-7.6446,-12.623918,28.922855,-28.438826,43.569767,2.5973625,-26.984552,45.09147,55.229084
987,-14.079578399658203,-540.9264526367188,61.64210891723633,4.643752844634131,0.8620609847795109,-96.79624643327526,7.3417206,-10.784551,19.675774,10.215879,-20.389435,0.6848353,-21.352716,-1.9833441,-7.223452,2.1967432,-3.0872383,13.137693,-7.7249446,-12.590731,28.961521,-28.361086,43.05083,2.3747756,-26.997715,45.04557,55.315365
988,-14.09939956665039,-541.4912719726562,61.490379333496094,4.913683173119896,0.9928226896217361,-96.55447978019824,7.705078,-11.049145,19.368246,10.247702,-20.723492,0.45211625,-22.099089,-2.0783374,-7.6886163,2.485416,-4.40758,14.323944,-7.8702593,-12.51018,29.034988,-28.218138,42.600487,2.1904237,-27.021704,44.97147,55.29928
989,-14.15226936340332,-542.0513916015625,61.33036804199219,5.149162135811731,1.0729622163191208,-96.47973492014698,8.042775,-11.236385,19.229006,10.489171,-21.195114,0.20323192,-22.275038,-1.8335518,-8.273899,1.8602525,-5.103334,14.323944,-7.8860283,-12.5002165,29.07113,-28.155437,42.402775,2.1010604,-27.0339,44.9382,55.261024
990,-14.210674285888672,-542.6083374023438,61.17090606689453,5.393508096176411,1.1630989141065697,-96.37144797027118,8.367189,-11.417433,19.043274,10.74134,-21.666016,-0.03298605,-22.51754,-1.603859,-9.0851555,1.759815,-6.0402803,14.323944,-7.924128,-12.474698,29.105965,-28.094116,42.23894,1.9731064,-27.047066,44.899036,55.251316
991,-14.252802848815918,-543.1622314453125,61.021400451660156,5.58181308296119,1.2501905806913731,-96.24892489248971,8.695626,-11.541104,18.839144,10.979738,-22.086157,-0.2575876,-22.601318,-1.368282,-9.910759,1.6186706,-6.6609836,14.323944,-7.969086,-12.448565,29.139166,-28.034927,42.173653,1.8575807,-27.05986,44.858437,55.22381
992,-14.285831451416016,-543.7259521484375,60.88880157470703,5.642345244949881,1.3224930450855503,-96.1397498932797,9.040509,-11.550744,18.655203,11.195895,-22.417439,-0.47417456,-22.58881,-1.1479546,-10.534493,1.6037999,-6.8405933,14.323944,-8.002546,-12.454519,29.17173,-27.98133,42.284557,1.8137647,-27.070564,44.823166,55.11818
993,-14.304500579833984,-544.2874145507812,60.79422378540039,5.550909126402652,1.3782102131258132,-96.06368974830218,9.379983,-11.417632,18.516787,11.444983,-22.70476,-0.6814262,-22.44513,-0.9539127,-10.899363,1.783136,-6.412115,14.323944,-8.007745,-12.5198765,29.20485,-27.941944,42.613518,1.8654187,-27.078196,44.80544,54.912548
994,-14.327340126037598,-544.8292846679688,60.751609802246094,5.320169569403783,1.4167489560058255,-96.01644872093499,9.622806,-11.117918,18.438953,11.965297,-23.100613,-0.8834882,-22.153204,-0.7408931,-11.108757,2.0767355,-5.4886794,14.323944,-7.9940863,-12.645088,29.23897,-27.923018,43.15435,2.005499,-27.08188,44.807568,54.611538
995,-14.338400840759277,-545.3912353515625,60.722232818603516,4.966793118972337,1.43788293507362,-95.97815709429027,9.83902,-10.680453,18.397295,12.587186,-23.467884,-1.08546,-21.799627,-0.4793602,-11.183364,2.421,-4.367395,14.323944,-7.998742,-12.8338375,29.274155,-27.926477,43.90315,2.2282476,-27.080315,44.820267,54.211807
996,-14.327493667602539,-545.9761352539062,60.68855667114258,4.4530666905329195,1.4406160438668387,-95.8703987433488,9.929092,-10.002017,18.353312,13.580713,-23.92827,-1.3049756,-21.315525,-0.07165216,-11.237127,2.3845613,-3.1384015,14.323944,-8.140245,-13.206822,29.33982,-27.981062,45.00331,2.63965,-27.06764,44.818356,53.58159
997,-14.366476058959961,-546.5617065429688,60.690677642822266,3.8266976617603885,1.4136687110657211,-95.88595107925705,10.059469,-9.189393,18.464685,14.5753975,-24.28342,-1.5689259,-20.91039,0.7135326,-11.030948,2.3592048,-2.0857584,12.366841,-8.162398,-13.547158,29.402323,-28.061525,46.20433,3.1343172,-27.039904,44.763634,52.903004
998,-14.432933807373047,-547.1470947265625,60.73066711425781,3.0076466635751298,1.381414002904288,-95.98157266473223,10.121214,-8.147998,18.711264,15.803838,-24.691687,-1.8608913,-20.528301,1.769329,-10.698257,2.3566923,-1.0471952,9.592228,-7.8299994,-14.036556,29.66516,-28.54731,47.445663,3.9333427,-26.872568,44.281406,52.115204
999,-14.508783340454102,-547.74658203125,60.78570556640625,2.202354375605975,1.3267712162772851,-96.02523742614065,10.210526,-7.099572,18.910585,17.01825,-24.945318,-2.1718075,-20.063908,2.8066485,-10.36683,2.190742,0.0954757,6.851035,-7.6940975,-14.467979,29.730959,-28.817581,48.88598,4.6470366,-26.75745,43.9743,51.330376
1000,-14.583871841430664,-548.3707885742188,60.83069610595703,1.4742849889867768,1.283354449644101,-95.94202509334785,10.235779,-6.0754147,18.986256,18.358828,-25.084902,-2.5171368,-19.623894,3.6870558,-10.131885,2.0933547,1.19644,4.7410154,-7.666882,-14.821945,29.738201,-29.04159,50.298782,5.294363,-26.656134,43.65011,50.612343
1001,-14.659300804138184,-549.0044555664062,60.86766815185547,0.8589020012210918,1.2675828690922955,-95.68490710832707,10.197776,-5.1078224,18.904297,19.796791,-25.129354,-2.903885,-19.241709,4.339881,-9.963001,2.1235282,2.3167653,3.4689202,-7.7866483,-15.024522,29.714478,-29.16156,51.59083,5.8461576,-26.564644,43.280273,49.996376
1002,-14.73656177520752,-549.6382446289062,60.90757369995117,0.29572326705501634,1.26896116543211,-95.30662400754935,10.110924,-4.148505,18.718607,21.324522,-25.085705,-3.3252752,-18.901905,4.854757,-9.821881,2.276328,3.4242556,2.6896515,-8.01088,-15.119402,29.673372,-29.209175,52.83508,6.362501,-26.475567,42.868004,49.428776
1003,-14.825858116149902,-550.280029296875,60.962738037109375,-0.2434558124122008,1.268225471930311,-94.878460398552,9.955258,-3.1685627,18.46489,22.99867,-24.900507,-3.7712696,-18.580038,5.2990355,-9.759869,2.5545077,4.3244443,2.183173,-8.275138,-15.13348,29.617737,-29.239117,54.070415,6.872882,-26.387075,42.45434,48.888992
1004,-14.917081832885742,-550.9243774414062,61.030548095703125,-0.7878101200937563,1.244846567702282,-94.4698902502094,9.717867,-2.1438568,18.177353,24.866543,-24.516796,-4.2351933,-18.248234,5.7395196,-9.829141,2.9451702,4.8259244,1.7431647,-8.511935,-15.085739,29.547653,-29.30008,55.32839,7.4019303,-26.298212,42.079147,48.35883
1005,-15.004179954528809,-551.5647583007812,61.102474212646484,-1.3547362352825227,1.191806689178103,-94.07585230008898,9.395448,-1.0536765,17.842604,26.966845,-23.941093,-4.7294774,-17.893879,6.190554,-10.094115,3.4399762,4.8357687,1.4049906,-8.723967,-14.986739,29.463064,-29.39201,56.63816,7.9709616,-26.206165,41.723015,47.824284
1006,-15.094247817993164,-552.2039794921875,61.18424987792969,-1.9261819464007448,1.1204273821755935,-93.66833255264693,8.997834,0.07273769,17.452662,29.260351,-23.195215,-5.2630033,-17.531328,6.6196094,-10.497858,4.0274515,4.492144,1.261141,-8.936854,-14.820608,29.363804,-29.488405,57.973576,8.558366,-26.112709,41.37429,47.302227
1007,-15.185020446777344,-552.841064453125,61.27383041381836,-2.4780053248054363,1.037309672825333,-93.28082885216129,8.532801,1.1883457,17.046768,31.680683,-22.24982,-5.823745,-17.161825,7.028939,-10.914367,4.6639256,3.9539285,1.1953315,-9.1203165,-14.571369,29.249887,-29.598305,59.28554,9.122363,-26.024307,41.082664,46.815556
1008,-15.276252746582031,-553.4745483398438,61.36775207519531,-2.9854245352713,0.9484903469175777,-92.94627544650598,8.001246,2.2535589,16.659441,34.175232,-21.072351,-6.3940725,-16.801516,7.4152365,-11.221035,5.334339,3.365589,1.0901887,-9.245122,-14.227196,29.120808,-29.7341,60.52685,9.618007,-25.948149,40.89408,46.388542
1009,-15.34852123260498,-554.1064453125,61.46404266357422,-3.447165753110414,0.8480980629657172,-92.69021756152107,7.418927,3.2619658,16.307583,36.72971,-19.561495,-7.0941253,-16.365461,7.8005476,-11.36062,5.830198,2.84765,0.9479495,-9.292451,-13.771609,28.973118,-29.873117,61.717403,10.047021,-25.884531,40.800934,46.03611
1010,-15.413248062133789,-554.735595703125,61.55602264404297,-3.8726318465661884,0.7336392225762269,-92.49015452768752,6.776485,4.231762,15.959421,39.381424,-17.77024,-7.891823,-15.733496,8.215092,-11.385782,5.88195,2.4961402,0.8164615,-9.275537,-13.213343,28.810184,-30.017252,62.865364,10.426037,-25.830862,40.775703,45.74232
1011,-15.482687950134277,-555.3685302734375,61.64809036254883,-4.261741479625016,0.6168022985881714,-92.30652609035639,6.0411296,5.164521,15.582827,42.141655,-15.889063,-8.542706,-15.100592,8.611326,-11.372444,5.9264274,2.1117294,0.65298617,-9.208144,-12.569984,28.641249,-30.215494,63.896935,10.735244,-25.78925,40.829506,45.481846
1012,-15.556595802307129,-555.99609375,61.73775863647461,-4.615284556890542,0.5104761086648777,-92.0979129932074,5.182676,6.0650277,15.159054,45.012943,-14.096623,-8.808275,-14.488326,8.981102,-11.375779,5.969321,1.7490888,0.41060773,-9.110178,-11.859721,28.475384,-30.517075,64.74273,10.959812,-25.761543,40.974453,45.22443
1013,-15.634740829467773,-556.5955810546875,61.82484436035156,-4.92064054298458,0.42067069477232577,-91.8593752193006,4.1604123,6.921877,14.658873,48.080196,-12.465911,-8.463334,-13.937645,9.308955,-11.395958,6.098083,1.3624526,0.056681935,-8.979499,-11.06549,28.309837,-30.925753,65.383835,11.081438,-25.748898,41.2307,44.98716
1014,-15.721864700317383,-557.195068359375,61.90898513793945,-5.18532209811002,0.3392266884421645,-91.61082500419607,3.0106494,7.7348933,14.123351,51.28562,-10.85807,-7.7013006,-13.412482,9.606805,-11.406316,6.247483,0.9619336,-0.3752861,-8.805621,-10.184748,28.144371,-31.425968,65.85859,11.117482,-25.749529,41.57896,44.774445
1015,-15.811756134033203,-557.7839965820312,61.9875373840332,-5.427553296569109,0.2598071971683955,-91.3487688999761,1.8181221,8.530224,13.634667,54.425102,-9.145128,-6.898727,-12.896481,9.8864765,-11.431936,6.39954,0.55852914,-0.8288541,-8.5921335,-9.255445,27.990198,-32.03728,66.17644,11.091741,-25.76192,41.978325,44.550117
1016,-15.901522636413574,-558.36083984375,62.06037521362305,-5.667288064847068,0.17634747613399476,-91.0702383162136,0.65949416,9.342998,13.255813,57.320263,-7.2277956,-6.4174714,-12.378941,10.158346,-11.494871,6.542779,0.1623937,-1.2533338,-8.345303,-8.315594,27.857397,-32.775524,66.346954,11.028026,-25.784515,42.391163,44.27544
1017,-15.998385429382324,-558.9321899414062,62.124603271484375,-5.905982268409183,0.08894693121090347,-90.74133397863473,-0.48162287,10.185329,12.909172,59.980015,-4.9794145,-6.3887377,-11.858933,10.425791,-11.627697,6.6714964,-0.21953481,-1.6493114,-8.091658,-7.359987,27.747545,-33.695606,66.34669,10.925012,-25.82013,42.847878,43.928513
1018,-16.092037200927734,-559.4815063476562,62.17924880981445,-6.132784572141932,-7.207523503345639e-05,-90.3755586467998,-1.6432624,11.041601,12.567864,62.50762,-2.5048716,-6.591113,-11.340551,10.68431,-11.804222,6.787277,-0.5899483,-2.0430906,-7.8221903,-6.382169,27.656136,-34.77724,66.18721,10.767875,-25.868563,43.359264,43.53742
1019,-16.176990509033203,-560.0240478515625,62.229583740234375,-6.341260950086975,-0.09246915548777561,-90.04025919180182,-2.7810922,11.920962,12.369213,64.87725,-0.07377301,-6.839966,-10.826438,10.933264,-11.964897,6.8976727,-0.95494896,-2.4204419,-7.4910626,-5.4182653,27.5821,-35.9204,65.93,10.554942,-25.924326,43.860847,43.142715
1020,-16.259387969970703,-560.5692138671875,62.27705383300781,-6.513364332393189,-0.18395723626483204,-89.81348173431482,-3.8441827,12.837711,12.485981,67.04758,2.0532002,-6.932459,-10.33806,11.156945,-12.042168,7.047293,-1.3436077,-2.7661738,-7.1864386,-4.191157,27.576982,-36.60453,65.42718,10.242974,-25.960419,44.341328,42.805607
1021,-16.34300994873047,-561.1036376953125,62.31787109375,-6.695296938293023,-0.293592846082492,-89.68317359869839,-4.8161955,13.939139,13.054174,69.07995,3.9597647,-6.811427,-9.814417,11.411646,-12.056795,7.1263614,-1.690907,-3.0864646,-6.5017858,-3.6155915,27.493616,-38.0904,65.25658,9.962576,-26.043139,44.65322,42.4324
1022,-16.409992218017578,-561.630859375,62.35811233520508,-6.836704215086781,-0.37950456536875904,-89.6568606301367,-5.7271886,15.165823,14.018704,70.94722,5.7461495,-6.5329237,-9.345678,11.641759,-12.00031,7.2536364,-2.0618217,-3.3872435,-6.049684,-2.4787807,27.493279,-38.63708,64.657425,9.548987,-26.074753,45.02098,42.082653
1023,-16.47174835205078,-562.1405639648438,62.39475631713867,-6.96614503901548,-0.5006535925012124,-89.68321368214389,-6.5481205,16.41349,15.079293,72.64928,7.0834904,-6.101533,-8.84727,11.868643,-11.8995905,7.36164,-2.4205823,-3.6555653,-5.499773,-1.5057195,27.4992,-39.352303,64.13224,9.029386,-26.11875,45.44511,41.825035
1024,-16.51997184753418,-562.6543579101562,62.42778778076172,-7.0732022963158245,-0.6438755540267384,-89.75966914402214,-7.2965403,17.505777,15.978465,74.118614,7.674984,-5.5577955,-8.327627,12.072065,-11.738737,7.4542603,-2.7774343,-3.8751054,-4.858692,-0.7037661,27.503006,-40.06308,63.733284,8.453736,-26.16685,45.799816,41.67911
1025,-16.570419311523438,-563.1651000976562,62.45735168457031,-7.149561325123063,-0.8186059923819321,-89.8962659933884,-7.963755,18.369421,16.661802,75.3247,7.296082,-4.9113927,-7.7815967,12.236977,-11.502905,7.5397983,-3.1408236,-4.02424,-4.1102915,-0.02051747,27.500803,-40.691868,63.422222,7.8220263,-26.21613,46.052464,41.666893
1026,-16.60987091064453,-563.6639404296875,62.48567199707031,-7.1953876948151985,-1.020289626776795,-90.09402906875923,-8.556927,19.06428,17.250479,76.29196,6.1679115,-4.18411,-7.2193866,12.364937,-11.202394,7.630184,-3.5143225,-4.114532,-3.2719588,0.59359246,27.492466,-41.22268,63.145504,7.141619,-26.26605,46.21168,41.75644
1027,-16.642316818237305,-564.1490478515625,62.51506805419922,-7.211306455042958,-1.2272214475730399,-90.32133673082825,-9.12279,19.599876,17.728533,77.03405,4.6678853,-3.4456527,-6.6661053,12.454494,-10.87506,7.7467523,-3.9067852,-4.1780753,-2.4025626,1.1547575,27.477612,-41.62925,62.91134,6.450116,-26.314024,46.259132,41.91565
1028,-16.66830062866211,-564.635498046875,62.54896545410156,-7.196991016223629,-1.415104700799607,-90.54282705313113,-9.711977,20.0018,18.089104,77.573074,3.1705647,-2.7470388,-6.1417665,12.507545,-10.560603,7.891519,-4.31581,-4.247199,-1.5579453,1.6767956,27.455599,-41.88771,62.72644,5.7852073,-26.356684,46.16427,42.114914
1029,-16.69173812866211,-565.130859375,62.58393096923828,-7.136795124000005,-1.5904797407703462,-90.77638901911972,-10.319527,20.231216,18.318531,77.89394,1.6394906,-2.0737722,-5.668924,12.504078,-10.250522,8.134291,-4.7870092,-4.316409,-0.64286166,2.161592,27.416336,-42.023087,62.572056,5.200763,-26.402094,45.7909,42.36926
1030,-16.71238899230957,-565.6177978515625,62.62162780761719,-7.053360405693627,-1.738540266369301,-90.98443022148804,-10.974777,20.286335,18.354614,78.00101,-0.07764409,-1.4186597,-5.2180395,12.463179,-9.974167,8.375978,-5.272717,-4.3706503,0.3072525,2.5773647,27.355091,-42.00378,62.470627,4.7572207,-26.449001,45.064312,42.617474
1031,-16.732778549194336,-566.0991821289062,62.66056442260742,-6.951337543708025,-1.862282294775718,-91.1875294893688,-11.650491,20.245235,18.31891,77.91643,-1.7803727,-0.8132419,-4.794082,12.394702,-9.70458,8.621395,-5.7534547,-4.4316964,1.2339821,2.973645,27.287468,-41.863014,62.39719,4.3244414,-26.487526,44.205837,42.891975
1032,-16.751724243164062,-566.5677490234375,62.69974136352539,-6.841043785902864,-1.9548109792800945,-91.39551865835152,-12.331743,20.18976,18.326252,77.666245,-3.2726119,-0.2878854,-4.4070582,12.310688,-9.424956,8.870219,-6.209365,-4.521674,2.0614905,3.399836,27.228872,-41.604153,62.32234,3.8080037,-26.510086,43.400528,43.19224
1033,-16.756805419921875,-567.04443359375,62.74403381347656,-6.716392586393508,-2.0057662715454443,-91.61344847014219,-13.016581,20.136713,18.433111,77.24451,-4.511644,0.13167782,-4.0706425,12.205006,-9.122355,9.12918,-6.634566,-4.648965,2.835882,3.8438,27.172781,-41.246807,62.23939,3.221895,-26.523888,42.564342,43.520325
1034,-16.771284103393555,-567.5060424804688,62.78807067871094,-6.573884634521403,-2.022424385461657,-91.83779257085298,-13.707964,20.047503,18.583878,76.64338,-5.602073,0.47058967,-3.7744136,12.0757885,-8.805426,9.394502,-7.0383544,-4.801633,3.5797622,4.285361,27.115353,-40.795006,62.163105,2.5922973,-26.531643,41.654728,43.884758
1035,-16.7792911529541,-567.9660034179688,62.83303451538086,-6.425682287530871,-2.0168496397023272,-92.0602715864626,-14.405377,19.912977,18.724777,75.8779,-6.5651674,0.7772231,-3.5037398,11.936066,-8.496183,9.6618805,-7.432743,-4.971124,4.289423,4.7335267,27.057037,-40.31044,62.083122,1.9474516,-26.53696,40.70019,44.2442
1036,-16.781999588012695,-568.4179077148438,62.87739181518555,-6.283227510545191,-2.0016387074730964,-92.27264585567667,-15.108808,19.72538,18.799934,74.963806,-7.4213543,1.1015545,-3.2450411,11.798955,-8.216955,9.931755,-7.8320765,-5.149118,4.9595957,5.195953,26.999517,-39.85311,61.989544,1.3145216,-26.542555,39.734512,44.555775
1037,-16.783838272094727,-568.85791015625,62.91667938232422,-6.146359792578569,-1.9743106685888638,-92.47497655709404,-15.832272,19.477188,18.797226,73.90713,-8.152312,1.5088891,-3.001762,11.667029,-7.9774404,10.210123,-8.242078,-5.349621,5.5935655,5.672643,26.941828,-39.41411,61.877815,0.7060733,-26.547224,38.729877,44.812386
1038,-16.782413482666016,-569.2904052734375,62.959224700927734,-6.009710382769972,-1.930554633640927,-92.67048215388557,-16.569868,19.173784,18.750519,72.70217,-8.757085,1.9587139,-2.7775111,11.534722,-7.763954,10.493064,-8.652322,-5.5726247,6.201674,6.156242,26.882963,-38.981194,61.753036,0.101457275,-26.550468,37.67411,45.040573
1039,-16.788597106933594,-569.761962890625,62.996463775634766,-5.878734746380904,-1.8801850678916026,-92.85656323337692,-17.287954,18.829868,18.671587,71.34295,-9.285768,2.3441138,-2.5559435,11.404055,-7.564627,10.764073,-9.054636,-5.788504,6.7753854,6.6372147,26.824627,-38.59995,61.629704,-0.49548638,-26.556221,36.620014,45.224983
1040,-16.786535263061523,-570.2125854492188,63.03104782104492,-5.755022992420605,-1.833174723378595,-93.03036532085596,-17.954182,18.459028,18.57323,69.819244,-9.782057,2.5589197,-2.325857,11.273751,-7.368254,11.013242,-9.44268,-5.967424,7.296876,7.117212,26.76852,-38.306793,61.515316,-1.1108676,-26.56819,35.64424,45.369934
1041,-16.787006378173828,-570.6576538085938,63.062156677246094,-5.638604880918765,-1.7913187524704846,-93.19203558167871,-18.56663,18.054844,18.43281,68.11816,-10.264972,2.5513244,-2.0885367,11.142279,-7.171945,11.24542,-9.815049,-6.105796,7.7615952,7.5975204,26.71697,-38.11322,61.409874,-1.7189517,-26.584139,34.751152,45.446133
1042,-16.786924362182617,-571.098876953125,63.091182708740234,-5.529841012449602,-1.7497374905652772,-93.34249197637715,-19.137749,17.61432,18.25744,66.244644,-10.70471,2.390339,-1.8463676,11.009841,-6.9816947,11.456325,-10.169592,-6.2185173,8.189824,8.076524,26.665457,-38.01129,61.30798,-2.3164356,-26.606602,33.874016,45.4651
1043,-16.783193588256836,-571.533203125,63.11576843261719,-5.426771298542834,-1.7062963725225493,-93.48501210452237,-19.656622,17.164608,18.104628,64.21684,-11.076116,2.1469963,-1.5993705,10.8807955,-6.7983084,11.65357,-10.524124,-6.302503,8.559593,8.555255,26.61827,-37.951717,61.2089,-2.9470077,-26.631733,33.107327,45.459427
1044,-16.777198791503906,-571.9845581054688,63.12979507446289,-5.3351654224016265,-1.6563065747801962,-93.62344591439427,-20.117508,16.733154,18.028002,62.052246,-11.355017,1.888337,-1.3338261,10.764042,-6.619578,11.802962,-10.869601,-6.3549495,8.926263,9.004673,26.57092,-37.94641,61.11789,-3.5615308,-26.667746,32.383064,45.414497
1045,-16.77204132080078,-572.4302978515625,63.13574981689453,-5.248586632813603,-1.6045097975931242,-93.75633334488607,-20.512592,16.318792,18.034601,59.736225,-11.548299,1.611339,-1.0397612,10.654834,-6.448535,11.8932,-11.205785,-6.3637753,9.236954,9.461779,26.52961,-37.95614,61.022438,-4.2725525,-26.70995,31.844099,45.402992
1046,-16.773927688598633,-572.8781127929688,63.13623809814453,-5.185316303690096,-1.5570608027995534,-93.87628929447429,-20.851719,15.92264,18.082962,57.277313,-11.669891,1.2824038,-0.7052371,10.569228,-6.2889752,11.903734,-11.513623,-6.3351145,9.429079,9.90641,26.501038,-37.953938,60.958736,-5.005496,-26.74344,31.525494,45.334663
1047,-16.765567779541016,-573.3131713867188,63.13233184814453,-5.118557340226224,-1.4924861036276158,-93.99966041097821,-21.14475,15.519244,18.203106,54.684296,-11.68734,0.92577,-0.39277717,10.478259,-6.129072,11.936977,-11.845648,-6.289801,9.6315565,10.369863,26.46872,-37.963257,60.850307,-5.7314177,-26.785362,31.1885,45.241623
1048,-16.77204132080078,-573.7807006835938,63.12407684326172,-5.065757978881878,-1.4172895727457695,-94.11178762024403,-21.401081,15.113933,18.376896,51.991707,-11.578835,0.5666487,-0.09811938,10.397499,-5.978578,11.995018,-12.1951275,-6.250948,9.800848,10.795229,26.434605,-37.98004,60.752247,-6.357028,-26.831629,30.831701,45.03891
1049,-16.7729549407959,-574.2391357421875,63.106834411621094,-5.01188850309403,-1.3207766937125718,-94.21057584071511,-21.625996,14.703096,18.613853,49.17795,-11.339651,0.23959379,0.14658871,10.3107605,-5.841701,12.132218,-12.594259,-6.225467,9.977903,11.188322,26.388443,-38.02727,60.645218,-6.7908,-26.894936,30.304445,44.660545
1050,-16.771648406982422,-574.69580078125,63.08661651611328,-4.982399717068256,-1.2155794509921454,-94.29655898936205,-21.820621,14.311849,18.89451,46.261997,-10.995048,-0.08272423,0.39268717,10.248544,-5.7132034,12.251047,-12.987517,-6.2021246,10.087638,11.511271,26.346611,-38.088734,60.585487,-7.0275145,-26.951422,29.757334,44.065205
1051,-16.771398544311523,-575.1470336914062,63.05965805053711,-4.975373325630934,-1.1228620831579306,-94.35761105047439,-21.97059,13.908348,19.194366,43.266045,-10.538222,-0.4554196,0.66413486,10.208446,-5.606794,12.343935,-13.37237,-6.172333,10.114997,11.811607,26.317858,-38.12892,60.54873,-7.3086786,-26.989662,29.375895,43.489914
1052,-16.77456283569336,-575.603759765625,63.02797317504883,-4.985575606251512,-1.028213734571871,-94.4137254329997,-22.082483,13.475327,19.516914,40.208153,-9.969044,-0.9340724,0.9546793,10.185548,-5.5062895,12.395668,-13.740891,-6.127063,10.18035,12.072788,26.290384,-38.19293,60.504505,-7.640706,-27.038982,29.053768,42.990196
1053,-16.774675369262695,-576.0695190429688,62.98912048339844,-5.032032700683504,-0.9431773398225839,-94.45737827054197,-22.16592,13.048221,19.839952,37.083397,-9.267571,-1.4455143,1.2935854,10.203112,-5.4147696,12.358384,-14.06412,-6.068377,10.272722,12.261104,26.267155,-38.306072,60.49654,-8.103437,-27.110344,28.889263,42.623383
1054,-16.78080177307129,-576.5335083007812,62.946266174316406,-5.10162864644737,-0.864129133450274,-94.486249543584,-22.222076,12.623659,20.170446,33.889046,-8.449557,-1.9828168,1.6625957,10.243854,-5.335951,12.268765,-14.364088,-5.998635,10.3493805,12.39208,26.247435,-38.452484,60.515774,-8.682402,-27.20513,28.897686,42.354218
1055,-16.786338806152344,-576.9962158203125,62.9012336730957,-5.165853955370911,-0.784639183942456,-94.50547140700577,-22.233438,12.155787,20.521082,30.651817,-7.5652537,-2.6942806,2.0364969,10.276545,-5.2698846,12.175093,-14.66766,-5.9119735,10.390518,12.494099,26.228796,-38.593697,60.528717,-9.311858,-27.316162,29.033419,42.13152
1056,-16.78969955444336,-577.4678955078125,62.85434341430664,-5.199858648349468,-0.6986575478586375,-94.52396332945274,-22.169777,11.600729,20.907825,27.3611,-6.643981,-3.7249122,2.3911026,10.27445,-5.2137647,12.123245,-15.000068,-5.8031054,10.38233,12.596409,26.208422,-38.686016,60.503082,-9.884976,-27.430897,29.212355,41.87471
1057,-16.795719146728516,-577.9459838867188,62.80392837524414,-5.200447982345044,-0.5989312177691927,-94.54444929730819,-21.997583,10.937812,21.383814,23.88258,-5.601605,-5.1334248,2.7230833,10.233387,-5.1677623,12.105814,-15.360725,-5.664717,10.335022,12.709185,26.185068,-38.71149,60.42098,-10.339941,-27.54009,29.3759,41.53358
1058,-16.796207427978516,-578.4259643554688,62.74907684326172,-5.184237741597092,-0.4899013024950221,-94.56698418358943,-21.708492,10.195673,21.920307,20.153952,-4.405288,-6.821481,3.0457091,10.175202,-5.128195,12.099963,-15.735237,-5.5022807,10.260789,12.821324,26.15957,-38.679565,60.302124,-10.683654,-27.642555,29.520021,41.11586
1059,-16.796226501464844,-578.904541015625,62.68709945678711,-5.183161854701778,-0.3782646669885576,-94.60371045183648,-21.291636,9.411807,22.422215,16.226727,-3.1329796,-8.694481,3.3637,10.125634,-5.0778217,12.10786,-16.11715,-5.329992,10.176949,12.910749,26.133781,-38.60497,60.18097,-10.947448,-27.73896,29.65542,40.648907
1060,-16.79489517211914,-579.3855590820312,62.62291717529297,-5.190100308254413,-0.2622020121652158,-94.67055771789101,-20.63944,8.544479,22.836414,11.902105,-1.7202138,-10.648257,3.6636045,10.072827,-5.000216,12.158208,-16.516727,-5.1599154,10.055425,13.002392,26.098763,-38.446266,60.04913,-11.177547,-27.869804,29.849447,40.14107
1061,-16.78548812866211,-579.8842163085938,62.5251350402832,-5.3860966355447255,-0.13309344097919495,-94.84364976386223,-19.91009,7.8631353,23.079515,7.5255184,-0.39742455,-12.865068,3.9526942,10.200738,-4.80933,12.218303,-16.911493,-4.9962535,9.982843,12.915536,26.074478,-38.2355,60.099575,-11.24782,-27.978437,29.999214,39.4155
1062,-16.753572463989258,-580.3927001953125,62.38156509399414,-5.780795737342341,-0.00197986923663881,-95.03349914259876,-20.095797,7.6930695,23.057354,5.5975623,-0.6324529,-14.323944,4.2083097,10.502254,-4.597682,12.372432,-17.359474,-4.811744,9.907014,12.632121,26.067719,-38.030544,60.35475,-11.115024,-28.035576,30.042135,38.478092
1063,-16.693326950073242,-580.9076538085938,62.218772888183594,-6.243660373866417,0.13150939592858057,-95.15858989635564,-19.415125,7.0187273,23.049921,1.4879693,0.30950218,-14.323944,4.436954,10.8440275,-4.4439387,12.599148,-17.847939,-4.61091,9.742053,12.257219,26.068663,-37.79392,60.700367,-10.88969,-28.083046,30.05515,37.470646
1064,-16.641496658325195,-581.42333984375,62.057518005371094,-6.640394497733277,0.20505571282973303,-95.24925017786417,-18.866568,6.5100226,23.034817,-1.6740981,0.6785739,-14.323944,4.6774282,11.126585,-4.3139677,12.946437,-18.396578,-4.4417324,9.613874,11.971646,26.074005,-37.65987,60.971592,-10.7184515,-28.101788,30.048002,36.729454
1065,-16.590700149536133,-581.9390258789062,61.91451644897461,-6.992473982833302,0.27241498219815874,-95.34709807853184,-19.159315,6.4778705,23.017902,-2.0942209,-0.7834965,-14.323944,4.943101,11.367453,-4.1498203,13.232625,-18.886417,-4.304463,9.45089,11.628683,26.082127,-37.516827,61.281116,-10.484458,-28.116432,30.035906,35.98862
1066,-16.5534725189209,-582.4625244140625,61.76495361328125,-7.355252744276663,0.3320483858918892,-95.45965159213324,-19.373978,6.493343,23.060831,-2.3054368,-2.5376694,-14.323944,5.1892037,11.619074,-3.9557548,13.585181,-19.401407,-4.19414,9.272086,11.244573,26.093388,-37.369175,61.62854,-10.194275,-28.126913,30.017303,35.252678
1067,-16.52557945251465,-582.970703125,61.61916732788086,-7.662752165304436,0.38062691774099633,-95.58292296141646,-19.501564,6.5264616,23.200829,-2.3176222,-4.1150455,-14.323944,5.4554906,11.823669,-3.7442262,13.911431,-19.883598,-4.104619,9.090829,10.871558,26.106306,-37.226933,61.94738,-9.885421,-28.133955,29.99741,34.601803
1068,-16.516164779663086,-583.4805297851562,61.50506591796875,-7.799787436532583,0.40933766252923337,-95.68970540337479,-19.7494,6.6042237,23.453344,-1.5372379,-5.3923044,-14.323944,5.772895,11.872675,-3.5563316,14.154064,-20.298805,-4.027597,8.896688,10.609529,26.117228,-37.098476,62.119904,-9.603172,-28.140219,29.98606,34.157917
1069,-16.5225887298584,-584.00048828125,61.418312072753906,-7.772062260915975,0.41708961351430673,-95.76546227653203,-19.95429,6.6964593,23.901659,-0.22776654,-5.8852806,-14.323944,6.1278768,11.772581,-3.4100642,14.360519,-20.691862,-3.9727707,8.723307,10.481904,26.125423,-37.009438,62.122406,-9.447037,-28.149456,30.009731,34.01489
1070,-16.533842086791992,-584.5209350585938,61.364097595214844,-7.609781076053051,0.3983289353163814,-95.81661036989594,-20.109636,6.8159814,24.499094,1.5642103,-5.8857403,-14.323944,6.5143766,11.549798,-3.2945776,14.552263,-21.069895,-3.9407072,8.533881,10.469858,26.129982,-36.95348,61.994167,-9.355576,-28.160208,30.062252,34.10415
1071,-16.541614532470703,-585.0390625,61.340450286865234,-7.283847634113618,0.3372026192051016,-95.92434624476871,-20.112251,6.854482,25.195272,3.2928612,-5.568926,-14.323944,6.787523,11.138734,-3.1747422,15.101949,-21.622263,-3.9058554,8.390527,10.630358,26.12903,-36.88803,61.664337,-9.37755,-28.184233,30.222773,34.46028
1072,-16.560483932495117,-585.5770874023438,61.30657196044922,-6.809535364799841,0.32683377642042033,-96.11763442579738,-20.142096,6.7846956,25.848637,4.863564,-5.365503,-14.323944,6.9427724,10.547317,-3.0257585,15.809729,-22.210745,-3.8430753,8.065498,11.080312,26.07875,-36.447906,61.07343,-9.822067,-28.25512,30.916956,35.08475
1073,-16.58250617980957,-586.1171875,61.29342269897461,-6.21992241823979,0.38623937162725785,-96.36399851414313,-19.988663,6.494065,26.482737,5.561773,-4.9528165,-14.323944,7.091595,9.832353,-2.8605425,16.372356,-22.69152,-3.7565372,8.064292,11.361295,26.016638,-36.353214,60.410156,-10.232459,-28.284563,31.256542,35.918064
1074,-16.554794311523438,-586.65087890625,61.31079864501953,-5.472405034105708,0.47478919286013516,-96.5290879900861,-19.844187,5.8313804,26.989574,6.0073595,-4.4887643,-12.939887,7.177488,8.931566,-2.82815,17.0329,-23.213493,-3.6220162,8.00317,11.74296,25.934162,-36.265575,59.570946,-10.727216,-28.329823,31.625544,36.95675
1075,-16.494430541992188,-587.1751098632812,61.343936920166016,-4.675732738813746,0.5623903281108562,-96.6382046436637,-19.727158,4.908821,27.338491,6.3477616,-4.0113416,-10.249603,7.213095,7.944866,-2.8809063,17.824905,-23.724817,-3.4350643,7.8961005,12.15205,25.843456,-36.14897,58.674538,-11.217078,-28.3742,32.016956,38.081245
1076,-16.42966651916504,-587.7273559570312,61.37971115112305,-3.955281776815991,0.627940817540547,-96.84530604534939,-19.849495,4.264832,27.581167,7.472097,-3.9410808,-7.971564,7.214916,7.0017242,-2.8380392,18.739641,-24.140284,-3.2237954,7.862497,12.5098295,25.7584,-35.951416,57.83983,-11.54976,-28.40067,32.370205,39.111263
1077,-16.375324249267578,-588.3031616210938,61.40761947631836,-3.3520714207536995,0.6689561911568864,-97.19045945266114,-19.788998,3.7109947,27.684416,8.241626,-3.5021193,-6.196309,7.192531,6.139772,-2.6711886,19.76741,-24.438679,-2.9880953,7.938943,12.795778,25.680614,-35.633102,57.10014,-11.679333,-28.402271,32.64337,40.000404
1078,-16.3054141998291,-588.8984375,61.438941955566406,-2.7962765139641625,0.7003445288789867,-97.64217603852222,-19.606863,3.1850078,27.695848,8.757914,-2.807192,-4.706637,7.1486135,5.299134,-2.4168863,20.875969,-24.638056,-2.7232132,8.096916,13.064951,25.602499,-35.217102,56.38376,-11.669479,-28.388508,32.86181,40.828773
1079,-16.222118377685547,-589.4898071289062,61.479496002197266,-2.2413662455012155,0.7222618753475928,-98.14068119043874,-19.329046,2.6333833,27.717834,9.0787325,-2.05551,-3.4089973,7.075855,4.4393945,-2.1031034,22.06916,-24.752308,-2.4242837,8.294099,13.34356,25.52362,-34.78459,55.654514,-11.619539,-28.369682,33.11476,41.69453
1080,-16.12609100341797,-590.09912109375,61.531776428222656,-1.643343915389851,0.7356547049350438,-98.6296930717577,-18.978294,2.0084782,27.850313,9.259318,-1.4546996,-2.2107058,6.9602513,3.5216887,-1.7551293,23.365925,-24.800508,-2.0871327,8.486206,13.653459,25.444624,-34.41129,54.88128,-11.608154,-28.353613,33.479816,42.675236
1081,-16.025766372680664,-590.7002563476562,61.58818054199219,-0.9829459101692636,0.7412367845668695,-99.12855394045953,-18.105946,1.0210906,28.141788,8.067645,-0.3319984,-1.0459524,6.797154,2.5126858,-1.3404499,24.771217,-24.825972,-1.6932105,8.689051,14.012957,25.363968,-34.09617,54.028084,-11.644279,-28.343393,33.972515,43.787632
1082,-15.935352325439453,-591.308837890625,61.639183044433594,-0.33075312867559153,0.7521549631443697,-99.68335737896504,-16.068602,-0.66394144,28.509048,3.6753924,2.4577901,0.075501144,6.5834093,1.4898171,-0.8280398,26.27385,-24.805294,-1.249091,8.936788,14.362422,25.286629,-33.800137,53.166637,-11.653423,-28.330757,34.527332,44.93153
1083,-15.844847679138184,-591.9227905273438,61.6877326965332,0.2824227481211714,0.7613249388151618,-100.221768896203,-14.485864,-2.0292401,28.832975,0.6167377,4.3009205,0.9867391,6.328128,0.51908016,-0.30704108,27.867594,-24.660397,-0.7890043,9.158752,14.665988,25.217648,-33.543564,52.36924,-11.602716,-28.309004,35.11411,46.07102
1084,-15.744988441467285,-592.5408935546875,61.746620178222656,0.8494109225135239,0.76579608805855,-100.68986686100013,-13.348562,-3.0785744,29.097315,-1.1389307,5.238916,1.6455,6.0328903,-0.3689635,0.15084197,29.552246,-24.31577,-0.34797764,9.305342,14.90399,25.158974,-33.349297,51.67487,-11.509654,-28.27674,35.736004,47.21545
1085,-15.662290573120117,-593.1658325195312,61.810611724853516,1.3768397694683667,0.7624156721940983,-101.06677234101409,-12.504363,-3.9083292,29.311066,-2.0031028,5.467116,1.9818034,5.7067933,-1.1736616,0.54283386,31.331404,-23.765356,0.06004505,9.353551,15.080179,25.110853,-33.20513,51.08436,-11.369128,-28.234112,36.38439,48.381847
1086,-15.589130401611328,-593.77880859375,61.87926483154297,1.9454336510662869,0.7318491962536596,-101.34250076923591,-12.287022,-4.376651,29.515179,-1.003472,4.44334,2.0187998,5.3526273,-1.9988896,0.8561717,33.23575,-23.064861,0.45348558,9.307415,15.270938,25.06479,-33.122593,50.497402,-11.242265,-28.18659,37.104603,49.672512
1087,-15.531609535217285,-594.3828125,61.94928741455078,2.481174059946824,0.6949950892438332,-101.58737707273181,-12.1960125,-4.7321544,29.711843,0.36211118,3.1378074,1.9361677,4.934654,-2.779757,1.1322994,35.238968,-22.187407,0.8315246,9.205906,15.399382,25.027163,-33.090664,49.983673,-11.076457,-28.132908,37.876022,50.94125
1088,-15.48023796081543,-594.986083984375,62.022216796875,2.960845278631566,0.6568298192816915,-101.83310208651403,-12.1782055,-4.98972,29.89661,1.9083761,1.7601633,1.8799534,4.438008,-3.5040894,1.366457,37.325256,-21.115414,1.2088163,9.068834,15.44129,24.999474,-33.117126,49.56084,-10.859156,-28.073633,38.703697,52.12065
1089,-15.418800354003906,-595.5770263671875,62.0889892578125,3.3713717008467454,0.6099905845627694,-102.07819990699097,-12.273766,-5.098013,30.055586,3.7760813,0.23243287,1.8271391,3.8722389,-4.1556163,1.5335652,39.506268,-19.78027,1.641714,8.899571,15.371944,24.984617,-33.222294,49.270855,-10.564461,-28.005095,39.571037,53.21883
1090,-15.354683876037598,-596.17138671875,62.15469741821289,3.7155997528594615,0.5542359316684141,-102.3119771268189,-12.487056,-5.058935,30.194168,5.990867,-1.504244,1.7121406,3.2483397,-4.729943,1.6502312,41.772064,-18.203215,2.1125472,8.686582,15.201039,24.982147,-33.388725,49.104702,-10.198187,-27.929918,40.479706,54.249218
1091,-15.288908958435059,-596.7501220703125,62.21476364135742,4.010473909512275,0.5052817565576879,-102.54960333213744,-12.67477,-4.9968286,30.33003,8.088583,-3.1496177,1.6264057,2.5480301,-5.243373,1.767641,44.098183,-16.51544,2.5350354,8.429755,14.967333,24.987423,-33.572502,48.991207,-9.797118,-27.857471,41.463715,55.1632
1092,-15.214957237243652,-597.3275756835938,62.270545959472656,4.275874457230844,0.4762131636201837,-102.80107196198139,-12.509432,-5.176411,30.4613,9.080594,-4.1077833,1.6843463,1.754029,-5.7235827,1.9267157,46.4673,-14.852725,2.824076,8.128077,14.718599,24.994932,-33.732357,48.849365,-9.405561,-27.796522,42.559086,55.927746
1093,-15.13538932800293,-597.8932495117188,62.320709228515625,4.504869109387675,0.47741210886684127,-103.0850882740493,-12.083564,-5.550171,30.600718,9.177447,-4.48817,1.9330521,0.8250489,-6.1524706,2.184716,48.94046,-13.232043,2.8743734,7.7860055,14.467298,25.003376,-33.875805,48.665787,-9.038452,-27.74795,43.804955,56.538334
1094,-15.036686897277832,-598.4324340820312,62.36463165283203,4.6945114350897095,0.49757174158509665,-103.3884794937743,-11.713955,-5.8858037,30.751057,9.315781,-4.8508377,2.2962608,-0.21509126,-6.522504,2.494334,51.50728,-11.583753,2.7756617,7.4039273,14.189704,25.015795,-34.023575,48.48117,-8.677734,-27.707842,45.176453,57.023594
1095,-14.940895080566406,-598.949462890625,62.39846420288086,4.868740381882847,0.5174350077873371,-103.67070946986185,-11.371847,-6.203749,30.8893,9.484552,-5.2139387,2.7142878,-1.2880611,-6.8835163,2.7412546,54.046635,-9.917804,2.7193046,6.9706125,13.872918,25.033365,-34.15761,48.29831,-8.317062,-27.67751,46.61069,57.397507
1096,-14.850939750671387,-599.464599609375,62.42662811279297,5.050892983527047,0.5178448545443886,-103.89158794137239,-11.024777,-6.530592,30.995913,9.663322,-5.58863,3.1262934,-2.3207836,-7.293232,2.8212204,56.451683,-8.256776,2.878441,6.47839,13.505786,25.05713,-34.260906,48.116425,-7.9469504,-27.658808,48.039566,57.669403
1097,-14.759151458740234,-599.970458984375,62.44696807861328,5.255103367170864,0.5002835923199337,-104.03753412331216,-10.682237,-6.891962,31.074112,9.848466,-5.963846,3.5626385,-3.3225436,-7.7805867,2.7438924,58.735935,-6.426047,3.3979678,5.92214,13.080039,25.08908,-34.355602,47.916767,-7.566564,-27.653542,49.484043,57.8217
1098,-14.66796875,-600.4541625976562,62.46322250366211,5.467262092130915,0.47165528164895726,-104.13049990284404,-10.359739,-7.2759843,31.132557,10.047856,-6.331236,4.044992,-4.3278604,-8.314299,2.5709822,60.964306,-4.4858613,4.138843,5.3273125,12.59602,25.129478,-34.464428,47.704605,-7.173866,-27.66209,50.94302,57.85826
1099,-14.585301399230957,-600.92822265625,62.471336364746094,5.670578554013803,0.4139782042357101,-104.18145731085265,-10.008194,-7.673262,31.156132,10.1925955,-6.663797,4.5007963,-5.289272,-8.888727,2.2597466,63.08965,-2.8094134,4.8241677,5.0202136,11.957561,25.170998,-34.822132,47.52847,-6.477136,-27.682697,51.76396,57.778454
1100,-14.508316993713379,-601.4044189453125,62.46888732910156,5.855639302992844,0.3457865658201257,-104.20905781163877,-9.655154,-8.041101,31.146856,10.363536,-7.034018,4.8476677,-6.198173,-9.518258,1.7563221,65.07609,-1.7804266,5.160293,4.135719,11.483678,25.225842,-34.625275,47.351315,-6.321405,-27.709692,53.540405,57.73454
1101,-14.444573402404785,-601.8767700195312,62.46619415283203,6.026519528627693,0.2370780804412873,-104.19550388802347,-9.205033,-8.414113,31.073862,10.393501,-7.359763,5.05433,-6.991248,-10.277772,0.9275166,66.89061,-1.5906135,5.0223894,3.8307886,10.80764,25.260002,-34.845177,47.217335,-5.615057,-27.723038,54.067875,57.581055
1102,-14.379042625427246,-602.3436279296875,62.459529876708984,6.19210913723455,0.0637537518076982,-104.14980653786682,-8.692297,-8.77466,30.962301,10.418898,-7.705521,5.164533,-7.674768,-11.166082,-0.15694775,68.58611,-2.021062,4.5607257,3.3542984,10.027738,25.314566,-35.079453,47.199924,-5.072495,-27.75582,54.9668,57.396187
1103,-14.316132545471191,-602.8123779296875,62.45746612548828,6.332595513704778,-0.1042421056768669,-104.08670251253221,-8.174938,-9.116367,30.825571,10.41611,-8.047716,5.220936,-8.330998,-12.065105,-1.2978082,70.12561,-2.7672298,3.905882,2.8308089,9.274008,25.36782,-35.148674,47.17663,-4.584173,-27.789358,55.77261,57.198524
1104,-14.25522232055664,-603.2769165039062,62.46028137207031,6.434219002892674,-0.2526293761315933,-104.04393796369962,-7.6669364,-9.423111,30.696682,10.383253,-8.369813,5.2659082,-9.013036,-12.851682,-2.2820146,71.49187,-3.5234823,3.1839304,2.3826501,8.505839,25.409466,-35.11877,47.187084,-4.085832,-27.810736,56.276264,57.046066
1105,-14.19888687133789,-603.7337036132812,62.46858215332031,6.484223316483948,-0.4151480289701328,-104.02389511455355,-7.145482,-9.674842,30.571272,10.347053,-8.684534,5.290418,-9.711104,-13.497681,-3.0914285,72.69494,-4.3139577,2.343045,1.9123107,7.6643367,25.453382,-34.985126,47.334126,-3.6297693,-27.831327,56.71609,56.927006
1106,-14.141834259033203,-604.1903686523438,62.47992706298828,6.494177089021346,-0.5838042612953329,-104.01842453329098,-6.6123238,-9.872215,30.445915,10.303911,-8.99794,5.273063,-10.414178,-14.046641,-3.806562,73.73702,-5.266611,1.3622732,1.4307296,6.778021,25.497726,-34.736004,47.571537,-3.2077475,-27.849302,57.05774,56.81936
1107,-14.096959114074707,-604.639892578125,62.49592971801758,6.470941500783281,-0.742949040277373,-104.01205157234601,-6.089149,-10.023951,30.316309,10.263844,-9.308182,5.244209,-11.116874,-14.485943,-4.425059,74.592834,-6.223411,0.39965293,0.9089836,5.8785667,25.540916,-34.360657,47.86294,-2.8261418,-27.862164,57.25463,56.74077
1108,-14.056465148925781,-605.0809326171875,62.516849517822266,6.421836908157534,-0.8748852723541922,-103.98736936365103,-5.5990224,-10.142113,30.175234,10.237472,-9.615953,5.235742,-11.813719,-14.810583,-4.9555197,75.2396,-7.0253572,-0.39470902,0.31868103,4.9936457,25.581581,-33.849854,48.17367,-2.492958,-27.866917,57.256813,56.713554
1109,-14.018872261047363,-605.5213012695312,62.54218292236328,6.347650330814805,-0.9683762769232694,-103.9410460044309,-5.1525564,-10.232288,30.021494,10.220202,-9.918464,5.258609,-12.513013,-15.026499,-5.425155,75.67069,-7.609359,-0.989553,-0.36235684,4.1108117,25.61845,-33.171715,48.51854,-2.2128186,-27.85907,56.985756,56.76095
1110,-13.987066268920898,-605.9580078125,62.56983947753906,6.229682646029976,-1.013155289285527,-103.86364888174252,-4.7711053,-10.266933,29.843908,10.244961,-10.237128,5.293713,-13.229356,-15.122294,-5.850573,75.89252,-8.0601015,-1.4634706,-1.1875516,3.2987156,25.666225,-32.110165,48.866905,-1.9151912,-27.83307,56.378708,56.803143
1111,-13.955201148986816,-606.390625,62.59925842285156,6.101701517115875,-1.05447712715358,-103.77985904199922,-4.3851857,-10.291886,29.662529,10.238962,-10.529969,5.3350677,-13.933222,-15.107872,-6.1653385,75.92318,-8.448882,-1.8338009,-1.9661996,2.4872823,25.71585,-31.093386,49.21173,-1.6614925,-27.794933,55.649906,56.91072
1112,-13.930591583251953,-606.8151245117188,62.6325798034668,5.960492639097252,-1.102051941307677,-103.67798662452613,-4.000358,-10.289353,29.468754,10.242103,-10.816853,5.37478,-14.607996,-14.959974,-6.350343,75.75494,-8.835878,-2.1207483,-2.6864634,1.6640716,25.770983,-30.159918,49.556416,-1.413833,-27.75014,54.906857,57.012127
1113,-13.910984992980957,-607.2359008789062,62.6685676574707,5.794605851864562,-1.1538557663124827,-103.55250464134981,-3.621109,-10.252827,29.259573,10.262055,-11.105168,5.4200015,-15.256511,-14.645741,-6.382658,75.37666,-9.2068205,-2.315897,-3.3731945,0.8230249,25.831877,-29.29554,49.918816,-1.1865294,-27.701448,54.16758,57.09575
1114,-13.898280143737793,-607.6505737304688,62.706844329833984,5.606721847827592,-1.2028602173417793,-103.40626902134612,-3.2520816,-10.1844225,29.036959,10.293848,-11.392081,5.473291,-15.88574,-14.182809,-6.287761,74.792015,-9.535325,-2.4172606,-4.0489554,-0.04194684,25.897573,-28.459118,50.30972,-0.9855525,-27.648155,53.387707,57.179993
1115,-13.884490966796875,-608.0650024414062,62.74473190307617,5.413673719756504,-1.269422016099639,-103.26713777574115,-2.8743174,-10.103508,28.823912,10.3401,-11.674628,5.518865,-16.47933,-13.632859,-6.0893707,74.022484,-9.864845,-2.4546132,-4.664199,-0.93245566,25.9681,-27.705864,50.71787,-0.8150328,-27.59279,52.646194,57.29269
1116,-13.87487506866455,-608.4808959960938,62.781620025634766,5.233365373581754,-1.3407498764624541,-103.1166877459962,-2.489331,-10.033379,28.598257,10.369629,-11.926641,5.542919,-17.035166,-13.070441,-5.851249,73.08307,-10.246973,-2.4508674,-5.19458,-1.8045936,26.02636,-27.164711,51.03713,-0.69995093,-27.553741,52.100094,57.42208
1117,-13.861994743347168,-608.8934326171875,62.82145309448242,5.0506533439389205,-1.4281710449863196,-102.96024492397007,-2.109197,-9.943584,28.363186,10.442196,-12.170744,5.5343585,-17.546272,-12.462764,-5.549486,71.9612,-10.708871,-2.4034452,-5.6582875,-2.6713593,26.096025,-26.667934,51.315933,-0.5828604,-27.516459,51.635033,57.548225
1118,-13.854333877563477,-609.2994384765625,62.8526496887207,4.9031621338617954,-1.530748848933427,-102.85388101183905,-1.7151263,-9.884019,28.176727,10.50874,-12.391916,5.502333,-18.046213,-11.815541,-5.100152,70.69296,-11.237126,-2.3094742,-5.950946,-3.407353,26.143616,-26.397081,51.410603,-0.58547705,-27.496878,51.406643,57.760284
1119,-13.841708183288574,-609.7006225585938,62.88463592529297,4.735565470467381,-1.638063696276751,-102.71819253396411,-1.3165454,-9.800671,27.966167,10.573199,-12.606728,5.4616966,-18.477787,-11.149215,-4.6782403,69.22481,-11.745644,-2.1919346,-6.279769,-4.236188,26.200241,-26.114605,51.588955,-0.55584574,-27.476334,51.1911,57.92415
1120,-13.835930824279785,-610.09619140625,62.90928649902344,4.571743437135511,-1.7309379789867885,-102.56496639245144,-0.93196505,-9.718541,27.754293,10.638646,-12.839012,5.4249883,-18.86323,-10.529577,-4.3320866,67.59505,-12.189239,-2.068373,-6.6301894,-5.055543,26.265047,-25.8427,51.745785,-0.49403074,-27.45492,50.99196,58.0327
1121,-13.83396053314209,-610.4979248046875,62.9317626953125,4.418416127316428,-1.8037033707496142,-102.3988988539337,-0.5598269,-9.64711,27.54634,10.690407,-13.088166,5.399337,-19.209263,-9.94913,-4.0502114,65.792854,-12.5926695,-1.9358932,-6.9896603,-5.839402,26.33794,-25.591007,51.84309,-0.39783883,-27.43226,50.800774,58.085804
1122,-13.827869415283203,-610.8963012695312,62.94928741455078,4.272596622162257,-1.8600122615605938,-102.22265641108329,-0.19682461,-9.584537,27.340176,10.7271185,-13.342003,5.3776207,-19.517004,-9.386052,-3.8008332,63.812977,-12.971812,-1.78275,-7.3334455,-6.578708,26.422314,-25.369717,51.864174,-0.27540836,-27.407915,50.62141,58.093838
1123,-13.815728187561035,-611.2899780273438,62.9613151550293,4.135380468686995,-1.901949587803876,-102.03771034196895,0.15887493,-9.533613,27.137245,10.748258,-13.594014,5.351291,-19.783676,-8.867907,-3.615101,61.685833,-13.260576,-1.6092856,-7.6550517,-7.267535,26.51419,-25.189352,51.810787,-0.13784759,-27.383718,50.45877,58.065834
1124,-13.814200401306152,-611.6887817382812,62.968719482421875,4.010367340791052,-1.9310448122214172,-101.84727099259207,0.5129566,-9.4998455,26.940203,10.745081,-13.834612,5.311495,-20.007116,-8.4175825,-3.520228,59.438713,-13.390622,-1.4099582,-7.9506598,-7.909662,26.613451,-25.05531,51.696964,0.0077563957,-27.360231,50.31522,58.003513
1125,-13.810216903686523,-612.0841674804688,62.96933364868164,3.894136865026257,-1.9484889970894343,-101.64774947860772,0.8635011,-9.479988,26.75426,10.717024,-14.05942,5.2591023,-20.177849,-8.038061,-3.5378964,57.044994,-13.322204,-1.1410552,-8.22286,-8.508369,26.720045,-24.974232,51.519436,0.16539901,-27.33799,50.194588,57.89751
1126,-13.80305290222168,-612.4854736328125,62.96539306640625,3.7886386760043176,-1.9541127197010588,-101.43939679021382,1.2121111,-9.4720545,26.57641,10.666711,-14.274993,5.197677,-20.297773,-7.703525,-3.6491265,54.496376,-13.093216,-0.8073002,-8.470841,-9.067508,26.833797,-24.948769,51.28017,0.33672827,-27.317268,50.097073,57.748802
1127,-13.795572280883789,-612.8803100585938,62.955135345458984,3.6924774054463136,-1.9482863858018142,-101.22633714305718,1.5573773,-9.477607,26.39422,10.599296,-14.485012,5.1235323,-20.385208,-7.3989897,-3.8228128,51.84925,-12.756023,-0.47897574,-8.690117,-9.590334,26.953417,-24.974356,50.997623,0.50815624,-27.298267,50.01816,57.579517
1128,-13.791648864746094,-613.2725219726562,62.941898345947266,3.6140455877895197,-1.9296489104881036,-101.01608766439662,1.8947983,-9.497771,26.198948,10.525391,-14.697059,5.032125,-20.46254,-7.1137657,-4.0245323,49.163837,-12.367916,-0.2314808,-8.876156,-10.081068,27.077032,-25.042587,50.692772,0.6647411,-27.280956,49.951836,57.412018
1129,-13.783821105957031,-613.6661376953125,62.92681121826172,3.555596853394548,-1.8980876288442106,-100.81356970680348,2.222399,-9.532336,25.992508,10.446639,-14.916391,4.9147077,-20.54532,-6.8594623,-4.2535195,46.45549,-11.892889,-0.12905438,-9.019649,-10.537951,27.2027,-25.1488,50.364536,0.8080838,-27.265308,49.89787,57.249542
1130,-13.761957168579102,-614.0628662109375,62.9102897644043,3.5134943159554273,-1.8538816040921289,-100.61896857452648,2.542808,-9.580744,25.783323,10.356923,-15.1387415,4.775285,-20.625443,-6.6310463,-4.5190125,43.70294,-11.323963,-0.11467792,-9.123514,-10.961236,27.329283,-25.291904,50.007874,0.94310766,-27.251297,49.857788,57.08052
1131,-13.755271911621094,-614.4583740234375,62.87946701049805,3.4839158983186347,-1.7960600948976333,-100.43136191885478,2.8539338,-9.640104,25.572674,10.26286,-15.359059,4.6283407,-20.688398,-6.4024887,-4.801653,40.898663,-10.764407,-0.0871639,-9.196183,-11.354037,27.455912,-25.465027,49.634075,1.0576379,-27.238817,49.825626,56.910564
1132,-13.745762825012207,-614.8533325195312,62.864051818847656,3.3989056947180702,-1.6857717439352817,-100.14005603448662,3.1489203,-9.657186,25.251474,10.074025,-15.501913,4.4937115,-20.670116,-6.129232,-5.2108784,37.882812,-10.243956,0.057426367,-9.297877,-11.866656,27.665472,-25.813248,49.280716,1.1704944,-27.219881,49.737125,56.676964
1133,-13.73861312866211,-615.2548828125,62.81120300292969,3.423848973154993,-1.6127037015867536,-100.00538107421686,3.391534,-9.74474,25.08328,10.155801,-15.807992,4.355451,-20.697002,-5.887029,-5.414473,35.011463,-10.02038,0.33190018,-9.279373,-12.134053,27.775732,-25.992281,48.85616,1.1954631,-27.211498,49.69877,56.573483
1134,-13.723783493041992,-615.657470703125,62.781517028808594,3.3686951274604926,-1.4681767317783179,-99.75478203759933,3.6742437,-9.8010845,24.777445,9.936218,-15.910908,4.2264757,-20.602943,-5.592175,-5.7706113,31.763868,-9.758514,0.6910716,-9.282842,-12.530977,27.96177,-26.356585,48.4223,1.196378,-27.199543,49.616295,56.39397
1135,-13.70805549621582,-616.0551147460938,62.73014450073242,3.3658727461958184,-1.3293570790143503,-99.5579653022103,3.907075,-9.879898,24.533278,9.882236,-16.12246,4.0975585,-20.52389,-5.3104725,-6.0791836,28.581715,-9.538188,1.1092309,-9.239784,-12.842753,28.127268,-26.681318,47.9842,1.1892117,-27.189653,49.507267,56.239357
1136,-13.697028160095215,-616.4703369140625,62.68046951293945,3.3838131355561063,-1.182139110539453,-99.37902514621551,4.145397,-9.983772,24.315865,9.802735,-16.33953,3.9790602,-20.4288,-5.0169907,-6.409077,25.402767,-9.182245,1.5625589,-9.1978,-13.101929,28.27435,-26.957756,47.562008,1.2102667,-27.17956,49.337254,56.05206
1137,-13.681400299072266,-616.8802490234375,62.626827239990234,3.4298031396393145,-1.0162472512002672,-99.21355683793361,4.380487,-10.114658,24.125929,9.689839,-16.564407,3.875613,-20.347765,-4.727215,-6.7484207,22.25004,-8.71619,1.9519635,-9.174574,-13.3148365,28.404732,-27.177351,47.16075,1.2961786,-27.166533,49.054653,55.794903
1138,-13.671873092651367,-617.2854614257812,62.56684494018555,3.4967026508454904,-0.8322924681648415,-99.05845040790736,4.6139956,-10.270674,23.953629,9.543042,-16.787514,3.7828045,-20.265106,-4.4470897,-7.0948844,19.0781,-8.184161,2.3120375,-9.14383,-13.472376,28.520592,-27.354105,46.754593,1.4422708,-27.150513,48.654354,55.480053
1139,-13.664775848388672,-617.6988525390625,62.49822998046875,3.578934051925503,-0.6433981981137226,-98.90830901914275,4.848859,-10.442045,23.788927,9.392113,-17.013876,3.6926656,-20.123417,-4.1631594,-7.4840837,15.82864,-7.4822454,2.8167348,-9.069614,-13.572365,28.623383,-27.513975,46.330753,1.604992,-27.134207,48.186924,55.16416
1140,-13.64905834197998,-618.1204833984375,62.42517852783203,3.6801677467771077,-0.46298987121511753,-98.7506854545837,5.082653,-10.626725,23.6141,9.283607,-17.258478,3.5985785,-19.84607,-3.8698454,-7.951564,12.394991,-6.48095,3.6414788,-8.929425,-13.605438,28.713106,-27.675764,45.87034,1.7115337,-27.12195,47.730877,54.92902
1141,-13.626395225524902,-618.5443115234375,62.33904266357422,3.8326955304554717,-0.2883133011023009,-98.56610491205157,5.304041,-10.856338,23.411407,9.245059,-17.53491,3.5034952,-19.368551,-3.5942523,-8.520927,8.566975,-4.983206,4.8608575,-8.739185,-13.560642,28.787592,-27.83654,45.34421,1.6733216,-27.11792,47.350235,54.853195
1142,-13.610889434814453,-618.9747314453125,62.22803497314453,4.091833750299906,-0.10351145360822418,-98.32672224729075,5.5176473,-11.191249,23.146517,9.227965,-17.81958,3.4138618,-19.435648,-3.5324578,-9.122071,6.139555,-4.1179967,6.385231,-8.552663,-13.411019,28.842463,-27.959879,44.711285,1.4561396,-27.123577,47.05035,54.960995
1143,-13.594532012939453,-619.4227905273438,62.09814453125,4.465356964463391,0.08935487498164577,-98.02700791466204,5.735751,-11.63463,22.802443,9.201217,-18.094006,3.326827,-19.952467,-3.6971104,-9.727033,4.9622416,-3.9299605,8.115867,-8.398258,-13.127564,28.87337,-28.0066,43.963905,1.100424,-27.138636,46.816414,55.21463
1144,-13.577946662902832,-619.875244140625,61.96288299560547,4.815289679782004,0.25703802044552343,-97.74123212590123,5.9699583,-12.034375,22.461662,9.214027,-18.394478,3.226681,-19.847687,-3.7292907,-10.358183,2.536789,-3.0784574,9.922532,-8.266554,-12.777931,28.88393,-27.984806,43.27966,0.78337604,-27.158514,46.630035,55.41798
1145,-13.578173637390137,-620.3226318359375,61.83760070800781,5.133047814135861,0.40328976644921793,-97.47652779085452,6.2240663,-12.387171,22.128183,9.238415,-18.709715,3.1105952,-20.501503,-3.8637404,-11.010386,2.279547,-3.6554253,12.021588,-8.156855,-12.390939,28.878176,-27.90987,42.684586,0.562847,-27.17957,46.460693,55.516785
1146,-13.582411766052246,-620.7761840820312,61.708473205566406,5.473139406705355,0.5442485378821081,-97.19490201894337,6.4833093,-12.750424,21.762804,9.278244,-19.03792,2.9872544,-21.1346,-4.016503,-11.749723,2.161627,-4.394973,14.323944,-8.064672,-11.933089,28.85595,-27.784355,42.090046,0.36321926,-27.202597,46.299026,55.600063
1147,-13.623324394226074,-621.2261352539062,61.564369201660156,5.793199717065009,0.6801773839524861,-97.02740535796815,6.677264,-13.017926,21.525322,9.5036335,-19.460526,2.808478,-21.51977,-3.7932353,-12.21753,1.5754414,-4.8770304,14.323944,-7.849498,-11.37448,28.804945,-27.5982,41.49249,0.19624709,-27.237883,46.1221,55.65572
1148,-13.650938987731934,-621.6759033203125,61.416542053222656,6.069219828352536,0.7873912405793096,-96.90372019017768,6.8944716,-13.25415,21.326307,9.734604,-19.872084,2.648279,-21.808006,-3.6523018,-12.456525,1.1968452,-5.3771815,14.323944,-7.6214986,-10.796959,28.736916,-27.380644,41.00669,0.030384826,-27.283445,46.044224,55.696766
1149,-13.666239738464355,-622.1235961914062,61.276771545410156,6.3468861863606465,0.8574483992269467,-96.7881644028198,7.1519847,-13.5109625,21.121408,9.941952,-20.245804,2.520127,-21.956,-3.6660347,-12.433207,1.0367061,-5.9690247,14.323944,-7.5175157,-10.242261,28.54723,-27.047277,40.74376,-0.21502735,-27.401232,46.23823,55.726048
1150,-13.675947189331055,-622.57373046875,61.14600372314453,6.616984756745696,0.9121770855871254,-96.66644559544547,7.398925,-13.755162,20.907091,10.216297,-20.64315,2.4089718,-21.980616,-3.7584267,-12.256709,1.0265733,-6.6247296,14.323944,-7.3575196,-9.670761,28.410143,-26.798407,40.481663,-0.54891366,-27.441654,46.491127,55.895473
1151,-13.687583923339844,-623.018798828125,61.034141540527344,6.816174008415672,0.9474414119675667,-96.54016968745168,7.663072,-13.9277115,20.685143,10.488708,-21.022505,2.301218,-21.905094,-3.8497066,-12.074469,1.1102986,-7.098584,14.323944,-7.212518,-9.1103,28.278635,-26.570616,40.33545,-0.8892537,-27.470135,46.81584,56.048595
1152,-13.68425464630127,-623.4712524414062,60.94145202636719,6.868836095561994,0.9631609951090159,-96.41030625182593,7.9572015,-13.954629,20.463053,10.7260275,-21.36629,2.1812928,-21.753296,-3.8563168,-12.031969,1.2227569,-7.1416283,14.323944,-7.0871997,-8.640665,28.16212,-26.420345,40.40441,-1.1853585,-27.487617,47.185463,56.10887
1153,-13.681695938110352,-623.9234008789062,60.881412506103516,6.743022961961114,0.954798007993466,-96.29560928197407,8.287992,-13.811171,20.255484,10.921183,-21.686258,2.0467987,-21.506441,-3.7600198,-12.21867,1.3991877,-6.601416,14.323944,-6.972186,-8.285871,28.06233,-26.349083,40.7322,-1.4679042,-27.495607,47.692604,56.08267
1154,-13.667482376098633,-624.3941040039062,60.84358596801758,6.478545418290803,0.9251110632083206,-96.19033795042404,8.645674,-13.534852,20.059431,11.09377,-21.988245,1.9048592,-21.164316,-3.6016939,-12.512796,1.6601444,-5.6374927,14.323944,-6.867165,-8.003829,27.97368,-26.3258,41.26396,-1.7467142,-27.496126,48.31217,55.994408
1155,-13.64159870147705,-624.870361328125,60.81332015991211,6.108906497713471,0.8849569738388857,-96.06050225859798,9.014646,-13.143988,19.860872,11.254646,-22.246166,1.7533163,-20.812622,-3.3988554,-12.738805,2.0033493,-4.525098,14.323944,-6.7895904,-7.7875695,27.898539,-26.368124,41.96044,-1.9418796,-27.48545,48.842293,55.796432
1156,-13.63796329498291,-625.3471069335938,60.81935119628906,5.6692095593203105,0.8447359101522922,-95.8954333910988,9.37509,-12.654743,19.669928,11.43661,-22.449936,1.5815681,-20.510744,-3.119088,-12.716446,2.3485641,-3.4895177,14.0756445,-6.728581,-7.623529,27.837626,-26.497337,42.776184,-1.9723346,-27.460386,49.079376,55.45179
1157,-13.692983627319336,-625.8146362304688,60.85724639892578,5.104293401527787,0.8045142186323468,-95.80638254307425,9.65223,-11.965988,19.642115,11.840488,-22.72313,1.3473682,-20.120607,-2.3837347,-12.261709,2.2047398,-2.357918,11.666013,-6.5737047,-7.5677185,27.801022,-26.755503,43.77846,-1.7504052,-27.41201,48.940548,54.88865
1158,-13.75307559967041,-626.2901611328125,60.90733337402344,4.399030369298943,0.7583370292866548,-95.68336117033795,9.804016,-11.063946,19.66323,12.593139,-23.150385,1.0857203,-19.698477,-1.4825594,-11.682231,1.94492,-1.1965026,8.765819,-6.434874,-7.640302,27.786568,-27.141134,44.9975,-1.3152438,-27.34404,48.531612,54.119484
1159,-13.823631286621094,-626.7984008789062,60.95079040527344,3.653944097404041,0.7091193498956413,-95.50829479695139,9.923785,-10.086765,19.65611,13.451673,-23.568686,0.79733056,-19.236866,-0.55136484,-11.124859,1.5739723,0.116519876,5.88308,-6.3328915,-7.71959,27.7746,-27.588875,46.2983,-0.7799538,-27.265863,47.94893,53.275883
1160,-13.87533950805664,-627.3095092773438,60.979183197021484,2.9631801219387497,0.6555518376709819,-95.26027428959952,10.010612,-9.122358,19.56416,14.419382,-23.964815,0.47697306,-18.767683,0.2690465,-10.725463,1.2061064,1.6366116,3.5228574,-6.293237,-7.69857,27.747362,-28.041718,47.56517,-0.24764381,-27.187393,47.28413,52.476868
1161,-13.93904972076416,-627.8201904296875,61.0069580078125,2.335793133944589,0.598469037699652,-94.9098390186444,10.063374,-8.182363,19.356483,15.49236,-24.352623,0.11931785,-18.382534,0.9127181,-10.483153,1.062792,3.4249911,1.8454185,-6.3452563,-7.551454,27.70091,-28.476791,48.782272,0.26442602,-27.10936,46.530586,51.74411
1162,-14.01980209350586,-628.3400268554688,61.03664779663086,1.7372259942231947,0.5390321591469478,-94.48010343662794,10.09697,-7.237621,19.06812,16.628094,-24.710102,-0.27179646,-18.295582,1.4017966,-10.340236,1.6815779,5.0381613,0.5527274,-6.4650373,-7.3230963,27.643581,-28.917305,50.000324,0.8139503,-27.025963,45.65312,51.020214
1163,-14.100541114807129,-628.8651733398438,61.07271957397461,1.146559260036584,0.47315553542520145,-94.02850774244945,10.102566,-6.27606,18.749357,17.847336,-25.005196,-0.68801665,-18.13552,1.8703059,-10.316878,2.1725507,6.6639156,-0.5427209,-6.6002007,-7.0465693,27.581701,-29.397392,51.241886,1.4223969,-26.936407,44.69568,50.28038
1164,-14.172365188598633,-629.3877563476562,61.104225158691406,0.5518704819168693,0.3972340675390708,-93.61150397071437,10.0665865,-5.2847767,18.4514,19.185444,-25.213749,-1.1222941,-17.921732,2.365385,-10.428145,2.6193686,7.914184,-1.589194,-6.701275,-6.749094,27.520412,-29.944265,52.524113,2.101016,-26.840963,43.709915,49.50405
1165,-14.239633560180664,-629.9110717773438,61.133056640625,-0.05560200769763352,0.3109923128648003,-93.23676409943826,9.998089,-4.257273,18.192127,20.635332,-25.360624,-1.5901469,-17.662338,2.8909776,-10.692217,3.041703,8.724594,-2.58058,-6.766666,-6.426556,27.460825,-30.552473,53.858746,2.8938146,-26.736187,42.642643,48.644184
1166,-14.322571754455566,-630.4330444335938,61.17460250854492,-0.6663416200372784,0.21479252969059828,-92.88071870839913,9.903635,-3.2062316,17.94953,22.184664,-25.451687,-2.0939722,-17.417585,3.4065704,-11.067888,3.573548,9.198466,-3.431203,-6.8161654,-6.0572343,27.399422,-31.201529,55.228302,3.7785301,-26.621328,41.49987,47.724434
1167,-14.429163932800293,-630.9610595703125,61.23160171508789,-1.2673208569431818,0.10492191155405714,-92.55189966084464,9.760811,-2.1480267,17.711542,23.870893,-25.435217,-2.606837,-17.271389,3.8916035,-11.48048,4.4271975,9.224387,-4.1522512,-6.84146,-5.6349096,27.333908,-31.88671,56.60295,4.6658034,-26.502398,40.414818,46.830433
1168,-14.529569625854492,-631.49658203125,61.285560607910156,-1.8504592179013484,-0.0226993644542489,-92.25984479772633,9.548649,-1.0978198,17.46441,25.724575,-25.255074,-3.1002824,-17.37071,4.305995,-11.863392,5.985783,8.584184,-4.753119,-6.8260956,-5.1522646,27.262842,-32.60698,57.94759,5.4555855,-26.387938,39.51666,46.055515
1169,-14.629069328308105,-632.0159912109375,61.339820861816406,-2.4039758981033357,-0.17260382786576595,-92.02384492524375,9.259043,-0.06909996,17.211792,27.781017,-24.92568,-3.5361786,-17.95941,4.5825043,-12.199042,8.87769,6.826532,-5.189612,-6.7541122,-4.5896177,27.182764,-33.353928,59.267353,6.11299,-26.281658,38.820896,45.440807
1170,-14.721986770629883,-632.5299072265625,61.392051696777344,-2.910283831871847,-0.33611004194839095,-91.81862693771193,8.8987875,0.92372763,16.938047,30.00786,-24.463417,-3.9359457,-17.653704,5.040868,-12.430976,9.606263,6.044826,-5.506541,-6.642363,-3.9287336,27.094604,-34.11605,60.532104,6.661361,-26.18396,38.255493,44.96222
1171,-14.804333686828613,-633.0317993164062,61.44388961791992,-3.3802045222028037,-0.5024906574830734,-91.59854748979151,8.467289,1.9009974,16.615559,32.343338,-23.818914,-4.3634343,-17.163626,5.501947,-12.648957,9.909017,5.385656,-5.736408,-6.5188465,-3.2029784,27.006874,-34.911987,61.70823,7.118246,-26.098011,37.812027,44.580467
1172,-14.883926391601562,-633.538818359375,61.50149154663086,-3.827697024522897,-0.670433744349745,-91.34486993128516,7.97437,2.879939,16.242022,34.735874,-22.945404,-4.890025,-16.650503,5.934635,-12.894085,10.161821,4.801429,-5.93862,-6.3903284,-2.4426095,26.927568,-35.759533,62.774235,7.5147786,-26.02408,37.485355,44.25153
1173,-14.96990966796875,-634.04443359375,61.556785583496094,-4.254834066894858,-0.8426371393576376,-91.05240399832998,7.4265285,3.8599575,15.827392,37.191708,-21.790638,-5.6142397,-16.121649,6.3441796,-13.178384,10.37268,4.3180146,-6.117035,-6.260305,-1.639943,26.85593,-36.666172,63.74615,7.861725,-25.961954,37.280907,43.98179
1174,-15.061384201049805,-634.5428466796875,61.60745620727539,-4.66411182293624,-1.0220571108802596,-90.74078722236635,6.81918,4.8323865,15.370423,39.739033,-20.400686,-6.485216,-15.558828,6.74662,-13.480721,10.514844,3.8650682,-6.2424865,-6.1122274,-0.79081756,26.789965,-37.629654,64.644936,8.151733,-25.91117,37.19311,43.778328
1175,-15.158631324768066,-635.0372314453125,61.65559387207031,-5.052549276845327,-1.2063056922023552,-90.42319168463088,6.1518397,5.7760706,14.84546,42.34308,-18.869741,-7.356416,-14.971338,7.135843,-13.785757,10.60245,3.4385502,-6.3333564,-5.9294887,0.08478409,26.73285,-38.645737,65.431625,8.366267,-25.873882,37.20638,43.625885
1176,-15.257241249084473,-635.5379638671875,61.702728271484375,-5.415374342602636,-1.3930334429264348,-90.11196757950964,5.424248,6.6731186,14.232043,44.964546,-17.28377,-8.082064,-14.369259,7.5071535,-14.078813,10.6524515,3.0310626,-6.4086075,-5.698337,0.9623048,26.687925,-39.71125,66.06926,8.490061,-25.851442,37.306526,43.503086
1177,-15.352432250976562,-636.0316772460938,61.747920989990234,-5.751229666682655,-1.5831427407495289,-89.79814447190647,4.63014,7.5210376,13.504614,47.61532,-15.621471,-8.653988,-13.745538,7.86372,-14.369435,10.644871,2.6504474,-6.4726233,-5.4167647,1.8333509,26.65604,-40.886467,66.55287,8.476231,-25.848597,37.54597,43.45054
1178,-15.452630996704102,-636.5146484375,61.78919219970703,-6.059194625327239,-1.7793235385749508,-89.47949464311696,3.7765245,8.312844,12.678033,50.29838,-13.841777,-9.165038,-13.101988,8.211202,-14.661465,10.582567,2.2950833,-6.518537,-5.095821,2.7053144,26.635214,-42.155773,66.909195,8.345496,-25.862946,37.916862,43.465363
1179,-15.547532081604004,-636.9801635742188,61.82271957397461,-6.344801567512627,-1.9806015847060623,-89.17853840980993,2.8835852,9.031688,11.799998,52.95319,-11.989569,-9.60852,-12.461827,8.546284,-14.930871,10.51452,1.9460483,-6.5490217,-4.7410355,3.573663,26.62401,-43.40281,67.14537,8.173358,-25.8861,38.320625,43.468586
1180,-15.64798355102539,-637.4523315429688,61.85483932495117,-6.613590471152148,-2.184916265047863,-88.91736266204816,1.9660982,9.674598,10.920912,55.528038,-10.110979,-9.960447,-11.842431,8.865912,-15.153807,10.47705,1.5908486,-6.5651336,-4.359553,4.4304123,26.621351,-44.51152,67.26757,8.038084,-25.909897,38.65784,43.376118
1181,-15.729470252990723,-637.9064331054688,61.88446807861328,-6.862829135402099,-2.341932575662701,-88.75866283854164,0.95932966,10.233407,10.045278,58.06455,-8.240512,-10.068483,-11.293418,9.180539,-15.276375,10.459179,1.2431357,-6.566389,-4.1104546,5.481541,26.625412,-44.98225,67.14462,7.9340115,-25.930119,38.976776,43.08048
1182,-15.807254791259766,-638.357421875,61.91169738769531,-7.0956035832639115,-2.579636401918073,-88.53444430860368,-0.06396558,10.723487,9.029863,60.61889,-6.335318,-9.980077,-10.690338,9.454146,-15.449477,10.488233,0.87095296,-6.5470133,-3.8160295,6.421862,26.641453,-45.76795,66.958305,7.7973094,-25.960815,39.408882,42.816536
1183,-15.877459526062012,-638.7783203125,61.930458068847656,-7.313034117513896,-2.762055897357044,-88.41113910922017,-1.1040891,11.176015,8.159712,63.00767,-4.340982,-9.965724,-10.151761,9.735745,-15.524912,10.506724,0.515345,-6.520342,-3.4524813,7.271271,26.652172,-46.334476,66.71096,7.6740603,-25.984201,39.690937,42.45815
1184,-15.94424819946289,-639.2197875976562,61.949302673339844,-7.518135449072994,-2.984163808939406,-88.28243544504987,-2.0345488,11.630857,7.4460697,65.14022,-2.2140968,-10.281992,-9.588384,10.001734,-15.593514,10.5452,0.15010753,-6.48688,-3.0550005,8.027931,26.666613,-46.90238,66.48465,7.5179143,-26.010017,39.94245,42.153835
1185,-16.00084686279297,-639.6520385742188,61.963565826416016,-7.724279443424876,-3.228725269289524,-88.16638218436447,-2.8639913,12.131928,6.935542,67.005356,0.3403306,-11.069615,-9.008317,10.262843,-15.637782,10.588905,-0.21737547,-6.4417815,-2.6149454,8.681496,26.683237,-47.407997,66.274574,7.3179855,-26.03753,40.139732,41.88578
1186,-16.056556701660156,-640.0759887695312,61.97734069824219,-7.923595771857666,-3.488166922160978,-88.07232515993108,-3.638497,12.651496,6.544356,68.67583,3.1988547,-12.154218,-8.422394,10.514705,-15.651782,10.6398325,-0.5850033,-6.3843436,-2.1397028,9.260431,26.701536,-47.82715,66.03997,7.0933704,-26.06645,40.2835,41.618244
1187,-16.104251861572266,-640.4878540039062,61.989967346191406,-8.092437394953384,-3.6635479171179868,-88.04677410910134,-4.4269013,13.137578,6.271188,70.1344,5.7634654,-13.29939,-7.943275,10.739272,-15.606042,10.733952,-0.97279614,-6.321691,-1.713565,9.673817,26.710514,-48.010826,65.82945,6.8594937,-26.08433,40.343292,41.296955
1188,-16.142274856567383,-640.88427734375,62.00276184082031,-8.230848064169031,-3.892635072501888,-88.02946760027552,-5.1112614,13.5450115,6.0019674,71.39819,7.443382,-14.305195,-7.4205117,10.94088,-15.541632,10.812897,-1.3364999,-6.2696214,-1.259295,10.099634,26.72195,-48.166,65.612976,6.629852,-26.103285,40.361393,41.031975
1189,-16.15484619140625,-641.2777709960938,62.021522521972656,-8.276474488404109,-4.15090985907482,-88.01528379375543,-5.651619,14.101202,6.4320145,72.41812,8.103631,-14.323944,-6.9316072,11.01454,-15.4625635,11.022727,-1.7607534,-6.2002296,-0.8315388,10.483986,26.733673,-48.259537,65.36626,6.4430904,-26.117516,40.288166,40.814095
1190,-16.172643661499023,-641.6597290039062,62.038509368896484,-8.256187878164106,-4.558424587559297,-88.03813927796799,-5.968025,14.636265,7.033362,73.23318,8.052186,-14.323944,-6.3796606,11.0082445,-15.33035,11.393521,-2.2555528,-6.1356115,-0.26495156,10.970761,26.761158,-48.324673,65.04243,6.4339757,-26.132648,39.961025,40.634563
1191,-16.194082260131836,-642.0282592773438,62.05543899536133,-8.223280247149006,-4.8539097099015756,-88.12343714139831,-6.3447394,15.057595,7.4909115,73.84635,7.399918,-14.323944,-5.934346,10.991988,-15.150559,11.744332,-2.7331917,-6.0730486,0.30860314,11.231158,26.789246,-48.28011,64.80266,6.437375,-26.139784,39.51576,40.39925
1192,-16.21822738647461,-642.3994750976562,62.07190704345703,-8.207359060836627,-5.121875350543393,-88.2829294618267,-6.7573404,15.271332,7.5411124,74.29921,6.254887,-14.323944,-5.5085053,11.009879,-14.907959,12.041446,-3.1600378,-6.025145,0.97499704,11.373576,26.817032,-48.16141,64.6723,6.3904285,-26.143616,39.01995,40.22059
1193,-16.2467041015625,-642.7670288085938,62.08243942260742,-8.219381574385382,-5.384497426282522,-88.54070536582852,-7.2124624,15.14144,6.9128203,74.58964,4.382742,-14.323944,-5.084307,11.088225,-14.576777,12.283781,-3.530322,-6.0039687,1.7638518,11.378821,26.84422,-47.97686,64.691605,6.272255,-26.146055,38.51422,40.13703
1194,-16.269092559814453,-643.1104125976562,62.08961486816406,-8.240465501641635,-5.645430573895013,-88.88860355405689,-7.670843,14.77398,5.842347,74.70997,1.8221731,-14.323944,-4.664591,11.203266,-14.16131,12.487922,-3.8552756,-6.0047,2.6456087,11.258404,26.869965,-47.719696,64.83042,6.0905113,-26.146664,38.00077,40.135365
1195,-16.274755477905273,-643.44677734375,62.105743408203125,-8.223325042915832,-5.884599035656469,-89.26139200350838,-8.097174,14.590535,5.3517323,74.66166,-0.9022467,-13.329317,-4.2874084,11.25562,-13.728744,12.718999,-4.177849,-5.985274,3.5363321,11.086296,26.892448,-47.3837,65.00256,5.8328314,-26.145782,37.475723,40.21501
1196,-16.262508392333984,-643.77978515625,62.12413787841797,-8.153058191516235,-6.084620978180383,-89.68821367640834,-8.476351,14.61701,5.44054,74.44513,-3.311378,-12.223592,-3.984231,11.233702,-13.261384,13.011261,-4.5209627,-5.942867,4.4724426,10.989409,26.91809,-46.892086,65.09301,5.566349,-26.146063,36.797596,40.306423
1197,-16.251415252685547,-644.0924072265625,62.150428771972656,-8.078807935427081,-6.199669864456249,-90.0598570069124,-8.877694,14.850499,5.86006,74.06727,-5.3416834,-11.517506,-3.71693,11.204595,-12.866501,13.191557,-4.8072715,-5.883731,5.272857,10.819621,26.933609,-46.32324,65.231995,5.209551,-26.146608,36.16198,40.397423
1198,-16.239543914794922,-644.4026489257812,62.181007385253906,-7.990918053378368,-6.261515089010218,-90.4465647574798,-9.267637,15.200659,6.544709,73.51856,-7.2416162,-11.004366,-3.4849916,11.165978,-12.472557,13.312193,-5.052657,-5.8165865,6.031471,10.610205,26.93753,-45.636234,65.4084,4.7818265,-26.14581,35.51731,40.516003
1199,-16.22547149658203,-644.6959838867188,62.2140007019043,-7.904067046347919,-6.297946477002808,-90.84217611750137,-9.63441,15.609621,7.3693333,72.82534,-9.006554,-10.555205,-3.2607062,11.128863,-12.076429,13.380163,-5.2614837,-5.7471585,6.7427664,10.45029,26.93359,-44.79511,65.57521,4.303179,-26.150625,34.86028,40.647236
1200,-16.204517364501953,-644.9629516601562,62.248085021972656,-7.8283792831514045,-6.349723326459561,-91.21945693371963,-9.967239,16.013037,8.183137,72.0188,-10.629526,-10.031629,-3.01129,11.095424,-11.6957035,13.420804,-5.450384,-5.6801157,7.4030743,10.286379,26.921926,-44.076378,65.763336,3.6888707,-26.16433,34.416035,40.851166
1201,-16.187152862548828,-645.242431640625,62.28316879272461,-7.7724195989663105,-6.425276409000037,-91.58910970311493,-10.263879,16.438057,9.015552,71.12695,-12.076246,-9.376389,-2.713929,11.079418,-11.314125,13.398823,-5.592609,-5.6149135,8.037655,10.178323,26.902042,-43.31379,65.960014,2.9187987,-26.194311,34.106133,41.172886
1202,-16.168380737304688,-645.5355224609375,62.320838928222656,-7.72701346526029,-6.508744266988264,-91.95302906309486,-10.525976,16.894625,9.923857,70.12822,-13.365954,-8.67514,-2.3881774,11.0723,-10.934866,13.324357,-5.6962686,-5.5501804,8.621512,10.10692,26.873856,-42.50477,66.16903,2.0070276,-26.242125,33.947086,41.5843
1203,-16.156057357788086,-645.8292236328125,62.35834884643555,-7.6814372792824654,-6.580168255291433,-92.32176459297318,-10.756046,17.314726,10.83841,68.97604,-14.579516,-7.999292,-2.075633,11.05905,-10.556795,13.247522,-5.7980137,-5.4903164,9.0261965,10.171372,26.830704,-41.51064,66.31643,1.0651456,-26.315111,33.945198,41.917446
1204,-16.12753677368164,-646.1045532226562,62.39535903930664,-7.618120418727211,-6.6321431961134545,-92.66068446228242,-10.960429,17.620317,11.647316,67.622505,-15.786324,-7.4119277,-1.8012803,11.016725,-10.220228,13.216829,-5.939106,-5.437405,9.293601,10.302181,26.783773,-40.588326,66.38912,0.19131112,-26.383253,33.97555,42.11921
1205,-16.098108291625977,-646.380126953125,62.42677688598633,-7.537920259229127,-6.652271228138189,-92.97733660759117,-11.152202,17.80382,12.337705,66.05544,-17.062456,-6.912937,-1.5830041,10.943343,-9.929137,13.241331,-6.131096,-5.4013305,9.380262,10.539588,26.723886,-39.62112,66.371445,-0.5064206,-26.446741,33.957737,42.073864
1206,-16.05999755859375,-646.6304321289062,62.45757293701172,-7.4477454046119576,-6.651503843670329,-93.27371320594771,-11.324861,17.902088,12.95832,64.29811,-18.347631,-6.4691525,-1.3971982,10.849499,-9.674154,13.29032,-6.349143,-5.377455,9.400446,10.803977,26.655819,-38.740395,66.306206,-1.0801793,-26.498215,33.851173,41.879875
1207,-16.01617431640625,-646.8887329101562,62.477500915527344,-7.358217242630266,-6.637260932623515,-93.5638663672726,-11.461863,17.936865,13.54001,62.36082,-19.514673,-6.0941505,-1.2264653,10.75071,-9.422159,13.340082,-6.5667653,-5.3482933,9.394961,11.053141,26.582588,-38.00578,66.20777,-1.5723853,-26.544226,33.693474,41.582226
1208,-15.980524063110352,-647.1548461914062,62.50554275512695,-7.277465681677318,-6.617204078476213,-93.86136495127951,-11.546404,17.927652,14.1152525,60.251976,-20.435575,-5.798712,-1.054727,10.6589365,-9.141259,13.36924,-6.7581887,-5.2962036,9.438701,11.230375,26.520912,-37.5322,66.082886,-2.0529933,-26.584297,33.51429,41.26722
1209,-15.94120979309082,-647.4166870117188,62.53208541870117,-7.20788062953863,-6.592106088865504,-94.17151252735415,-11.577981,17.873905,14.681889,57.96633,-21.060188,-5.5633025,-0.8795544,10.576995,-8.818591,13.371954,-6.9149313,-5.2168884,9.511376,11.372166,26.483154,-37.31313,65.897484,-2.5495894,-26.61366,33.356743,40.944008
1210,-15.903401374816895,-647.6934204101562,62.56153106689453,-7.146515245518968,-6.560784057063103,-94.47367705265613,-11.566505,17.76941,15.218303,55.504116,-21.46236,-5.378099,-0.7025769,10.497477,-8.484734,13.352582,-7.0492005,-5.1186137,9.528008,11.535033,26.460653,-37.231434,65.64389,-3.0283663,-26.635374,33.245117,40.55763
1211,-15.861797332763672,-647.9459838867188,62.5865592956543,-7.099462481730521,-6.525432565888593,-94.73878407325292,-11.513607,17.625687,15.723612,52.88103,-21.700071,-5.2719054,-0.5208238,10.421244,-8.177047,13.314553,-7.1728005,-5.0028405,9.455857,11.702186,26.44395,-37.21675,65.355034,-3.4653406,-26.655298,33.16068,40.099846
1212,-15.820014953613281,-648.19921875,62.60877990722656,-7.047358496832703,-6.478123009107607,-95.03600138159571,-11.391374,17.460821,16.300524,50.086803,-21.828888,-5.2856817,-0.36273465,10.339318,-7.841123,13.292961,-7.302114,-4.8727703,9.384299,11.837496,26.427801,-37.24342,65.04822,-3.8753018,-26.680166,33.080956,39.587772
1213,-15.773900985717773,-648.4476928710938,62.62516784667969,-7.019055194780107,-6.424850098622143,-95.33493236482923,-11.135505,17.305767,17.05168,46.896564,-21.962013,-5.579526,-0.21877477,10.273225,-7.502808,13.290547,-7.44201,-4.719641,9.262506,11.923545,26.41488,-37.3244,64.75755,-4.222222,-26.70805,33.010586,38.972878
1214,-15.719487190246582,-648.697509765625,62.64280700683594,-7.01020050611739,-6.36621243973575,-95.6319959663359,-10.768857,17.12175,17.922718,43.35563,-22.013384,-6.1011944,-0.08455008,10.21823,-7.162186,13.29449,-7.5825605,-4.5454793,9.085727,11.975297,26.406479,-37.47209,64.46574,-4.5096817,-26.73823,32.953876,38.26024
1215,-15.670186042785645,-648.9605712890625,62.659461975097656,-6.9797479448521464,-6.301661837551779,-95.91956408795598,-10.431414,16.837845,18.643484,39.91431,-21.763927,-6.5347714,0.047168862,10.138777,-6.8338475,13.282736,-7.7182517,-4.367858,8.890058,11.992016,26.401722,-37.675735,64.152306,-4.781331,-26.771576,32.91209,37.534885
1216,-15.624770164489746,-649.2088623046875,62.669456481933594,-6.890037393035293,-6.229557778032462,-96.18674347590496,-10.275519,16.426035,18.926031,37.074207,-21.039434,-6.523344,0.1834339,9.997298,-6.5358224,13.228555,-7.8394003,-4.204625,8.6986685,11.983333,26.397905,-37.9088,63.790146,-5.0727544,-26.809097,32.88374,36.874756
1217,-15.593374252319336,-649.4623413085938,62.68058395385742,-6.682120392336422,-6.139709870806834,-96.42661120750556,-10.429672,15.816692,18.488174,34.970978,-19.469097,-5.729428,0.32268682,9.73707,-6.280287,13.106964,-7.9365067,-4.0606375,8.511686,11.998338,26.392088,-38.170044,63.29954,-5.4456787,-26.854162,32.888916,36.346405
1218,-15.530557632446289,-649.6314697265625,62.75719451904297,-6.443759745846756,-6.073516224337283,-96.5687507546667,-10.833164,15.155656,17.480667,33.52166,-17.333542,-4.401837,0.4989162,9.4362,-6.1273513,12.955405,-8.034014,-3.9262543,8.217656,12.074937,26.387266,-38.34765,62.77127,-5.7992826,-26.884962,32.917576,35.86177
1219,-15.475826263427734,-649.7920532226562,62.82969665527344,-6.171150206136593,-5.985110020845914,-96.73001248600332,-11.238873,14.532372,16.524885,32.48142,-15.248374,-3.0566165,0.67015415,9.1010475,-5.957979,12.767997,-8.113088,-3.7991889,7.930808,12.106709,26.38268,-38.54906,62.195663,-6.170836,-26.919266,32.978504,35.394154
1220,-15.438300132751465,-650.09033203125,62.862003326416016,-5.989408784768163,-5.902286920953763,-96.8933150231353,-11.481421,14.138627,16.0014,31.859102,-14.001124,-2.1884446,0.8078642,8.8540325,-5.785605,12.691023,-8.256717,-3.6758454,7.6444216,12.009005,26.379969,-38.73856,61.75654,-6.4686303,-26.954132,33.045673,34.862827
1221,-15.385699272155762,-650.35205078125,62.87370300292969,-5.986718179551353,-5.8452534961995575,-97.06155223229374,-11.502969,14.094657,16.03396,31.874708,-14.0241995,-2.0019627,0.91012275,8.782798,-5.6045547,12.775123,-8.494025,-3.556006,7.336084,11.729085,26.381142,-38.884434,61.566517,-6.5879774,-26.984686,33.091812,34.134815
1222,-15.336075782775879,-650.5982666015625,62.84379196166992,-6.1236728479949,-5.8114421806242955,-97.2406015654599,-11.418796,14.3267975,16.372368,32.518276,-14.871691,-2.2130072,1.0005876,8.849315,-5.4103174,12.9439,-8.779809,-3.4404647,7.008404,11.292818,26.386734,-38.978455,61.58424,-6.5260434,-27.009272,33.108307,33.215477
1223,-15.288265228271484,-650.83642578125,62.79695510864258,-6.2959540107151835,-5.791198971663451,-97.42072101413056,-11.280055,14.659856,16.817905,33.346012,-15.96447,-2.5639133,1.0983139,8.95156,-5.2132034,13.117839,-9.062941,-3.3278282,6.668097,10.7712145,26.395374,-39.022827,61.6985,-6.3424563,-27.028824,33.09425,32.236687
1224,-15.233729362487793,-651.0548706054688,62.761871337890625,-6.381543712218784,-5.771375324018794,-97.58282408626219,-11.0956135,14.842123,17.174185,33.804867,-16.666609,-2.7928283,1.2356517,8.967253,-5.030238,13.179883,-9.272316,-3.2145798,6.3296933,10.252496,26.404272,-39.02885,61.76852,-6.141898,-27.046314,33.059006,31.380157
1225,-15.1873140335083,-651.271484375,62.76429748535156,-6.315314584568752,-5.747014728390581,-97.70491197425783,-10.834546,14.743713,17.393688,33.68085,-16.77343,-2.834614,1.4033939,8.829112,-4.882995,13.14178,-9.417869,-3.0955994,6.0029225,9.789835,26.410631,-39.001778,61.710552,-6.0075755,-27.064749,33.012394,30.75503
1226,-15.136079788208008,-651.4796142578125,62.797119140625,-6.140927656610096,-5.72247521194045,-97.77814217360218,-10.487985,14.459657,17.569939,33.22637,-16.597286,-2.817826,1.5804445,8.576217,-4.783116,13.077988,-9.548553,-2.9723825,5.6730876,9.376025,26.413671,-38.940872,61.550007,-5.9349895,-27.084707,32.959972,30.32911
1227,-15.0833158493042,-651.6807861328125,62.847084045410156,-5.907470789494411,-5.696472408314148,-97.81976291746389,-10.102539,14.073243,17.72361,32.60977,-16.299711,-2.775523,1.75779,8.258374,-4.718975,13.007707,-9.669938,-2.8525844,5.333901,8.988505,26.414005,-38.851418,61.3303,-5.8922176,-27.105644,32.907322,30.055136
1228,-15.025146484375,-651.8961181640625,62.902565002441406,-5.664911482392714,-5.6650990269190835,-97.85651031072665,-9.721445,13.670362,17.884382,32.003872,-16.04457,-2.7481833,1.911296,7.92588,-4.670779,12.979111,-9.805147,-2.7444637,4.987654,8.59467,26.413424,-38.744007,61.10129,-5.841994,-27.126518,32.859474,29.878996
1229,-14.954463005065918,-652.1067504882812,62.95597457885742,-5.435563696863588,-5.626501950869085,-97.90485675110556,-9.355072,13.282562,18.069035,31.461546,-15.874923,-2.7549286,2.0498857,7.602182,-4.6225457,12.963815,-9.932022,-2.654003,4.638558,8.167447,26.413748,-38.628662,60.894604,-5.7703004,-27.146255,32.81736,29.773483
1230,-14.894320487976074,-652.3117065429688,63.00638961791992,-5.201656596182333,-5.57988292690138,-97.96608863089301,-8.989805,12.883984,18.271757,30.917656,-15.72326,-2.7762258,2.1664174,7.2700076,-4.5707746,12.97402,-10.060224,-2.576795,4.29819,7.6986055,26.415548,-38.507782,60.706787,-5.6836205,-27.164484,32.778397,29.7478
1231,-14.824514389038086,-652.4979858398438,63.055938720703125,-4.947682262753076,-5.522895543672183,-98.04138410735338,-8.610362,12.453216,18.492092,30.31122,-15.549546,-2.7930496,2.268394,6.9154515,-4.5098076,12.979984,-10.173905,-2.5022676,3.9802911,7.1918354,26.418736,-38.380394,60.52653,-5.579165,-27.1808,32.741383,29.80777
1232,-14.753935813903809,-652.6912841796875,63.110958099365234,-4.661478178005787,-5.4525815944675715,-98.13436829710999,-8.202983,11.971166,18.732447,29.588026,-15.318158,-2.788015,2.3543816,6.524701,-4.4330163,12.972465,-10.269933,-2.4201033,3.7057292,6.652657,26.422853,-38.244778,60.338127,-5.4641314,-27.19532,32.709045,29.965115
1233,-14.676366806030273,-652.879638671875,63.174598693847656,-4.324073460476741,-5.3649085697434105,-98.24963643554501,-7.7563,11.411603,19.001736,28.711668,-15.010576,-2.7526865,2.4202516,6.077523,-4.3380146,12.9528,-10.347617,-2.325842,3.4698105,6.0851636,26.42787,-38.10639,60.13856,-5.3512383,-27.208258,32.684296,30.244965
1234,-14.59679126739502,-653.0679931640625,63.25544738769531,-3.8916779222906968,-5.2091910405473785,-98.48655952056312,-7.2530212,10.730471,19.41387,27.598715,-14.593631,-2.704416,2.389886,5.5296383,-4.1360292,12.970295,-10.425091,-2.2220123,3.282233,5.413091,26.433474,-37.86248,59.938526,-5.2617006,-27.233381,32.685055,30.613821
1235,-14.516918182373047,-653.244140625,63.338775634765625,-3.4872012682423588,-5.077352680796116,-98.67268234542685,-6.744841,10.058551,19.766476,26.498186,-14.179762,-2.6599598,2.391785,5.009994,-3.9816692,12.969207,-10.490307,-2.1194785,3.1346984,4.815776,26.438953,-37.62801,59.69456,-5.170864,-27.252394,32.70977,31.087427
1236,-14.43053150177002,-653.413330078125,63.415855407714844,-3.1042313433406847,-4.947665599309083,-98.84482492473727,-6.2317705,9.396406,20.098215,25.37799,-13.755776,-2.6273508,2.3955076,4.5135536,-3.8397396,12.966042,-10.5535345,-2.0209386,3.0364194,4.2181063,26.442926,-37.343575,59.42449,-5.037451,-27.264286,32.739655,31.593523
1237,-14.354742050170898,-653.582275390625,63.48866653442383,-2.735489222640604,-4.7892389987597115,-99.04812721440803,-5.736239,8.754281,20.45252,24.234852,-13.330872,-2.5942678,2.3648713,4.0348735,-3.6666892,12.9691515,-10.615533,-1.9254514,2.8916414,3.7347634,26.441313,-36.722214,59.071667,-4.8740683,-27.277567,32.856647,32.062363
1238,-14.280780792236328,-653.7646484375,63.558048248291016,-2.3761466868147165,-4.637528136973132,-99.20837527221215,-5.242368,8.110483,20.757746,23.061977,-12.892632,-2.548127,2.3447015,3.564092,-3.5353823,12.969355,-10.677425,-1.8310076,2.4857123,3.5107028,26.441013,-35.619312,58.6025,-4.790474,-27.282818,33.29812,32.56358
1239,-14.210457801818848,-653.9404907226562,63.623268127441406,-2.0295437279978996,-4.489241643895855,-99.37102926223587,-4.744928,7.4758263,21.057026,21.866962,-12.442031,-2.5099413,2.3232172,3.1073666,-3.4024856,12.970726,-10.737186,-1.7403897,2.0776088,3.3150811,26.448164,-34.443478,58.09633,-4.790508,-27.247444,33.888454,33.179523
1240,-14.130390167236328,-654.0968627929688,63.68114471435547,-1.7073172272506165,-4.349635461695848,-99.54333573886994,-4.2448063,6.8650436,21.3539,20.676664,-11.987673,-2.5008261,2.302621,2.6797488,-3.2611358,12.973656,-10.796735,-1.6562865,1.912729,2.9610398,26.449558,-33.56078,57.615482,-4.643268,-27.218376,34.268997,33.78575
1241,-14.05675220489502,-654.2463989257812,63.7359504699707,-1.4040429877916596,-4.215179300035362,-99.73751599115654,-3.7361479,6.268254,21.659992,19.476448,-11.519297,-2.534923,2.2758212,2.2759273,-3.100948,12.982849,-10.854639,-1.5831176,1.8078513,2.6201727,26.452646,-32.661186,57.075893,-4.463421,-27.194859,34.703976,34.386917
1242,-13.988076210021973,-654.4027099609375,63.788352966308594,-1.1169270054864053,-4.083753117641612,-99.94704155665524,-3.2255826,5.6881814,21.96861,18.261967,-11.042575,-2.5902872,2.2413967,1.890887,-2.927499,12.999001,-10.9120245,-1.5178823,1.7461536,2.3070323,26.456293,-31.714178,56.476585,-4.2591944,-27.17316,35.196396,34.99846
1243,-13.924534797668457,-654.552490234375,63.835304260253906,-0.8427715235480923,-3.9568043040078784,-100.15043997296567,-2.7205436,5.1278186,22.25917,17.046942,-10.565828,-2.640378,2.207464,1.5216652,-2.7593856,13.020744,-10.978022,-1.4516706,1.6843755,2.007181,26.464554,-30.766483,55.855618,-4.0693226,-27.154251,35.776077,35.62869
1244,-13.85933780670166,-654.701904296875,63.875953674316406,-0.5787335570761357,-3.837568292869767,-100.3278427862318,-2.222168,4.5810957,22.514112,15.838685,-10.094312,-2.6680775,2.1818945,1.161975,-2.6139216,13.048143,-11.062849,-1.3762224,1.6191592,1.676556,26.479052,-29.918816,55.25983,-3.9058278,-27.144745,36.420776,36.281128
1245,-13.796998977661133,-654.8460693359375,63.90903091430664,-0.33040182977195315,-3.7236076277140793,-100.47742378195993,-1.7250413,4.041923,22.735888,14.632511,-9.618893,-2.676046,2.171365,0.8175009,-2.4926355,13.05998,-11.156577,-1.2912457,1.6965786,1.1697441,26.495184,-29.399946,54.7419,-3.6640043,-27.151794,36.94091,36.929436
1246,-13.73308277130127,-654.9966430664062,63.93678665161133,-0.10342533142394994,-3.616884436416374,-100.60064778377925,-1.2303636,3.51214,22.923977,13.437272,-9.142101,-2.6835027,2.1672676,0.4925717,-2.39493,13.075288,-11.265642,-1.2011553,1.9243596,0.56569666,26.51316,-29.142767,54.230133,-3.3338342,-27.160116,37.308723,37.582684
1247,-13.675867080688477,-655.1347045898438,63.95954895019531,0.14196896788262234,-3.5063101491237796,-100.71998424790759,-0.69994134,2.939201,23.098288,12.133456,-8.602754,-2.7002256,2.1305923,0.14906967,-2.2978225,13.164913,-11.430432,-1.1013001,1.3609744,0.5216774,26.580109,-27.857643,53.564587,-3.6045165,-27.162443,38.871334,38.353596
1248,-13.62586784362793,-655.2706909179688,63.97262954711914,0.3118361247931226,-3.4402727936631567,-100.78255625144729,-0.23851384,2.4931386,23.189476,11.081049,-8.203365,-2.7454402,2.1654985,-0.11309168,-2.2488256,13.188671,-11.566861,-0.99692136,1.623275,-0.1273527,26.600548,-27.775146,53.1394,-3.1829302,-27.169752,39.163834,38.981365
1249,-13.571502685546875,-655.4059448242188,63.96299743652344,0.4293061479642536,-3.398762340799368,-100.8424561993557,0.101889245,2.176901,23.243664,10.403004,-8.032196,-2.8373153,2.2025182,-0.32343578,-2.1919646,13.263299,-11.745822,-0.8784081,1.7900269,-0.8038547,26.631363,-27.664536,52.83229,-2.8110619,-27.184328,39.643303,39.57896
1250,-13.515740394592285,-655.5396118164062,63.94010925292969,0.5150660711286653,-3.382220383799269,-100.8923232191499,0.32322592,1.9618078,23.261944,10.092353,-8.076477,-2.9737322,2.2267475,-0.5011904,-2.1368299,13.424941,-11.988216,-0.7498169,1.0999253,-1.1108989,26.738705,-26.653889,52.598225,-3.0940588,-27.201822,41.499683,40.281265
1251,-13.464800834655762,-655.6717529296875,63.918582916259766,0.5646530503073727,-3.3719513846403406,-100.88829873030983,0.48028296,1.8109905,23.22146,9.931013,-8.18894,-3.123972,2.2911713,-0.6329206,-2.1311214,13.50591,-12.189563,-0.6223457,1.329413,-1.664806,26.759995,-26.631971,52.240673,-2.6113212,-27.206095,41.754616,40.82997
1252,-13.419757843017578,-655.798095703125,63.896995544433594,0.6232118453765103,-3.373496946563162,-100.87216481420711,0.6394824,1.6502427,23.180346,9.771076,-8.277407,-3.246972,2.3561068,-0.77000135,-2.138985,13.602962,-12.392274,-0.49650675,1.3346834,-2.4270175,26.8127,-26.60455,52.146957,-2.2325833,-27.220236,42.40088,41.422455
1253,-13.37984848022461,-655.9100341796875,63.874107360839844,0.6803914277440424,-3.3811592580791467,-100.81269500216008,0.78812766,1.4957664,23.11098,9.619563,-8.343897,-3.331731,2.4188254,-0.9036772,-2.1905591,13.719146,-12.604496,-0.36607185,0.4997328,-2.7810776,26.96857,-25.757307,52.066452,-2.5698051,-27.207155,44.31435,42.213894
1254,-13.337603569030762,-656.0155029296875,63.85292434692383,0.7205554286772906,-3.374126121471221,-100.76800555116658,0.9131176,1.3750014,23.062391,9.491679,-8.4134,-3.3959444,2.4663422,-1.0143487,-2.2251601,13.821416,-12.804184,-0.2310769,0.63934094,-3.2518404,26.993286,-25.754438,51.7439,-2.10837,-27.207573,44.553497,42.810368
1255,-13.30299186706543,-656.115966796875,63.83557891845703,0.7559350928824432,-3.376017173041876,-100.64326357836902,1.0149335,1.2670566,22.937628,9.391313,-8.472328,-3.4279983,2.526456,-1.1170071,-2.3405058,13.927393,-13.005741,-0.10453959,0.5115721,-3.951738,27.055302,-25.784874,51.700962,-1.7333881,-27.209656,45.12777,43.452087
1256,-13.272869110107422,-656.1995239257812,63.823787689208984,0.785431125302883,-3.3344617087582806,-100.50912390711478,1.0644318,1.170915,22.811838,9.29514,-8.515807,-3.4321506,2.562969,-1.2022102,-2.4659686,13.974213,-13.155462,-0.0033364838,0.3244091,-4.591286,27.118752,-25.762402,51.66797,-1.451651,-27.20565,45.671722,44.123318
1257,-13.249371528625488,-656.280517578125,63.81871032714844,0.8171051621584143,-3.23880407533956,-100.3372697671441,1.0487622,1.072915,22.65882,9.19145,-8.530768,-3.3921232,2.567025,-1.2762474,-2.6291037,13.9694605,-13.26017,0.068063416,0.056256745,-5.202639,27.181993,-25.675022,51.651913,-1.2156584,-27.193062,46.131725,44.820896
1258,-13.231527328491211,-656.3447875976562,63.81809616088867,0.8475984275411372,-3.1002978710754583,-100.12621749538303,0.9765201,0.98006946,22.475485,9.088349,-8.52388,-3.3117828,2.5425994,-1.3387653,-2.8311067,13.931339,-13.334478,0.11869173,-0.27471137,-5.7831287,27.245337,-25.54048,51.642544,-1.0051594,-27.172094,46.498646,45.53767
1259,-13.218134880065918,-656.4039916992188,63.82096862792969,0.874523406531769,-2.9337200934297205,-99.91024709247255,0.8737702,0.89353836,22.291384,8.9776325,-8.500563,-3.2197616,2.496448,-1.3919396,-3.0401933,13.869594,-13.383064,0.15485117,-0.61317134,-6.3223267,27.308779,-25.378145,51.634155,-0.80138427,-27.144094,46.782917,46.26754
1260,-13.205713272094727,-656.4517211914062,63.82537078857422,0.8944533160612936,-2.7531833267552117,-99.7287002669301,0.7696363,0.81451327,22.140339,8.850753,-8.469788,-3.1458735,2.4318035,-1.4366843,-3.2197843,13.803214,-13.416678,0.18293127,-0.9098803,-6.8163886,27.372185,-25.206003,51.63094,-0.58320147,-27.110651,47.005775,46.994564
1261,-13.187832832336426,-656.506591796875,63.83091735839844,0.8966076637339528,-2.521053466803954,-99.55850077019963,0.62413025,0.754248,22.002117,8.707982,-8.430313,-3.1001208,2.3303497,-1.4603462,-3.393585,13.695778,-13.416924,0.19512586,-1.3250399,-7.207145,27.502882,-24.833542,51.608494,-0.49621797,-27.02757,47.36403,47.784115
1262,-13.16956615447998,-656.556884765625,63.83804702758789,0.9032017447452172,-2.2964614262013483,-99.46054650164905,0.51493305,0.6836818,21.937962,8.50905,-8.358356,-3.0678978,2.203741,-1.4868951,-3.4995484,13.628279,-13.41699,0.19168094,-1.5904377,-7.479587,27.621902,-24.490166,51.5235,-0.34355578,-26.94123,47.556526,48.599693
1263,-13.154956817626953,-656.60107421875,63.8475341796875,0.9061765503403338,-2.0690082728443233,-99.4009746414368,0.40749454,0.61821747,21.90855,8.31173,-8.2876,-3.04257,2.0717058,-1.508912,-3.570129,13.550368,-13.400366,0.18744317,-1.7686335,-7.7579045,27.725288,-24.223742,51.467274,-0.14438084,-26.861118,47.637203,49.38711
1264,-13.138998031616211,-656.6320190429688,63.8570671081543,0.910380892830249,-1.8547064071404837,-99.38786392755361,0.31466585,0.55425894,21.916548,8.133271,-8.233022,-3.0143704,1.9495397,-1.5343138,-3.595423,13.465607,-13.373792,0.1982579,-1.8771429,-7.985705,27.822863,-24.009672,51.393036,0.06295751,-26.783562,47.6819,50.139824
1265,-13.121610641479492,-656.6948852539062,63.86625671386719,0.917089655311923,-1.6491908565779818,-99.4271676734901,0.23283161,0.49264744,21.964727,7.9773746,-8.197986,-2.978365,1.8324752,-1.5634382,-3.569435,13.377657,-13.338368,0.23007141,-1.9246258,-8.183944,27.897825,-23.847462,51.33289,0.27710697,-26.719852,47.685017,50.85535
1266,-13.096651077270508,-656.7450561523438,63.87398147583008,0.9243853719366577,-1.4469422169321937,-99.51277362756562,0.16125281,0.4319902,22.050554,7.825275,-8.169222,-2.9387286,1.7137288,-1.5941346,-3.4990902,13.286602,-13.291864,0.2740068,-1.9190143,-8.358367,27.948143,-23.723337,51.29637,0.49802774,-26.669115,47.64545,51.542213
1267,-13.077881813049316,-656.7943725585938,63.879913330078125,0.9328792024223854,-1.262539357227726,-99.63505931736684,0.10724514,0.37129667,22.168497,7.6877055,-8.152747,-2.900596,1.6031735,-1.6295606,-3.3931713,13.204392,-13.247088,0.32407776,-1.8730919,-8.5118065,27.975756,-23.641819,51.280167,0.728931,-26.635275,47.622208,52.168396
1268,-13.057292938232422,-656.8479614257812,63.88314437866211,0.9469798215525401,-1.109800928347112,-99.7846316870184,0.080717586,0.30695176,22.312958,7.566292,-8.149237,-2.868937,1.5061253,-1.673767,-3.2603972,13.150315,-13.2202215,0.37389472,-1.805597,-8.6082,28.000082,-23.5805,51.24523,0.95660967,-26.609522,47.689194,52.719265
1269,-13.026610374450684,-656.89892578125,63.884552001953125,0.9650783527374771,-0.9951408162915936,-99.97604658109869,0.08874312,0.23709466,22.500322,7.467321,-8.165327,-2.8465798,1.4246743,-1.7297337,-3.0874903,13.129125,-13.212879,0.42319456,-1.6965307,-8.645398,28.016748,-23.54806,51.186253,1.2028456,-26.597054,47.85713,53.179398
1270,-13.00071907043457,-656.9608764648438,63.88278579711914,0.9909013296106356,-0.9131345904393108,-100.1613364788108,0.11788658,0.16323952,22.680656,7.39419,-8.195966,-2.8282835,1.3677496,-1.794372,-2.9227397,13.126156,-13.220714,0.4750971,-1.5221646,-8.608807,28.020523,-23.583475,51.06374,1.5275128,-26.59682,47.966446,53.54913
1271,-12.9793119430542,-657.0216674804688,63.8802604675293,1.0172235663183067,-0.8428110127278615,-100.39151558696723,0.16126464,0.089589104,22.90234,7.3304505,-8.238071,-2.8160691,1.30908,-1.8626548,-2.7118437,13.137817,-13.236168,0.52831626,-1.319469,-8.546758,28.025768,-23.637669,50.94947,1.8205454,-26.59906,48.14545,53.858837
1272,-12.960328102111816,-657.0753784179688,63.87644577026367,1.0438119580615517,-0.7868260299198936,-100.61277259540415,0.21152014,0.019115066,23.108566,7.2757025,-8.282737,-2.8055012,1.2611564,-1.9300921,-2.5062454,13.158158,-13.261996,0.5818322,-1.1448258,-8.458715,28.03153,-23.700815,50.856426,2.0620651,-26.604536,48.375042,54.119953
1273,-12.939791679382324,-657.134521484375,63.87178421020508,1.0693397983592408,-0.7491658284688583,-100.8127685817317,0.26637807,-0.04687839,23.281332,7.236667,-8.331178,-2.796551,1.2337432,-1.9963558,-2.3177326,13.17617,-13.295164,0.6351017,-1.0024512,-8.338595,28.037827,-23.776484,50.769253,2.2594142,-26.614626,48.65881,54.316235
1274,-12.915696144104004,-657.1931762695312,63.8664665222168,1.096622374605333,-0.731485685766099,-101.00142400740775,0.33028278,-0.11039336,23.433811,7.2156076,-8.387377,-2.7915096,1.2273179,-2.063201,-2.1379254,13.193647,-13.3352165,0.6886843,-0.87736464,-8.17643,28.04431,-23.866291,50.677742,2.4238746,-26.630264,48.998993,54.44937
1275,-12.897114753723145,-657.2509155273438,63.859893798828125,1.1261636530675858,-0.7234650101562539,-101.17293311636729,0.39801997,-0.17322077,23.570915,7.198995,-8.442109,-2.7881448,1.2315434,-2.1292007,-1.973132,13.2119,-13.379561,0.7431278,-0.7971622,-7.9904294,28.050146,-23.958357,50.62057,2.545084,-26.650517,49.368073,54.542263
1276,-12.87939739227295,-657.3028564453125,63.85370635986328,1.151390322797324,-0.7043963416123333,-101.25739846784559,0.43450445,-0.22827296,23.633644,7.201769,-8.496785,-2.7809117,1.2497549,-2.188452,-1.8943317,13.201332,-13.417617,0.79881483,-0.7863693,-7.7959757,28.052355,-24.024223,50.597015,2.6597736,-26.662983,49.57802,54.608707
1277,-12.865545272827148,-657.3554077148438,63.846988677978516,1.177883556589783,-0.6836950267683759,-101.35232301105685,0.47893023,-0.28428805,23.723204,7.1872325,-8.543601,-2.7742403,1.2619084,-2.2461154,-1.8037052,13.193485,-13.45276,0.86212504,-0.8065205,-7.5676436,28.054493,-24.103846,50.614815,2.7286222,-26.678316,49.80448,54.65036
1278,-12.858383178710938,-657.408203125,63.84104537963867,1.2057539594605475,-0.6632221511693869,-101.44004090997718,0.5223719,-0.3367343,23.816034,7.1731086,-8.589908,-2.7676985,1.2794603,-2.3009439,-1.718647,13.173289,-13.480987,0.9305687,-0.8622941,-7.3265686,28.05612,-24.189064,50.68087,2.7485042,-26.696077,50.03274,54.66133
1279,-12.850568771362305,-657.4544067382812,63.836639404296875,1.2289720267161057,-0.6425397967358302,-101.51601846128305,0.5607972,-0.38339826,23.901009,7.1634455,-8.635211,-2.757126,1.296984,-2.3499007,-1.6427507,13.152441,-13.508867,0.99169856,-0.9600698,-7.076081,28.056276,-24.272652,50.80519,2.7223837,-26.715431,50.247097,54.659603
1280,-12.839672088623047,-657.500732421875,63.833160400390625,1.2461216263116959,-0.6203539933795735,-101.58120509965433,0.5889025,-0.4204242,23.972198,7.167895,-8.68328,-2.7396305,1.3123183,-2.3898134,-1.5742536,13.135389,-13.539122,1.0333601,-1.0977665,-6.8143826,28.053598,-24.346718,50.992832,2.654914,-26.735552,50.431175,54.66165
1281,-12.83149528503418,-657.5478515625,63.831275939941406,1.258982779682497,-0.5951331796545399,-101.63442087983599,0.6018483,-0.44529504,24.028406,7.193514,-8.736208,-2.7092633,1.325267,-2.4184806,-1.5116465,13.11771,-13.569748,1.0465912,-1.2756131,-6.5369186,28.046741,-24.4063,51.247307,2.5445588,-26.756063,50.5715,54.66851
1282,-12.82663345336914,-657.5880737304688,63.83205032348633,1.2664818685521522,-0.5662541594621721,-101.67432932131905,0.6012533,-0.4606948,24.071016,7.232505,-8.790076,-2.6689386,1.3371152,-2.4379394,-1.4576807,13.094353,-13.597481,1.0397705,-1.4906743,-6.2406254,28.035276,-24.45121,51.557747,2.3971305,-26.775848,50.66125,54.66871
1283,-12.826533317565918,-657.628173828125,63.831050872802734,1.2693633051751416,-0.5342234741673829,-101.7050596702877,0.5931196,-0.47017273,24.103157,7.277257,-8.845818,-2.6299388,1.3452808,-2.451498,-1.4124496,13.075134,-13.626966,1.0267038,-1.7283976,-5.92216,28.018581,-24.48251,51.90406,2.2247798,-26.79496,50.69796,54.668713
1284,-12.82472038269043,-657.6748046875,63.82912826538086,1.2795462604304602,-0.4839183216635956,-101.75707924915461,0.588569,-0.494356,24.15478,7.2760525,-8.881916,-2.603631,1.3277966,-2.4723473,-1.348768,13.070867,-13.660655,1.0219688,-1.9622761,-5.582527,27.915125,-24.504375,52.29246,2.0374656,-26.880234,50.67314,54.633892
1285,-12.82049560546875,-657.7145385742188,63.827030181884766,1.2814134048648775,-0.45084875212439535,-101.79623583419396,0.59182674,-0.5105933,24.187506,7.288645,-8.927052,-2.594519,1.3317279,-2.4876475,-1.3039136,13.058426,-13.6850195,1.0275817,-2.0802824,-5.483705,27.757639,-24.738739,52.905807,2.0289528,-26.974995,50.33533,54.50243
1286,-12.814188003540039,-657.7609252929688,63.826377868652344,1.2771759586656266,-0.41182238793981485,-101.83428870963282,0.58676445,-0.518702,24.215628,7.3061285,-8.977052,-2.5979068,1.337865,-2.4948032,-1.2627884,13.028811,-13.696502,1.0359024,-2.189709,-5.203879,27.673811,-24.914972,53.366585,1.9331328,-26.994686,49.94053,54.49032
1287,-12.813403129577637,-657.806640625,63.82722854614258,1.2710342498339335,-0.3692786671489872,-101.87556774077811,0.5770927,-0.52216434,24.248907,7.327143,-9.029776,-2.6056108,1.340602,-2.4981532,-1.2203863,12.995725,-13.702753,1.0461735,-2.2917137,-4.894692,27.592094,-25.08319,53.82509,1.8269182,-27.005764,49.504498,54.484222
1288,-12.815512657165527,-657.8463745117188,63.82820129394531,1.2611490195739088,-0.3210062578724539,-101.91970807827296,0.5605765,-0.5192649,24.292925,7.3554296,-9.087108,-2.609745,1.3397408,-2.497557,-1.1763524,12.954988,-13.703767,1.0574062,-2.3777993,-4.575775,27.50646,-25.252253,54.27666,1.7235845,-27.014977,49.055214,54.46778
1289,-12.819279670715332,-657.886474609375,63.828189849853516,1.2499996745708215,-0.26534314632967876,-101.96115174524697,0.5351482,-0.50715834,24.34723,7.39148,-9.147677,-2.6071846,1.3323188,-2.4914858,-1.1362233,12.910529,-13.701442,1.0686896,-2.4530468,-4.2451234,27.414902,-25.420666,54.727703,1.6351401,-27.02202,48.574043,54.43151
1290,-12.825300216674805,-657.9198608398438,63.82710266113281,1.2369463835720227,-0.20371104136622273,-102.00163888311434,0.5018375,-0.48749134,24.40957,7.4357586,-9.212861,-2.6025057,1.321925,-2.4804175,-1.0985507,12.858148,-13.693262,1.0808222,-2.517546,-3.9016411,27.317747,-25.591675,55.18346,1.5557024,-27.026432,48.050602,54.38161
1291,-12.827563285827637,-657.9537353515625,63.82594299316406,1.221244741997157,-0.13933245087680188,-102.05282928338471,0.4665115,-0.46625477,24.482737,7.4818726,-9.280289,-2.5990038,1.3047357,-2.4689372,-1.0512108,12.808886,-13.684591,1.0946534,-2.555857,-3.5394285,27.218187,-25.760487,55.615967,1.4692185,-27.02986,47.52806,54.331623
1292,-12.827231407165527,-657.981201171875,63.825679779052734,1.2063223864038641,-0.07515679162086387,-102.1258750450032,0.4358129,-0.4481789,24.569576,7.5217857,-9.346594,-2.5997608,1.2888815,-2.4597917,-0.9830378,12.7459955,-13.665285,1.1110817,-2.558264,-3.15627,27.120073,-25.920368,56.00263,1.3627865,-27.03361,47.049286,54.290295
1293,-12.828423500061035,-658.0219116210938,63.8247184753418,1.1897687282858547,-0.009539913680203758,-102.22733180581857,0.40866384,-0.43546993,24.672674,7.5551176,-9.412296,-2.6062486,1.2639014,-2.4556596,-0.8879014,12.688312,-13.645868,1.1310396,-2.5202813,-2.7502007,27.023386,-26.071512,56.341194,1.2241564,-27.038115,46.62557,54.267506
1294,-12.826016426086426,-658.0499877929688,63.8244514465332,1.174026917469146,0.05810052910478964,-102.34986897988841,0.383432,-0.42434058,24.78994,7.5853653,-9.479009,-2.6165059,1.2350343,-2.4535236,-0.77312845,12.624651,-13.619694,1.1537625,-2.4499435,-2.320551,26.926805,-26.213158,56.642082,1.0660639,-27.04238,46.23207,54.254135
1295,-12.820643424987793,-658.0848388671875,63.82414245605469,1.1567899063384173,0.1237239407953844,-102.48476163207782,0.3612229,-0.41340116,24.91696,7.615677,-9.54702,-2.6286557,1.2058982,-2.4524012,-0.6460163,12.560172,-13.5921,1.1779568,-2.3512475,-1.8728348,26.832075,-26.34676,56.901196,0.8938217,-27.04709,45.87472,54.246178
1296,-12.817244529724121,-658.1190795898438,63.822906494140625,1.1396276383585324,0.18297542910767386,-102.62330604115294,0.34373972,-0.40103653,25.049162,7.6513395,-9.6186695,-2.6407995,1.1814523,-2.4504411,-0.51396394,12.496562,-13.564842,1.2018737,-2.228984,-1.4090142,26.741056,-26.46971,57.11306,0.7178654,-27.05225,45.5555,54.235504
1297,-12.813587188720703,-658.1470336914062,63.82050323486328,1.1238967631068701,0.23755083123690215,-102.76919880927224,0.3296214,-0.38665232,25.191631,7.6935477,-9.694815,-2.652743,1.1603755,-2.4475524,-0.3728334,12.4323015,-13.536994,1.2278734,-2.0774846,-0.92501247,26.653593,-26.573166,57.271805,0.53282326,-27.058666,45.28842,54.226955
1298,-12.811101913452148,-658.1812744140625,63.8176155090332,1.1069067011018687,0.2883005540352626,-102.92525422328968,0.31936523,-0.37191674,25.344635,7.7392526,-9.774309,-2.6654787,1.1413001,-2.4449918,-0.22074881,12.368091,-13.508814,1.2560642,-1.8974884,-0.42354047,26.569057,-26.662062,57.38434,0.33449185,-27.066065,45.070198,54.222694
1299,-12.807380676269531,-658.215087890625,63.81418228149414,1.0919937852224526,0.3307528878611915,-103.08084543083271,0.3153069,-0.35629666,25.497004,7.7882814,-9.854765,-2.6792536,1.1266803,-2.4422789,-0.068260886,12.311072,-13.484874,1.2812482,-1.7013551,0.08651335,26.488647,-26.753681,57.463356,0.13724074,-27.073416,44.87138,54.2152
1300,-12.809331893920898,-658.2479248046875,63.810367584228516,1.077261784338015,0.35981938597786706,-103.22561997982518,0.3212163,-0.34033325,25.637264,7.8369603,-9.932122,-2.6937575,1.1246753,-2.4386811,0.073791765,12.257707,-13.464418,1.2981513,-1.5020611,0.5950458,26.413507,-26.8654,57.522274,-0.04429021,-27.07991,44.661667,54.1962
1301,-12.813216209411621,-658.2794799804688,63.80501937866211,1.066415361013033,0.3698823707068731,-103.36066882092271,0.3324571,-0.3205152,25.764677,7.9124093,-10.023697,-2.7087057,1.1254333,-2.4360592,0.20697929,12.24463,-13.470073,1.3035009,-1.29659,1.1055274,26.343306,-27.006681,57.561462,-0.2078603,-27.085953,44.448734,54.167274
1302,-12.818924903869629,-658.3101806640625,63.800724029541016,1.0577760927978876,0.36525420803479125,-103.49028102685222,0.35600314,-0.3010762,25.884413,7.9886804,-10.114499,-2.7238402,1.1376195,-2.4333515,0.3351045,12.239615,-13.481546,1.3006626,-1.0802671,1.6201463,26.277613,-27.16676,57.576756,-0.3585978,-27.091728,44.240925,54.129925
1303,-12.825374603271484,-658.333984375,63.79737091064453,1.0492784958314332,0.3549347556982243,-103.60869889826351,0.3816027,-0.27992532,25.994854,8.066107,-10.20244,-2.7406294,1.1530775,-2.4294603,0.4533289,12.241609,-13.497371,1.2946734,-0.86090136,2.1280844,26.216825,-27.337246,57.5705,-0.5017935,-27.096718,44.017986,54.08395
1304,-12.831127166748047,-658.36474609375,63.794944763183594,1.0403918172949986,0.34880491253676765,-103.71067097533943,0.4050869,-0.25805566,26.09446,8.133571,-10.280392,-2.760588,1.1694958,-2.422935,0.5565066,12.236656,-13.508522,1.2905147,-0.6482443,2.6195047,26.16114,-27.506681,57.546124,-0.63546085,-27.100006,43.752747,54.023777
1305,-12.842522621154785,-658.3894653320312,63.792442321777344,1.0310753601619547,0.34646937228978875,-103.79433675244198,0.42689928,-0.23420538,26.184965,8.189737,-10.346165,-2.7864907,1.1884102,-2.4124773,0.64362967,12.220688,-13.511886,1.2885929,-0.44212106,3.095034,26.111622,-27.67289,57.496063,-0.76287925,-27.10084,43.435818,53.953903
1306,-12.85541820526123,-658.4141235351562,63.790035247802734,1.0218739610025949,0.3438272694743624,-103.86283613541838,0.44767448,-0.20858173,26.266516,8.24187,-10.404556,-2.816478,1.2074271,-2.3996427,0.71763825,12.209372,-13.5174,1.2866327,-0.23523992,3.5533488,26.066917,-27.847399,57.425514,-0.880213,-27.100277,43.077015,53.87359
1307,-12.863758087158203,-658.439208984375,63.788002014160156,1.0116171277843327,0.3444620550358997,-103.91754351009696,0.46432856,-0.18325536,26.335098,8.2888365,-10.457171,-2.8452492,1.2245739,-2.3859506,0.7783856,12.199083,-13.524166,1.2853919,-0.03839169,4.0001545,26.02585,-28.016834,57.343746,-0.99181885,-27.098907,42.700317,53.77933
1308,-12.8757905960083,-658.4645385742188,63.78537368774414,1.001474414121848,0.35310218777524593,-103.95966874404854,0.47229725,-0.15883516,26.386263,8.3294325,-10.504975,-2.86731,1.2438941,-2.371276,0.82530904,12.1680565,-13.519358,1.2854613,0.13457195,4.4378185,25.98772,-28.166817,57.263565,-1.1092231,-27.096891,42.34258,53.66793
1309,-12.879526138305664,-658.4909057617188,63.783233642578125,0.9928003646043603,0.3749652668540502,-103.98800163089939,0.46488318,-0.13619308,26.416353,8.366503,-10.550469,-2.8797147,1.2555598,-2.3571332,0.8572603,12.130411,-13.512817,1.2883421,0.31313798,4.8416624,25.947643,-28.338148,57.198627,-1.2078172,-27.096655,41.951046,53.529804
1310,-12.891218185424805,-658.51171875,63.78177261352539,0.981944548085471,0.4067632942817882,-104.00246770606002,0.44812495,-0.11600262,26.428339,8.39361,-10.589004,-2.885768,1.2645042,-2.3426695,0.874581,12.080696,-13.500294,1.2931861,0.47648853,5.2326202,25.908989,-28.498825,57.132614,-1.3054461,-27.096373,41.553375,53.373173
1311,-12.906387329101562,-658.5321655273438,63.78135681152344,0.9729383163113331,0.4376535943581845,-104.00581681608107,0.42899194,-0.095116474,26.428915,8.421598,-10.625467,-2.8899312,1.2755125,-2.3274813,0.88071483,12.03082,-13.488067,1.2976394,0.623712,5.6107955,25.873873,-28.65216,57.064175,-1.4011021,-27.096094,41.170345,53.20206
1312,-12.919761657714844,-658.5521850585938,63.78047561645508,0.9630998110769319,0.4571238362478815,-104.0010137833316,0.41926578,-0.07297264,26.424557,8.450026,-10.659523,-2.8968208,1.2938166,-2.311098,0.8789549,11.990449,-13.480772,1.2993686,0.7643847,5.9706173,25.843882,-28.8134,56.99181,-1.4951208,-27.096958,40.817608,53.022762
1313,-12.935810089111328,-658.5711059570312,63.77957534790039,0.9554720286865426,0.4593300595378656,-103.98542960515988,0.42402944,-0.05011347,26.413424,8.478884,-10.689781,-2.9062822,1.3219007,-2.2943366,0.86750853,11.969522,-13.483864,1.2975526,0.88802755,6.3164444,25.820456,-28.973148,56.907715,-1.5849144,-27.098915,40.50676,52.83325
1314,-12.950730323791504,-658.5896606445312,63.7797966003418,0.9469862185175809,0.45144391818844415,-103.95898528383782,0.43011972,-0.022274038,26.39343,8.5242195,-10.72704,-2.9169533,1.3577507,-2.2757804,0.84559745,11.954843,-13.489828,1.2934009,0.9929988,6.645826,25.802088,-29.127241,56.818172,-1.6751068,-27.101534,40.233814,52.63173
1315,-12.965641975402832,-658.60791015625,63.77907943725586,0.9395039058885479,0.44043415591157586,-103.92694938276857,0.44066522,0.0053346166,26.37013,8.562346,-10.757756,-2.9294782,1.3971629,-2.2559268,0.8176373,11.939749,-13.496522,1.2880597,1.0974436,6.9526577,25.785496,-29.293297,56.738598,-1.7534626,-27.104961,39.964,52.414944
1316,-12.981341361999512,-658.6263427734375,63.77770233154297,0.9305200574659385,0.4334886864830595,-103.8955503190492,0.44658116,0.035120223,26.349394,8.600163,-10.786844,-2.9452412,1.4335527,-2.2337365,0.7885906,11.921309,-13.503321,1.2824352,1.2179637,7.2254286,25.767584,-29.487766,56.690155,-1.8034973,-27.1097,39.66307,52.175034
