Frame,root_translateX,root_translateY,root_translateZ,root_rotateX,root_rotateY,root_rotateZ,left_hip_pitch_joint_dof,left_hip_roll_joint_dof,left_hip_yaw_joint_dof,left_knee_joint_dof,left_ankle_pitch_joint_dof,left_ankle_roll_joint_dof,right_hip_pitch_joint_dof,right_hip_roll_joint_dof,right_hip_yaw_joint_dof,right_knee_joint_dof,right_ankle_pitch_joint_dof,right_ankle_roll_joint_dof,waist_yaw_joint_dof,left_shoulder_pitch_joint_dof,left_shoulder_roll_joint_dof,left_shoulder_yaw_joint_dof,left_elbow_joint_dof,right_shoulder_pitch_joint_dof,right_shoulder_roll_joint_dof,right_shoulder_yaw_joint_dof,right_elbow_joint_dof
0,0.9112640023231506,1.5596379041671753,62.871978759765625,-3.934263220158036,2.730772776049472,-110.78899192101916,-12.375135,14.73952,27.303411,37.87571,-24.622105,-5.00145,5.311098,2.147517,-9.052018,6.4573445,-18.242756,10.335797,9.933422,8.927794,21.861816,-28.84887,68.295906,-2.6755302,-23.532032,40.468254,43.01612
1,0.976136326789856,1.3337619304656982,62.834835052490234,-4.038324194907169,2.8333805416894235,-110.77087966754767,-12.319627,14.693123,27.307936,37.9708,-25.079012,-4.85165,5.3673577,2.1163387,-9.01941,6.4739223,-18.158104,10.10833,9.685099,9.783747,22.599657,-28.898857,67.93595,-2.5868196,-24.05907,40.561264,42.49745
2,1.0568604469299316,1.0977762937545776,62.80255889892578,-4.133652155052089,2.9033596510935724,-110.74786599573486,-12.233005,14.637692,27.312223,38.06365,-25.532162,-4.7013893,5.4532533,2.0774293,-8.991531,6.4937086,-18.078514,9.903215,9.478889,10.784301,23.130508,-28.851288,67.57785,-2.3972437,-24.477604,40.441486,41.998226
3,1.1320888996124268,0.8519569635391235,62.76642608642578,-4.2145381214713415,2.9634208660521835,-110.71778014313256,-12.127101,14.557014,27.309736,38.1269,-25.97088,-4.548254,5.5503488,2.0237734,-8.970835,6.51389,-17.984373,9.65783,9.296902,11.756787,23.528181,-28.77632,67.25851,-2.1707149,-24.81863,40.19593,41.56439
4,1.2180479764938354,0.6014863848686218,62.73664855957031,-4.274842698707579,3.028983902167899,-110.67261776692708,-12.007903,14.431303,27.288218,38.132668,-26.383305,-4.3883214,5.6463037,1.9487766,-8.966057,6.536545,-17.859085,9.31072,9.116987,12.643026,23.834335,-28.720745,66.92898,-1.9469744,-25.10273,39.889435,41.218327
5,1.3060026168823242,0.34823882579803467,62.71526336669922,-4.3353489342748075,3.1061110958203177,-110.6054884190921,-11.880387,14.276299,27.232407,38.074425,-26.773163,-4.2125516,5.73436,1.8770678,-8.973912,6.5634294,-17.699104,8.79331,8.915698,13.428653,24.07529,-28.718348,66.6098,-1.757406,-25.344366,39.575348,40.958614
6,1.3952006101608276,0.08275804668664932,62.69896697998047,-4.400785521385211,3.192870795611929,-110.51977389494704,-11.74206,14.100055,27.149801,37.954956,-27.138674,-4.0252714,5.8162804,1.8150218,-8.993747,6.593277,-17.51221,8.1574955,8.694113,14.109455,24.268208,-28.778194,66.322464,-1.610328,-25.553108,39.27845,40.770126
7,1.4953107833862305,-0.18902477622032166,62.69121170043945,-4.437945371410336,3.2891093397159232,-110.42030585540635,-11.581717,13.865954,27.063492,37.75252,-27.455294,-3.8414466,5.895733,1.723534,-9.040961,6.624136,-17.300344,7.521703,8.466988,14.678979,24.42434,-28.885962,65.9998,-1.4929621,-25.734919,38.993584,40.651108
8,1.6027486324310303,-0.45897331833839417,62.67085266113281,-4.375936051266032,3.3910453783710137,-110.31912986340551,-11.414162,13.52457,27.002056,37.525925,-27.740244,-3.6823626,5.937023,1.5170292,-9.131244,6.755343,-17.127123,6.9997797,8.265267,15.171483,24.550373,-29.017628,65.52736,-1.3986921,-25.894205,38.69897,40.634308
9,1.7031352519989014,-0.7341676354408264,62.64445114135742,-4.195374173387006,3.5017360828991024,-110.22421407527898,-11.222678,13.046559,26.988256,37.237938,-27.97248,-3.5477803,5.3045497,1.0534288,-9.289774,8.567709,-17.982676,6.607355,8.086394,15.629928,24.65182,-29.154747,64.82442,-1.3217528,-26.034006,38.367737,40.707043
10,1.8203195333480835,-1.0123622417449951,62.613426208496094,-3.923545826273109,3.6217015747638373,-110.1283435617618,-11.003592,12.451626,27.006247,36.872005,-28.150179,-3.4276245,4.605581,0.46644747,-9.484419,10.538414,-18.949646,6.2749877,7.9222,16.071075,24.734388,-29.293581,63.91628,-1.2577052,-26.157774,37.995262,40.854744
11,1.946223497390747,-1.290610671043396,62.57931137084961,-3.582658225681017,3.749946648383016,-110.02432542765573,-10.769276,11.766528,27.033022,36.44387,-28.279034,-3.3239677,3.8464835,-0.22242479,-9.696585,12.650768,-19.92138,6.0233207,7.79485,16.47183,24.802814,-29.432213,62.86956,-1.2060169,-26.2694,37.59727,41.093815
12,2.079145669937134,-1.573203682899475,62.54166793823242,-3.1936186149922805,3.8862428503375153,-109.90648660709694,-10.534583,11.018559,27.047369,35.975277,-28.368862,-3.2388165,3.0180833,-0.9935439,-9.910274,14.928285,-20.812704,5.8751945,7.7256427,16.801067,24.860489,-29.569302,61.759735,-1.1765043,-26.373009,37.203568,41.449436
13,2.2151906490325928,-1.884873628616333,62.4971809387207,-2.745069988337985,4.036224955914611,-109.7809887314328,-10.309999,10.197593,27.055984,35.482197,-28.423311,-3.1789494,2.1132438,-1.866957,-10.15937,17.395489,-21.704416,5.839692,7.742015,17.050373,24.908804,-29.695509,60.57319,-1.1914253,-26.472986,36.83749,41.955704
14,2.3512866497039795,-2.1582138538360596,62.447208404541016,-2.2357875585981684,4.1986066050918165,-109.6471300389869,-10.080554,9.295255,27.06685,34.937206,-28.431244,-3.1398654,1.1450534,-2.8443928,-10.443593,20.021486,-22.601145,5.8988614,7.81673,17.238846,24.948296,-29.80274,59.28486,-1.259254,-26.570936,36.50751,42.59574
15,2.501624345779419,-2.4206831455230713,62.40185546875,-1.703120152998584,4.361572039024786,-109.48970891505425,-9.852597,8.362744,27.054329,34.371723,-28.417324,-3.1111293,0.08688297,-3.8808181,-10.695451,22.867674,-23.369669,6.0325894,7.8835344,17.368153,24.981482,-29.892553,57.96183,-1.3572166,-26.668074,36.220337,43.30653
16,2.644409418106079,-2.6868109703063965,62.36453628540039,-1.1870891290431307,4.511245379371701,-109.2949607670412,-9.615727,7.445459,26.994993,33.78242,-28.387611,-3.0810442,-1.0500917,-4.918832,-10.844647,25.901539,-23.822313,6.2195897,7.878146,17.420238,25.011189,-29.972015,56.688995,-1.4503117,-26.762817,35.980705,44.015144
17,2.775839328765869,-2.9595866203308105,62.3270378112793,-0.697045586804097,4.6436175957471715,-109.05683563709938,-9.380733,6.559421,26.875095,33.198082,-28.354908,-3.052042,-2.268171,-5.9554796,-10.875384,29.163141,-23.930847,6.539288,7.78137,17.367435,25.040377,-30.043562,55.496536,-1.5183958,-26.856424,35.787853,44.689117
18,2.91198468208313,-3.2341129779815674,62.29135513305664,-0.2212701184646525,4.764213742447987,-108.78294467396428,-9.141399,5.685264,26.706501,32.59917,-28.306103,-3.0274508,-3.5534809,-7.0031123,-10.822126,32.608162,-23.762846,6.9612565,7.6229024,17.205944,25.069262,-30.101353,54.355732,-1.5609806,-26.947739,35.639446,45.344925
19,3.0413079261779785,-3.497149705886841,62.25175094604492,0.2340250732089495,4.873333606516589,-108.48117726810268,-8.890046,4.836194,26.502958,31.9854,-28.24521,-3.0084686,-4.908466,-8.032096,-10.690928,36.17309,-23.319653,7.303969,7.4170094,16.95162,25.098295,-30.144089,53.264355,-1.5847476,-27.037086,35.536865,45.998615
20,3.169037342071533,-3.763519287109375,62.217891693115234,0.662138984481432,4.971291783557927,-108.16076134596793,-8.619193,4.022831,26.274157,31.351435,-28.178131,-2.9882572,-6.332234,-9.008837,-10.490947,39.78788,-22.598587,7.390892,7.1767926,16.618755,25.128666,-30.172916,52.222595,-1.5952135,-27.127092,35.48441,46.66382
21,3.2870850563049316,-4.03339147567749,62.190067291259766,1.0644193280752678,5.058104815328692,-107.81286294304005,-8.331502,3.2427764,25.996565,30.689575,-28.10154,-2.976519,-7.813024,-9.949849,-10.236966,43.455315,-21.420534,7.4173436,6.9062295,16.200254,25.160244,-30.187057,51.22845,-1.6023391,-27.215038,35.489037,47.36882
22,3.3899898529052734,-4.301115989685059,62.16785430908203,1.4443821605034335,5.133749756494207,-107.43502323293674,-8.03047,2.4918196,25.670906,30.004774,-28.014496,-2.9711432,-9.353546,-10.865086,-9.931592,47.20687,-19.846994,7.394459,6.5970592,15.696513,25.193432,-30.185001,50.276917,-1.6090804,-27.30062,35.552517,48.106968
23,3.4874861240386963,-4.569611549377441,62.15237808227539,1.7929155691503333,5.196516230170824,-107.04777718295385,-7.6999536,1.7766175,25.348646,29.286863,-27.910677,-2.9498024,-10.950683,-11.706619,-9.593657,50.957737,-18.190456,6.8929305,6.2466207,15.134771,25.227905,-30.16711,49.362343,-1.5997936,-27.382772,35.670208,48.82895
24,3.583993673324585,-4.8397932052612305,62.14240646362305,2.099130902223498,5.244010611301664,-106.67526870344999,-7.324685,1.107853,25.084301,28.529593,-27.785278,-2.8921607,-12.592268,-12.427753,-9.266436,54.598427,-16.74246,5.4910607,5.854566,14.543799,25.26315,-30.135374,48.480667,-1.5478343,-27.459784,35.832123,49.475548
25,3.6488261222839355,-5.13424015045166,62.145347595214844,2.354247835969918,5.2701724995525066,-106.3324123390138,-6.9030304,0.49671277,24.928398,27.749565,-27.652678,-2.7669048,-14.368896,-13.04129,-9.021257,58.326717,-15.4143715,2.3825867,5.4322824,13.917485,25.299389,-30.091274,47.652206,-1.4191289,-27.530766,36.031925,50.00957
26,3.7263360023498535,-5.420891761779785,62.14780807495117,2.5667570792816043,5.277132325791173,-106.00787787150816,-6.4438424,-0.06509485,24.8432,26.94752,-27.512476,-2.5950756,-16.23768,-13.600412,-8.929861,62.07619,-14.045991,-2.0211308,4.9800544,13.245708,25.336916,-30.036192,46.873745,-1.2157766,-27.595701,36.265408,50.456814
27,3.810246706008911,-5.715810775756836,62.16969299316406,2.7462096689215936,5.275223976293313,-105.68049005372004,-5.9535856,-0.58981436,24.743284,26.105934,-27.34447,-2.4331985,-18.004818,-14.078739,-8.932635,65.39899,-12.861908,-6.2517014,4.476345,12.551092,25.375874,-29.973825,46.106342,-0.9729604,-27.65478,36.523346,50.855175
28,3.898195266723633,-6.045715808868408,62.200862884521484,2.8968517782986654,5.2740718470153425,-105.33050401084867,-5.440674,-1.0795386,24.542435,25.216751,-27.133717,-2.3378973,-19.503378,-14.366079,-8.799383,67.92195,-12.132525,-8.738252,3.901228,11.86212,25.415182,-29.909355,45.306023,-0.7273122,-27.705574,36.792667,51.24012
29,3.9524950981140137,-6.381075859069824,62.23248291015625,3.0147881604038247,5.2725354397866075,-104.94651951201378,-4.9181204,-1.5128855,24.194061,24.315697,-26.892786,-2.3706434,-20.671598,-14.328642,-8.287001,69.54883,-12.17041,-8.609846,3.2476907,11.19555,25.456951,-29.84627,44.43723,-0.49121347,-27.749708,37.06429,51.622738
30,3.9850149154663086,-6.699960708618164,62.26183319091797,3.096047451966995,5.2664678863216645,-104.54800667016357,-4.386101,-1.885289,23.755472,23.42544,-26.644548,-2.4825127,-21.62969,-14.003203,-7.483198,70.55492,-12.815017,-6.802717,2.5404458,10.544433,25.503311,-29.789124,43.517815,-0.24451515,-27.787512,37.335655,51.986076
31,4.007120132446289,-7.032623767852783,62.30194091796875,3.1458329420319866,5.257381407461501,-104.16147392718162,-3.825256,-2.216455,23.307587,22.49461,-26.362736,-2.5844915,-22.487833,-13.5026655,-6.615765,71.13004,-13.63071,-4.450707,1.8088664,9.891489,25.555532,-29.747976,42.595207,0.021667507,-27.818724,37.609188,52.335518
32,4.0323967933654785,-7.371960639953613,62.347145080566406,3.1719269757108344,5.246448354913878,-103.80774763609584,-3.2366931,-2.5232496,22.925304,21.522345,-26.04576,-2.5859509,-23.366693,-12.92682,-5.851706,71.47355,-14.147116,-2.6390352,1.077117,9.210863,25.615108,-29.736256,41.724495,0.3118094,-27.843645,37.891468,52.67985
33,4.051630973815918,-7.721433639526367,62.40328598022461,3.176474160565769,5.230926966483652,-103.48886769948484,-2.6272378,-2.809073,22.63041,20.52238,-25.686943,-2.3860755,-24.311472,-12.230648,-5.1112823,71.60654,-14.179975,-1.590007,0.34347907,8.479744,25.68361,-29.770084,40.93359,0.62405336,-27.862604,38.189247,53.037373
34,4.071050643920898,-8.084247589111328,62.46324920654297,3.1574593722447895,5.210694902164732,-103.19620709783588,-1.9991621,-3.0668893,22.384119,19.503883,-25.295795,-2.059417,-25.25763,-11.393236,-4.32717,71.43429,-13.994368,-0.745992,-0.39591026,7.6951265,25.761621,-29.858225,40.20717,0.9537013,-27.875507,38.502552,53.40601
35,4.087697982788086,-8.448837280273438,62.5261116027832,3.1157363595715157,5.189851212449683,-102.93147504467899,-1.3467205,-3.2965674,22.166288,18.457558,-24.894958,-1.7777654,-26.163933,-10.531067,-3.6403868,70.976715,-13.763047,0.01634422,-1.1244175,6.8643737,25.84894,-29.999462,39.534153,1.2979053,-27.882229,38.826256,53.767662
36,4.097772598266602,-8.825512886047363,62.58446502685547,3.052505452749174,5.172937506332214,-102.69152726565757,-0.6581878,-3.5002737,21.94966,17.356216,-24.496943,-1.7096204,-26.992123,-9.759049,-3.2013528,70.256805,-13.652113,0.8163303,-1.8315328,5.9994655,25.944916,-30.185991,38.900333,1.6579347,-27.882626,39.15157,54.09783
37,4.1108598709106445,-9.212119102478027,62.63707733154297,2.961250907085029,5.159564645077165,-102.47281877891574,0.095606185,-3.6771905,21.713312,16.131138,-24.085176,-1.972829,-27.730127,-9.1122875,-3.0888677,69.24999,-13.708386,1.719865,-2.5356114,5.101249,26.04911,-30.416681,38.327953,2.043891,-27.876307,39.46922,54.382664
38,4.1228227615356445,-9.60380744934082,62.682884216308594,2.8414777905359325,5.14688599469832,-102.27143433114459,0.90249985,-3.8230462,21.467129,14.811823,-23.661047,-2.4488325,-28.403664,-8.532305,-3.2222373,67.95668,-13.833605,2.6461968,-3.2422981,4.1604853,26.163857,-30.696497,37.82284,2.463829,-27.863098,39.776726,54.62826
39,4.131138801574707,-9.990073204040527,62.70909881591797,2.7034322153223997,5.135372911792351,-102.08461398914686,1.72094,-3.940746,21.231173,13.49545,-23.24361,-2.9503431,-29.025301,-7.9979606,-3.5152962,66.42462,-13.973671,3.4991572,-3.9163961,3.1845348,26.28649,-31.021833,37.334034,2.9077706,-27.844145,40.07558,54.848568
40,4.094669342041016,-10.38015365600586,62.69350814819336,2.563563290064683,5.128731246565791,-101.91205510197861,2.4890172,-4.032445,21.030287,12.325272,-22.88113,-3.2939298,-29.613995,-7.490995,-3.8739989,64.71246,-14.08516,4.1822205,-4.5208945,2.194723,26.41845,-31.384119,36.79255,3.3560612,-27.820496,40.37268,55.063717
41,4.07151985168457,-10.78934383392334,62.70271682739258,2.3694229211766515,5.132259006131562,-101.77085565706163,3.2212334,-4.057334,20.892906,11.251799,-22.523584,-3.4075654,-30.142836,-6.9581227,-4.351583,62.727196,-14.127748,4.633169,-5.065062,0.85457295,26.646864,-32.042706,36.389618,3.793672,-27.772488,40.858875,55.270397
42,4.06646203994751,-11.208163261413574,62.70067596435547,2.210853873550848,5.143461149496318,-101.64639679290381,3.8586192,-4.076572,20.793163,10.435663,-22.287027,-3.3963423,-30.663279,-6.493588,-4.9285336,60.594322,-14.203397,4.9375668,-5.4707284,-0.186822,26.85162,-32.604324,35.68186,4.1659346,-27.719593,41.238655,55.561405
43,4.069860458374023,-11.616349220275879,62.680389404296875,2.0708070305051223,5.157140455016487,-101.5323161235964,4.469446,-4.0999756,20.710424,9.707468,-22.09469,-3.3452225,-31.147095,-6.0537367,-5.530069,58.306557,-14.250592,5.1851783,-5.8361917,-1.1652639,27.045702,-33.11951,34.88449,4.549234,-27.664934,41.573917,55.83049
44,4.058793067932129,-12.04394817352295,62.64264678955078,1.957119203945792,5.166762712254667,-101.41553566541003,5.0693536,-4.139459,20.62082,9.035447,-21.951286,-3.3420863,-31.588243,-5.628253,-6.064837,55.907692,-14.239307,5.4636064,-6.188058,-2.1264122,27.234034,-33.60465,34.05776,4.9266987,-27.610931,41.87289,56.06875
45,4.0465216636657715,-12.476349830627441,62.589847564697266,1.872068458132886,5.170934089433254,-101.28830831315804,5.658754,-4.198179,20.517942,8.411686,-21.855707,-3.4016232,-31.984644,-5.2198195,-6.5143843,53.378178,-14.172118,5.7684245,-6.5344777,-3.0765522,27.41956,-34.070164,33.19381,5.3065534,-27.559263,42.1367,56.25521
46,4.029455661773682,-12.918760299682617,62.52149200439453,1.8072293723569057,5.173950434472183,-101.15973061901458,6.2270303,-4.266104,20.41734,7.858123,-21.809406,-3.4828594,-32.3387,-4.829597,-6.9253116,50.70231,-14.062563,6.059512,-6.858919,-4.010789,27.604137,-34.522976,32.27842,5.6898,-27.511353,42.371433,56.39869
47,4.0251922607421875,-13.357941627502441,62.438194274902344,1.7523878644181017,5.178507821894535,-101.0406288647215,6.7702928,-4.3317547,20.327816,7.3879943,-21.821455,-3.589883,-32.657677,-4.449105,-7.304054,47.93747,-13.902322,6.3660717,-7.1528916,-4.9368625,27.788342,-34.958508,31.347948,6.0620475,-27.467684,42.573696,56.521713
48,4.027122497558594,-13.8064603805542,62.33918762207031,1.700542708348631,5.187918636608496,-100.94088734736548,7.284824,-4.387163,20.257074,7.01758,-21.898558,-3.726443,-32.94792,-4.0705805,-7.6559606,45.134537,-13.681843,6.7189803,-7.4092283,-5.857992,27.97178,-35.36676,30.434559,6.4092255,-27.427958,42.73736,56.64763
49,4.0264997482299805,-14.266247749328613,62.22438049316406,1.6481200027068765,5.210752632229162,-100.86699407345533,7.723433,-4.413372,20.214014,6.8497677,-22.105291,-3.904205,-33.20403,-3.6774812,-7.9926023,42.221546,-13.336159,7.1309247,-7.6208086,-6.775686,28.153833,-35.73773,29.529907,6.722048,-27.392029,42.861847,56.77841
50,4.016748905181885,-14.736954689025879,62.096519470214844,1.6026854746033958,5.243791650512038,-100.81455325264604,8.080426,-4.414609,20.198214,6.9022374,-22.451334,-4.1210375,-33.42037,-3.27641,-8.301476,39.185364,-12.887236,7.583901,-7.7922635,-7.6743684,28.334265,-36.069656,28.61026,7.0052633,-27.359999,42.95152,56.906452
51,4.008967876434326,-15.211433410644531,61.95845031738281,1.5722701050171108,5.272079098586577,-100.7761333194643,8.441732,-4.4272003,20.198421,6.9861574,-22.819332,-4.3570313,-33.60701,-2.891941,-8.553739,36.176075,-12.452256,8.065212,-7.9361644,-8.531917,28.512915,-36.36449,27.686995,7.2705607,-27.331503,43.00577,57.03741
52,3.9964027404785156,-15.699322700500488,61.80531311035156,1.5627217684446508,5.28069422353732,-100.741991857268,8.80918,-4.4492655,20.208376,7.133028,-23.221275,-4.5963774,-33.77375,-2.547111,-8.726034,33.34215,-12.145185,8.563813,-8.066665,-9.333066,28.689674,-36.627472,26.778023,7.531108,-27.305975,43.021435,57.17537
53,3.9778425693511963,-16.197362899780273,61.63951110839844,1.5852637602470312,5.263831904987077,-100.70964498869675,9.181166,-4.489682,20.226583,7.3599954,-23.668072,-4.8390665,-33.894928,-2.2447915,-8.806077,30.582422,-11.967441,9.148771,-8.182735,-10.067512,28.86461,-36.85398,25.855257,7.7815804,-27.283365,42.988213,57.32568
54,3.951761484146118,-16.703611373901367,61.46736145019531,1.6336998334676005,5.2310291942802545,-100.6836371780391,9.559335,-4.5487647,20.255707,7.6393056,-24.146421,-5.0915027,-33.965126,-1.9680207,-8.808617,27.833826,-11.849183,9.80469,-8.276418,-10.741978,29.036034,-37.04073,24.91602,8.018985,-27.26417,42.9053,57.48502
55,3.9282381534576416,-17.216440200805664,61.285911560058594,1.6867989709922775,5.189410576545918,-100.6619673518819,9.946313,-4.6076117,20.29373,7.9449472,-24.636597,-5.34697,-34.026775,-1.7118264,-8.756491,25.309853,-11.800026,10.393818,-8.355503,-11.374128,29.20555,-37.19908,24.026995,8.265064,-27.247366,42.78452,57.63836
56,3.9043877124786377,-17.745529174804688,61.102027893066406,1.7241030858256623,5.146390754948683,-100.64181655717665,10.339726,-4.6459417,20.337519,8.263474,-25.125658,-5.5992703,-34.131775,-1.4755349,-8.673052,23.250683,-11.844558,10.777874,-8.430858,-11.993591,29.374184,-37.34797,23.262709,8.539759,-27.231081,42.643684,57.770878
57,3.8729124069213867,-18.284685134887695,60.9113883972168,1.7430296492305513,5.099817877327361,-100.63089675385045,10.746035,-4.664761,20.395067,8.585318,-25.62294,-5.859375,-34.309788,-1.2644733,-8.566672,21.723448,-12.051038,10.881292,-8.48819,-12.624629,29.542572,-37.50204,22.636765,8.852615,-27.213531,42.498302,57.878468
58,3.837984800338745,-18.8284854888916,60.71779251098633,1.755558837071305,5.0478072327558,-100.6256560101217,11.1619835,-4.674337,20.462538,8.925353,-26.134554,-6.1267524,-34.537464,-1.0803186,-8.425257,20.62076,-12.399886,10.793069,-8.53046,-13.2602005,29.709894,-37.659424,22.121067,9.182585,-27.193686,42.345882,57.97639
59,3.8034162521362305,-19.379148483276367,60.52338409423828,1.7638844940043705,4.996876163448179,-100.60568110885767,11.576426,-4.670661,20.517736,9.291447,-26.632471,-6.378051,-34.787235,-0.9248506,-8.241082,19.925827,-12.791457,10.615279,-8.591737,-13.880448,29.874931,-37.812344,21.726702,9.502543,-27.17064,42.17389,58.0852
60,3.76210355758667,-19.949003219604492,60.33186340332031,1.7580496779532517,4.96256232362663,-100.55177993865924,11.960831,-4.632372,20.543139,9.719081,-27.10645,-6.5920143,-35.03116,-0.7921753,-8.013068,19.604439,-13.111491,10.443762,-8.645356,-14.472887,30.104372,-38.015835,21.39819,9.83941,-27.133894,41.88053,58.198128
61,3.7159805297851562,-20.531984329223633,60.141849517822266,1.7692874907834957,4.937156909625636,-100.44636400995405,12.331252,-4.5947404,20.520168,10.18176,-27.56717,-6.735062,-35.29869,-0.73443764,-7.724211,19.789038,-13.388418,10.294985,-8.726776,-14.959345,30.37029,-38.19874,21.105125,10.138926,-27.08525,41.46772,58.387444
62,3.671999216079712,-21.12926483154297,59.95711135864258,1.7936778517794836,4.917744143742635,-100.30289931645095,12.696086,-4.556699,20.46016,10.667581,-28.01204,-6.828267,-35.589264,-0.7420844,-7.379717,20.438147,-13.655629,10.116228,-8.85341,-15.379732,30.647738,-38.334187,20.900194,10.395631,-27.028772,40.99211,58.63772
63,3.6223087310791016,-21.747777938842773,59.78749465942383,1.8222634677628722,4.906117437184914,-100.12457446406007,13.057982,-4.5013947,20.35199,11.1623535,-28.364647,-6.92614,-35.866158,-0.78606564,-7.0021534,21.393501,-13.884049,9.906,-9.061505,-15.763787,30.878864,-38.404453,20.859074,10.606679,-26.975956,40.55538,58.897
64,3.5647504329681396,-22.386674880981445,59.63395309448242,1.8424766001491428,4.919890674972261,-99.91595438785457,13.406375,-4.408817,20.188406,11.649937,-28.54881,-7.084614,-36.11002,-0.8345605,-6.615875,22.503922,-14.049898,9.66294,-9.2772665,-16.084753,31.10677,-38.44519,20.890718,10.812503,-26.917969,40.102642,59.108906
65,3.500088691711426,-23.040935516357422,59.500919342041016,1.8701083090929567,4.956545045153507,-99.66285276626355,13.751241,-4.2925034,19.96613,12.121485,-28.569881,-7.3228297,-36.296043,-0.9168507,-6.209536,23.831106,-14.141849,9.478008,-9.5354805,-16.340076,31.318287,-38.449005,21.015102,11.000383,-26.859297,39.659775,59.273376
66,3.4240849018096924,-23.69455909729004,59.391265869140625,1.8771944219440722,5.005055548124143,-99.35620093555977,13.967479,-4.0686097,19.697477,12.923053,-28.65519,-7.6186557,-36.439587,-1.0144398,-5.8030005,25.426504,-14.172459,9.329609,-9.864197,-16.580326,31.506721,-38.440716,21.306273,11.189703,-26.799664,39.231464,59.381252
67,3.3405768871307373,-24.377031326293945,59.289371490478516,1.836143550168224,5.071584970330588,-99.03253015808426,14.109815,-3.7461178,19.38713,13.874551,-28.656118,-7.94887,-36.57446,-1.0551751,-5.4188256,27.103361,-14.149542,9.043052,-10.187727,-16.781519,31.691933,-38.419224,21.711931,11.403456,-26.730257,38.796307,59.430874
68,3.244784355163574,-25.072046279907227,59.205078125,1.7234471550929413,5.158007856482631,-98.72417381934916,14.183513,-3.3151252,19.039982,14.9342985,-28.509167,-8.2953415,-36.72265,-0.97836894,-5.082732,28.658361,-14.068422,8.435947,-10.489788,-16.942818,31.853928,-38.34888,22.250597,11.631555,-26.650446,38.410892,59.42798
69,3.135162591934204,-25.7696475982666,59.15300750732422,1.5049331221842246,5.279512124119525,-98.41454281639274,14.163152,-2.7270792,18.63418,16.125967,-28.243708,-8.674527,-36.93837,-0.73999554,-4.7946334,30.10905,-13.898698,7.24759,-10.785966,-17.139246,31.968367,-38.26895,22.996511,11.876719,-26.559069,38.09683,59.34848
70,3.008157253265381,-26.471641540527344,59.13652801513672,1.2171210398461831,5.431947219196609,-98.09680304223399,14.074291,-2.0320113,18.173597,17.409256,-27.851145,-9.094756,-37.185658,-0.3936846,-4.5488787,31.518887,-13.632538,5.6423492,-11.069532,-17.367702,32.014713,-38.195076,23.944302,12.1443205,-26.462118,37.814915,59.204563
71,2.8790574073791504,-27.17483139038086,59.132965087890625,0.9132810248410325,5.587375167249085,-97.80635254345033,13.929431,-1.3085945,17.701471,18.820753,-27.301163,-9.526949,-37.37254,-0.021095883,-4.378441,32.79599,-13.329545,4.067592,-11.320937,-17.533438,32.010773,-38.06124,25.012499,12.417282,-26.361595,37.557724,59.049877
72,2.751197576522827,-27.906686782836914,59.15078353881836,0.644880422296819,5.7116767884907125,-97.57909046254878,13.744254,-0.63031214,17.259516,20.396711,-26.560457,-9.936161,-37.407955,0.2934688,-4.2954345,33.87123,-13.077181,2.967482,-11.520392,-17.528837,31.961025,-37.786736,26.122644,12.673055,-26.263702,37.32351,58.94011
73,2.61161732673645,-28.658750534057617,59.188819885253906,0.4065471660011297,5.797192299707598,-97.41619870420911,13.551093,0.010839982,16.834892,22.10077,-25.62546,-10.369409,-37.25582,0.50963855,-4.3533177,34.722366,-12.902126,2.5690124,-11.675349,-17.334452,31.87364,-37.342617,27.269342,12.927499,-26.166437,37.058586,58.87177
74,2.4677586555480957,-29.42579460144043,59.23076248168945,0.17540875476655968,5.85935607698459,-97.30217599585032,13.330719,0.6485066,16.410046,23.929314,-24.511345,-10.820133,-36.973602,0.6627048,-4.5159554,35.420586,-12.782974,2.5866582,-11.78969,-16.986206,31.756966,-36.759983,28.465948,13.179683,-26.068184,36.78177,58.822502
75,2.3275704383850098,-30.204143524169922,59.282875061035156,-0.027028368484048982,5.8982642081099215,-97.24808845177945,13.027803,1.2515253,16.023424,25.954775,-23.20646,-11.170198,-36.61424,0.7902505,-4.6533337,36.03743,-12.738921,2.7028575,-11.84649,-16.502146,31.60692,-36.06761,29.69791,13.380125,-25.977264,36.602386,58.813965
76,2.207770347595215,-30.984615325927734,59.34844207763672,-0.1796214719468714,5.91375900210655,-97.26421338596776,12.590304,1.7889843,15.719676,28.249538,-21.69584,-11.306209,-36.229847,0.94302696,-4.6385098,36.62876,-12.78788,2.610064,-11.825397,-15.894636,31.416546,-35.293564,30.947725,13.485308,-25.902275,36.62234,58.865402
77,2.0873584747314453,-31.766193389892578,59.42560958862305,-0.26263353428500813,5.892060990830089,-97.39001879690588,12.028029,2.2246978,15.524297,30.862143,-19.91738,-11.243342,-35.839043,1.1628604,-4.3830385,37.22933,-12.947119,2.205787,-11.684954,-15.135804,31.176466,-34.40567,32.203205,13.476273,-25.847351,36.905735,59.029926
78,1.9681950807571411,-32.54169464111328,59.51429748535156,-0.2948818565689858,5.837144880951725,-97.60759770174651,11.365964,2.5957792,15.421992,33.73803,-17.894245,-11.020822,-35.413506,1.4284607,-3.973065,37.79614,-13.19531,1.6705493,-11.444913,-14.243024,30.89321,-33.412647,33.479656,13.384916,-25.807232,37.379246,59.275322
79,1.8463826179504395,-33.32416534423828,59.621036529541016,-0.31359933154860925,5.776818227722814,-97.84014013195245,10.575515,2.9816506,15.408044,36.797966,-15.727122,-10.569389,-34.935658,1.7027074,-3.544848,38.26432,-13.496498,1.1230248,-11.176606,-13.306053,30.584803,-32.411167,34.807182,13.246198,-25.776161,37.93804,59.492836
80,1.723535180091858,-34.10558319091797,59.74528121948242,-0.3564685136771061,5.7394321782715965,-98.01132838048468,9.630193,3.4587204,15.48426,39.960075,-13.5152645,-9.826571,-34.388294,1.9416722,-3.236128,38.5692,-13.820191,0.6784051,-10.950936,-12.416056,30.268688,-31.495674,36.220238,13.091384,-25.748713,38.47824,59.575333
81,1.597617745399475,-34.87769317626953,59.88750457763672,-0.42791595701341933,5.729112443688523,-98.1028764898655,8.480492,4.0549035,15.670077,43.35643,-11.291147,-8.583676,-33.755646,2.127532,-3.0867364,38.685566,-14.188308,0.35327655,-10.784977,-11.569994,29.942003,-30.640148,37.745026,12.925029,-25.723124,38.994778,59.517704
82,1.4509233236312866,-35.657413482666016,60.04458236694336,-0.5133242637252151,5.732140165418424,-98.15580027866991,7.1668096,4.749752,16.003025,46.966587,-8.980385,-6.931174,-33.04851,2.2917361,-3.0244384,38.645206,-14.60587,0.08762143,-10.63677,-10.741882,29.60352,-29.816639,39.36575,12.736817,-25.701633,39.5303,59.36643
83,1.3189350366592407,-36.416259765625,60.21265411376953,-0.6196851295241909,5.751017882824043,-98.18415614817148,5.7894764,5.5431185,16.489216,50.50327,-6.538647,-5.250955,-32.293217,2.456217,-3.0175827,38.474495,-15.023695,-0.11933578,-10.479944,-9.965869,29.273165,-29.105183,41.033375,12.522175,-25.686077,40.055473,59.101555
84,1.1755526065826416,-37.176387786865234,60.39368438720703,-0.7511311221263324,5.7885978957682225,-98.20158673422722,4.4374948,6.426536,17.09874,53.706497,-3.9453032,-3.9224548,-31.516926,2.639376,-3.0327258,38.20121,-15.39309,-0.2671674,-10.288574,-9.264793,28.96964,-28.581373,42.691315,12.277648,-25.677979,40.536106,58.70227
85,1.0258973836898804,-37.93456268310547,60.580780029296875,-0.9104258416938695,5.854531045160984,-98.19297936542776,3.0929031,7.471582,17.898834,56.60934,-0.84973454,-3.0479362,-30.721462,2.8372023,-3.0859034,37.81313,-15.708931,-0.33940962,-10.078548,-8.630824,28.693113,-28.250122,44.335827,11.990025,-25.679419,40.966026,58.148075
86,0.8738588690757751,-38.68324279785156,60.76520538330078,-1.0941416424007462,5.945123158219061,-98.16065688642662,1.7194642,8.679705,18.852793,59.360638,2.5968983,-2.3932111,-29.893183,3.0454235,-3.1842375,37.296894,-15.992061,-0.34358445,-9.853006,-8.047267,28.43676,-28.06332,45.989643,11.664984,-25.688765,41.358627,57.454136
87,0.7263134121894836,-39.42124938964844,60.95088577270508,-1.2965090966831838,6.042283598014621,-98.13936589046995,0.36133724,9.890446,19.726225,61.878643,5.6514316,-1.8937296,-29.03859,3.274756,-3.2839928,36.68308,-16.232473,-0.31276697,-9.572558,-7.5056286,28.20548,-28.013264,47.623814,11.322308,-25.702566,41.714615,56.658337
88,0.5802128911018372,-40.13956069946289,61.13085174560547,-1.5039185023127533,6.1267151447591175,-98.162146339153,-0.9425955,10.896399,20.28321,64.05178,7.5908737,-1.5342516,-28.162464,3.525457,-3.3381958,36.004147,-16.42256,-0.278254,-9.196203,-6.9801316,28.00162,-28.091642,49.19128,10.972853,-25.718151,42.03505,55.80955
89,0.4579509496688843,-40.858543395996094,61.314605712890625,-1.7136472531515823,6.204472847469972,-98.23922005255162,-2.2025552,11.584509,20.411655,65.83227,8.091437,-1.4014802,-27.276443,3.7951727,-3.3381927,35.26779,-16.561384,-0.23968157,-8.694551,-6.449004,27.823408,-28.326889,50.656956,10.636564,-25.731337,42.33416,54.8972
90,0.3419405221939087,-41.57035827636719,61.496307373046875,-1.927175831146933,6.279306196165705,-98.34584995576947,-3.448601,12.031008,20.234053,67.287506,7.5906935,-1.5159498,-26.372744,4.0736704,-3.3107004,34.45996,-16.65509,-0.18197083,-8.100995,-5.9054923,27.66511,-28.704508,52.037117,10.286788,-25.746387,42.612015,53.917114
91,0.21903879940509796,-42.2785530090332,61.679786682128906,-2.1336349723459147,6.32811637799603,-98.46101426771777,-4.6710825,12.307757,19.883904,68.46074,6.5172906,-1.7573801,-25.426273,4.344712,-3.2618473,33.583138,-16.70785,-0.113037474,-7.476103,-5.339282,27.521702,-29.150665,53.355865,9.873049,-25.772293,42.845776,52.922626
92,0.10947539657354355,-42.97639465332031,61.8654899597168,-2.3204394553137444,6.329101305736806,-98.56513172452591,-5.857098,12.492972,19.4907,69.387985,5.305037,-2.006848,-24.411957,4.591855,-3.1947808,32.638702,-16.722536,-0.03975037,-6.8795133,-4.738016,27.388733,-29.590786,54.632896,9.351445,-25.817102,43.009533,51.96489
93,0.0022019685711711645,-43.681331634521484,62.05099868774414,-2.4829985207831857,6.259937964898815,-98.65835686598793,-7.005647,12.536783,18.958195,70.042534,3.8752377,-2.2770805,-23.30608,4.809179,-3.1032004,31.619942,-16.693563,0.043693863,-6.342062,-4.070769,27.26262,-30.025429,55.87386,8.692028,-25.890291,43.127064,51.036587
94,-0.09967446327209473,-44.38484191894531,62.2373161315918,-2.6267569792070122,6.148664803281409,-98.7484395721464,-8.130223,12.429972,18.270697,70.41554,2.0590465,-2.5919561,-22.138792,5.0035152,-2.9877012,30.535719,-16.627266,0.1393797,-5.9249744,-3.1199498,27.236645,-30.220734,56.878056,7.8878202,-25.922777,43.24995,50.15283
95,-0.19956056773662567,-45.08200454711914,62.42251968383789,-2.7538818734225883,6.015629343383053,-98.83139509593339,-9.211973,12.314371,17.674751,70.56935,0.16382818,-2.8644075,-20.931383,5.178379,-2.8561146,29.396372,-16.530783,0.23705272,-5.5114303,-2.185614,27.19601,-30.469967,57.86295,7.017363,-25.971361,43.35383,49.292725
96,-0.2917785048484802,-45.787113189697266,62.60612487792969,-2.8566265246469396,5.895702861192103,-98.89854611685588,-10.248965,12.311041,17.399832,70.55557,-1.4934783,-3.0330856,-19.723223,5.3248525,-2.7185054,28.22427,-16.42018,0.32811883,-4.804325,-1.7982852,26.947433,-31.267887,59.18002,6.432873,-26.162056,42.999443,48.264412
97,-0.3975532054901123,-46.4954948425293,62.7818717956543,-2.934337689586023,5.821307892969107,-98.93880298042961,-11.262018,12.474474,17.547132,70.37397,-2.822792,-3.1120462,-18.541752,5.4392414,-2.582001,27.019499,-16.3038,0.41771343,-4.2109623,-1.1335046,26.847166,-31.655985,60.16531,5.776101,-26.231125,42.573723,47.39095
98,-0.49861130118370056,-47.19960403442383,62.94911575317383,-2.987357257176254,5.761446891316701,-98.95970481149854,-12.242201,12.723613,17.97592,69.99689,-3.9881673,-3.1436496,-17.355883,5.5216846,-2.4396102,25.771471,-16.170214,0.5116645,-3.607841,-0.46760434,26.769733,-32.005642,61.06706,5.1208553,-26.285307,42.004177,46.565807
99,-0.5865138173103333,-47.89126968383789,63.115997314453125,-3.034657217543834,5.704948778285699,-98.97503394615609,-13.194589,12.995451,18.524052,69.44981,-5.0708413,-3.131495,-16.157015,5.594025,-2.2964723,24.48027,-16.009535,0.5983477,-2.9822097,0.18142357,26.702477,-32.327473,61.91573,4.4853554,-26.333752,41.357433,45.758686
100,-0.6847789287567139,-48.59067916870117,63.268524169921875,-3.093970865979308,5.639443147879118,-98.99906770163749,-14.123847,13.230237,19.030693,68.75627,-6.1516476,-3.0708158,-14.935694,5.677542,-2.1566267,23.147476,-15.8132,0.66491723,-2.4445145,0.9184111,26.658333,-32.444607,62.682384,3.7741494,-26.36408,40.882385,44.99534
101,-0.7838916778564453,-49.310523986816406,63.410438537597656,-3.180680467549169,5.560225127004774,-99.02817540758672,-15.034735,13.43915,19.4697,67.92705,-7.276543,-2.9499712,-13.678272,5.7902007,-2.032008,21.752766,-15.567717,0.7014824,-1.8581499,1.6016484,26.615458,-32.57607,63.442528,3.1261802,-26.396374,40.380642,44.20338
102,-0.8732123374938965,-50.019351959228516,63.54753875732422,-3.279802202367816,5.47401425571756,-99.05744749545804,-15.923602,13.638983,19.922297,66.94616,-8.3943205,-2.7793636,-12.392641,5.9149523,-1.9169015,20.30327,-15.285674,0.71870196,-1.2036707,2.2285995,26.57167,-32.73941,64.182884,2.5394437,-26.43287,39.78435,43.398045
103,-0.9642457365989685,-50.72697830200195,63.65793228149414,-3.3764324995682613,5.387231455211076,-99.09817592050642,-16.78803,13.799829,20.383966,65.80617,-9.444575,-2.5794454,-11.1040745,6.0329022,-1.7922616,18.844187,-14.988476,0.7319069,-0.5279774,2.8270893,26.532024,-32.849945,64.88857,1.9304445,-26.468805,39.20312,42.61964
104,-1.0559332370758057,-51.423240661621094,63.7469482421875,-3.455353243929535,5.307112529511064,-99.16230460487147,-17.626785,13.894209,20.852217,64.50142,-10.368773,-2.3670158,-9.839225,6.1243825,-1.6382898,17.419285,-14.698631,0.7543301,0.17269802,3.396373,26.494492,-32.882378,65.54966,1.2754278,-26.506323,38.65608,41.877586
105,-1.1305193901062012,-52.136962890625,63.82612609863281,-3.506999210628845,5.23563739221756,-99.26237469886817,-18.443483,13.910966,21.34756,63.024822,-11.164101,-2.072286,-8.606919,6.178362,-1.4418894,16.039742,-14.417868,0.78303045,0.91196084,3.9191875,26.457882,-32.813953,66.17493,0.56191003,-26.543915,38.14882,41.189827
106,-1.208666205406189,-52.85114669799805,63.89031982421875,-3.538573486518912,5.170142469296057,-99.38982902259261,-19.23889,13.864929,21.868586,61.384094,-11.861776,-1.7093726,-7.3972473,6.2031546,-1.215656,14.690957,-14.141133,0.81107104,1.7229803,4.412351,26.41642,-32.67403,66.74618,-0.14175844,-26.591133,37.580826,40.51648
107,-1.2873899936676025,-53.552467346191406,63.94268798828125,-3.5675787004137534,5.104698290999382,-99.52049186644223,-20.005407,13.778218,22.37514,59.598923,-12.452283,-1.4179775,-6.196857,6.2161756,-0.9826168,13.362146,-13.871311,0.84371537,2.544844,4.8713527,26.374285,-32.507755,67.293564,-0.85689545,-26.649443,37.030342,39.84175
108,-1.3766483068466187,-54.25234603881836,63.974998474121094,-3.6203044908765145,5.031390470881953,-99.64035238038899,-20.73265,13.68608,22.83334,57.69168,-12.926663,-1.3385136,-4.9874954,6.2455854,-0.755731,12.032272,-13.603142,0.88512206,3.283854,5.290799,26.343754,-32.357166,67.84377,-1.5874203,-26.701408,36.649883,39.11837
109,-1.451532244682312,-54.98347473144531,63.98995590209961,-3.6852845318054372,4.962378935879701,-99.74604959749543,-21.421875,13.572216,23.231853,55.629154,-13.26557,-1.5637609,-3.7772217,6.2784123,-0.52908295,10.691442,-13.339763,0.9405497,4.008242,5.7629642,26.313389,-32.21178,68.2937,-2.328979,-26.767546,36.300602,38.34965
110,-1.5214300155639648,-55.68917465209961,63.98388671875,-3.7607663737486177,4.894068680808421,-99.84800022307081,-22.075262,13.435961,23.592588,53.41317,-13.477506,-1.9965364,-2.5623157,6.3130827,-0.29567227,9.3354645,-13.0758095,1.0030084,4.718878,6.2376223,26.285301,-32.07606,68.68599,-3.064173,-26.8485,36.006657,37.5288
111,-1.6048692464828491,-56.382728576660156,63.95195007324219,-3.849866831975696,4.819334725690489,-99.93602131400712,-22.695114,13.284433,23.935263,51.083412,-13.576366,-2.4874964,-1.3651407,6.3538976,-0.08406152,8.045996,-12.8429575,1.061007,5.4039235,6.6622477,26.260284,-31.935234,69.094376,-3.8062584,-26.94343,35.768333,36.695816
112,-1.684079647064209,-57.103477478027344,63.90071105957031,-3.954805712077029,4.732499707865059,-99.99906727743868,-23.285606,13.12172,24.276943,48.678894,-13.579683,-2.8904397,-0.20602374,6.406707,0.07649661,6.896979,-12.674215,1.1028738,6.0521355,6.9848914,26.238768,-31.770388,69.58967,-4.568297,-27.05034,35.5775,35.89047
113,-1.757881999015808,-57.82038116455078,63.8287353515625,-4.074892521211433,4.631284528404065,-100.02850909525785,-23.84363,12.948756,24.660358,46.188324,-13.484207,-3.1348636,0.5951032,6.471419,0.13180014,6.681242,-13.046465,1.1583354,6.660638,7.17762,26.22104,-31.573057,70.21211,-5.364044,-27.168715,35.443165,35.124832
114,-1.8365710973739624,-58.54363250732422,63.7357063293457,-4.2068060738338575,4.521268772196134,-100.02907289067977,-24.376207,12.75591,25.05918,43.609577,-13.292767,-3.3145049,1.3565313,6.546173,0.13268049,6.598872,-13.491495,1.2183859,7.223168,7.2706676,26.206814,-31.343699,70.919495,-6.19373,-27.298359,35.3765,34.380688
115,-1.9046800136566162,-59.26602554321289,63.6133918762207,-4.327180227831044,4.405834507412662,-100.01167543417507,-24.915747,12.527364,25.393059,41.03574,-13.047024,-3.525403,2.0968704,6.6174793,0.106786944,6.588692,-13.952494,1.2136705,7.7328563,7.323414,26.19475,-31.076912,71.63139,-7.056191,-27.437721,35.365185,33.678486
116,-1.9805485010147095,-59.9909782409668,63.475162506103516,-4.470776503353831,4.293556523812868,-99.98148737551821,-25.456966,12.280878,25.563036,38.453316,-12.735596,-3.8511353,2.8189983,6.7237506,0.074664496,6.625766,-14.401561,1.0845991,8.168449,7.344125,26.185987,-30.766441,72.329666,-7.9060974,-27.582178,35.37604,32.964172
117,-2.055514335632324,-60.71698760986328,63.3262825012207,-4.645611380481719,4.187900224100113,-99.93541283977501,-26.00746,12.019191,25.531723,35.824383,-12.285322,-4.295491,3.5361166,6.8803835,0.03651128,6.673207,-14.788841,0.77383167,8.5267,7.316832,26.182833,-30.402546,73.011375,-8.718252,-27.727715,35.37083,32.20369
118,-2.135822057723999,-61.45002365112305,63.167442321777344,-4.842825766466305,4.085838833899066,-99.8671941075069,-26.557705,11.748257,25.34319,33.15071,-11.724898,-4.804074,4.0962024,7.0742335,-0.040408056,7.1126056,-15.357232,0.33163697,8.818515,7.2392154,26.187155,-29.990635,73.68852,-9.487455,-27.87344,35.342342,31.404877
119,-2.214024782180786,-62.193904876708984,62.994171142578125,-5.044912466317501,3.9854971617341315,-99.78115627536575,-27.091513,11.476135,25.031654,30.515306,-11.212378,-5.373889,4.495322,7.276616,-0.15148145,7.9557724,-16.163862,-0.14041193,9.06633,7.1595073,26.198526,-29.55966,74.333405,-10.238566,-28.020973,35.316097,30.628414
120,-2.2879855632781982,-62.94625473022461,62.80592727661133,-5.234700694241358,3.883118406436163,-99.68368163577735,-27.588415,11.201684,24.639257,27.988392,-10.894355,-6.007895,4.93111,7.459334,-0.26186907,8.723821,-16.973421,-0.5406307,9.289597,7.123197,26.214582,-29.1432,74.92385,-11.003037,-28.172771,35.33162,29.939962
121,-2.350921869277954,-63.68861770629883,62.61001205444336,-5.415975402064662,3.7746017252214723,-99.5669165494718,-28.035107,10.904616,24.143404,25.476315,-10.778392,-6.757232,5.4046445,7.6280503,-0.37427387,9.425833,-17.82143,-0.8670762,9.49979,7.132282,26.2337,-28.77065,75.45521,-11.827597,-28.331532,35.433563,29.376768
122,-2.4186716079711914,-64.43074035644531,62.39995193481445,-5.586118710277396,3.655164492220023,-99.42983592975061,-28.422287,10.572936,23.543674,22.9374,-10.772411,-7.599894,5.8969483,7.7816463,-0.49364266,10.121615,-18.711933,-1.1621602,9.661216,7.1640716,26.253374,-28.422915,75.95251,-12.663102,-28.495737,35.61029,28.887457
123,-2.4710798263549805,-65.17689514160156,62.188106536865234,-5.731320881862279,3.5459152983918547,-99.29313150581032,-28.758547,10.222137,22.916494,20.508749,-10.866281,-8.439323,6.3943453,7.8962703,-0.60311323,10.796579,-19.596874,-1.3927733,9.820412,7.208489,26.272224,-28.099457,76.40393,-13.588467,-28.663433,35.84555,28.540222
124,-2.508821964263916,-65.91757202148438,61.973506927490234,-5.835160187573591,3.4465413418499877,-99.1780399927488,-29.03069,9.864544,22.342083,18.320047,-11.038244,-9.181576,6.8906946,7.9485316,-0.6870252,11.460679,-20.43848,-1.5282205,9.943268,7.267462,26.28627,-27.760595,76.83371,-14.486872,-28.827799,36.073097,28.259247
125,-2.5480215549468994,-66.67190551757812,61.758567810058594,-5.898189991942429,3.3656807634469095,-99.09867909300259,-29.238451,9.495379,21.785187,16.300491,-11.34267,-9.815373,7.3884916,7.938344,-0.7382594,12.085513,-21.262224,-1.5426186,10.052845,7.3405337,26.293427,-27.391647,77.23304,-15.3583555,-28.985525,36.2447,28.03294
126,-2.5689010620117188,-67.4385757446289,61.5494499206543,-5.880996755997827,3.3036315799214298,-99.01924237960593,-29.267834,8.996122,21.24777,14.097563,-11.58452,-10.380949,7.877808,7.834767,-0.79796237,12.699392,-22.092585,-1.456687,10.064353,7.575211,26.291866,-26.86271,77.486,-16.214205,-29.200615,36.43709,27.823612
127,-2.5934436321258545,-68.20947265625,61.34621047973633,-5.847182357786824,3.2569138810366183,-98.963162426406,-29.14889,8.476204,20.82842,11.940631,-11.675054,-10.889582,8.358984,7.6994634,-0.8268098,13.308042,-22.829145,-1.3155401,10.053414,7.836579,26.27962,-26.289946,77.70771,-16.97141,-29.445679,36.602215,27.600363
128,-2.623974084854126,-68.9894790649414,61.1592903137207,-5.834530539198289,3.232715985911826,-98.95847613962997,-28.934072,8.026545,20.641163,10.095322,-11.5495825,-11.346756,8.802668,7.563477,-0.7856027,13.966432,-23.40237,-1.1624309,10.059109,8.104309,26.258307,-25.705694,77.91588,-17.604422,-29.7356,36.744385,27.344065
129,-2.6568427085876465,-69.78546905517578,60.9637451171875,-6.010359990930998,3.1905542272248386,-99.03872815249525,-28.991129,8.010089,20.671524,9.64432,-11.801687,-11.994542,9.251272,7.5936146,-0.61325115,14.662389,-23.795776,-1.0186874,10.267604,7.9550076,26.25503,-25.489634,78.48492,-18.13079,-29.822548,36.710884,27.243502
130,-2.694812297821045,-70.60365295410156,60.78477478027344,-6.186756361593159,3.1441407797833256,-99.11083916674193,-28.937347,8.009739,20.90087,9.486106,-11.905205,-12.722339,9.632749,7.6160874,-0.44340044,15.551604,-24.15917,-0.8519681,10.462061,7.8204226,26.254656,-25.347694,79.020386,-18.564552,-29.868948,36.667953,27.230701
131,-2.726508378982544,-71.44244384765625,60.598670959472656,-6.270188120983208,3.114040854725655,-99.2300457385694,-29.199574,8.148321,21.220325,10.581245,-12.38714,-13.170356,9.757258,7.525128,-0.24775507,17.028585,-24.688965,-0.65178823,10.58645,7.843984,26.235567,-24.88674,79.46129,-19.052044,-30.06791,36.669903,27.260124
132,-2.7492246627807617,-72.27702331542969,60.442596435546875,-6.280778076153008,3.1034697141407945,-99.28736037332575,-29.66173,8.320987,21.38496,12.492977,-12.965625,-12.922824,9.890635,7.369585,-0.083682016,18.453682,-24.9867,-0.41396734,10.70684,7.9341626,26.209293,-24.59706,79.73769,-19.429695,-30.201557,36.63362,27.444792
133,-2.7584545612335205,-73.10033416748047,60.32011413574219,-6.211251282899721,3.1288908762453556,-99.28826948452863,-30.392513,8.567724,21.40107,15.509699,-13.684205,-11.582773,9.984832,7.1376243,0.05910307,19.919962,-25.151745,-0.1316067,10.781232,8.071672,26.164263,-24.323668,79.90771,-19.787237,-30.318958,36.566944,27.79789
134,-2.784855604171753,-73.9630355834961,60.196041107177734,-6.067557597738098,3.191245646298868,-99.24475733919495,-31.13159,8.766482,21.3856,18.944347,-14.190389,-9.444056,10.034382,6.8312526,0.18095006,21.432257,-25.18565,0.19090681,10.76209,8.296224,26.077452,-23.962032,79.97171,-20.016,-30.50031,36.45046,28.15136
135,-2.8003110885620117,-74.857177734375,60.09952926635742,-5.821170038314344,3.2698209153497073,-99.1845112366069,-31.678968,8.781484,21.358795,22.002537,-14.250698,-7.1666303,10.009494,6.416116,0.27817732,23.070276,-25.026184,0.54480827,10.765473,8.590486,25.958548,-23.699526,79.88632,-20.221224,-30.694616,36.32649,28.660936
136,-2.8100414276123047,-75.74436950683594,60.043861389160156,-5.507800635430747,3.3654926241505425,-99.16669740573286,-32.01441,8.635752,21.298433,24.320099,-13.8947525,-5.424431,9.874372,5.9173656,0.38905925,24.87617,-24.586359,0.91919655,10.822395,8.963845,25.823927,-23.518091,79.6246,-20.401705,-30.840591,36.19942,29.297344
137,-2.790862798690796,-76.64047241210938,60.025508880615234,-5.095423446839175,3.5047831737056048,-99.21871473370321,-32.169403,8.319634,21.14869,25.845167,-12.975888,-4.4347415,9.612547,5.2944593,0.5231961,26.866838,-23.900982,1.3236051,10.926959,9.486111,25.664747,-23.355062,79.10896,-20.598928,-30.944996,36.108944,30.072218
138,-2.7775471210479736,-77.55270385742188,60.02799987792969,-4.598997804375692,3.6839937840647297,-99.3098005235408,-32.223133,7.894679,20.924534,26.981697,-11.666817,-3.824014,9.232287,4.57183,0.6653061,29.03908,-23.009348,1.7551876,11.05519,10.128565,25.486649,-23.2182,78.381615,-20.797344,-31.016762,36.038437,30.979773
139,-2.771336555480957,-78.47695922851562,60.04252624511719,-4.089617140964753,3.8572316221954437,-99.39811526979764,-32.187378,7.436546,20.69928,27.96149,-10.430497,-3.373855,8.738441,3.8392622,0.79848623,31.410006,-21.83316,2.1895308,11.186903,10.807419,25.313353,-23.168562,77.550674,-20.905712,-31.051159,35.932163,31.943434
140,-2.765169858932495,-79.41543579101562,60.068519592285156,-3.6336667307381902,3.9713047175364293,-99.44294226477027,-32.064648,7.014261,20.547447,28.992973,-9.71852,-2.8687518,8.153858,3.182172,0.9085548,33.970566,-20.278135,2.6075199,11.272663,11.453782,25.162653,-23.228363,76.72765,-20.797989,-31.050957,35.736473,32.846863
141,-2.7459917068481445,-80.35848999023438,60.0941162109375,-3.2464568547580805,4.004786564876714,-99.45144650364102,-31.866772,6.662851,20.495682,30.197077,-9.758811,-2.2787044,7.5069785,2.6208184,1.0044744,36.734024,-18.21128,3.1172287,11.331366,12.070213,25.039747,-23.413033,75.92618,-20.436068,-31.010696,35.41568,33.680325
142,-2.732452869415283,-81.31320190429688,60.12290573120117,-2.8878990596999325,3.987583877299933,-99.4385370871053,-31.596703,6.34566,20.481365,31.47034,-10.294586,-1.7107154,6.788733,2.11006,1.0958772,39.682655,-15.708714,3.6990232,11.380527,12.689499,24.935652,-23.707361,75.08596,-19.902302,-30.934574,35.00849,34.504917
143,-2.7266438007354736,-82.26486206054688,60.15639877319336,-2.5401616326930694,3.9412770371100203,-99.37552474874448,-31.24183,6.012016,20.451614,32.656605,-11.0402,-1.1617836,5.968332,1.6347257,1.1585735,42.761906,-12.9716215,4.155677,11.360657,13.292379,24.846167,-24.073006,74.20389,-19.232525,-30.834293,34.56079,35.298843
144,-2.729914426803589,-83.2137680053711,60.21412658691406,-2.187186581835925,3.8915503524455555,-99.2352421285177,-30.794134,5.600188,20.3648,33.58813,-11.696788,-0.6309527,5.0137515,1.1765934,1.1505092,45.91398,-10.191616,4.2971582,11.229777,13.851451,24.768301,-24.48692,73.27467,-18.499598,-30.718552,34.131676,36.074623
145,-2.7257421016693115,-84.14473724365234,60.287601470947266,-1.8243695240898472,3.8357377423611605,-98.96753967646632,-30.242945,5.059063,20.181158,34.199726,-12.202799,-0.11689268,3.8690517,0.7630804,1.0663102,49.2779,-7.269546,3.866782,10.969558,14.367984,24.70374,-24.986704,72.28332,-17.770166,-30.578085,33.74081,36.91284
146,-2.7096259593963623,-85.0685806274414,60.378108978271484,-1.4604395742061886,3.7576294642387067,-98.60234993828983,-29.600973,4.416518,19.934694,34.58558,-12.702754,0.3747033,2.5871882,0.38656235,0.8834693,52.79751,-4.107003,3.0686255,10.576634,14.863027,24.650251,-25.53988,71.23967,-16.930582,-30.415518,33.33307,37.725117
147,-2.6928069591522217,-85.9814453125,60.47270965576172,-1.0948845582793358,3.6847335619298036,-98.23518207517988,-28.910465,3.7288847,19.705559,34.81007,-13.203578,0.8365654,1.26415,-0.038245574,0.5647603,56.165443,-0.9382304,2.3700101,10.132885,15.301195,24.60813,-26.11557,70.15287,-16.077427,-30.243708,32.99449,38.520447
148,-2.672663450241089,-86.8858413696289,60.57255935668945,-0.7337094380629701,3.643262502907271,-97.95704513804883,-28.201115,3.0657032,19.566063,34.929993,-13.712795,1.2605913,-0.008978472,-0.5895815,0.12283027,59.103058,1.9576147,2.204746,9.699241,15.646673,24.575897,-26.663345,69.04506,-15.249691,-30.074852,32.784386,39.26081
149,-2.648452043533325,-87.77420806884766,60.672061920166016,-0.3785399861068904,3.649669163270165,-97.79119918079958,-27.472614,2.4462957,19.544243,34.94297,-14.257188,1.6502981,-1.2241213,-1.341014,-0.46157542,61.573128,4.796746,2.8964553,9.290039,15.903535,24.551275,-27.175764,67.899086,-14.440329,-29.911955,32.708893,39.92109
150,-2.6060056686401367,-88.6478042602539,60.783775329589844,-0.028218066178068633,3.6877870953378413,-97.68362688687884,-26.71074,1.8409714,19.590914,34.82326,-14.823861,2.0079749,-2.4417012,-2.2263033,-1.1228083,63.77704,7.5922866,4.1240854,8.863219,16.081604,24.534174,-27.668259,66.7194,-13.617243,-29.750755,32.736298,40.513847
151,-2.550398826599121,-89.5100326538086,60.90974044799805,0.3126576919890108,3.7365940126645762,-97.62015982290673,-25.905807,1.2492853,19.670052,34.573624,-15.35894,2.3185449,-3.667629,-3.122559,-1.7333609,65.7741,9.760905,5.3299174,8.412984,16.149393,24.52656,-28.133572,65.5656,-12.805105,-29.59299,32.883297,41.07807
152,-2.489342212677002,-90.3502426147461,61.048763275146484,0.6404764703820574,3.774255199254792,-97.5861579620979,-25.055254,0.6672136,19.747086,34.206226,-15.810996,2.56925,-4.9048877,-3.9368875,-2.2351108,67.599014,10.724596,5.9239798,7.9349275,16.080915,24.52955,-28.560946,64.49025,-12.023176,-29.439419,33.16049,41.649803
153,-2.4389729499816895,-91.17190551757812,61.194576263427734,0.961953821525179,3.8014032942415796,-97.60743876372628,-24.157005,0.09549927,19.841213,33.71352,-16.165462,2.7458434,-6.1674027,-4.689114,-2.64975,69.271515,9.972708,5.6041174,7.451005,15.874296,24.540691,-28.948164,63.488525,-11.274668,-29.290045,33.583656,42.232773
154,-2.397231101989746,-91.99344635009766,61.348175048828125,1.2741317199619564,3.826807160320743,-97.6851634631817,-23.212103,-0.4609058,19.964138,33.09384,-16.450108,2.855475,-7.45009,-5.4031477,-2.9926963,70.75902,7.937755,4.7416906,6.9637613,15.544446,24.558598,-29.295137,62.537804,-10.546671,-29.14476,34.139385,42.81232
155,-2.3619155883789062,-92.80508422851562,61.50725555419922,1.5580159449531765,3.839283483605774,-97.76810882442614,-22.21931,-0.99731004,20.070496,32.36437,-16.673346,2.9206946,-8.72492,-6.010661,-3.2363586,72.0026,5.4644103,3.7290564,6.4365516,15.090429,24.586218,-29.598667,61.664646,-9.829818,-29.004599,34.794044,43.39197
156,-2.340475082397461,-93.61790466308594,61.68050003051758,1.7749506622039497,3.8348963475239426,-97.80660262787707,-21.195269,-1.4851798,20.108543,31.56977,-16.86003,2.964171,-9.965529,-6.4585457,-3.4124563,72.93383,3.4066722,2.906498,5.935463,14.532837,24.613295,-29.840504,60.87354,-8.770129,-28.985218,35.12308,43.69394
157,-2.318286418914795,-94.42838287353516,61.861968994140625,1.9497913787091612,3.7873659436034073,-97.78333233073492,-20.096684,-1.9641252,20.086624,30.65165,-16.979855,2.9918683,-11.167713,-6.768567,-3.5227318,73.54616,1.8901318,2.280955,5.351313,13.766973,24.658228,-30.159904,60.255527,-7.7649307,-28.96262,35.61753,44.054634
158,-2.314988851547241,-95.22115325927734,62.0455207824707,2.0821259375213756,3.7073486150031676,-97.73033524397407,-18.934267,-2.4220033,20.02428,29.619118,-17.036655,2.991271,-12.349806,-6.946072,-3.5579302,73.871346,0.49996614,1.6928973,4.7234507,12.831921,24.718126,-30.507162,59.76958,-6.820097,-28.93608,36.239273,44.47513
159,-2.3045384883880615,-96.02469635009766,62.228912353515625,2.2149759414897616,3.602744820845303,-97.65264662050686,-17.708673,-2.8980284,19.910616,28.457956,-17.009176,2.966678,-13.487593,-7.078579,-3.573861,73.94584,-0.7587235,1.197967,3.6091316,11.937324,24.843504,-30.508862,59.304726,-6.9173436,-28.601393,38.132687,45.653465
160,-2.3124499320983887,-96.82582092285156,62.41246032714844,2.288409950877944,3.4856122867889767,-97.56376371050854,-16.475769,-3.3067133,19.714148,27.303844,-16.966047,2.9156644,-14.545588,-7.151527,-3.6506348,73.76494,-1.8501835,0.84571224,3.0347273,10.975638,24.888483,-30.721882,58.803112,-5.832707,-28.579636,38.54771,46.091
161,-2.3266382217407227,-97.63008117675781,62.593955993652344,2.352446862637492,3.3401146840341362,-97.45891553010634,-15.194742,-3.7069893,19.402796,26.085232,-16.845371,2.827093,-15.50689,-7.242804,-3.8254373,73.33475,-2.7423942,0.68100137,2.4224613,9.912562,24.949198,-30.950079,58.36255,-4.812655,-28.552668,39.107925,46.6436
162,-2.3335115909576416,-98.42745971679688,62.769126892089844,2.3993326843074545,3.168795912542854,-97.33531200478734,-13.865846,-4.0896873,18.996973,24.79693,-16.65825,2.7022588,-16.392586,-7.3160963,-4.064063,72.64617,-3.4539428,0.6640457,1.7839115,8.805955,25.018635,-31.14178,57.941093,-3.847807,-28.517117,39.747303,47.29897
163,-2.358003616333008,-99.22089385986328,62.93450164794922,2.4315917220478585,3.0043310728559405,-97.18863812307924,-12.522933,-4.4502106,18.570152,23.449545,-16.436947,2.5669293,-17.234844,-7.344391,-4.3159175,71.72273,-4.061979,0.727468,0.39417833,8.031266,25.172907,-30.511648,57.38702,-3.960975,-28.14635,41.86219,48.609303
164,-2.3572838306427,-100.0326156616211,63.1053466796875,2.424362324711922,2.849351833295306,-97.02593240230897,-11.1940775,-4.756427,18.20389,22.119125,-16.257143,2.4493072,-18.039392,-7.275733,-4.524264,70.59212,-4.6414137,0.8025719,-0.11900758,7.0265627,25.214672,-30.599321,56.768635,-2.8602302,-28.12113,42.220676,49.21389
165,-2.3791933059692383,-100.83944702148438,63.250213623046875,2.3757796266051234,2.7102866222217163,-96.841093892839,-9.864557,-5.0245147,17.93117,20.75069,-16.108,2.3862844,-18.810312,-7.0919414,-4.67458,69.2318,-5.1931267,0.9008467,-0.6628484,6.0175533,25.268484,-30.626741,56.08576,-1.803773,-28.089203,42.708244,49.814686
166,-2.4148178100585938,-101.63968658447266,63.37303924560547,2.3002294651140107,2.597860616865428,-96.63319588181216,-8.541074,-5.2687964,17.70831,19.334095,-15.965252,2.3543677,-19.555586,-6.829334,-4.7984715,67.63636,-5.684417,1.044196,-2.0722013,5.5181923,25.409933,-29.549114,55.17099,-1.6903191,-27.809107,44.665756,50.866615
167,-2.442310094833374,-102.43648529052734,63.47985076904297,2.217530139331341,2.4897454034189423,-96.4078490128413,-7.240813,-5.4864764,17.495173,17.965572,-15.853505,2.2982483,-20.259937,-6.541318,-4.912328,65.86158,-6.1441503,1.1790587,-2.5161793,4.606527,25.445747,-29.528976,54.272743,-0.5826414,-27.785995,44.972656,51.440697
168,-2.4727306365966797,-103.22749328613281,63.569068908691406,2.1371030652201255,2.409528517585028,-96.1639882071043,-5.997202,-5.6699066,17.242868,16.67017,-15.755507,2.1646724,-20.939646,-6.265342,-5.0458384,63.93217,-6.584341,1.2514151,-3.0843844,3.6555862,25.50135,-29.487818,53.39694,0.44525653,-27.758398,45.433174,51.953083
169,-2.5127675533294678,-104.0174331665039,63.640987396240234,2.060942546627833,2.372711886211627,-95.89284559254051,-4.817438,-5.814283,16.936659,15.431623,-15.661068,1.9167053,-21.61383,-6.000074,-5.196261,61.85777,-7.0409117,1.2241964,-3.7616837,2.677232,25.575573,-29.444725,52.527367,1.3894885,-27.726454,46.00416,52.406097
170,-2.553051233291626,-104.7999038696289,63.69240188598633,1.981144073384574,2.369889507301702,-95.59656726921932,-3.6793728,-5.9235616,16.60182,14.219833,-15.572523,1.5999492,-22.27364,-5.725302,-5.3555017,59.624058,-7.498645,1.1331478,-4.5090013,1.6749511,25.666433,-29.402111,51.646122,2.2755802,-27.690084,46.647408,52.81581
171,-2.5977494716644287,-105.59190368652344,63.72652053833008,1.907616937656536,2.3791466368028336,-95.29161797034095,-2.5886197,-6.012242,16.2542,13.099212,-15.520006,1.2846214,-22.894081,-5.460439,-5.5316358,57.240353,-7.904877,1.0450845,-5.2835174,0.6792408,25.77118,-29.357578,50.718254,3.096381,-27.650307,47.329445,53.210087
172,-2.6419835090637207,-106.36764526367188,63.734375,1.850973742551282,2.3799998267037044,-94.99446988082012,-1.5495585,-6.0974107,15.909501,12.125647,-15.530666,1.0383855,-23.451302,-5.2265673,-5.732631,54.711838,-8.205807,1.0265367,-6.0444765,-0.2676986,25.886074,-29.30331,49.696457,3.839676,-27.608923,48.021248,53.61861
173,-2.6731462478637695,-107.13616943359375,63.71492004394531,1.8088690847942512,2.3713321133755203,-94.70333849495943,-0.5863474,-6.1711774,15.563637,11.351267,-15.621212,0.8953243,-23.937536,-5.027549,-5.97487,52.01108,-8.379382,1.097432,-6.7717395,-1.1351258,26.008505,-29.23818,48.524204,4.520816,-27.568012,48.71134,54.029305
174,-2.710341215133667,-107.9161148071289,63.67801284790039,1.777894221988662,2.3629033464884275,-94.4127739616092,0.31078056,-6.233886,15.212014,10.733143,-15.773139,0.8173751,-24.367205,-4.850468,-6.2478333,49.14356,-8.456516,1.2252496,-7.4776034,-1.9367045,26.13882,-29.1704,47.222736,5.158341,-27.528776,49.391407,54.423363
175,-2.7331581115722656,-108.70319366455078,63.6243896484375,1.772217049375947,2.3524740326094564,-94.1327788009491,1.1691151,-6.30559,14.872579,10.227911,-15.985503,0.7582034,-24.748398,-4.692323,-6.5184703,46.154613,-8.460405,1.396492,-8.171916,-2.701521,26.277542,-29.105408,45.86493,5.7411656,-27.491669,50.038147,54.82073
176,-2.7608160972595215,-109.49308013916016,63.54622268676758,1.798256278364597,2.33646579226346,-93.87319255237773,2.0130644,-6.397457,14.563597,9.796892,-16.262522,0.668022,-25.095158,-4.546082,-6.7559834,43.100616,-8.417314,1.5955908,-8.863813,-3.471512,26.425703,-29.05076,44.538696,6.2651224,-27.456358,50.62199,55.234337
177,-2.784118175506592,-110.28463745117188,63.434486389160156,1.8543232008094153,2.315501332394762,-93.62963449467196,2.8445272,-6.5066414,14.287601,9.43233,-16.605902,0.52791625,-25.413002,-4.4170203,-6.9761424,39.969307,-8.314423,1.7714673,-9.555925,-4.2686796,26.584644,-29.021767,43.25709,6.7338223,-27.422785,51.124607,55.660034
178,-2.8115854263305664,-111.07312774658203,63.29995346069336,1.927599446471182,2.2890552939118534,-93.39841767319247,3.5208254,-6.581292,14.053793,9.484656,-17.20853,0.3535502,-25.693115,-4.296659,-7.190495,36.73731,-8.1446705,1.947616,-10.230188,-5.087969,26.75481,-29.030874,41.992523,7.16718,-27.391258,51.540016,56.07984
179,-2.831367015838623,-111.8602294921875,63.14431381225586,2.025337750264661,2.255774670799701,-93.19227265890035,4.1836557,-6.671767,13.853626,9.603068,-17.85081,0.16068347,-25.935034,-4.1746407,-7.3516884,33.449036,-7.950666,2.21651,-10.860093,-5.9265513,26.935371,-29.076052,40.760147,7.5805235,-27.361597,51.85572,56.49278
180,-2.8398985862731934,-112.64338684082031,62.96299743652344,2.1456344225965354,2.2137097262630965,-93.0223351678517,4.8475523,-6.782767,13.690495,9.758907,-18.503258,-0.03840902,-26.141272,-4.040632,-7.417615,30.152681,-7.776813,2.664873,-11.425471,-6.7801642,27.1244,-29.147636,39.58073,7.991333,-27.333414,52.05942,56.89355
181,-2.850639820098877,-113.44450378417969,62.77032470703125,2.299649896171377,2.1626952929199392,-92.88927410465676,5.516199,-6.92789,13.5660925,9.946271,-19.158121,-0.24384019,-26.28705,-3.8992856,-7.363754,26.73252,-7.580572,3.3642426,-11.92885,-7.643554,27.31995,-29.236677,38.444584,8.404308,-27.306658,52.137966,57.27008
182,-2.8623039722442627,-114.25526428222656,62.560367584228516,2.4859953448257337,2.1049971528910163,-92.7907790117402,6.1881194,-7.10383,13.481541,10.165668,-19.823137,-0.465077,-26.370306,-3.7668927,-7.2118487,23.17311,-7.34425,4.236621,-12.371783,-8.515865,27.52154,-29.34511,37.338722,8.810898,-27.28177,52.090042,57.630013
183,-2.8819947242736816,-115.06373596191406,62.3387451171875,2.678518822831942,2.0429801007729895,-92.7274223085852,6.8619633,-7.2815714,13.43289,10.410979,-20.49703,-0.7002083,-26.413277,-3.6406734,-7.0013084,19.638039,-7.123818,5.1486177,-12.745161,-9.406013,27.729706,-29.480242,36.28906,9.215953,-27.258528,51.92825,57.979027
184,-2.896975517272949,-115.88066864013672,62.10540008544922,2.8522022774790323,1.9800430981544324,-92.69958077256732,7.5301423,-7.4345846,13.415688,10.690972,-21.19059,-0.94448024,-26.443445,-3.5090396,-6.773478,16.303228,-6.978862,5.979197,-13.041427,-10.323797,27.945272,-29.65114,35.320827,9.617461,-27.236246,51.67222,58.33042
185,-2.9149081707000732,-116.6942367553711,61.86064529418945,3.009945147507526,1.9120745049074357,-92.71037644667933,8.197247,-7.5718637,13.429305,11.00491,-21.931988,-1.1970154,-26.450708,-3.365162,-6.4727116,13.084766,-6.928276,6.737448,-13.267052,-11.288616,28.170021,-29.865974,34.437717,9.9998255,-27.214218,51.330532,58.700344
186,-2.9395556449890137,-117.50862884521484,61.616336822509766,3.128728292351909,1.8571336732703472,-92.75085944766947,8.832355,-7.6646194,13.476672,11.3883705,-22.732798,-1.4608532,-26.311134,-3.1636405,-6.1312523,9.611417,-6.7533255,7.477321,-13.330071,-12.336779,28.499424,-30.249191,33.567097,10.466488,-27.183529,50.738445,59.01068
187,-2.9718902111053467,-118.33560180664062,61.3508415222168,3.345463483990051,1.8421957536312257,-92.72629754281284,9.430804,-7.837727,13.443401,11.787709,-23.502018,-1.722574,-26.4092,-3.1205816,-5.8734465,6.9418907,-6.9268327,8.182688,-13.397026,-13.300958,28.808798,-30.598436,32.618004,10.815347,-27.15593,50.07418,59.421577
188,-3.001970052719116,-119.16605377197266,61.070960998535156,3.6386038259193536,1.8797208690200904,-92.63217411409497,9.977559,-8.062056,13.329992,12.206549,-24.18899,-1.9791838,-25.956928,-3.1216927,-5.876397,3.262299,-6.2017126,8.809546,-13.473562,-14.171305,29.09882,-30.875927,31.626282,11.073933,-27.13094,49.348457,59.895885
189,-3.039882183074951,-120.00435638427734,60.79568862915039,3.9485424545303855,1.960698087564606,-92.5383941071419,10.487836,-8.291618,13.236148,12.622311,-24.801489,-2.2219882,-25.141115,-3.081396,-6.1737027,-0.9730417,-4.8336606,9.377859,-13.517654,-14.982441,29.372387,-31.07658,30.667002,11.284359,-27.107302,48.578022,60.373486
190,-3.085796594619751,-120.83885955810547,60.53654479980469,4.231810757519208,2.062132831610543,-92.4823024079339,10.981893,-8.49673,13.19709,13.038007,-25.360392,-2.4607534,-24.936516,-3.04835,-6.617864,-3.3707783,-4.3207226,9.903549,-13.51367,-15.765133,29.634516,-31.224922,29.79606,11.475816,-27.083393,47.778477,60.83005
191,-3.127674102783203,-121.67247772216797,60.295413970947266,4.44123111860252,2.1674224435390137,-92.47107620663772,11.461526,-8.622936,13.187087,13.4944515,-25.83871,-2.7235343,-25.03633,-2.9634814,-7.116093,-4.54669,-4.261007,10.317085,-13.36339,-16.471485,29.958294,-31.413076,28.947638,11.784439,-27.052197,46.8099,61.19347
192,-3.1681530475616455,-122.51553344726562,60.07783508300781,4.544155048185577,2.228718767276269,-92.51118599053109,11.964818,-8.640484,13.172056,14.007539,-26.189142,-3.034203,-25.280579,-2.8175373,-7.5616937,-4.6858563,-4.510728,10.548254,-13.224053,-17.128035,30.252365,-31.563429,28.350805,12.1027155,-27.019627,45.968925,61.5252
193,-3.222803831100464,-123.37242126464844,59.889137268066406,4.548748579259687,2.2250256110948037,-92.61385403283293,12.50471,-8.551702,13.138648,14.610952,-26.447556,-3.4046125,-25.756718,-2.6467478,-7.989552,-3.3783927,-5.303188,10.654632,-13.074609,-17.731052,30.52132,-31.68079,28.007715,12.45293,-26.982594,45.236885,61.84742
194,-3.27799916267395,-124.24789428710938,59.71522521972656,4.458706841413051,2.1825094770007767,-92.7465642194174,12.958191,-8.3253355,13.101059,15.543744,-26.772266,-3.8237202,-26.459764,-2.4569526,-8.466542,-0.7847909,-6.5635104,10.646507,-12.879676,-18.262838,30.820482,-31.802391,27.80767,12.879082,-26.9321,44.495945,62.12168
195,-3.3357410430908203,-125.13729095458984,59.55666732788086,4.217769563738197,2.1304801326721283,-92.9116490114102,13.331769,-7.9181447,13.101227,16.696804,-27.05006,-4.2771945,-27.69018,-2.2390044,-8.859453,3.5208337,-8.554172,10.388224,-12.660265,-18.758066,31.172216,-31.960978,27.783895,13.3659315,-26.859974,43.78753,62.29018
196,-3.3912458419799805,-126.03876495361328,59.42946243286133,3.8371248558445803,2.1077196840602377,-93.09905101479872,13.651878,-7.355725,13.152284,17.898533,-27.13804,-4.7499914,-28.656563,-1.8532702,-9.063483,7.2233343,-9.912838,9.730221,-12.466744,-19.22429,31.559505,-32.129704,27.944603,13.823153,-26.762192,43.18882,62.36674
197,-3.4601311683654785,-126.93152618408203,59.34407043457031,3.330660861639366,2.134867638276401,-93.29066156142913,13.905749,-6.6556497,13.249143,19.151512,-27.082718,-5.246557,-29.10786,-1.2632773,-9.04574,9.689013,-10.197575,8.441543,-12.326377,-19.663733,31.9473,-32.27314,28.30568,14.199246,-26.640812,42.728024,62.394596
198,-3.5278890132904053,-127.84857940673828,59.262115478515625,2.798236099809051,2.21372599907179,-93.4143429983076,14.0850725,-5.896423,13.282562,20.476788,-26.895975,-5.7719207,-29.876055,-0.7270974,-8.892483,13.077292,-10.69917,6.693448,-12.289541,-20.056755,32.277,-32.346466,28.819859,14.454997,-26.516571,42.366436,62.443176
199,-3.6158740520477295,-128.77957153320312,59.21236801147461,2.247081228773269,2.320829415111345,-93.45912174012555,14.169411,-5.0716643,13.228501,21.944836,-26.50668,-6.32001,-30.540775,-0.16433106,-8.689776,16.19704,-10.831292,4.890561,-12.335157,-20.390356,32.5601,-32.396133,29.451145,14.672253,-26.391716,42.030193,62.440628
200,-3.745039463043213,-129.71548461914062,59.19834518432617,1.6996182446284636,2.426507986484218,-93.41684159381487,14.140039,-4.1921735,13.059479,23.631767,-25.844398,-6.882349,-30.963808,0.41417655,-8.493924,18.589128,-10.459543,3.4290798,-12.460271,-20.642504,32.777676,-32.43743,30.18218,14.90247,-26.272629,41.68159,62.343067
201,-3.8773622512817383,-130.66392517089844,59.211055755615234,1.1139868741747023,2.5359791458619534,-93.25593678924453,14.001718,-3.196061,12.753717,25.537184,-24.912876,-7.4766526,-31.165165,1.0240949,-8.2425785,20.238943,-9.450583,2.3604689,-12.683768,-20.847525,32.93457,-32.51657,31.054878,15.205375,-26.151974,41.275505,62.08153
202,-4.000703811645508,-131.63645935058594,59.233951568603516,0.4708547746450604,2.6584122897789304,-93.01713912377097,13.7626505,-2.090628,12.358227,27.629503,-23.74774,-8.107996,-31.231659,1.6729196,-7.928501,21.479809,-7.991223,1.4698753,-12.981414,-21.026024,33.047066,-32.63195,32.097126,15.561608,-26.024467,40.85104,61.68142
203,-4.1181640625,-132.62588500976562,59.26789474487305,-0.1408347714143153,2.7667888243387218,-92.77852182337828,13.411474,-1.0065057,11.918973,29.931496,-22.315266,-8.7445345,-31.19307,2.280544,-7.666664,22.553135,-6.5457335,0.74812126,-13.278798,-21.04938,33.100388,-32.665844,33.187145,15.891106,-25.9027,40.467434,61.261864
204,-4.241732597351074,-133.63491821289062,59.31055450439453,-0.635773587747907,2.830632988005758,-92.61936128137287,12.939162,-0.068648115,11.482109,32.4657,-20.577425,-9.349837,-31.077244,2.769779,-7.555624,23.67824,-5.5648146,0.19059528,-13.498269,-20.814917,33.07499,-32.5153,34.217762,16.109804,-25.80056,40.177258,60.937298
205,-4.356305122375488,-134.6339874267578,59.3482551574707,-0.9835156712929873,2.8323317168950104,-92.54879536990092,12.355762,0.6920772,11.037334,35.277,-18.448643,-10.030776,-30.898972,3.0859597,-7.6745257,24.963228,-5.210607,-0.084364496,-13.634106,-20.252552,32.956333,-32.105103,35.142982,16.19199,-25.722967,39.976707,60.753387
206,-4.44904899597168,-135.6133270263672,59.38559341430664,-1.238277652017532,2.785779372831598,-92.53443918288264,11.656993,1.3486876,10.560278,38.35644,-15.977765,-10.757908,-30.657074,3.2613273,-7.9283533,26.327848,-5.260961,-0.12845911,-13.710628,-19.434912,32.756508,-31.506151,36.020775,16.186863,-25.662083,39.833416,60.63445
207,-4.533549785614014,-136.5892333984375,59.44538116455078,-1.4417181692746595,2.7096579050158063,-92.59226089611731,10.822483,1.9317917,10.090986,41.620342,-13.318658,-11.300943,-30.353,3.3723562,-8.152587,27.666536,-5.5700326,-0.17421632,-13.699706,-18.51771,32.49517,-30.86483,36.931026,16.108242,-25.614328,39.76152,60.52292
208,-4.606103897094727,-137.5575714111328,59.514122009277344,-1.6324560683597171,2.6234823383270562,-92.73271825805828,9.839907,2.4684255,9.687437,44.970646,-10.606399,-11.447285,-29.981459,3.52941,-8.186766,28.84139,-5.9681196,-0.43061477,-13.575081,-17.638702,32.19511,-30.318075,37.9407,15.971922,-25.576452,39.769413,60.36176
209,-4.677995204925537,-138.51864624023438,59.59217071533203,-1.7990266631747276,2.511347996903522,-93.00799981563729,8.668568,2.9159536,9.35132,48.545612,-7.7721267,-10.941683,-29.53778,3.8076792,-7.922241,29.827003,-6.460958,-0.9905986,-13.292336,-16.790194,31.853153,-29.867414,39.077053,15.7651825,-25.550388,39.895824,60.177685
210,-4.7554802894592285,-139.46548461914062,59.691322326660156,-1.9265610740169048,2.370174699392747,-93.39343604744387,7.3417196,3.281809,9.103978,52.308605,-4.73167,-9.987193,-29.03098,4.184833,-7.465025,30.676983,-7.093758,-1.7064342,-12.87531,-15.91038,31.468763,-29.457266,40.29223,15.48856,-25.536446,40.11916,59.981228
211,-4.836092472076416,-140.4047393798828,59.808998107910156,-2.0515331530777297,2.241037315910061,-93.783920207154,5.9507275,3.6761618,9.009962,55.923576,-1.6225061,-9.037845,-28.464476,4.6206145,-6.980631,31.343992,-7.7521396,-2.4273913,-12.40848,-15.051154,31.075253,-29.129549,41.54131,15.174215,-25.52909,40.364746,59.692696
212,-4.92251443862915,-141.3324737548828,59.94098663330078,-2.2083933851858997,2.165917788664084,-94.07447225730041,4.573669,4.2132807,9.084384,59.100044,1.3680898,-8.519986,-27.839512,5.03949,-6.636005,31.786066,-8.344687,-3.0068753,-11.974819,-14.255298,30.709068,-28.919855,42.771027,14.847191,-25.523453,40.555965,59.24133
213,-5.01406717300415,-142.24618530273438,60.084808349609375,-2.416534527174756,2.1678861194316394,-94.22204495198773,3.195957,5.0123534,9.410583,61.840954,4.5258512,-8.64043,-27.14765,5.4027605,-6.50155,31.96738,-8.882606,-3.4117968,-11.607354,-13.523515,30.385502,-28.821499,43.95693,14.530871,-25.516985,40.665264,58.57393
214,-5.110007286071777,-143.1468048095703,60.238502502441406,-2.656319152844379,2.2214478309030774,-94.28742796242386,1.7735164,6.0042534,9.902884,64.33859,7.8017287,-9.09896,-26.388226,5.740879,-6.482323,31.916597,-9.409622,-3.7245643,-11.2588,-12.824897,30.095503,-28.8145,45.121216,14.205902,-25.51289,40.734528,57.74191
215,-5.207485198974609,-144.0331573486328,60.412044525146484,-2.8993294176789237,2.294391026637101,-94.32093725075944,0.341628,6.994022,10.312927,66.57504,10.489984,-9.588263,-25.57262,6.0615907,-6.4962387,31.695652,-9.8992,-3.9676669,-10.893328,-12.149428,29.831902,-28.910923,46.278812,13.829531,-25.515514,40.790222,56.837353
216,-5.302932262420654,-144.9054412841797,60.59025573730469,-3.1185165921051063,2.353716102043726,-94.36729348575734,-1.0617265,7.7799096,10.431797,68.50631,11.890531,-9.81312,-24.715818,6.3708687,-6.465477,31.372768,-10.325331,-4.161548,-10.481264,-11.484553,29.586647,-29.125694,47.442482,13.358979,-25.528858,40.858856,55.951954
217,-5.388476848602295,-145.75503540039062,60.770137786865234,-3.317880925071999,2.3982426720228833,-94.40774297484411,-2.4437191,8.255837,10.10247,70.09678,11.503633,-9.668234,-23.816652,6.6646132,-6.402014,30.947021,-10.688485,-4.2892914,-10.032157,-10.837621,29.358791,-29.495768,48.616543,12.7851715,-25.554106,40.955463,55.08706
218,-5.472434997558594,-146.6115264892578,60.95635223388672,-3.5024815957040114,2.4407991993671594,-94.42351387248242,-3.8193307,8.518865,9.478196,71.37432,9.815192,-9.330356,-22.865414,6.932147,-6.3400154,30.389265,-11.000953,-4.3428736,-9.561379,-10.209186,29.147814,-30.006826,49.794544,12.12697,-25.589426,41.06096,54.208454
219,-5.549901962280273,-147.45809936523438,61.147544860839844,-3.658086996678064,2.4686128197298736,-94.46035358396861,-5.158033,8.687619,8.841454,72.37486,7.609656,-8.914785,-21.872217,7.1710415,-6.235862,29.742987,-11.2627945,-4.358052,-9.048138,-9.567671,28.94644,-30.595137,50.96642,11.385255,-25.634369,41.155304,53.347565
220,-5.6202874183654785,-148.30638122558594,61.34950637817383,-3.7673619620023864,2.468634973319875,-94.56261987909686,-6.42725,8.901456,8.489406,73.12312,5.6742096,-8.527817,-20.844671,7.376613,-6.045087,29.045227,-11.47012,-4.3726707,-8.472733,-8.874554,28.746954,-31.192966,52.115837,10.560452,-25.6887,41.22144,52.536846
221,-5.678118705749512,-149.14212036132812,61.55434799194336,-3.8143748144260474,2.429826467381582,-94.753612023085,-7.616778,9.167686,8.463108,73.59141,4.096991,-8.208432,-19.779707,7.5406337,-5.738192,28.305843,-11.617817,-4.3938746,-7.822063,-8.1038885,28.544493,-31.8006,53.23979,9.62113,-25.756353,41.274883,51.793785
222,-5.7255635261535645,-149.97000122070312,61.7605094909668,-3.8118062967414157,2.359567969028639,-95.00488785756322,-8.743022,9.4287815,8.612314,73.77214,2.5032375,-7.899461,-18.672737,7.6635118,-5.345286,27.506538,-11.710035,-4.403758,-7.1117573,-7.271436,28.342924,-32.450928,54.340553,8.574719,-25.837336,41.327312,51.10208
223,-5.772189617156982,-150.807861328125,61.97222900390625,-3.782405641105539,2.273141818308796,-95.28432703713844,-9.810105,9.738428,8.963821,73.716324,0.9789292,-7.5622826,-17.532715,7.7543883,-4.9100995,26.648577,-11.761532,-4.4021673,-6.365437,-6.401632,28.148142,-33.122196,55.411995,7.4868817,-25.924547,41.351955,50.435005
224,-5.804905891418457,-151.63262939453125,62.17410659790039,-3.7467602252408803,2.186549915233893,-95.55981762986633,-10.82191,10.147473,9.543829,73.47537,-0.39114657,-7.1622667,-16.367805,7.823209,-4.4767394,25.728481,-11.783887,-4.386617,-5.606878,-5.5218186,27.96596,-33.790504,56.450527,6.42154,-26.010904,41.32085,49.76741
225,-5.840089321136475,-152.4547576904297,62.3682746887207,-3.70461110409792,2.0964787710923427,-95.82858148068321,-11.762027,10.699618,10.451499,73.04565,-1.5513786,-6.707733,-15.162283,7.865257,-4.046516,24.71991,-11.767783,-4.3364797,-4.8312783,-4.6347046,27.796337,-34.47744,57.46729,5.363344,-26.097391,41.263363,49.130775
226,-5.871763706207275,-153.28802490234375,62.5577507019043,-3.6459207527731934,1.996540133495537,-96.106308811007,-12.626775,11.343658,11.646,72.40498,-2.5612385,-6.2322526,-13.919828,7.8738914,-3.5998173,23.63839,-11.712661,-4.2544074,-4.0290303,-3.7248354,27.635502,-35.18968,58.4604,4.2828193,-26.187954,41.187897,48.53226
227,-5.904781341552734,-154.1265106201172,62.73792266845703,-3.581595484301073,1.8985771129901141,-96.3878118563252,-13.440326,11.990059,12.943183,71.57536,-3.5078654,-5.7343316,-12.672014,7.8598824,-3.1495228,22.530262,-11.640469,-4.173328,-3.2152998,-2.7934568,27.482708,-35.876247,59.407562,3.2232718,-26.280039,41.033287,47.908886
228,-5.943765640258789,-154.95391845703125,62.90764236450195,-3.526008788992987,1.8157758315412509,-96.66746798684439,-14.235264,12.557256,14.15397,70.57765,-4.477196,-5.205488,-11.454418,7.8372087,-2.7097418,21.450634,-11.575139,-4.1291327,-2.4057634,-1.8431621,27.337463,-36.482174,60.286892,2.2286315,-26.37102,40.73759,47.19485
229,-5.9733757972717285,-155.78482055664062,63.06039810180664,-3.4808696459545057,1.7485713921918482,-96.93770989260575,-15.023048,13.04135,15.253992,69.417175,-5.5267096,-4.6039786,-10.269243,7.8111916,-2.288034,20.406784,-11.5157585,-4.15316,-1.6100863,-0.86362606,27.197939,-37.008266,61.09241,1.3268294,-26.45721,40.243847,46.363277
230,-6.002260208129883,-156.61085510253906,63.192264556884766,-3.443267110126121,1.6917058138125929,-97.20267549212377,-15.790339,13.475755,16.333143,68.08344,-6.602304,-3.956179,-9.103601,7.7781863,-1.8782945,19.380974,-11.457708,-4.219898,-0.8191397,0.14292671,27.062721,-37.474495,61.838486,0.49274924,-26.541668,39.59865,45.44662
231,-6.026138782501221,-157.42633056640625,63.30370330810547,-3.4160860177594645,1.649836489686188,-97.47386243155881,-16.53712,13.84618,17.373678,66.57402,-7.6208,-3.3418934,-7.9663754,7.7395988,-1.4737201,18.380322,-11.415002,-4.283028,-0.027651701,1.1575451,26.932032,-37.844658,62.53358,-0.30257395,-26.631203,38.897667,44.457325
232,-6.0447258949279785,-158.24302673339844,63.4000358581543,-3.3990795158209353,1.627601985719408,-97.76337263928387,-17.262812,14.142483,18.363201,64.88568,-8.495434,-2.8324296,-6.8683796,7.69493,-1.0666101,17.4162,-11.402896,-4.2966604,0.6931221,2.247036,26.833073,-37.962715,63.13377,-1.1741819,-26.705585,38.357372,43.45857
233,-6.068228721618652,-159.05775451660156,63.47795104980469,-3.3888250506794892,1.6346239237444096,-98.07629566097276,-17.979895,14.365364,19.31689,63.01306,-9.21148,-2.3941133,-5.803877,7.64014,-0.6511098,16.447224,-11.407279,-4.242643,1.4221505,3.3303578,26.73777,-37.93688,63.6768,-2.061212,-26.782364,37.878166,42.405968
234,-6.091398239135742,-159.86830139160156,63.53459930419922,-3.3860626401159926,1.6656222824118718,-98.40682429154641,-18.688566,14.527624,20.242283,60.965897,-9.815013,-1.9972684,-4.770469,7.5785093,-0.23163521,15.483935,-11.424008,-4.1481185,2.185286,4.38015,26.632818,-37.82193,64.18755,-2.8992164,-26.873436,37.36656,41.259266
235,-6.106839656829834,-160.68223571777344,63.56950378417969,-3.4067328234700867,1.7015098083604991,-98.74624235577697,-19.37065,14.643888,21.112,58.763065,-10.307774,-1.7124535,-3.7634165,7.5237184,0.18133138,14.566252,-11.467648,-4.0383677,2.9663355,5.3783555,26.527878,-37.634415,64.690056,-3.7066457,-26.97239,36.856407,40.064835
236,-6.125491142272949,-161.4920654296875,63.58391189575195,-3.4639341027859887,1.7238326270178648,-99.08522556568948,-20.007118,14.731867,21.898159,56.417255,-10.687139,-1.6082882,-2.7846413,7.492687,0.5765929,13.750251,-11.55881,-3.9414895,3.7404277,6.300795,26.431992,-37.39531,65.21277,-4.528982,-27.071337,36.403675,38.889904
237,-6.141163349151611,-162.29751586914062,63.57783508300781,-3.5593221410414415,1.7354197271060807,-99.43538741385767,-20.597034,14.806105,22.596542,53.915413,-10.948231,-1.7127488,-1.8446906,7.4870157,0.96515423,13.051699,-11.703669,-3.8758488,4.532382,7.133631,26.3311,-37.06799,65.77637,-5.3299704,-27.187347,35.95103,37.702824
238,-6.164889335632324,-163.1055450439453,63.54828643798828,-3.6869591550651424,1.7430208663349556,-99.79679322160526,-21.150408,14.861983,23.221909,51.255413,-11.091218,-1.9749948,-0.9407765,7.501785,1.3483686,12.445893,-11.894813,-3.8300915,5.3279314,7.8827267,26.229343,-36.64463,66.372314,-6.120287,-27.316223,35.523563,36.492435
239,-6.183949947357178,-163.92044067382812,63.49677276611328,-3.8461082345807682,1.7346058507454498,-100.14142348413847,-21.665316,14.884781,23.773058,48.466,-11.125522,-2.343192,-0.05913172,7.539297,1.6995703,11.938321,-12.14145,-3.7866704,6.0994444,8.556695,26.14603,-36.218864,66.9719,-6.9477596,-27.431679,35.18649,35.325356
240,-6.2090606689453125,-164.73245239257812,63.420753479003906,-4.028573030332839,1.7070502194167323,-100.4418129338526,-22.146217,14.855116,24.251154,45.5733,-11.058952,-2.764114,0.8032648,7.5955653,1.9907917,11.541039,-12.457705,-3.7245357,6.801047,9.207874,26.067558,-35.770035,67.542755,-7.7737265,-27.559895,34.900116,34.167694
241,-6.234459400177002,-165.54466247558594,63.32288360595703,-4.246908528235036,1.6457690189707614,-100.69442256145805,-22.583132,14.798859,24.667093,42.563015,-10.883431,-3.1613119,1.6652402,7.686091,2.204006,11.241321,-12.84337,-3.6412501,7.4599767,9.744957,26.014538,-35.434837,68.13869,-8.651422,-27.663038,34.726048,33.09552
242,-6.266313552856445,-166.3616943359375,63.20061492919922,-4.471550253683769,1.566453992304473,-100.91416061257027,-22.98614,14.700762,25.025213,39.437054,-10.608613,-3.5713522,2.4884028,7.781519,2.3539946,11.088987,-13.320692,-3.5475652,8.087946,10.278136,25.963493,-35.073,68.67637,-9.570387,-27.783697,34.59274,32.078506
243,-6.2953009605407715,-167.18646240234375,63.05161666870117,-4.684850770972199,1.4749559370656153,-101.0966562811156,-23.3729,14.546117,25.288126,36.278553,-10.293676,-4.1088214,3.1818275,7.870686,2.454997,11.295915,-14.008112,-3.441193,8.661698,10.795521,25.916332,-34.701473,69.16261,-10.52695,-27.92208,34.520947,31.124153
244,-6.330805778503418,-168.01939392089844,62.8878059387207,-4.892718408166757,1.383597277764827,-101.23352103819406,-23.747082,14.331326,25.412544,33.11446,-9.969583,-4.884143,3.8262525,7.9551635,2.5420477,11.64283,-14.767668,-3.3169444,9.154743,11.291567,25.873398,-34.318665,69.60685,-11.508251,-28.075455,34.50561,30.218067
245,-6.370623588562012,-168.84840393066406,62.70710754394531,-5.108679525241189,1.2949763477555796,-101.31200160315979,-24.107016,14.052262,25.362183,29.853977,-9.553598,-5.9874477,4.4693027,8.048942,2.6172547,12.013389,-15.543219,-3.1735668,9.555177,11.758813,25.835768,-33.927116,70.00795,-12.526818,-28.241766,34.54618,29.351093
246,-6.407094955444336,-169.67967224121094,62.517791748046875,-5.331266212021944,1.2049210118814144,-101.33591408706727,-24.434671,13.7322235,25.160513,26.47737,-9.056641,-7.313768,5.11342,8.152429,2.6670995,12.408162,-16.335014,-3.01245,9.863976,12.197042,25.80404,-33.5244,70.37088,-13.559462,-28.419172,34.639927,28.507414
247,-6.4436845779418945,-170.51394653320312,62.3187255859375,-5.54423958056901,1.1199301863371058,-101.32512767217449,-24.718306,13.395735,24.865608,23.118786,-8.641404,-8.688198,5.7479043,8.242475,2.703724,12.828162,-17.116203,-2.8330379,10.114141,12.613517,25.777489,-33.11337,70.69718,-14.611075,-28.606415,34.787186,27.723804
248,-6.476412773132324,-171.34304809570312,62.120849609375,-5.678351422249304,1.0531871378380184,-101.28009041434485,-24.889513,12.9567995,24.565586,19.74188,-8.362448,-9.938848,6.339123,8.245431,2.711524,13.3189,-17.890072,-2.631691,10.232664,13.137991,25.743904,-32.553493,70.89627,-15.707512,-28.883198,35.09155,26.987988
249,-6.499286651611328,-172.18222045898438,61.916168212890625,-5.812004872160826,0.9904962200062611,-101.23030741842538,-25.017063,12.5215,24.160437,16.461525,-8.404547,-10.976243,6.9248247,8.232054,2.7342024,13.818991,-18.627628,-2.394192,10.328821,13.637988,25.716251,-32.025753,71.07694,-16.748512,-29.148865,35.40898,26.27976
250,-6.5146894454956055,-173.02296447753906,61.719268798828125,-5.872019953274561,0.9375098960754206,-101.13757292109828,-24.933178,11.90672,23.701057,12.784688,-8.412287,-11.881888,7.487976,8.136743,2.7229354,14.367483,-19.365234,-2.1209915,10.308182,14.210064,25.683836,-31.418032,71.14697,-17.796118,-29.480133,35.845646,25.59771
251,-6.524188995361328,-173.87356567382812,61.5194091796875,-5.936854890387603,0.9595613187529748,-101.13585889966244,-24.561989,11.206671,23.478062,8.613081,-8.105254,-12.830886,7.9557433,8.020719,2.8055465,14.97933,-20.070744,-1.8366628,10.213922,14.818988,25.638702,-30.580193,71.13971,-18.782833,-29.997456,36.436237,24.703747
252,-6.535747528076172,-174.75106811523438,61.25553894042969,-6.466916626644313,1.0388095895822425,-101.39432821946114,-22.39627,10.259263,23.895306,0.114078455,-4.9530416,-14.013495,8.381552,8.341521,3.2194932,15.554377,-20.629364,-1.5941411,10.5313425,14.662912,25.638462,-30.06772,71.78567,-19.412683,-30.214983,36.480762,23.662022
253,-6.506070613861084,-175.62655639648438,60.986995697021484,-7.036611110510851,1.1120048301835919,-101.5549141458031,-21.845497,9.869933,24.173231,-3.7856812,-4.2893095,-14.323944,8.778986,8.684023,3.543053,16.210331,-21.147936,-1.3618051,10.845654,14.31227,25.648264,-29.66503,72.57311,-19.982224,-30.330662,36.436142,22.802122
254,-6.456111431121826,-176.50648498535156,60.72269058227539,-7.622400403857758,1.21280091829853,-101.63713702002252,-21.55449,9.434834,24.464958,-6.75752,-4.040968,-14.323944,9.140972,9.029313,3.7992175,16.906847,-21.620533,-1.1314048,11.024776,13.896597,25.662285,-29.139917,73.40069,-20.473694,-30.458015,36.38283,21.942085
255,-6.41258430480957,-177.38458251953125,60.478431701660156,-8.062719853347263,1.2979419920315658,-101.67697148282157,-21.694767,9.14305,24.741077,-7.9725165,-4.437985,-14.323944,9.395865,9.24446,4.007164,17.902874,-22.148401,-0.89753944,11.155807,13.619013,25.674059,-28.569006,74.068306,-20.940096,-30.597923,36.378387,21.267538
256,-6.405385494232178,-178.25558471679688,60.26801300048828,-8.23966528941932,1.3624807225795712,-101.65075269882021,-22.162804,9.002076,24.969597,-7.470327,-5.217206,-14.323944,9.639435,9.225979,4.1569657,18.981903,-22.561522,-0.6461774,11.058173,13.866304,25.674986,-27.678585,74.28294,-21.37676,-30.882607,36.611027,20.680576
257,-6.432126522064209,-179.13844299316406,60.09463119506836,-8.148702705734827,1.3516487789145413,-101.55155929250883,-22.522709,8.88874,25.281513,-6.017958,-5.7408166,-14.323944,9.92706,8.974665,4.2604837,20.14594,-22.895847,-0.36991298,10.922472,14.425644,25.643448,-26.880804,74.22215,-21.855095,-31.259298,37.07532,20.418064
258,-6.468111038208008,-180.03799438476562,59.95975112915039,-7.841842374143541,1.2905958796346424,-101.38428630345545,-22.992252,8.851683,25.65158,-3.2755272,-6.373041,-14.323944,10.221462,8.535779,4.308618,21.420198,-23.170732,-0.07693788,10.791525,15.086779,25.554253,-26.245674,74.05347,-22.284985,-31.761103,37.634827,20.365599
259,-6.483575820922852,-180.90614318847656,59.91435623168945,-7.361841595799723,1.1963719810986833,-101.15247633919819,-24.121727,9.133997,25.848885,1.7541637,-7.9673185,-14.323944,10.518593,7.9465327,4.285747,22.753727,-23.272032,0.22538874,10.796059,15.688698,25.432611,-25.977022,73.84291,-22.6799,-32.213303,38.101906,20.678364
260,-6.520949363708496,-181.81776428222656,59.85267639160156,-6.831600997177591,1.1365066040810523,-100.92785066629276,-25.499186,9.548986,25.845905,7.339031,-9.791313,-14.323944,10.740568,7.3190136,4.2494807,24.167719,-23.130661,0.52447075,10.844121,16.238415,25.30715,-25.855991,73.57397,-23.049934,-32.57197,38.523308,21.187199
261,-6.593008995056152,-182.767333984375,59.7785530090332,-6.440895884314772,1.1882090365160571,-100.88703110105429,-26.751266,10.161236,25.74615,12.297282,-11.136603,-14.323944,10.82611,6.8209033,4.3950768,25.650412,-22.781786,0.7973674,10.994521,16.606094,25.20582,-25.732758,73.35969,-23.308111,-32.816994,38.812256,21.645226
262,-6.622950553894043,-183.7119140625,59.730987548828125,-5.991553947310947,1.3001243164426621,-100.76383240785451,-27.889505,10.388636,25.323149,16.700691,-11.953867,-12.623024,10.814896,6.267543,4.4420443,27.260178,-22.302935,1.0978912,11.052788,16.98123,25.097008,-25.6558,73.048996,-23.513655,-33.03836,39.084248,22.20887
263,-6.60309362411499,-184.6439666748047,59.71764373779297,-5.452710997858322,1.418165943259783,-100.52993178333638,-28.681807,10.033024,24.784214,19.950813,-12.037492,-9.594942,10.705689,5.627311,4.357391,29.055773,-21.596832,1.4538914,11.017534,17.39845,24.981766,-25.660036,72.62251,-23.663345,-33.22198,39.352703,22.919933
264,-6.566486358642578,-185.59640502929688,59.71131896972656,-4.922604839272082,1.5234838490224583,-100.39054917611504,-29.162191,9.584185,24.38631,22.410795,-11.75375,-7.355541,10.452501,4.9777884,4.353531,31.09069,-20.540325,1.8634663,11.050645,17.7933,24.877153,-25.70782,72.146416,-23.666588,-33.35776,39.544407,23.637043
265,-6.527982711791992,-186.56744384765625,59.70374298095703,-4.379396817213938,1.6157200335889967,-100.3911224723569,-29.313944,9.097558,24.113237,24.114458,-11.0660305,-6.248007,10.056384,4.2849097,4.473452,33.400932,-19.089724,2.425518,11.194172,18.192768,24.780237,-25.793444,71.59261,-23.520355,-33.450848,39.656948,24.361763
266,-6.493155479431152,-187.54913330078125,59.706695556640625,-3.7984560203419315,1.707966634069637,-100.4790150235813,-29.254095,8.601237,23.884846,25.418217,-10.138078,-5.787588,9.529967,3.5439444,4.6667075,35.954666,-17.31444,3.0988443,11.411774,18.60355,24.686033,-25.934847,70.95011,-23.24481,-33.51511,39.697433,25.130672
267,-6.4564995765686035,-188.54376220703125,59.71990966796875,-3.227374485621771,1.7860557789719258,-100.56841618273693,-29.074028,8.126319,23.671719,26.584713,-9.336265,-5.4912176,8.868806,2.831919,4.8568664,38.70973,-15.266802,3.7064304,11.61494,18.98297,24.603823,-26.132856,70.27615,-22.83168,-33.53524,39.664845,25.932606
268,-6.426577091217041,-189.52957153320312,59.729827880859375,-2.710853044923603,1.8344875324739436,-100.57242563177127,-28.866047,7.6684628,23.451681,27.811966,-9.005088,-4.9163227,8.080934,2.219914,4.9557824,41.600933,-12.984324,4.081501,11.713164,19.286205,24.540052,-26.385054,69.62892,-22.276665,-33.49695,39.560574,26.756454
269,-6.40463924407959,-190.51358032226562,59.746856689453125,-2.265034651524362,1.8395230686279194,-100.45336740549348,-28.683344,7.2011757,23.178446,29.193794,-9.323589,-3.959411,7.150621,1.7560798,4.954187,44.72071,-10.39343,4.081537,11.672983,19.50669,24.497997,-26.699919,69.02418,-21.545732,-33.38323,39.356625,27.602087
270,-6.391330718994141,-191.48834228515625,59.778053283691406,-1.8617496821601263,1.8106739293703462,-100.26013001468348,-28.484806,6.706978,22.851494,30.605038,-10.06457,-2.886847,6.0980463,1.3927121,4.8677783,48.030605,-7.467296,3.8652341,11.540912,19.667362,24.472376,-27.06949,68.425766,-20.686676,-33.19467,39.082317,28.499012
271,-6.371652126312256,-192.45547485351562,59.83534622192383,-1.482346005722936,1.7625341772170457,-100.03554669302537,-28.21905,6.180597,22.524433,31.886696,-10.964052,-1.8250997,4.978882,1.0484494,4.6589875,51.29743,-4.329138,3.69591,11.322816,19.779955,24.454088,-27.441294,67.814575,-19.732998,-32.955074,38.78634,29.40426
272,-6.357813835144043,-193.40740966796875,59.90644073486328,-1.106431292523538,1.7240590162590859,-99.82512490566377,-27.840717,5.629904,22.268593,32.88166,-11.764836,-0.89330316,3.8239276,0.633205,4.320248,54.32034,-1.1295513,3.8029692,11.082848,19.827595,24.440636,-27.821003,67.16929,-18.865686,-32.6748,38.580563,30.403803
273,-6.338036060333252,-194.35250854492188,59.98548126220703,-0.727419343036534,1.680494307388884,-99.60295888274553,-27.313538,5.0368447,22.094578,33.531025,-12.424107,-0.1048745,2.6131268,0.11029104,3.8459632,57.142544,2.5342386,4.323859,10.771039,19.84707,24.426376,-28.183437,66.47907,-17.973532,-32.366596,38.41426,31.425716
274,-6.307755947113037,-195.28663635253906,60.07358932495117,-0.3597250926168716,1.6300640724248803,-99.35685520646912,-26.680134,4.399449,21.966625,33.92433,-13.067804,0.59537727,1.330929,-0.46789503,3.2879968,59.859516,6.586599,5.1024823,10.392545,19.822727,24.416204,-28.552326,65.755936,-17.049002,-32.032413,38.2711,32.476818
275,-6.272581100463867,-196.1992950439453,60.1724739074707,-0.010292870818985625,1.5962872290230303,-99.15311805881727,-25.98982,3.7655668,21.90061,34.13526,-13.696089,1.1975787,0.014871762,-1.0768172,2.7070615,62.40189,10.127142,5.879351,9.988235,19.722542,24.410307,-28.893372,65.0157,-16.121325,-31.688961,38.18328,33.51504
276,-6.232400417327881,-197.08746337890625,60.27605438232422,0.3145665026614211,1.6047819725169974,-99.06281935699613,-25.285152,3.1871233,21.917765,34.23101,-14.310376,1.6893725,-1.2942895,-1.7265105,2.1098435,64.68112,12.257609,6.3449526,9.6111145,19.512224,24.40935,-29.178068,64.2749,-15.235234,-31.353493,38.191334,34.51364
277,-6.179383754730225,-197.96205139160156,60.39617156982422,0.6146367511487858,1.6788913816988649,-99.154609266975,-24.5698,2.6922317,22.079453,34.2095,-14.93799,2.0412443,-2.589541,-2.507723,1.4267284,66.68011,12.493056,6.3930635,9.3158455,19.180609,24.411118,-29.386393,63.52631,-14.391607,-31.033424,38.31075,35.441025
278,-6.122840404510498,-198.8204345703125,60.5244140625,0.8942040697557692,1.8015988689019145,-99.37494205096559,-23.820063,2.2497478,22.360462,34.0351,-15.567221,2.2647464,-3.8930013,-3.4161484,0.65677,68.45163,11.388032,6.1557713,9.064617,18.74748,24.415716,-29.535868,62.76732,-13.563586,-30.726423,38.519955,36.315197
279,-6.072226524353027,-199.66375732421875,60.663299560546875,1.1513721351075048,1.9356112888005028,-99.61935228001128,-23.024118,1.8194557,22.658504,33.71091,-16.138271,2.4073045,-5.1963615,-4.319004,-0.10268494,69.97961,9.623318,5.6751437,8.779673,18.224028,24.427107,-29.652134,62.024315,-12.742572,-30.431923,38.79476,37.174892
280,-6.028581619262695,-200.50289916992188,60.82038879394531,1.3838663680429457,2.0419795971997643,-99.78483034378974,-22.172197,1.3672146,22.872244,33.24815,-16.595867,2.5200365,-6.4939246,-5.077461,-0.75648314,71.247734,7.883976,4.9936275,8.387204,17.620605,24.449738,-29.76525,61.32272,-11.929031,-30.150097,39.117126,38.065968
281,-5.990443229675293,-201.3458709716797,60.99690628051758,1.5967050802083933,2.112370711758868,-99.86372576161506,-21.252396,0.87737906,22.997246,32.624603,-16.91491,2.6013534,-7.8182335,-5.6289577,-1.2298759,72.255905,6.147253,3.9572158,7.872712,16.923155,24.486586,-29.909353,60.68168,-11.123233,-29.881065,39.50489,38.991253
282,-5.97070837020874,-202.17379760742188,61.18586730957031,1.786724654353842,2.1708984963049542,-99.9103016665698,-20.279041,0.37757787,23.085531,31.849798,-17.132689,2.6304512,-9.171317,-6.0119314,-1.5463468,73.00899,4.120124,2.6435835,7.343329,16.164984,24.515753,-30.051987,60.053623,-10.017422,-29.839647,39.688103,39.611576
283,-5.958672046661377,-202.9947509765625,61.381317138671875,1.9470661465117436,2.202711263871562,-99.90661863474313,-19.25022,-0.12575015,23.112072,30.954176,-17.268251,2.633116,-10.47755,-6.280806,-1.8162962,73.49311,2.0935636,1.3898995,6.748033,15.2642,24.558018,-30.221869,59.506878,-8.929216,-29.780159,39.939655,40.287174
284,-5.963602066040039,-203.81405639648438,61.579002380371094,2.067208260619824,2.193187093600185,-99.8374242283744,-18.168388,-0.61200076,23.052046,29.983047,-17.348114,2.6319962,-11.6602745,-6.51068,-2.1799634,73.69201,0.35941714,0.5075806,5.9210343,14.330295,24.658384,-30.217886,58.984375,-8.564921,-29.248016,40.822605,41.72234
285,-5.970763206481934,-204.63685607910156,61.77708053588867,2.1368849304408353,2.1549598229638387,-99.68734846514333,-17.045332,-1.0727658,22.88833,28.939917,-17.379196,2.6221077,-12.706576,-6.7459865,-2.7401845,73.571175,-0.98946434,0.123116404,5.0835743,13.370963,24.725363,-30.088833,58.47421,-7.8347774,-28.947231,41.358654,42.848545
286,-5.979029655456543,-205.46926879882812,61.97394561767578,2.1788013317345403,2.0795756843761555,-99.47405917846463,-15.857504,-1.5320894,22.646317,27.788729,-17.338238,2.5941226,-13.649731,-6.9672804,-3.4147782,73.15645,-2.1121075,0.044869557,4.3726044,12.289203,24.765005,-30.101141,58.007687,-6.737816,-28.906858,41.50226,43.710705
287,-5.997730255126953,-206.30307006835938,62.16890335083008,2.1877750630811086,1.9845898444993848,-99.22006579646443,-14.63912,-1.9613464,22.340197,26.587124,-17.253223,2.5586305,-14.5207615,-7.114775,-4.1019683,72.48643,-3.0830188,0.09627056,3.5940142,11.114848,24.82139,-30.067665,57.589455,-5.6438193,-28.848515,41.70846,44.591454
288,-6.017906665802002,-207.13722229003906,62.35540008544922,2.1859780063594334,1.8810620158815765,-98.96613644795661,-13.408196,-2.3688605,22.013649,25.371838,-17.142422,2.5267465,-15.359116,-7.161298,-4.6604137,71.62623,-3.99738,0.105605334,2.819159,9.96993,24.88846,-29.98234,57.09994,-4.5845385,-28.774225,41.964928,45.511112
289,-6.036329746246338,-207.97657775878906,62.5388069152832,2.164756063210224,1.7723604721774615,-98.70796641957375,-12.172793,-2.73917,21.649761,24.15627,-17.004469,2.5132868,-16.171879,-7.076622,-5.07327,70.565735,-4.859805,0.010075224,1.4938188,9.265298,25.0754,-29.099012,56.322254,-4.3767276,-28.235899,43.25775,47.089424
290,-6.058142185211182,-208.80496215820312,62.70624923706055,2.1691523897046547,1.6255657150396787,-98.44902151932135,-10.877639,-3.132321,21.265684,22.879478,-16.808912,2.5074718,-16.933552,-6.939771,-5.3692803,69.317505,-5.6494184,-0.093648635,0.85965997,8.19877,25.117428,-29.026052,55.651108,-3.2861903,-28.191372,43.398315,48.11579
291,-6.082941055297852,-209.63999938964844,62.855010986328125,2.15052825752078,1.4797225261355786,-98.17910800668577,-9.581792,-3.4841917,20.865097,21.597609,-16.606396,2.473525,-17.656963,-6.7332797,-5.6050105,67.860016,-6.354755,-0.16433743,0.17564695,7.1133647,25.17918,-28.89164,54.957638,-2.2052057,-28.132462,43.614395,49.114647
292,-6.117791175842285,-210.4683380126953,62.99069595336914,2.1217045644204098,1.354110300823767,-97.90999360560686,-8.302383,-3.799594,20.485388,20.312817,-16.42105,2.3846965,-18.356287,-6.4903436,-5.790766,66.21504,-6.9890137,-0.15047626,-0.5275681,6.06429,25.25667,-28.71868,54.184467,-1.1695229,-28.063011,43.906662,50.070526
293,-6.150670051574707,-211.301513671875,63.110023498535156,2.0753188015759756,1.2524245665771825,-97.64097767388007,-7.030207,-4.0790114,20.136995,18.991,-16.248789,2.222203,-19.037212,-6.1944914,-5.9111176,64.37147,-7.556273,-0.032884028,-1.2400134,5.052034,25.348406,-28.521278,53.31666,-0.15935108,-27.985062,44.270817,50.974613
294,-6.19450044631958,-212.12831115722656,63.21255111694336,2.016433234286986,1.1649548937999983,-97.36866414599226,-5.7559414,-4.331451,19.804197,17.63216,-16.079243,2.0115821,-19.692385,-5.8466606,-5.9658804,62.328022,-8.05282,0.1538956,-1.9582027,4.0720654,25.453152,-28.30325,52.35875,0.8294873,-27.900112,44.692528,51.851547
295,-6.234219551086426,-212.94700622558594,63.29240798950195,1.9598890813044991,1.089804386206177,-97.09742619101512,-4.5049877,-4.56587,19.479351,16.30921,-15.930932,1.7953346,-20.310932,-5.496827,-5.996854,60.109604,-8.475168,0.38220897,-2.6837149,3.1165333,25.570417,-28.07516,51.335537,1.7765502,-27.810606,45.159763,52.69688
296,-6.273554801940918,-213.7617645263672,63.354007720947266,1.9212823525393798,1.0257969663330233,-96.83187495224198,-3.299466,-4.7923636,19.15451,15.084573,-15.82138,1.615937,-20.88412,-5.190518,-6.043083,57.740047,-8.818186,0.63152397,-3.4170094,2.1751585,25.699514,-27.849138,50.273743,2.6627371,-27.719765,45.65946,53.502914
297,-6.307031154632568,-214.57838439941406,63.387508392333984,1.901282554204079,0.9822831721080547,-96.56714473742036,-2.1590624,-5.0075874,18.819723,13.983795,-15.7564,1.5090203,-21.415129,-4.92427,-6.1052647,55.201267,-9.072492,0.9198493,-4.153087,1.2424968,25.840487,-27.635342,49.15999,3.504577,-27.629927,46.180756,54.2486
298,-6.344685077667236,-215.39625549316406,63.40475845336914,1.8922476206269099,0.9576845055489694,-96.30303761730703,-1.0689197,-5.209734,18.481575,12.973448,-15.73093,1.4501132,-21.90778,-4.6759553,-6.1653514,52.487907,-9.2429695,1.2532754,-4.8821235,0.31942213,25.993507,-27.440804,47.985504,4.322876,-27.542635,46.712215,54.933475
299,-6.377668857574463,-216.2068634033203,63.398681640625,1.900527867393971,0.9349467497518198,-96.05059464799368,-0.011861292,-5.4064374,18.15871,12.054405,-15.755118,1.3882811,-22.352139,-4.4572325,-6.233883,49.634632,-9.343454,1.59774,-5.5954976,-0.5935524,26.158743,-27.272879,46.781727,5.0996046,-27.459475,47.24039,55.58874
300,-6.406542778015137,-217.0218505859375,63.370174407958984,1.9330678386913513,0.8973212993797088,-95.82070514061215,1.0292634,-5.6047087,17.870573,11.227009,-15.839583,1.2692987,-22.737175,-4.276867,-6.3215303,46.67045,-9.387776,1.921741,-6.2853465,-1.4996852,26.336159,-27.139122,45.584312,5.8150396,-27.381727,47.752872,56.24351
301,-6.437180995941162,-217.83798217773438,63.315093994140625,1.983924884773099,0.8412206178285871,-95.61548520779291,2.0541766,-5.799382,17.627687,10.491356,-15.990235,1.081158,-23.054369,-4.1368785,-6.4751554,43.567684,-9.360408,2.194765,-6.941296,-2.403676,26.526428,-27.054153,44.384624,6.4722853,-27.310783,48.251183,56.893497
302,-6.459266662597656,-218.65365600585938,63.222808837890625,2.030024195316846,0.7744581971220614,-95.42748353830098,3.034396,-5.96431,17.421247,9.900805,-16.231134,0.8521733,-23.320545,-4.002912,-6.68196,40.340946,-9.270921,2.453879,-7.5687037,-3.324735,26.730936,-27.027372,43.194553,7.098737,-27.246899,48.730793,57.501427
303,-6.483705997467041,-219.46475219726562,63.10268783569336,2.0748329231114893,0.6969628130243846,-95.25298517143945,3.8239098,-6.0484176,17.256325,9.838955,-16.784658,0.5776908,-23.545557,-3.8508792,-6.8579645,37.040607,-9.1449795,2.7583523,-8.174302,-4.2709837,26.949316,-27.052948,42.055492,7.694778,-27.18949,49.16683,58.075516
304,-6.502617359161377,-220.2847900390625,62.958919525146484,2.147400941491664,0.6138577974452182,-95.09562717556179,4.5803556,-6.139338,17.109724,9.899954,-17.409073,0.26873368,-23.739298,-3.6908064,-6.9003463,33.70423,-9.003964,3.1562326,-8.752652,-5.2345676,27.179424,-27.115263,40.97888,8.245828,-27.137653,49.524654,58.648796
305,-6.522571086883545,-221.11082458496094,62.79100036621094,2.2636592169215026,0.525113374788403,-94.95944624179535,5.345571,-6.26977,16.986053,9.982965,-18.049,-0.09865368,-23.893507,-3.5386066,-6.766041,30.260107,-8.827091,3.6556344,-9.294098,-6.2049623,27.420145,-27.208584,39.93584,8.744179,-27.091135,49.78136,59.23657
306,-6.540258884429932,-221.93980407714844,62.60588836669922,2.4192398935465738,0.4325168174080728,-94.84530510514666,6.1144,-6.4334755,16.8912,10.088049,-18.707098,-0.5173785,-24.001297,-3.409348,-6.502992,26.689922,-8.604461,4.214787,-9.788126,-7.178228,27.671305,-27.337685,38.907158,9.200608,-27.050098,49.934547,59.824142
307,-6.555760860443115,-222.7711639404297,62.40298080444336,2.5892433594830018,0.342940718333899,-94.75296694674567,6.8717437,-6.6093163,16.813496,10.230007,-19.38577,-0.93615794,-24.083107,-3.3045187,-6.150268,23.130276,-8.382673,4.8044357,-10.228108,-8.16052,27.93134,-27.499119,37.931118,9.631542,-27.014015,49.986004,60.388218
308,-6.5780134201049805,-223.6082763671875,62.19137954711914,2.753263910662678,0.26335838548640006,-94.67952565667375,7.5965486,-6.7727904,16.739656,10.439862,-20.09488,-1.3062878,-24.159393,-3.2150593,-5.751769,19.715004,-8.202016,5.4054127,-10.614007,-9.158433,28.197712,-27.685972,37.05117,10.052456,-26.981922,49.9425,60.906902
309,-6.593554496765137,-224.44696044921875,61.96904754638672,2.9161645279489354,0.19063663013322035,-94.63163346729337,8.291417,-6.9302435,16.666498,10.721781,-20.840822,-1.6147797,-24.22211,-3.1365352,-5.2389283,16.35684,-8.073226,6.0004582,-10.946666,-10.183021,28.469015,-27.899649,36.278526,10.459389,-26.953634,49.815758,61.376896
310,-6.6147074699401855,-225.28038024902344,61.7352409362793,3.0884675902851795,0.1255669049912035,-94.6021933622821,8.964028,-7.092638,16.594181,11.058598,-21.613243,-1.8919482,-24.252617,-3.0800505,-4.620378,12.982386,-7.950288,6.6033483,-11.238575,-11.237271,28.74441,-28.140331,35.598255,10.837199,-26.929178,49.609882,61.813305
311,-6.633996963500977,-226.11822509765625,61.49523162841797,3.225722183666252,0.09516990328376418,-94.56509611232967,9.575614,-7.2000084,16.519388,11.478507,-22.413261,-2.1569052,-24.16711,-3.0032647,-4.0814176,9.504569,-7.651046,7.2537594,-11.426616,-12.3440075,29.13554,-28.50688,34.949158,11.269743,-26.898901,49.1995,62.15664
312,-6.664249897003174,-226.95791625976562,61.240787506103516,3.427277655054001,0.10996404962757217,-94.45610301222648,10.144917,-7.351859,16.369473,11.900292,-23.173994,-2.4164808,-24.23345,-3.045297,-3.7645829,6.7209606,-7.506801,8.015711,-11.63874,-13.328534,29.493298,-28.78346,34.25397,11.609931,-26.873692,48.684784,62.55015
313,-6.700145244598389,-227.80087280273438,60.97161865234375,3.6859870984466245,0.17827485128801335,-94.26772095750015,10.668372,-7.5386143,16.150259,12.306553,-23.921106,-2.662055,-24.953312,-3.221612,-3.706817,5.817972,-8.185948,9.03336,-11.9011135,-14.245379,29.825624,-28.961203,33.56056,11.859946,-26.85173,48.058636,62.972443
314,-6.74268913269043,-228.65194702148438,60.697853088378906,3.967573555341721,0.29746018054282664,-94.03739378749572,11.143809,-7.73523,15.894871,12.718427,-24.666069,-2.8927562,-24.736563,-3.3656988,-3.8932354,2.7999191,-7.374695,10.244812,-12.091225,-15.051454,30.224531,-29.101925,32.758503,12.126208,-26.828629,47.18005,63.349545
315,-6.787391185760498,-229.50469970703125,60.43494415283203,4.219427867836491,0.41501894370472764,-93.82937264635515,11.618309,-7.892962,15.651521,13.144101,-25.334404,-3.135874,-24.550404,-3.4619539,-4.181868,0.28548774,-6.6408496,11.389567,-12.289272,-15.803481,30.582895,-29.145655,32.10179,12.350468,-26.809763,46.31642,63.715374
316,-6.826420307159424,-230.3560791015625,60.196876525878906,4.397453546371018,0.5153540243773042,-93.67715402811386,12.098614,-7.968672,15.440195,13.611069,-25.86488,-3.419553,-24.623535,-3.4914317,-4.4927535,-1.0026362,-6.444246,12.19417,-12.463639,-16.542416,30.911726,-29.14391,31.660292,12.566732,-26.79196,45.504013,64.05724
317,-6.867138862609863,-231.20556640625,59.98725891113281,4.513155309531874,0.5917171270608791,-93.58169006781559,12.579124,-7.9720035,15.258601,14.152393,-26.277592,-3.7488105,-24.974987,-3.4800394,-4.879253,-0.92752457,-6.9661493,12.613814,-12.513586,-17.101265,31.276583,-29.083231,31.23637,12.829296,-26.769348,44.615597,64.38106
318,-6.923754692077637,-232.07228088378906,59.7974967956543,4.59415597432757,0.6522201389794738,-93.52804718203187,13.069632,-7.9299397,15.096654,14.720696,-26.578114,-4.1090837,-25.491825,-3.45064,-5.3556247,0.14291815,-7.948911,12.779302,-12.680105,-17.798756,31.541357,-28.970655,31.232555,12.954177,-26.750181,43.960026,64.761246
319,-6.9809956550598145,-232.94979858398438,59.616966247558594,4.523902196400436,0.695509211172353,-93.5049797850337,13.383364,-7.6682143,14.996175,15.784228,-27.014914,-4.5110736,-26.088242,-3.2993708,-5.8459435,1.9067528,-9.049246,12.6802635,-12.701172,-18.297525,31.898567,-28.834408,31.184563,13.26117,-26.713089,43.12938,64.98024
320,-7.034753322601318,-233.8480682373047,59.45439910888672,4.271689513661751,0.7488962807762658,-93.55557163127801,13.670861,-7.2194686,14.982485,16.901112,-27.305723,-4.9485116,-26.813976,-2.985344,-6.1854453,4.3181286,-10.068907,12.308003,-12.707896,-18.878298,32.34275,-28.729908,31.375914,13.642264,-26.653957,42.36666,65.03804
321,-7.095745086669922,-234.75039672851562,59.325653076171875,3.807303310797578,0.7771486160158585,-93.73119346194754,13.9893465,-6.5811834,15.104874,18.035286,-27.48345,-5.4305477,-26.965961,-2.3972745,-6.4169245,5.8548274,-9.969354,11.544333,-12.617637,-19.296476,32.861576,-28.525986,31.665554,14.1379385,-26.553581,41.66008,64.95951
322,-7.170722007751465,-235.6363525390625,59.2478141784668,3.231762168476778,0.8010659647489888,-93.97113717927387,14.299889,-5.834742,15.287057,19.229181,-27.56252,-5.9508433,-27.226591,-1.7153249,-6.5675774,8.132633,-9.819667,10.454088,-12.561036,-19.796085,33.33809,-28.275898,32.27102,14.597076,-26.43224,41.10012,64.85427
323,-7.250980854034424,-236.54232788085938,59.17373275756836,2.691919580214504,0.8493027686314939,-94.13269371389497,14.535574,-5.076875,15.369521,20.540741,-27.46012,-6.486929,-27.857286,-1.1366675,-6.5828137,11.389442,-9.962651,9.281359,-12.570701,-20.249723,33.72092,-27.946772,32.95222,14.97986,-26.312048,40.57754,64.76263
324,-7.352847576141357,-237.46456909179688,59.119903564453125,2.1860873646485035,0.9171752144230415,-94.17514117505698,14.645448,-4.2728157,15.328295,22.069471,-27.121853,-7.024081,-28.402838,-0.5806853,-6.403089,14.181213,-9.737425,8.238458,-12.647552,-20.619238,34.025513,-27.577944,33.63717,15.336748,-26.197725,40.074623,64.61277
325,-7.474646091461182,-238.39361572265625,59.10173797607422,1.6134750655314316,1.0117368642173488,-94.11752140185598,14.647113,-3.3274655,15.22329,23.788305,-26.580086,-7.599315,-28.818743,0.08929677,-5.8274055,16.277634,-8.863741,7.251568,-12.794966,-20.964867,34.33027,-27.227411,34.380615,15.734028,-26.075062,39.606976,64.30957
326,-7.599242687225342,-239.33140563964844,59.10615921020508,0.9645240080413944,1.1260854296786467,-94.00688612516804,14.564502,-2.2563708,15.093281,25.67338,-25.856155,-8.217831,-29.144829,0.8778321,-4.969209,18.00533,-7.48984,6.246535,-12.984346,-21.340816,34.616188,-26.913044,35.26671,16.17516,-25.945107,39.1849,63.870052
327,-7.718809127807617,-240.2996368408203,59.115440368652344,0.3316887442285304,1.2271914557615773,-93.87841872705792,14.370568,-1.174744,14.917506,27.802322,-24.877337,-8.817647,-29.345629,1.6543877,-4.1810517,19.495377,-6.052118,5.410392,-13.164966,-21.5216,34.861305,-26.491285,36.11724,16.609015,-25.819899,38.81635,63.385387
328,-7.8413872718811035,-241.28155517578125,59.13407897949219,-0.19223114023505086,1.291155638673225,-93.76591399835776,14.029378,-0.18932581,14.672911,30.241802,-23.559473,-9.331237,-29.395784,2.2760756,-3.7859118,20.878092,-4.9998527,4.9043665,-13.340564,-21.454714,35.03146,-25.891266,36.908913,16.942987,-25.717133,38.56814,62.949417
329,-7.968408584594727,-242.26840209960938,59.16147994995117,-0.5841339216276276,1.2988835982095701,-93.65036051269827,13.552052,0.68851215,14.322802,33.034096,-21.807493,-9.871962,-29.269066,2.6333191,-3.9831898,22.212383,-4.4866595,4.9550066,-13.500423,-21.085634,35.087875,-25.0652,37.600735,17.202473,-25.639633,38.39333,62.563156
330,-8.080925941467285,-243.2478485107422,59.189640045166016,-0.9044400095214298,1.265711412176577,-93.53148348559621,12.943252,1.5215628,13.890759,36.13987,-19.690538,-10.420668,-29.013033,2.785732,-4.536676,23.51527,-4.3131857,5.3656735,-13.655904,-20.473852,35.068436,-24.057152,38.235794,17.407295,-25.577723,38.298386,62.183083
331,-8.178658485412598,-244.2200469970703,59.22889709472656,-1.1795567259868944,1.202409783554859,-93.46667885526352,12.181062,2.3138194,13.454972,39.4888,-17.359867,-10.720497,-28.698257,2.8585517,-5.10975,24.823277,-4.4008,5.686469,-13.7423725,-19.7576,34.97783,-23.017342,38.911446,17.544754,-25.52993,38.29523,61.80191
332,-8.27413558959961,-245.18704223632812,59.28423309326172,-1.4313004677406096,1.119139745099359,-93.50804043097986,11.25588,3.0589452,13.1120825,42.99267,-14.943239,-10.5356045,-28.380833,3.0134027,-5.363024,26.117792,-4.6610174,5.5072765,-13.718627,-19.019289,34.82234,-22.037666,39.69381,17.577175,-25.494019,38.424183,61.431755
333,-8.365461349487305,-246.14198303222656,59.35477066040039,-1.6433563465122154,0.9937605356966489,-93.71825070008207,10.137254,3.7265701,12.913849,46.818123,-12.397399,-9.591475,-28.08128,3.3520048,-5.1166816,27.425152,-5.134912,4.647471,-13.518298,-18.299286,34.556953,-21.1337,40.65089,17.490898,-25.47126,38.703903,61.114315
334,-8.456907272338867,-247.080322265625,59.43863296508789,-1.81514601582693,0.8299316557530815,-94.05080583225315,8.858289,4.3473005,12.863611,50.909267,-9.6254015,-8.106352,-27.764076,3.8257868,-4.5748997,28.702393,-5.81204,3.3878176,-13.145284,-17.661438,34.18878,-20.367388,41.795742,17.340668,-25.45961,39.059666,60.80458
335,-8.556671142578125,-248.0088653564453,59.54182815551758,-1.9832552357436348,0.6688297700334681,-94.39292228411229,7.5056963,4.9970512,12.957377,54.873127,-6.699004,-6.569927,-27.384428,4.365028,-3.9720798,29.811079,-6.5385814,2.018725,-12.712128,-17.158516,33.75538,-19.803635,43.112705,17.145868,-25.455208,39.45789,60.42259
336,-8.657715797424316,-248.93727111816406,59.661651611328125,-2.185733023681502,0.5565175207840587,-94.63254456380163,6.1441803,5.752372,13.132576,58.37067,-3.746302,-5.4531894,-26.902727,4.8689704,-3.551947,30.624504,-7.1960173,0.8201003,-12.321276,-16.839762,33.307373,-19.51897,44.57142,16.934008,-25.454607,39.84591,59.881454
337,-8.760801315307617,-249.8511505126953,59.799049377441406,-2.4411903158336714,0.5098399007100518,-94.74275604529561,4.7431006,6.6994376,13.401431,61.419933,-0.411036,-4.901156,-26.302061,5.3124266,-3.3867948,31.097532,-7.8021016,-0.18962246,-12.005244,-16.69473,32.86512,-19.501356,46.172565,16.714306,-25.458244,40.25168,59.13919
338,-8.86709213256836,-250.74830627441406,59.94499206542969,-2.731747265911465,0.5064683121707394,-94.78171277234927,3.2642126,7.795776,13.734471,64.22905,3.2051327,-4.6266794,-25.611038,5.74175,-3.3458552,31.310234,-8.418379,-1.1421683,-11.71808,-16.637594,32.422943,-19.671059,47.87778,16.4626,-25.46832,40.69936,58.250034
339,-8.97726821899414,-251.62982177734375,60.1048583984375,-3.029510265659791,0.5335567959260179,-94.76772327519642,1.7599827,8.881904,13.973806,66.73418,6.2642174,-4.4812675,-24.853657,6.140523,-3.3704698,31.318998,-9.006815,-1.9855858,-11.442328,-16.56863,31.985353,-19.981073,49.570454,16.155165,-25.484163,41.123672,57.27774
340,-9.077065467834473,-252.49591064453125,60.277061462402344,-3.3023928146720953,0.5772818695192127,-94.71643029882844,0.28584498,9.778658,13.988758,68.851555,7.9358,-4.327826,-24.056997,6.488203,-3.4050088,31.186447,-9.527706,-2.6689234,-11.159751,-16.387644,31.554905,-20.388506,51.129913,15.767915,-25.505085,41.456932,56.290794
341,-9.16955852508545,-253.34490966796875,60.458980560302734,-3.5494347805972475,0.649724179085292,-94.58995715676132,-1.1657435,10.408684,13.674026,70.54902,7.652671,-4.1454616,-23.230713,6.768451,-3.4880278,30.908438,-9.979319,-3.1540298,-10.901825,-16.06058,31.134409,-20.890705,52.51025,15.298233,-25.530836,41.670277,55.269356
342,-9.254932403564453,-254.190185546875,60.65290069580078,-3.778667785422244,0.7538440492138934,-94.38939515075985,-2.6257594,10.844938,13.118088,71.88451,5.971519,-4.0084114,-22.361727,6.9916706,-3.6400356,30.461174,-10.379143,-3.473958,-10.6734495,-15.614654,30.726683,-21.491198,53.755688,14.758857,-25.561825,41.80152,54.19261
343,-9.32807731628418,-255.02493286132812,60.85342025756836,-3.9793104638560397,0.8606644936772776,-94.18623734798814,-4.0678186,11.14791,12.507872,72.89652,3.753466,-3.9074135,-21.443487,7.1765137,-3.7838316,29.879078,-10.7151375,-3.6882832,-10.418655,-15.04861,30.333658,-22.165318,54.88697,14.151517,-25.598574,41.8824,53.122993
344,-9.39760684967041,-255.86280822753906,61.06559753417969,-4.137350052696952,0.939878604463711,-94.05331404982788,-5.4619384,11.393367,12.040329,73.61938,1.8609746,-3.831653,-20.472002,7.3410416,-3.8395667,29.204395,-10.979349,-3.8581538,-10.078558,-14.358363,29.956562,-22.890734,55.92152,13.474418,-25.641481,41.948162,52.125145
345,-9.457868576049805,-256.7006530761719,61.28847122192383,-4.248373074662867,0.982589088249195,-94.00762845313929,-6.816096,11.576824,11.724001,74.02774,0.4231983,-3.779445,-19.434149,7.4815583,-3.790251,28.417133,-11.152666,-3.9719596,-9.629138,-13.51322,29.592062,-23.693844,56.836056,12.7056,-25.692331,42.028,51.228104
346,-9.509289741516113,-257.53179931640625,61.5119743347168,-4.317624169452192,1.0028811222858711,-94.01017222994942,-8.140711,11.67645,11.469255,74.112946,-0.98241293,-3.7515004,-18.335032,7.590769,-3.6806636,27.506756,-11.244978,-4.011519,-9.100532,-12.524378,29.24251,-24.588638,57.625202,11.850883,-25.75081,42.095642,50.397545
347,-9.552995681762695,-258.3642578125,61.73313903808594,-4.354856778518758,1.0039074239080097,-94.04974600990012,-9.40663,11.746697,11.3324,73.92727,-2.3186162,-3.7446036,-17.196936,7.6762056,-3.5197296,26.528019,-11.291008,-4.0248694,-8.514125,-11.442468,28.91515,-25.531208,58.32792,10.94608,-25.814722,42.106064,49.60816
348,-9.586390495300293,-259.19549560546875,61.94612503051758,-4.369081145397251,0.9896336579641216,-94.11478672497661,-10.584491,11.839112,11.369313,73.52083,-3.5463333,-3.7600434,-16.041275,7.7435865,-3.315407,25.532917,-11.323291,-4.0544524,-7.895161,-10.316183,28.616241,-26.472881,58.983482,10.029451,-25.881922,42.016434,48.831455
349,-9.619189262390137,-260.03118896484375,62.15470504760742,-4.349671821805713,0.9517575505861697,-94.21028300749829,-11.649274,11.979279,11.660541,72.8765,-4.6413784,-3.824467,-14.860114,7.783065,-3.054566,24.525791,-11.339701,-4.1021347,-7.2407265,-9.135413,28.343864,-27.44495,59.594387,9.098085,-25.953058,41.81103,48.078087
350,-9.65231990814209,-260.8752136230469,62.35454559326172,-4.296576392696665,0.8896347422634742,-94.33980019638827,-12.619921,12.132813,12.158138,71.971794,-5.623236,-3.938421,-13.646658,7.7889485,-2.737802,23.485037,-11.33013,-4.1411595,-6.5361953,-7.8893557,28.092566,-28.475662,60.14842,8.141553,-26.029593,41.513252,47.356777
351,-9.687878608703613,-261.71441650390625,62.53971862792969,-4.231244343730877,0.8191609482692098,-94.4903192468522,-13.533506,12.26245,12.725272,70.85095,-6.519826,-4.0634966,-12.423785,7.775358,-2.3926103,22.429836,-11.311614,-4.1683884,-5.794113,-6.626051,27.861547,-29.502625,60.667007,7.187762,-26.110275,41.14523,46.63231
352,-9.720304489135742,-262.5547790527344,62.71112060546875,-4.176258133230568,0.7565879128571763,-94.64819771002611,-14.42869,12.336276,13.2231,69.55975,-7.362527,-4.153692,-11.2143135,7.7596955,-2.0477138,21.378174,-11.301923,-4.1839824,-5.0344377,-5.3901076,27.650724,-30.449986,61.172897,6.2626476,-26.193832,40.73273,45.86767
353,-9.748331069946289,-263.3923645019531,62.861297607421875,-4.1339316701242526,0.699753941407696,-94.81087145081658,-15.316348,12.34102,13.613787,68.1041,-8.168176,-4.164958,-10.007087,7.745037,-1.7064943,20.312473,-11.299456,-4.185694,-4.2659273,-4.1907806,27.45733,-31.320677,61.68682,5.369688,-26.28007,40.274258,45.057346
354,-9.772993087768555,-264.23529052734375,62.997032165527344,-4.0953626030174615,0.6413766043435628,-94.98503436694435,-16.175432,12.300773,13.97275,66.46332,-8.920332,-4.127946,-8.796114,7.723166,-1.3570457,19.235344,-11.299021,-4.1702957,-3.4815743,-3.008829,27.278313,-32.14461,62.201347,4.496371,-26.370373,39.76608,44.21737
355,-9.799078941345215,-265.0741271972656,63.10906982421875,-4.0678275520359914,0.5912405097916386,-95.17164469484507,-16.998814,12.245084,14.330455,64.644684,-9.601907,-4.1044035,-7.612516,7.699731,-1.005951,18.196255,-11.314584,-4.1444244,-2.681162,-1.8462642,27.112776,-32.877373,62.697296,3.6404364,-26.46585,39.235973,43.340294
356,-9.821279525756836,-265.9066162109375,63.201255798339844,-4.059818962169782,0.5589666494351692,-95.37175166910995,-17.779356,12.200482,14.717932,62.6528,-10.193678,-4.158753,-6.4837084,7.6821556,-0.6585922,17.234575,-11.35782,-4.122174,-1.8703758,-0.704447,26.960464,-33.467075,63.156647,2.7954783,-26.56802,38.716606,42.42032
357,-9.835371971130371,-266.7366638183594,63.27422332763672,-4.073363958886956,0.5524446741913217,-95.58900489042576,-18.516708,12.163122,15.142734,60.463455,-10.704164,-4.3375325,-5.4219847,7.6740255,-0.31445995,16.355915,-11.425295,-4.1312222,-1.0555711,0.42453045,26.816488,-33.876427,63.577206,1.9575801,-26.678743,38.218464,41.44149
358,-9.85381031036377,-267.5613098144531,63.31965255737305,-4.106304106610389,0.5645395439590966,-95.82149848107755,-19.21416,12.123418,15.590529,58.082027,-11.138643,-4.597847,-4.411097,7.6766405,0.028684005,15.542694,-11.515784,-4.167405,-0.27938232,1.5863167,26.696522,-34.067535,63.94239,1.0774211,-26.779198,37.79731,40.44154
359,-9.864837646484375,-268.38897705078125,63.3446044921875,-4.164554562762728,0.5819243510844743,-96.06099445051572,-19.87165,12.096142,16.05883,55.55642,-11.471973,-4.8738623,-3.43701,7.6933956,0.36731404,14.802029,-11.644884,-4.19934,0.47199678,2.7418718,26.60176,-34.11143,64.27101,0.15114121,-26.861177,37.447544,39.45799
360,-9.879195213317871,-269.2163391113281,63.34748840332031,-4.252685628444918,0.5917388163059905,-96.29939024298054,-20.49084,12.09249,16.543974,52.936512,-11.682272,-5.100793,-2.4939053,7.7250586,0.6967383,14.15787,-11.831294,-4.1920443,1.2340504,3.8164573,26.514017,-34.112434,64.61257,-0.7725846,-26.946047,37.11123,38.48298
361,-9.892940521240234,-270.0406188964844,63.32609558105469,-4.371135475214739,0.596162716033762,-96.54082555818621,-21.076052,12.121653,17.067926,50.220837,-11.751276,-5.2370634,-1.5834923,7.772549,1.0222765,13.60418,-12.069013,-4.1385117,2.0134914,4.8041263,26.43262,-34.060207,64.96101,-1.7090319,-27.034805,36.796722,37.526123
362,-9.907356262207031,-270.8663024902344,63.28178024291992,-4.517882682168118,0.5993577281666493,-96.79049964380562,-21.627863,12.172471,17.6254,47.396114,-11.703527,-5.3315544,-0.7065379,7.8386335,1.3472153,13.128194,-12.348648,-4.0611553,2.8145652,5.708501,26.360878,-33.945217,65.314964,-2.6194217,-27.122099,36.49248,36.54379
363,-9.922669410705566,-271.6932678222656,63.21372985839844,-4.688270642058439,0.5919017616695272,-97.02258899448036,-22.142462,12.210952,18.156755,44.479103,-11.567742,-5.4484854,0.14756976,7.9190984,1.6451882,12.741038,-12.690184,-3.9661238,3.6022387,6.525659,26.286377,-33.777767,65.71977,-3.5378346,-27.224087,36.182304,35.58374
364,-9.936775207519531,-272.5291442871094,63.124664306640625,-4.882080518484076,0.5657757588700052,-97.23474894307923,-22.6137,12.227236,18.619297,41.48859,-11.380487,-5.6503863,0.9882424,8.0183935,1.9125848,12.44936,-13.106638,-3.857983,4.340362,7.2686853,26.230194,-33.59068,66.16846,-4.453938,-27.308538,35.920975,34.651405
365,-9.953139305114746,-273.3641357421875,63.015174865722656,-5.0952784992193285,0.5169896080436182,-97.41518294763546,-23.03459,12.207571,18.995478,38.367622,-11.082326,-5.894621,1.8238026,8.13394,2.1316774,12.246718,-13.604936,-3.7303517,5.057776,7.9577208,26.172499,-33.336926,66.66794,-5.390721,-27.404423,35.6307,33.77295
366,-9.976089477539062,-274.2039489746094,62.875919342041016,-5.313933585835684,0.4493085911185646,-97.57339493903899,-23.42484,12.160733,19.312317,35.165165,-10.7019615,-6.162973,2.6262069,8.255224,2.3098137,12.181726,-14.203134,-3.585715,5.75449,8.58313,26.114101,-33.020042,67.20205,-6.330887,-27.514181,35.33335,32.93058
367,-9.996570587158203,-275.0476379394531,62.71639633178711,-5.516009892415727,0.3729413667985658,-97.71078055926243,-23.778913,12.071948,19.58625,31.940086,-10.340179,-6.541181,3.3235445,8.361628,2.4493756,12.407022,-14.983971,-3.4348783,6.4046617,9.177729,26.058643,-32.6685,67.73565,-7.2881975,-27.634365,35.05462,32.14482
368,-10.01681137084961,-275.8930358886719,62.54071044921875,-5.6923631643873325,0.29985845638266895,-97.82593841066158,-24.086311,11.935146,19.828663,28.725912,-10.08268,-7.1163974,3.963752,8.44076,2.5685472,12.780585,-15.853618,-3.2869012,6.978568,9.767378,26.006624,-32.316513,68.24037,-8.260995,-27.766233,34.809998,31.418758
369,-10.038909912109375,-276.7392272949219,62.35322952270508,-5.848287238698187,0.22935023585429778,-97.90754727636244,-24.319576,11.738046,20.004528,25.386017,-9.895485,-7.962198,4.5944543,8.495574,2.6660588,13.198569,-16.761047,-3.1355257,7.4667053,10.346371,25.960068,-31.992723,68.71826,-9.254373,-27.908659,34.60679,30.74868
370,-10.059569358825684,-277.585693359375,62.15226745605469,-5.991594927672914,0.15932201462443848,-97.95767000498522,-24.469175,11.487439,20.12252,21.877369,-9.713748,-9.004688,5.221978,8.534872,2.7376924,13.648129,-17.699274,-2.9760666,7.8925734,10.892056,25.919716,-31.697762,69.18812,-10.274184,-28.060242,34.43968,30.137959
371,-10.07077693939209,-278.4369812011719,61.943965911865234,-6.118651540857526,0.10183632667703756,-97.99790267617347,-24.550722,11.200091,20.267225,18.361887,-9.568703,-10.116034,5.830263,8.554581,2.801506,14.1256,-18.64144,-2.8186157,8.284533,11.407004,25.884226,-31.423004,69.63949,-11.327225,-28.220188,34.30407,29.605005
372,-10.081990242004395,-279.28741455078125,61.727500915527344,-6.23292710226037,0.066006284263911,-98.05364396777192,-24.576233,10.888449,20.528572,14.997881,-9.480878,-11.176933,6.4158883,8.551402,2.8813605,14.603519,-19.54557,-2.67192,8.653798,11.897637,25.85054,-31.14344,70.069275,-12.381716,-28.387243,34.187614,29.133894
373,-10.091134071350098,-280.1383361816406,61.51494216918945,-6.277909245479891,0.07229987142517992,-98.11939739796229,-24.41971,10.409425,20.971498,11.349223,-9.308619,-12.1362915,6.9562497,8.46851,2.9597478,15.0891075,-20.449259,-2.5360842,8.981113,12.485801,25.805454,-30.768406,70.35395,-13.494607,-28.635725,34.0988,28.72026
374,-10.086064338684082,-280.9908447265625,61.286659240722656,-6.399468204328398,0.13674873649798996,-98.27351859015597,-24.284258,10.012172,21.540104,7.8387566,-9.298083,-13.094987,7.441902,8.44197,3.1326594,15.57657,-21.344282,-2.4057527,9.286395,12.962262,25.759598,-30.332281,70.70459,-14.518396,-28.942526,34.02172,28.137575
375,-10.083534240722656,-281.86370849609375,61.027835845947266,-6.740532173490001,0.25129765945457766,-98.57353155544637,-23.377626,9.539853,22.345522,2.549481,-8.060458,-14.088027,7.8785725,8.613897,3.486313,16.06674,-22.154444,-2.2789018,9.689796,13.113456,25.736908,-29.954233,71.31827,-15.435561,-29.157906,33.86995,27.446594
376,-10.068857192993164,-282.7357177734375,60.76934814453125,-7.118729073516482,0.35364685574616833,-98.82991246826344,-22.541477,9.025941,23.021189,-2.1005666,-6.774972,-14.323944,8.315638,8.808594,3.8220122,16.586023,-22.833464,-2.124986,10.073055,13.174408,25.726255,-29.636465,71.986725,-16.27551,-29.302896,33.704033,26.862635
377,-10.029289245605469,-283.6155090332031,60.518592834472656,-7.509837955130731,0.45932116054161093,-99.03123272415682,-22.22012,8.661291,23.58447,-4.9161673,-6.169868,-14.323944,8.669978,9.001964,4.106679,17.302998,-23.49235,-1.9378513,10.385845,13.212396,25.71771,-29.262598,72.66009,-17.033642,-29.45174,33.51722,26.334576
378,-9.983179092407227,-284.4827575683594,60.275882720947266,-7.856830827457513,0.5569324442868075,-99.21555940282649,-22.381319,8.461787,24.132282,-5.9707975,-6.2997355,-14.323944,8.915472,9.146412,4.3644977,18.29674,-24.200777,-1.7322725,10.676466,13.284197,25.708807,-28.858723,73.272224,-17.754662,-29.605993,33.344017,25.919283
379,-9.95284652709961,-285.3477783203125,60.05141067504883,-8.082573066919146,0.6339474225440509,-99.35837116332569,-22.792404,8.373016,24.611378,-5.747071,-6.748686,-14.323944,9.142995,9.178282,4.588187,19.38134,-24.81179,-1.5171822,10.940371,13.479249,25.694698,-28.462887,73.72178,-18.458624,-29.768015,33.22936,25.689249
380,-9.9517240524292,-286.2242736816406,59.846473693847656,-8.076388896475791,0.6861065198979259,-99.4458415806616,-23.158241,8.269823,25.001675,-4.914158,-6.992541,-14.323944,9.359254,9.004932,4.7619634,20.556665,-25.290234,-1.3006009,11.141773,14.008476,25.660677,-28.005974,73.80697,-19.158195,-30.015951,33.254177,25.656748
381,-9.979126930236816,-287.1199645996094,59.694969177246094,-7.769761996460164,0.6896750939886938,-99.43602597592931,-23.616613,8.236103,25.250607,-2.7832427,-7.254541,-14.323944,9.598599,8.56929,4.8474855,21.81562,-25.667963,-1.0836464,11.180066,14.918338,25.569107,-27.483828,73.52949,-19.825516,-30.514046,33.60403,25.727999
382,-9.981155395507812,-287.9620361328125,59.64291763305664,-7.228946571761472,0.6290170592038423,-99.3181564387952,-25.095156,8.7291975,25.187555,3.0236216,-9.024294,-14.323944,9.875565,7.930855,4.832792,23.146795,-25.939415,-0.8608917,11.271622,15.883282,25.432087,-27.265207,73.13102,-20.50727,-31.071564,34.04728,26.143385
383,-10.009123802185059,-288.85797119140625,59.5731315612793,-6.71651639050174,0.5680251888204401,-99.20898925938154,-26.581472,9.348514,24.88927,9.093651,-10.593,-14.323944,10.115342,7.3294396,4.8442073,24.564959,-26.030663,-0.63888943,11.448857,16.69025,25.306479,-27.258127,72.789635,-21.11868,-31.498272,34.414715,26.727076
384,-10.05106258392334,-289.8053894042969,59.460025787353516,-6.4664241777273155,0.6196466446288682,-99.3528290855043,-27.84853,10.112356,24.49918,14.108836,-11.522879,-14.323944,10.1789665,6.9478884,5.1262593,26.099062,-25.86903,-0.41046068,11.787059,17.203213,25.227406,-27.226662,72.58796,-21.507248,-31.773642,34.5808,27.083652
385,-10.05328369140625,-290.7389831542969,59.38646697998047,-6.089860872953386,0.740986251421764,-99.35953401421664,-28.824503,10.201348,23.753643,17.73023,-11.541775,-12.788094,10.143527,6.437095,5.2255645,27.749588,-25.541283,-0.14759171,11.991388,17.804401,25.13206,-27.251144,72.15891,-21.839321,-32.08692,34.781906,27.519072
386,-10.025070190429688,-291.666259765625,59.34953689575195,-5.5980303779993426,0.8998400287163361,-99.26705073544457,-29.698744,9.881894,22.804626,20.822136,-11.018777,-10.14477,10.036272,5.82084,5.195564,29.516392,-25.056538,0.14147982,12.116412,18.46553,25.027334,-27.36741,71.55305,-22.174152,-32.376827,35.046772,28.131815
387,-9.993000030517578,-292.60748291015625,59.32533264160156,-5.071190637415104,1.0609613903939592,-99.17962645153696,-30.413929,9.421999,21.967731,23.502686,-10.32813,-7.602561,9.8286495,5.1751227,5.161835,31.458317,-24.295843,0.46588114,12.245031,19.1183,24.928095,-27.543377,70.86035,-22.411572,-32.62018,35.29845,28.812548
388,-9.952798843383789,-293.56341552734375,59.311336517333984,-4.562197866371944,1.1810837281126891,-99.13423969484163,-30.858492,8.926385,21.422968,25.706139,-9.783702,-5.673671,9.503041,4.5478997,5.183202,33.634235,-23.14549,0.84796643,12.40671,19.715954,24.845331,-27.758406,70.15742,-22.451767,-32.805515,35.4658,29.473166
389,-9.901986122131348,-294.5313720703125,59.30592346191406,-4.067516266930362,1.249837379317865,-99.16519639786019,-31.011007,8.48177,21.210361,27.526197,-9.568729,-4.64145,9.076482,3.9316363,5.309652,36.068176,-21.539774,1.4019647,12.634236,20.271963,24.780905,-28.006264,69.4335,-22.259441,-32.928104,35.51453,30.0973
390,-9.849261283874512,-295.5131530761719,59.30561828613281,-3.5584957342138583,1.2883229468578101,-99.23904348202747,-30.96196,8.095853,21.180058,29.152428,-9.622075,-4.1391478,8.552889,3.3088605,5.5000534,38.72933,-19.551332,2.0844758,12.900414,20.80142,24.726496,-28.30059,68.660126,-21.86466,-33.01635,35.46391,30.708796
391,-9.801695823669434,-296.4905700683594,59.314090728759766,-3.0533878978237277,1.2991049395297485,-99.29267977459119,-30.77762,7.739277,21.196983,30.648554,-9.88128,-3.729605,7.909421,2.7132792,5.673182,41.569218,-17.265423,2.692103,13.135132,21.279163,24.682505,-28.627354,67.87317,-21.316193,-33.063644,35.356464,31.330605
392,-9.758074760437012,-297.4715576171875,59.339202880859375,-2.5720141794545586,1.2849375427531342,-99.26407652254439,-30.519924,7.3279395,21.132875,32.00287,-10.253552,-3.0073001,7.128926,2.176501,5.7331057,44.528786,-14.751165,3.0338423,13.276112,21.662653,24.646523,-28.985577,67.1202,-20.65394,-33.070415,35.227585,31.977184
393,-9.719114303588867,-298.4413146972656,59.38727951049805,-2.1163618303093923,1.2281639858001638,-99.09109586928598,-30.208416,6.762458,20.903688,33.190575,-10.732516,-1.8352758,6.1925435,1.73994,5.6458354,47.7195,-11.933304,2.9415517,13.27198,21.962849,24.620117,-29.386696,66.40994,-19.884857,-33.013767,35.084873,32.688927
394,-9.68830680847168,-299.4024353027344,59.46137237548828,-1.679993397733447,1.1287965156229665,-98.82205259987333,-29.82225,6.079647,20.57997,34.213993,-11.342029,-0.4748365,5.1342654,1.3812975,5.433125,51.09674,-8.7680235,2.6058145,13.154024,22.196766,24.601809,-29.813313,65.718506,-19.03349,-32.865562,34.941315,33.48882
395,-9.652732849121094,-300.34796142578125,59.54848098754883,-1.2650235335655846,1.0260152232379736,-98.5618923854674,-29.359962,5.3644667,20.276516,35.05004,-12.009759,0.8760878,3.9989355,1.0190471,5.099657,54.393536,-5.391034,2.3427806,12.976924,22.369404,24.586155,-30.192617,65.00714,-18.147844,-32.661983,34.847267,34.31788
396,-9.608152389526367,-301.28515625,59.64768981933594,-0.8725956346086873,0.9615822946813298,-98.4174465259519,-28.824343,4.719807,20.116089,35.695274,-12.685325,2.0253813,2.8104198,0.56310534,4.689383,57.394836,-1.9785328,2.420722,12.838631,22.454382,24.571144,-30.503002,64.256516,-17.310165,-32.419712,34.846912,35.175545
397,-9.551697731018066,-302.2178039550781,59.761756896972656,-0.5080630466450862,0.9444644547586573,-98.41749108316264,-28.20328,4.163592,20.145329,36.12765,-13.384401,2.9570322,1.5296034,-0.0178088,4.279258,60.113632,1.8553318,3.0122128,12.761944,22.45161,24.553635,-30.724367,63.463566,-16.458649,-32.145264,34.90325,36.00607
398,-9.486214637756348,-303.13507080078125,59.891075134277344,-0.17072300931232537,0.9582230610727187,-98.50368121865395,-27.506062,3.638894,20.29319,36.35328,-14.121152,3.7585368,0.14411983,-0.66625476,3.8858626,62.68207,6.0429707,3.9276428,12.708117,22.36487,24.536171,-30.884686,62.64344,-15.573394,-31.84104,35.00348,36.8241
399,-9.421197891235352,-304.01812744140625,60.02322006225586,0.14780194413536535,1.0013278914990391,-98.64444883606012,-26.763985,3.1402571,20.508612,36.410828,-14.843032,4.398865,-1.2859273,-1.3733041,3.4242768,65.07878,9.698765,4.820638,12.640661,22.198427,24.521708,-30.994047,61.797554,-14.732113,-31.523794,35.21069,37.673534
400,-9.35013484954834,-304.8824462890625,60.16627502441406,0.45348850805264296,1.0698652845087562,-98.82210563173595,-25.989288,2.6659205,20.755947,36.32388,-15.497211,4.845484,-2.6837401,-2.1855037,2.7450151,67.24086,11.954725,5.2735825,12.532908,21.958933,24.512617,-31.05821,60.926506,-13.986483,-31.210518,35.57126,38.578835
401,-9.282451629638672,-305.7298889160156,60.322959899902344,0.7600882499542599,1.1829967826388916,-99.09025258688857,-25.187658,2.2280405,21.10081,36.08372,-16.090324,5.039368,-4.0478115,-3.253431,1.6869993,69.17508,12.34588,5.108192,12.425492,21.654049,24.507252,-31.070068,59.995197,-13.357182,-30.910463,36.138268,39.536903
402,-9.22124195098877,-306.5673828125,60.491668701171875,1.057839165380023,1.3375802796381628,-99.43940253837145,-24.349375,1.814985,21.548225,35.672104,-16.637222,5.017447,-5.4020324,-4.5545354,0.3422657,70.90904,11.401302,4.516859,12.322094,21.281103,24.504665,-31.027441,59.01255,-12.803571,-30.61934,36.86881,40.529064
403,-9.168622016906738,-307.3990173339844,60.672481536865234,1.3303504721653747,1.49321696566854,-99.75466155095089,-23.469809,1.3939562,21.967947,35.114937,-17.103033,4.8927035,-6.7117634,-5.872805,-1.0833247,72.40857,9.750239,3.6402562,12.134892,20.830667,24.508045,-30.940786,58.04713,-12.264805,-30.333755,37.652287,41.540096
404,-9.12101936340332,-308.2281799316406,60.86732864379883,1.560514006573203,1.6069615895671268,-99.92452488661908,-22.540016,0.9390649,22.228907,34.43826,-17.453808,4.77689,-7.9507327,-6.987368,-2.39499,73.63177,8.041485,2.607599,11.780235,20.290981,24.52112,-30.824697,57.168148,-11.6848135,-30.052633,38.383644,42.55661
405,-9.094643592834473,-309.0525207519531,61.07222366333008,1.7419740718693213,1.665697079088633,-99.91578103537537,-21.546865,0.44331315,22.29777,33.62549,-17.665514,4.6644554,-9.137101,-7.815937,-3.5456903,74.56257,6.2113814,1.2689095,11.226537,19.64798,24.545582,-30.674091,56.3905,-11.05449,-29.775826,39.068615,43.581413
406,-9.083466529846191,-309.87451171875,61.28915023803711,1.8858623562787407,1.6885121291705858,-99.79506899358692,-20.49332,-0.069501005,22.247242,32.673607,-17.764019,4.509182,-10.282382,-8.424376,-4.583909,75.21682,4.0040064,-0.3133538,10.527584,18.910295,24.58,-30.485817,55.68083,-10.393064,-29.505194,39.75561,44.608276
407,-9.077926635742188,-310.6981201171875,61.513511657714844,1.9945360699773242,1.6790858294464792,-99.6007573309447,-19.391975,-0.583449,22.102097,31.62665,-17.787336,4.358278,-11.35906,-8.861238,-5.520318,75.60069,1.7945623,-1.7645276,9.72386,18.096584,24.623716,-30.283455,55.040066,-9.698427,-29.24431,40.4152,45.618023
408,-9.07708740234375,-311.5215148925781,61.74070358276367,2.0747517546669196,1.6422453084888777,-99.36874231854483,-18.255419,-1.0823625,21.884558,30.527973,-17.770401,4.2547736,-12.336502,-9.215239,-6.4159045,75.72552,-0.04238655,-2.756752,8.85775,17.225948,24.67685,-30.095318,54.464993,-8.973816,-28.998875,41.017296,46.598846
409,-9.080806732177734,-312.34149169921875,61.966712951660156,2.130758281671426,1.5627781980643451,-99.0983055645668,-17.066856,-1.577914,21.581516,29.372513,-17.700766,4.220835,-13.186595,-9.5500765,-7.355577,75.571175,-1.3824217,-3.1767225,8.104286,16.231476,24.714035,-30.131252,53.997,-7.9291754,-28.960827,41.199215,47.34358
410,-9.084482192993164,-313.16656494140625,62.18911361694336,2.146530321650793,1.443973864373363,-98.75309461932432,-15.830297,-2.0549543,21.159618,28.153912,-17.567251,4.2220163,-13.92634,-9.815391,-8.349539,75.12595,-2.4165075,-3.240432,7.1873336,15.12109,24.768755,-30.165318,53.660297,-6.9191217,-28.903852,41.46159,48.109432
411,-9.08317756652832,-313.9982604980469,62.40599822998047,2.1228214333712856,1.3107171314386923,-98.3637496346364,-14.572235,-2.4881144,20.668268,26.898775,-17.40521,4.214524,-14.606423,-9.964751,-9.299911,74.43729,-3.256807,-3.1260006,5.815655,14.175304,24.912405,-29.75736,53.258976,-6.6251597,-28.423746,42.531544,49.434856
412,-9.089716911315918,-314.8310546875,62.61487579345703,2.1211777221973933,1.1807431134902462,-98.02446296472259,-13.279862,-2.9156353,20.2349,25.573809,-17.226994,4.1599073,-15.303796,-9.999316,-10.0101,73.5945,-4.0417814,-3.0013463,4.927159,13.093877,24.95526,-29.764545,52.87638,-5.5745955,-28.37772,42.665005,50.155846
413,-9.099700927734375,-315.65570068359375,62.8122673034668,2.09762548868511,1.0578360681682084,-97.68967015172926,-11.96245,-3.3033092,19.80756,24.181152,-17.045723,4.060718,-16.009949,-9.869161,-10.519031,72.56827,-4.756378,-2.9238806,3.9883623,11.95504,25.013374,-29.710764,52.530926,-4.4961853,-28.310745,42.8004,50.816437
414,-9.115817070007324,-316.4769592285156,62.99272918701172,2.0261486720922828,0.9340232729238525,-97.34205728038982,-10.63176,-3.6249619,19.356201,22.762999,-16.86787,3.929657,-16.69815,-9.583404,-10.902923,71.32235,-5.3388653,-2.8161037,2.700001,11.061807,25.193588,-29.160378,52.035236,-3.901558,-27.863571,43.45133,51.88583
415,-9.141475677490234,-317.2999267578125,63.15620040893555,2.000805197795202,0.8140259420436438,-97.02870311800524,-9.278677,-3.9723222,18.948374,21.289404,-16.659254,3.7638178,-17.394781,-9.260828,-11.105901,69.92637,-5.8728013,-2.6431148,1.8136463,9.972905,25.236599,-29.095402,51.60917,-2.8119512,-27.817625,43.46929,52.50728
416,-9.168764114379883,-318.1202697753906,63.30241012573242,1.9640614862763608,0.7193783582691569,-96.71775973618743,-7.980722,-4.267855,18.54821,19.893923,-16.47047,3.5580754,-18.078955,-8.879418,-11.21819,68.34258,-6.379058,-2.385367,0.88796526,8.8350315,25.299755,-28.996586,51.195557,-1.6859,-27.755781,43.509857,53.004337
417,-9.200787544250488,-318.9296569824219,63.42835235595703,1.9328416282823384,0.6566719085540842,-96.42353577452064,-6.7370286,-4.5258017,18.1759,18.557148,-16.29116,3.2998564,-18.766203,-8.435914,-11.193982,66.5731,-6.885776,-2.02059,-0.04646087,7.7140884,25.378424,-28.876324,50.72212,-0.5606215,-27.682228,43.561756,53.405457
418,-9.240103721618652,-319.7406921386719,63.53482437133789,1.9046152334733686,0.6169726476225453,-96.14227544323222,-5.5237246,-4.757809,17.82467,17.244186,-16.117363,3.0072007,-19.450436,-7.931779,-11.03616,64.61887,-7.369014,-1.5809853,-0.98494655,6.6061454,25.470497,-28.739662,50.197826,0.56301206,-27.599787,43.60913,53.738274
419,-9.277563095092773,-320.5447998046875,63.62117385864258,1.8825236085277597,0.5921597635397466,-95.86901312984399,-4.3508763,-4.9692707,17.488424,16.002604,-15.975328,2.723767,-20.113375,-7.420557,-10.81369,62.504616,-7.806477,-1.1121464,-1.898314,5.5057387,25.575327,-28.607067,49.624023,1.6661536,-27.513544,43.676975,54.03283
420,-9.314433097839355,-321.3475036621094,63.680110931396484,1.8725137548253292,0.5745743374551315,-95.59928125612005,-3.228761,-5.167029,17.161858,14.876875,-15.891392,2.488354,-20.739529,-6.951411,-10.594447,60.254307,-8.174513,-0.6556742,-2.7614837,4.4078126,25.69279,-28.501104,49.000107,2.7161446,-27.429398,43.810047,54.325447
421,-9.34993839263916,-322.13641357421875,63.71352005004883,1.8682128779188736,0.57276519811901,-95.33294761276338,-2.169506,-5.3486204,16.846338,13.8737955,-15.857251,2.322763,-21.338354,-6.5147066,-10.370022,57.85859,-8.468835,-0.20326617,-3.5697153,3.3063202,25.82291,-28.43294,48.30939,3.7147353,-27.351254,44.040398,54.601032
422,-9.381871223449707,-322.93609619140625,63.724952697753906,1.871133970653261,0.5879568132475,-95.07216046300697,-1.1653012,-5.5152383,16.544481,12.971021,-15.864532,2.2039168,-21.913666,-6.093111,-10.111856,55.30999,-8.701941,0.25913393,-4.3428097,2.1974962,25.964499,-28.396374,47.56214,4.6646223,-27.280682,44.360245,54.84914
423,-9.411401748657227,-323.73736572265625,63.713233947753906,1.8912295348758619,0.6020654262582292,-94.81607043518461,-0.20315723,-5.676238,16.254494,12.182354,-15.936919,2.0976746,-22.442396,-5.715759,-9.8528595,52.633396,-8.874968,0.7114229,-5.09366,1.086108,26.116472,-28.38226,46.79292,5.541861,-27.218155,44.748547,55.105865
424,-9.43679141998291,-324.5309753417969,63.675331115722656,1.9386369109196848,0.5966841336528296,-94.56331312837224,0.7313598,-5.8405304,15.975223,11.518292,-16.096857,1.967972,-22.90084,-5.406972,-9.626264,49.847557,-8.985221,1.1381847,-5.8313704,-0.018619442,26.276873,-28.381237,46.031715,6.3229356,-27.163687,45.17792,55.40885
425,-9.463432312011719,-325.3184814453125,63.616050720214844,2.0087593285863736,0.566666621437104,-94.30855062336315,1.6389396,-6.003212,15.708748,10.982023,-16.356085,1.7994229,-23.276243,-5.1629367,-9.454106,46.923016,-9.01408,1.5374933,-6.5566525,-1.1113753,26.4446,-28.393982,45.27034,7.0098567,-27.117674,45.63975,55.752457
426,-9.487713813781738,-326.1087646484375,63.52657699584961,2.0865811796673417,0.5220559833564176,-94.05382940911905,2.4971974,-6.149457,15.45896,10.602894,-16.719866,1.6109338,-23.586996,-4.954901,-9.315712,43.863865,-8.967908,1.9272738,-7.261768,-2.1990924,26.619417,-28.426113,44.499825,7.6274033,-27.080399,46.13376,56.106514
427,-9.504369735717773,-326.9070739746094,63.412689208984375,2.1790967327244117,0.46898580059567835,-93.80910024200737,3.313231,-6.290814,15.224868,10.359354,-17.164598,1.416992,-23.855844,-4.7771482,-9.17586,40.729332,-8.883598,2.3221822,-7.9398885,-3.2843912,26.801325,-28.472593,43.738544,8.186199,-27.050674,46.63888,56.47558
428,-9.520256042480469,-327.7088928222656,63.2744140625,2.2907467752683353,0.4124954934796413,-93.58482356909316,3.975855,-6.4008994,15.019387,10.532473,-17.843534,1.2235843,-24.092745,-4.627142,-9.000401,37.54901,-8.783167,2.7309675,-8.580924,-4.3663216,26.989153,-28.524847,43.001396,8.700806,-27.026653,47.12476,56.863476
429,-9.531315803527832,-328.5162353515625,63.114051818847656,2.4468179878908534,0.3536592468915684,-93.3816441914363,4.618633,-6.548502,14.829901,10.783037,-18.5553,1.0395483,-24.294113,-4.526269,-8.775612,34.274265,-8.641628,3.130452,-9.163638,-5.4350123,27.182741,-28.58471,42.247074,9.173535,-27.007713,47.5817,57.290302
430,-9.539816856384277,-329.32061767578125,62.93278884887695,2.6430744050915247,0.2921530811639226,-93.19922273088262,5.2520733,-6.731066,14.660579,11.079283,-19.286787,0.8550052,-24.454952,-4.470328,-8.511447,30.892193,-8.451665,3.5241535,-9.6853485,-6.4859424,27.381657,-28.653439,41.46573,9.603228,-26.993725,48.006676,57.74754
431,-9.546932220458984,-330.1291809082031,62.7364387512207,2.8571189224549487,0.23441967014581377,-93.04836543775703,5.8782277,-6.928639,14.515898,11.399436,-20.023155,0.66197276,-24.58629,-4.4358516,-8.20057,27.482143,-8.258902,3.9607604,-10.159826,-7.5270457,27.584997,-28.72021,40.710728,9.99077,-26.983297,48.375458,58.210564
432,-9.555354118347168,-330.9403076171875,62.525550842285156,3.065526485829314,0.1876241094021198,-92.93927854952786,6.498003,-7.1225553,14.398926,11.728408,-20.755297,0.45201644,-24.695486,-4.398802,-7.837733,24.114515,-8.103638,4.4917526,-10.598731,-8.563746,27.791882,-28.772629,40.034065,10.340883,-26.97452,48.65511,58.654613
433,-9.564282417297363,-331.7640075683594,62.30379867553711,3.277042483192019,0.15254752547474199,-92.88016696947749,7.1155996,-7.3238635,14.31006,12.05528,-21.477415,0.22323607,-24.764122,-4.3579698,-7.358709,20.667225,-7.9663086,5.163087,-10.996872,-9.601079,28.001707,-28.808718,39.435204,10.643306,-26.966879,48.823666,59.086746
434,-9.57716178894043,-332.5865783691406,62.07078552246094,3.501357964961279,0.1287450075894945,-92.86089663019422,7.728765,-7.5383196,14.245345,12.390203,-22.19415,-0.02423735,-24.771412,-4.319914,-6.790393,17.075077,-7.7950454,5.9400306,-11.3445425,-10.636821,28.215086,-28.83688,38.88782,10.907987,-26.960464,48.88181,59.510365
435,-9.588096618652344,-333.40673828125,61.8299674987793,3.724653447640037,0.12195021747721319,-92.85974695955379,8.332029,-7.740595,14.194856,12.73407,-22.900911,-0.29183397,-24.727463,-4.276405,-6.2685575,13.510711,-7.5777087,6.758216,-11.647298,-11.66168,28.43177,-28.861465,38.398075,11.155714,-26.954653,48.83499,59.914444
436,-9.609504699707031,-334.2314453125,61.583457946777344,3.9360606643449456,0.1399311645549258,-92.84849443734026,8.919567,-7.9193425,14.139776,13.075465,-23.586512,-0.57699615,-24.655579,-4.2277226,-5.933349,10.174999,-7.3245826,7.5582137,-11.921076,-12.665409,28.650846,-28.881927,37.967243,11.402151,-26.948385,48.691998,60.290977
437,-9.630722999572754,-335.06146240234375,61.329071044921875,4.1566579759178826,0.18978917308912527,-92.8073370026414,9.492281,-8.09674,14.068989,13.394283,-24.280048,-0.87864,-24.641737,-4.2100425,-5.811654,7.224666,-7.1538377,8.326578,-12.189587,-13.655079,28.8717,-28.89659,37.58755,11.633188,-26.941061,48.454277,60.644974
438,-9.661846160888672,-335.90057373046875,61.069190979003906,4.424051474180347,0.27644571613106816,-92.72203706571575,10.047553,-8.311382,13.953073,13.6861925,-24.9665,-1.1941025,-25.19016,-4.312328,-5.81016,5.8269653,-7.7977953,9.118159,-12.46241,-14.613375,29.092089,-28.890476,37.213905,11.805957,-26.933226,48.1152,61.021015
439,-9.700906753540039,-336.7449645996094,60.80447006225586,4.7287886955752825,0.39413577470719713,-92.60282900187717,10.569765,-8.545161,13.782816,14.002558,-25.597553,-1.518232,-24.575096,-4.316982,-6.049636,1.8537585,-6.706198,9.939652,-12.71824,-15.504935,29.308777,-28.840694,36.8374,11.927357,-26.924915,47.68076,61.428944
440,-9.73169994354248,-337.6000671386719,60.54812240600586,5.019066339960129,0.5253438684116407,-92.48999469295265,11.068206,-8.749317,13.583464,14.355228,-26.099678,-1.8511893,-23.997501,-4.2894497,-6.4264665,-1.5558405,-5.6539016,10.801635,-12.9210825,-16.304209,29.518301,-28.730278,36.489174,12.0349045,-26.915272,47.169888,61.848145
441,-9.765016555786133,-338.45159912109375,60.316925048828125,5.254834055766793,0.6569868626154488,-92.43454498493657,11.55287,-8.886868,13.412604,14.751258,-26.477879,-2.192225,-24.287119,-4.26186,-6.957507,-2.292156,-5.898775,11.84165,-13.053586,-17.049658,29.720167,-28.564243,36.25206,12.158708,-26.902828,46.605804,62.250797
442,-9.802138328552246,-339.3093566894531,60.11155700683594,5.480126974604838,0.8291439724348693,-92.38753274913441,11.99655,-9.004229,13.226199,15.163704,-26.751663,-2.5424974,-24.702234,-4.227905,-7.690404,-2.3511229,-6.3062344,12.998202,-13.064498,-17.61038,29.99829,-28.297155,35.87735,12.358538,-26.883007,45.791054,62.603825
443,-9.8401460647583,-340.1831359863281,59.928466796875,5.64804226419643,0.9882786595452501,-92.36672209135897,12.449442,-9.063296,13.042282,15.5884285,-26.893217,-2.915599,-24.968168,-4.143394,-8.431913,-2.2805552,-6.5207343,13.968719,-13.080909,-18.11648,30.250465,-27.982359,35.646378,12.527697,-26.861803,45.04232,62.951584
444,-9.888192176818848,-341.0691833496094,59.75497817993164,5.64098038677183,1.1159794947098212,-92.39095645050715,12.787827,-8.90559,12.921999,16.377787,-27.089561,-3.3357067,-25.151876,-3.9128454,-8.975639,-1.8556477,-6.646927,14.323944,-13.032545,-18.497288,30.557026,-27.628286,35.499054,12.857608,-26.829317,44.235874,63.128517
445,-9.932815551757812,-341.9652099609375,59.60469055175781,5.424225443919255,1.1711404802700873,-92.52604175969489,13.160902,-8.547763,12.901316,17.279566,-27.22421,-3.8107553,-25.592785,-3.6099412,-9.27625,0.05827445,-7.3089285,14.323944,-12.965155,-18.969435,30.83816,-27.327116,35.756805,13.265729,-26.786507,43.598156,63.20503
446,-9.980534553527832,-342.87481689453125,59.48468017578125,5.063138539259624,1.202299507462533,-92.73574130858134,13.540014,-8.046355,12.938644,18.242132,-27.268988,-4.3278527,-26.191294,-3.2278333,-9.423693,3.0218878,-8.277378,13.915045,-12.786372,-19.23586,31.256153,-26.966265,35.974957,13.792422,-26.708572,42.89137,63.1882
447,-10.059432983398438,-343.7586975097656,59.428733825683594,4.5628164982727055,1.2242199260741842,-92.97555117374995,13.87422,-7.3845525,13.022196,19.32094,-27.185478,-4.8597164,-26.593561,-2.6651611,-9.422909,5.7331476,-8.830866,13.110104,-12.670076,-19.502123,31.718052,-26.576185,36.39245,14.282789,-26.606274,42.36764,63.097454
448,-10.131592750549316,-344.6576843261719,59.391326904296875,3.953294568416856,1.2696394960331454,-93.1837624623681,14.103486,-6.574786,13.118888,20.559557,-26.93293,-5.380837,-26.169933,-1.8178874,-9.293983,6.1644926,-7.8237567,12.001529,-12.62577,-19.821533,32.172493,-26.214289,36.98378,14.74962,-26.488472,41.95873,62.87721
449,-10.217230796813965,-345.5622253417969,59.38304138183594,3.188434810271485,1.3671935931053576,-93.36633334861747,14.229298,-5.5722213,13.267722,21.913553,-26.544838,-5.885539,-26.649729,-0.92198026,-8.8872385,8.505318,-7.6509767,10.32423,-12.59043,-20.27768,32.636826,-25.97735,37.76506,15.269652,-26.351923,41.567722,62.442924
450,-10.329425811767578,-346.4702453613281,59.40817642211914,2.3311468739723473,1.5049468544311542,-93.51409839772967,14.27125,-4.4465146,13.427233,23.386282,-26.033072,-6.3924465,-27.317991,0.07057295,-8.319527,11.178688,-7.3623075,8.156687,-12.550425,-20.804737,33.07448,-25.819672,38.683884,15.827224,-26.205671,41.16135,61.865795
451,-10.455595970153809,-347.395263671875,59.446311950683594,1.5293941528003312,1.6626805052117075,-93.57710699979272,14.200408,-3.3349478,13.484966,25.052568,-25.300045,-6.9223285,-27.972717,0.9930733,-7.815756,13.765245,-6.9154162,6.0864024,-12.576616,-21.255922,33.441475,-25.620783,39.61664,16.321459,-26.068607,40.765842,61.282017
452,-10.578010559082031,-348.3402404785156,59.47797393798828,0.879931271440664,1.7999433402454028,-93.5399005689476,13.99982,-2.3282976,13.367702,26.987171,-24.244974,-7.4903026,-28.398464,1.7135934,-7.52682,15.887391,-6.3259068,4.676905,-12.681602,-21.416874,33.71718,-25.244,40.403923,16.713305,-25.951357,40.381973,60.78132
453,-10.693552017211914,-349.2988586425781,59.51381301879883,0.3759858212701178,1.9057712544931427,-93.36267351624625,13.673565,-1.3935295,13.023948,29.210577,-22.799833,-8.201102,-28.530935,2.1712036,-7.4979343,17.468573,-5.5188837,4.22928,-12.892835,-21.2279,33.902542,-24.634216,41.0082,17.03922,-25.85117,39.961243,60.339848
454,-10.8106107711792,-350.2673034667969,59.55436325073242,-0.06457057701032136,1.9971677960870957,-93.09645505885264,13.218548,-0.46526307,12.528231,31.695461,-21.041195,-9.001328,-28.47639,2.4615712,-7.597797,18.738554,-4.546301,4.3428884,-13.194588,-20.865547,34.027573,-23.90223,41.590763,17.3208,-25.760246,39.55127,59.89629
455,-10.908768653869629,-351.2352600097656,59.59687042236328,-0.4471411979108895,2.0559918150259784,-92.8608608583929,12.6304455,0.40958232,12.0002365,34.428856,-19.072647,-9.6721115,-28.327267,2.6727965,-7.683875,19.927774,-3.702426,4.54602,-13.44816,-20.334364,34.083748,-23.116884,42.161354,17.544374,-25.681177,39.20345,59.47807
456,-10.9920015335083,-352.1986389160156,59.64350128173828,-0.7756945844816461,2.0713030372129078,-92.7715218486107,11.907476,1.1845275,11.573945,37.392117,-16.983067,-10.011626,-28.166977,2.9129753,-7.629506,21.201693,-3.262909,4.4039774,-13.562077,-19.72138,34.071724,-22.37131,42.80365,17.662054,-25.61833,39.013855,59.11899
457,-11.072181701660156,-353.15240478515625,59.69914627075195,-1.0324249718201346,2.01460961738207,-92.88744245209051,11.062178,1.8151797,11.300318,40.68087,-14.757447,-9.917909,-28.02877,3.2251766,-7.3586645,22.655333,-3.3698058,3.826909,-13.469681,-19.01524,33.9564,-21.65117,43.540012,17.664536,-25.57534,38.999153,58.855797
458,-11.146747589111328,-354.0841369628906,59.77099609375,-1.226786323152779,1.8967748098308876,-93.13820594505992,10.107271,2.3456256,11.134287,44.24709,-12.334366,-9.530277,-27.867912,3.5705078,-6.944659,24.174858,-3.8476584,3.0658677,-13.216655,-18.30076,33.72637,-21.010435,44.414944,17.592936,-25.548525,39.08859,58.641884
459,-11.227837562561035,-355.01611328125,59.853172302246094,-1.3983529353896813,1.760067306951862,-93.44194868633481,9.053783,2.855172,11.063949,47.850285,-9.727594,-9.012353,-27.638643,3.939559,-6.48956,25.578053,-4.4830995,2.2144072,-12.868758,-17.661606,33.41791,-20.546932,45.42949,17.462366,-25.531624,39.242695,58.407204
460,-11.304201126098633,-355.93719482421875,59.94984436035156,-1.586121959908586,1.6506896746670077,-93.71581176013993,7.9021244,3.4239469,11.058194,51.27403,-6.9673734,-8.520151,-27.29996,4.314274,-6.1051116,26.693941,-5.069847,1.359504,-12.497276,-17.174618,33.07209,-20.354189,46.579556,17.283064,-25.520254,39.425457,58.08581
461,-11.384088516235352,-356.85015869140625,60.065574645996094,-1.7916362546717233,1.5752026975782862,-93.97357022508496,6.5920844,4.08806,11.142441,54.61773,-3.702347,-7.9828525,-26.837862,4.7051725,-5.79542,27.480215,-5.5978656,0.46581525,-12.0937195,-16.812582,32.69705,-20.414698,47.858913,17.053082,-25.515179,39.663834,57.66995
462,-11.473247528076172,-357.7565612792969,60.20060348510742,-1.9990078860864102,1.5136304238335008,-94.24801111529439,5.141642,4.819953,11.326599,57.95592,-0.027707923,-7.3431454,-26.282995,5.1289268,-5.507077,28.03288,-6.1587124,-0.4925294,-11.633857,-16.493687,32.28893,-20.653517,49.226757,16.7627,-25.51859,39.970417,57.193
463,-11.57270622253418,-358.6484069824219,60.34275436401367,-2.2139471728980937,1.4745149453555777,-94.4816708125253,3.6561732,5.58631,11.516323,61.06195,3.3169713,-6.7802353,-25.657188,5.559756,-5.275228,28.376402,-6.700388,-1.4197543,-11.17049,-16.188276,31.870071,-21.05965,50.608227,16.409601,-25.52814,40.287968,56.651615
464,-11.670262336730957,-359.52227783203125,60.49038314819336,-2.4456718481705977,1.4667085563187157,-94.61552851844395,2.2307172,6.3315306,11.5911255,63.729908,5.5714817,-6.485071,-24.983383,5.9605937,-5.13919,28.542307,-7.1831107,-2.2172608,-10.758652,-15.866163,31.463804,-21.623514,51.926693,15.992983,-25.541296,40.556934,56.04004
465,-11.765057563781738,-360.3779296875,60.65155792236328,-2.705491969073561,1.5105596338243255,-94.5980460322015,0.8802958,7.055976,11.495585,65.91064,6.3899474,-6.6240196,-24.26312,6.313594,-5.1575947,28.508005,-7.616329,-2.8668036,-10.4483185,-15.522943,31.080088,-22.361637,53.16843,15.503426,-25.55858,40.78175,55.33399
466,-11.864434242248535,-361.2353210449219,60.82823181152344,-2.983967442314388,1.5981282148275429,-94.47126506410997,-0.4541045,7.7690954,11.285926,67.74277,6.2042513,-7.049567,-23.48594,6.6306343,-5.2951536,28.268724,-8.023162,-3.414955,-10.206111,-15.13109,30.713478,-23.24408,54.338318,14.937874,-25.581554,40.987946,54.549736
467,-11.952569961547852,-362.0757751464844,61.01490783691406,-3.2461992835885893,1.6943722041541887,-94.31869670106938,-1.7799802,8.409304,11.011415,69.27318,5.4359164,-7.4917564,-22.6522,6.913523,-5.44713,27.877378,-8.381706,-3.8593624,-9.958292,-14.631161,30.361238,-24.1959,55.38824,14.300846,-25.609571,41.14539,53.75269
468,-12.0372314453125,-362.9107971191406,61.20512008666992,-3.4625666887589324,1.762036454027987,-94.22390634651846,-3.1006444,8.910114,10.709116,70.53692,4.513834,-7.695053,-21.762335,7.165495,-5.510213,27.389036,-8.669204,-4.202723,-9.629027,-13.967986,30.02302,-25.149294,56.270824,13.600028,-25.641872,41.22576,53.00507
469,-12.10993766784668,-363.7411193847656,61.40291213989258,-3.626279362446715,1.7898018619241536,-94.19261962892061,-4.444588,9.187003,10.242313,71.5197,3.3775036,-7.556891,-20.803528,7.3869524,-5.4771237,26.790178,-8.867081,-4.421565,-9.206178,-13.113653,29.699726,-26.130455,56.95552,12.82912,-25.678724,41.232197,52.31929
470,-12.173571586608887,-364.564208984375,61.60942459106445,-3.753223821714741,1.7961793456280994,-94.18281169136718,-5.80098,9.288629,9.631139,72.20725,1.8665136,-7.2273197,-19.778152,7.575028,-5.402128,26.060564,-8.990586,-4.5265093,-8.726187,-12.113196,29.394497,-27.178146,57.47802,11.986489,-25.720892,41.174072,51.667965
471,-12.233587265014648,-365.3872375488281,61.817665100097656,-3.8409384012315306,1.7865134102215372,-94.21017032206959,-7.1111264,9.355551,9.142974,72.63049,0.2594215,-6.840356,-18.716404,7.730057,-5.2717195,25.25984,-9.069807,-4.5738177,-8.181799,-11.023413,29.110525,-28.248964,57.891376,11.093786,-25.768135,41.034378,51.046654
472,-12.280152320861816,-366.2112121582031,62.02336120605469,-3.8851198124912805,1.7651918981144046,-94.29074608920617,-8.3161955,9.536765,9.051168,72.817444,-1.1710013,-6.5347066,-17.645655,7.850328,-5.0706387,24.44569,-9.140159,-4.6167808,-7.5669765,-9.894524,28.850332,-29.294044,58.24537,10.172427,-25.82053,40.799885,50.451935
473,-12.315492630004883,-367.03021240234375,62.22489547729492,-3.8727436408712674,1.727433508559329,-94.44220227286215,-9.382531,9.893065,9.5142975,72.74156,-2.372137,-6.396725,-16.56785,7.9205294,-4.7782354,23.630907,-9.204373,-4.656301,-6.8613687,-8.71743,28.612352,-30.328344,58.527107,9.210709,-25.879313,40.45292,49.904327
474,-12.354453086853027,-367.8501892089844,62.418277740478516,-3.807421042988782,1.6697580211561416,-94.65207810059131,-10.3417225,10.337653,10.36149,72.39676,-3.4800193,-6.3512053,-15.469311,7.9415936,-4.408072,22.791708,-9.250322,-4.66754,-6.071306,-7.4889956,28.393965,-31.39024,58.731926,8.207589,-25.94503,40.009586,49.399166
475,-12.390298843383789,-368.6645812988281,62.60335922241211,-3.7198641672474646,1.6002021790875682,-94.89132398560858,-11.230293,10.798092,11.374758,71.8314,-4.504508,-6.2986307,-14.3550825,7.9351707,-3.9961505,21.93134,-9.282899,-4.661512,-5.2356286,-6.262742,28.193922,-32.45697,58.918835,7.197643,-26.016594,39.512344,48.894627
476,-12.42745590209961,-369.48870849609375,62.784297943115234,-3.640113069361286,1.5275649584446376,-95.13105991379565,-12.093795,11.207789,12.332265,71.0997,-5.4611754,-6.1308293,-13.232556,7.924636,-3.5784187,21.053566,-9.306344,-4.64768,-4.3981004,-5.0838275,28.010927,-33.492622,59.14175,6.213453,-26.092602,39.005936,48.34507
477,-12.459391593933105,-370.31640625,62.95143508911133,-3.571934762443384,1.4470893166632655,-95.36666916482378,-12.935971,11.56897,13.233798,70.20602,-6.3582563,-5.7765794,-12.088659,7.9093714,-3.1492262,20.142775,-9.312297,-4.611915,-3.568742,-3.953638,27.842442,-34.51712,59.414837,5.2582426,-26.172142,38.490005,47.74944
478,-12.49123477935791,-371.1371765136719,63.1007080078125,-3.4992980139220604,1.3556681795161039,-95.61216737271735,-13.735855,11.904426,14.178355,69.12605,-7.190074,-5.3151784,-10.92564,7.875755,-2.695934,19.206793,-9.3039465,-4.548038,-2.7276483,-2.84948,27.685644,-35.536705,59.711334,4.3153214,-26.25683,37.951305,47.12728
479,-12.518376350402832,-371.9549560546875,63.234561920166016,-3.4346412706565665,1.2649984912025012,-95.86643786390977,-14.505129,12.189791,15.090459,67.86553,-7.9509544,-4.850718,-9.7737875,7.832752,-2.2447133,18.28429,-9.302857,-4.4803634,-1.8809091,-1.7730027,27.538563,-36.48095,60.020893,3.38816,-26.348736,37.416927,46.459484
480,-12.544661521911621,-372.7679138183594,63.350040435791016,-3.3870318123947594,1.1869874181163895,-96.12801660808539,-15.25606,12.406482,15.896482,66.42964,-8.632322,-4.480989,-8.663977,7.7934766,-1.8219563,17.418114,-9.334267,-4.439368,-1.0394049,-0.72154933,27.399895,-37.269222,60.33185,2.4788802,-26.450113,36.91793,45.726025
481,-12.567045211791992,-373.5812683105469,63.45042037963867,-3.359007479534875,1.1249223581741103,-96.39867344590884,-16.001238,12.555295,16.583218,64.82142,-9.235749,-4.1905174,-7.5956054,7.7669005,-1.4393547,16.597221,-9.398533,-4.4585066,-0.20923768,0.3091749,27.267069,-37.882153,60.645664,1.5937217,-26.562862,36.46594,44.903286
482,-12.590924263000488,-374.394287109375,63.531558990478516,-3.3522051045079433,1.07177799132022,-96.67663315190597,-16.733723,12.6566925,17.187212,63.041626,-9.76684,-3.9333298,-6.556557,7.7545285,-1.0847514,15.813461,-9.486078,-4.5197,0.40695128,1.5428119,27.221838,-38.035362,60.83406,0.52718,-26.607903,36.352535,44.118347
483,-12.608745574951172,-375.2010803222656,63.59184265136719,-3.362741753931696,1.0265039253358863,-96.96028068943536,-17.43893,12.712239,17.720856,61.08621,-10.216076,-3.7540545,-5.5524793,7.7459693,-0.7389479,15.090416,-9.609509,-4.578878,1.1133585,2.665628,27.154741,-38.19857,61.061012,-0.4851911,-26.676407,36.155624,43.28014
484,-12.624502182006836,-375.9977111816406,63.63338851928711,-3.392563575010127,0.9879469070243347,-97.24518531021488,-18.102848,12.730261,18.19102,58.952534,-10.575114,-3.6994202,-4.583832,7.738132,-0.38630444,14.437286,-9.768567,-4.590713,1.9084489,3.6593685,27.055307,-38.36137,61.34585,-1.4217058,-26.782372,35.847717,42.387917
485,-12.640954971313477,-376.7955017089844,63.65676498413086,-3.4489296388024715,0.9591654651794521,-97.52919940559705,-18.727207,12.712679,18.577747,56.62025,-10.845476,-3.8038206,-3.6421704,7.736456,-0.02107439,13.823133,-9.941762,-4.5441265,2.6986504,4.5896525,26.966463,-38.381695,61.64847,-2.387375,-26.87884,35.58401,41.499214
486,-12.655460357666016,-377.59503173828125,63.659507751464844,-3.5239894858503256,0.9399358914444311,-97.81811380984341,-19.315203,12.654683,18.892414,54.093716,-11.028819,-4.0265555,-2.7340949,7.735621,0.3511145,13.26206,-10.1401415,-4.4651113,3.5181293,5.4714985,26.866564,-38.280037,61.95939,-3.349552,-26.992243,35.306194,40.58563
487,-12.667552947998047,-378.3990783691406,63.640045166015625,-3.6253725589559327,0.9204736022007974,-98.10365397891303,-19.865463,12.582645,19.158882,51.423737,-11.126374,-4.305001,-1.8532408,7.747802,0.7127749,12.771742,-10.3843155,-4.364485,4.3239574,6.30225,26.755459,-38.07114,62.30034,-4.300558,-27.128647,35.04629,39.65186
488,-12.680355072021484,-379.20556640625,63.60293197631836,-3.7589026971113273,0.8914846259344446,-98.37921741914006,-20.376326,12.518306,19.402464,48.655346,-11.139198,-4.578486,-0.9981929,7.7833,1.0480474,12.376781,-10.697261,-4.252588,5.086812,7.076463,26.651161,-37.78862,62.6891,-5.232441,-27.26868,34.82875,38.704514
489,-12.692279815673828,-380.0091857910156,63.54557800292969,-3.933476758238589,0.8485355159407579,-98.65209017975604,-20.843563,12.484759,19.645416,45.783306,-11.062245,-4.812787,-0.16601008,7.851506,1.3567725,12.076547,-11.082007,-4.1243544,5.8283753,7.783936,26.548958,-37.422256,63.131348,-6.152543,-27.420174,34.655163,37.753757
490,-12.711140632629395,-380.8180847167969,63.46897506713867,-4.143092498210472,0.7974324835399822,-98.92164936620348,-21.270985,12.46435,19.865757,42.792545,-10.902348,-5.043662,0.6421977,7.945231,1.6445051,11.85672,-11.528224,-3.9789426,6.549577,8.426496,26.449995,-36.957645,63.618706,-7.067749,-27.581465,34.524483,36.79395
491,-12.728423118591309,-381.63006591796875,63.370548248291016,-4.363111813389769,0.742764588202081,-99.16902216232802,-21.673185,12.419663,20.0217,39.723534,-10.680005,-5.314279,1.4179258,8.047994,1.9023918,11.736312,-12.041381,-3.8326828,7.2042627,9.037199,26.355755,-36.426804,64.11488,-7.9940896,-27.751637,34.440136,35.855816
492,-12.753966331481934,-382.4460754394531,63.24665451049805,-4.563748530085779,0.6892391630607552,-99.37775912699091,-22.068104,12.311693,20.076176,36.62753,-10.423383,-5.663156,2.1400197,8.13355,2.1211684,11.766568,-12.649981,-3.7015119,7.765748,9.650976,26.267992,-35.885685,64.572014,-8.9614525,-27.929066,34.403297,34.99163
493,-12.784795761108398,-383.2660827636719,63.100425720214844,-4.742133111140066,0.6311303289729653,-99.54178267138347,-22.45025,12.127904,19.964298,33.445988,-10.063454,-6.057975,2.7471654,8.20525,2.283211,12.118027,-13.461873,-3.5901535,8.238405,10.254221,26.18878,-35.373127,65.00344,-9.968677,-28.11107,34.40407,34.211857
494,-12.816230773925781,-384.08697509765625,62.94314193725586,-4.9213681730697125,0.568991002442483,-99.665765534671,-22.811752,11.913533,19.712711,30.177038,-9.619091,-6.474144,3.3495634,8.28057,2.4040873,12.512644,-14.310609,-3.4893863,8.644764,10.812867,26.118557,-34.885612,65.441696,-10.992701,-28.29526,34.425606,33.487885
495,-12.839956283569336,-384.9025573730469,62.77626037597656,-5.0959537759292175,0.5166862341276843,-99.75200554089432,-23.14116,11.688197,19.44011,26.89202,-9.216078,-6.9656944,3.9434278,8.350584,2.4933383,12.922171,-15.167353,-3.3890984,8.998128,11.323483,26.054966,-34.42377,65.869095,-12.044288,-28.481586,34.460873,32.831394
496,-12.86606502532959,-385.7181396484375,62.59986114501953,-5.260094621527635,0.48577170240439843,-99.808379974629,-23.422298,11.458034,19.27466,23.638367,-8.95925,-7.6011224,4.524533,8.40803,2.566799,13.320263,-16.001373,-3.2773995,9.294037,11.860295,25.995821,-33.95076,66.21433,-13.1091795,-28.669704,34.499794,32.22759
497,-12.89212417602539,-386.5330810546875,62.417274475097656,-5.4095913363931905,0.4876554042203558,-99.81742237758363,-23.63532,11.177577,19.200634,20.247837,-8.825282,-8.403052,5.0972877,8.4475,2.6109202,13.676713,-16.809086,-3.1437733,9.529265,12.373808,25.938194,-33.4584,66.50083,-14.221122,-28.861643,34.545628,31.697254
498,-12.914072036743164,-387.35736083984375,62.23237991333008,-5.525658707347658,0.5202500636887902,-99.77633898234784,-23.739313,10.794956,19.18712,16.583105,-8.672775,-9.33882,5.650204,8.450157,2.6140444,14.02956,-17.61555,-2.991933,9.631943,12.965254,25.868198,-32.841766,66.67249,-15.357556,-29.111307,34.653557,31.169184
499,-12.93364429473877,-388.1828918457031,62.041385650634766,-5.641069765824251,0.5653778252068634,-99.73363756623228,-23.695663,10.362013,19.332766,12.762722,-8.446183,-10.416211,6.1923957,8.445186,2.6240182,14.385818,-18.389648,-2.8332171,9.714409,13.520276,25.805279,-32.281197,66.82461,-16.476627,-29.349308,34.752285,30.689558
500,-12.946550369262695,-389.0111999511719,61.836814880371094,-5.7918058828552095,0.6303912590453323,-99.76476105378087,-23.476168,9.927919,19.763044,8.882571,-8.078999,-11.647208,6.6877666,8.45848,2.7119112,14.80919,-19.137102,-2.678988,9.776626,14.079805,25.741795,-31.715685,66.957405,-17.4867,-29.621487,34.84914,30.112314
501,-12.958015441894531,-389.86407470703125,61.58592224121094,-6.213004034406366,0.7498944581775449,-100.007038183917,-22.799637,9.620844,20.648088,4.0449643,-7.1171327,-13.262786,7.11125,8.711159,3.03376,15.281815,-19.860083,-2.5415804,9.994587,14.317578,25.710835,-31.302471,67.35114,-18.311737,-29.818422,34.76124,29.319292
502,-12.945574760437012,-390.720703125,61.31205749511719,-6.75744684774097,0.8665398647629854,-100.2516640174994,-21.560047,9.002729,21.727972,-2.141155,-5.3420544,-14.323944,7.5195913,9.063317,3.3777182,15.813629,-20.584797,-2.3969867,10.2149935,14.39424,25.703655,-31.060362,67.86852,-19.062828,-29.91631,34.5887,28.552874
503,-12.905444145202637,-391.5846252441406,61.049705505371094,-7.215246155235078,0.9735528625928562,-100.34836855281792,-21.439487,8.558291,22.443377,-5.120622,-5.2277884,-14.323944,7.9187527,9.316357,3.5839734,16.410282,-21.277082,-2.2193627,10.281935,14.547525,25.698278,-30.818659,68.29136,-19.74681,-30.019434,34.36754,27.876595
504,-12.87862491607666,-392.4334716796875,60.81576919555664,-7.543286345229032,1.0148094893659787,-100.37286242333207,-21.810642,8.362718,23.026943,-5.992532,-5.912248,-14.323944,8.378214,9.459429,3.7462406,16.99978,-21.823498,-2.042122,10.306309,14.755842,25.692423,-30.691244,68.65459,-20.330334,-30.083208,34.22046,27.397638
505,-12.863309860229492,-393.2624206542969,60.603607177734375,-7.813898416117876,1.085687963671304,-100.42244804753219,-22.171177,8.282699,23.72507,-6.205656,-6.5617976,-14.323944,8.683296,9.561199,3.9506295,17.868729,-22.401772,-1.8783237,10.361466,15.040728,25.680315,-30.457947,68.92608,-20.964079,-30.19833,33.94463,27.000183
506,-12.862751007080078,-394.10107421875,60.399169921875,-8.05918211310684,1.1195377748903004,-100.50765136874486,-22.250402,8.19156,24.622583,-6.434021,-6.872693,-14.323944,8.942517,9.641267,4.2130013,18.908524,-22.95974,-1.7258164,10.420405,15.325557,25.667328,-30.274996,69.20183,-21.411564,-30.3122,33.67324,26.604439
507,-12.869795799255371,-394.95086669921875,60.221351623535156,-8.125048692126569,1.1116026611455716,-100.51600041800067,-22.695116,8.233489,25.437487,-5.0049443,-7.7590885,-14.323944,9.221743,9.557698,4.400552,19.999012,-23.406187,-1.5588074,10.453935,15.724215,25.646582,-30.15876,69.33503,-21.82143,-30.433668,33.444744,26.415688
508,-12.8986177444458,-395.8236083984375,60.054649353027344,-7.992350079823237,1.0859077783215203,-100.468614662104,-23.174896,8.248012,26.09951,-2.9679425,-8.534958,-14.323944,9.486732,9.294269,4.514899,21.186987,-23.732313,-1.3604631,10.5105095,16.280947,25.60131,-30.10054,69.252426,-22.08834,-30.669352,33.218475,26.297264
509,-12.931649208068848,-396.7094421386719,59.935020446777344,-7.640440067408776,1.0317604771941522,-100.31547363238094,-23.88448,8.37791,26.543346,0.42344567,-9.506685,-14.323944,9.792853,8.84221,4.5139375,22.38655,-23.9288,-1.1274611,10.5410385,16.864044,25.52382,-30.199257,69.07283,-22.267843,-31.043573,33.10202,26.299818
510,-12.960902214050293,-397.57806396484375,59.87522506713867,-7.1247848212732245,0.9462947812078096,-100.07762119075039,-25.257092,8.924273,26.708302,6.333621,-11.424163,-14.323944,10.118184,8.253119,4.4239416,23.64033,-24.02157,-0.8719782,10.541039,17.492205,25.430382,-30.407099,68.80269,-22.454367,-31.439991,33.098366,26.51452
511,-13.01294231414795,-398.4874572753906,59.7867317199707,-6.748469279707294,0.9140811551779131,-99.97977274343603,-26.124674,9.468713,26.725925,10.942923,-12.298892,-14.323944,10.3496275,7.7842755,4.4904714,24.980385,-23.927681,-0.60508466,10.595041,17.932375,25.353264,-30.555735,68.659424,-22.479208,-31.75605,33.040833,26.59913
512,-13.029634475708008,-399.3923645019531,59.71674346923828,-6.423826044034241,0.9567481329917338,-99.92529505216876,-26.958662,9.791695,26.339924,14.887455,-12.753207,-13.344883,10.432294,7.332104,4.5863595,26.459864,-23.600212,-0.297231,10.634886,18.267227,25.287935,-30.648016,68.52058,-22.369535,-32.020306,32.94733,26.60074
513,-13.012056350708008,-400.29296875,59.688385009765625,-5.973293433713505,1.0765773970674546,-99.85869813349686,-27.679066,9.609213,25.543648,17.823376,-12.445421,-11.265362,10.379377,6.743456,4.6207905,28.075092,-23.078543,0.054909933,10.645974,18.613497,25.20225,-30.753242,68.24233,-22.193893,-32.34583,32.915703,26.606968
514,-12.992039680480957,-401.2118835449219,59.67652893066406,-5.42514556355384,1.2501957252926144,-99.81007696620463,-28.388489,9.208364,24.516632,20.416777,-11.667185,-8.9016485,10.218271,6.057534,4.6359806,29.819096,-22.381304,0.43833506,10.640934,18.980242,25.107283,-30.850027,67.84408,-22.02235,-32.657562,32.99238,26.704655
515,-12.975878715515137,-402.1546936035156,59.66914749145508,-4.85166647424041,1.4290079462198952,-99.78420596839953,-28.962822,8.691444,23.568636,22.628445,-10.720627,-6.707272,9.945128,5.3465242,4.655742,31.740643,-21.41639,0.844218,10.632795,19.334963,25.012,-30.921476,67.39441,-21.784771,-32.925587,33.115692,26.874777
516,-12.949728965759277,-403.11761474609375,59.66460037231445,-4.321571870375648,1.5630581349882848,-99.78687511731934,-29.28077,8.185062,22.945312,24.46226,-9.972358,-5.110197,9.561607,4.6768594,4.70642,33.87872,-20.084045,1.2669823,10.639315,19.647818,24.925661,-30.956038,66.95477,-21.370962,-33.14536,33.19495,27.060123
517,-12.917670249938965,-404.0858154296875,59.67195510864258,-3.8386337424296704,1.634961926728432,-99.84993560537296,-29.297125,7.769213,22.714993,25.966427,-9.567437,-4.403444,9.091085,4.050313,4.8183074,36.253017,-18.306608,1.797053,10.695071,19.930216,24.850079,-30.918495,66.524956,-20.780386,-33.29953,33.236137,27.281094
518,-12.878286361694336,-405.0643005371094,59.68026351928711,-3.3646219176039724,1.6697067676585438,-99.95429310886792,-29.109135,7.4199867,22.690971,27.274143,-9.398345,-4.267156,8.532511,3.442176,4.9671216,38.84067,-16.152521,2.4233544,10.772108,20.200089,24.777225,-30.822214,66.07423,-20.045973,-33.400555,33.267117,27.548332
519,-12.839913368225098,-406.0386657714844,59.694759368896484,-2.905759147648679,1.6796880389536122,-100.03057189987989,-28.811867,7.09734,22.710964,28.489494,-9.44982,-4.220356,7.8657393,2.8767838,5.0957103,41.583626,-13.729163,2.9946704,10.810826,20.430597,24.711939,-30.745668,65.61511,-19.22794,-33.4335,33.29018,27.912632
520,-12.808917045593262,-407.0086975097656,59.72080993652344,-2.4700940156601816,1.6746370773400723,-100.01174866865335,-28.497108,6.72433,22.619772,29.66503,-9.683478,-3.8058178,7.0713496,2.3741555,5.138533,44.424053,-11.133525,3.3604054,10.739676,20.600103,24.658806,-30.751717,65.15779,-18.374224,-33.38068,33.310722,28.40669
521,-12.785064697265625,-407.9686584472656,59.76468276977539,-2.063552115738017,1.6414783043839853,-99.84022769016917,-28.197655,6.232325,22.32648,30.82059,-10.146798,-2.868232,6.120731,1.9761299,5.084209,47.47009,-8.299062,3.3424742,10.50212,20.720083,24.617046,-30.845512,64.71107,-17.418587,-33.237167,33.278034,29.013758
522,-12.760466575622559,-408.9238586425781,59.826683044433594,-1.6801554887384271,1.5827879271944925,-99.56508147354468,-27.87855,5.6424813,21.919285,31.90869,-10.817456,-1.6871325,5.0406065,1.6621726,4.941122,50.683327,-5.1724496,3.1065876,10.160863,20.787273,24.586437,-31.007814,64.26126,-16.427155,-33.003857,33.23659,29.773018
523,-12.738227844238281,-409.859375,59.90290832519531,-1.3116883680963718,1.518342102505057,-99.28084329369105,-27.508965,5.0012894,21.519236,32.84759,-11.549296,-0.4601908,3.8966312,1.3452554,4.6950855,53.81596,-1.891319,2.9824107,9.754881,20.797369,24.563276,-31.191734,63.785336,-15.41697,-32.71402,33.243073,30.59745
524,-12.706958770751953,-410.7882385253906,59.9872932434082,-0.9454542448695498,1.4797221776929002,-99.08336051162823,-27.059563,4.3735886,21.257748,33.56255,-12.217494,0.62011063,2.7305994,0.9279351,4.3675585,56.65797,1.3746113,3.2603052,9.373821,20.72086,24.548632,-31.400112,63.2636,-14.524233,-32.39726,33.40283,31.508675
525,-12.658956527709961,-411.7057800292969,60.079280853271484,-0.5820902972298733,1.4723390402636565,-98.98220604500388,-26.507666,3.7749543,21.16826,34.018826,-12.819881,1.5533351,1.5300993,0.3745234,4.0049195,59.197083,5.0116735,4.1914506,9.019616,20.558361,24.542421,-31.637209,62.687836,-13.701406,-32.064125,33.701645,32.466434
526,-12.609331130981445,-412.59832763671875,60.18277359008789,-0.2276078360808267,1.4834568365918683,-98.9286623011477,-25.877012,3.1772573,21.177555,34.265522,-13.420128,2.4264474,0.2643506,-0.2451375,3.6540694,61.57935,8.944483,5.5615525,8.65337,20.318514,24.544497,-31.903183,62.073814,-12.8776865,-31.71677,34.08484,33.452507
527,-12.554704666137695,-413.4677429199219,60.29145812988281,0.11766818460517137,1.5136696165351173,-98.9301242681855,-25.189882,2.592621,21.261196,34.339134,-13.996069,3.1792564,-1.0378326,-0.9049509,3.288827,63.806175,12.304562,6.8934784,8.283635,19.99034,24.554386,-32.174152,61.444515,-12.084254,-31.369251,34.56326,34.463932
528,-12.49197006225586,-414.3232727050781,60.40760803222656,0.45525309056944213,1.5611216913572827,-99.00012196912348,-24.460415,2.0313172,21.403383,34.27188,-14.525196,3.7512572,-2.3364651,-1.6444801,2.789084,65.84529,14.239241,7.6249504,7.920602,19.567621,24.570875,-32.42062,60.82116,-11.342301,-31.036753,35.14502,35.49091
529,-12.424795150756836,-415.1575927734375,60.53713607788086,0.7960417608528526,1.6341794575286284,-99.1952768796558,-23.683462,1.5003811,21.66596,34.049744,-15.013326,4.0904965,-3.6346798,-2.6055844,2.0092382,67.71411,14.256924,7.4803734,7.6064963,19.051311,24.59367,-32.660282,60.192314,-10.675215,-30.728203,35.86685,36.53558
530,-12.359260559082031,-415.983154296875,60.675811767578125,1.136404156429314,1.7310474140124714,-99.49118414563121,-22.849588,0.98607075,22.040506,33.65357,-15.4633,4.2389073,-4.9408374,-3.769946,1.0193,69.41323,12.897122,6.7518272,7.325765,18.44184,24.62341,-32.899376,59.556213,-10.058191,-30.439747,36.710457,37.59723
531,-12.296612739562988,-416.80096435546875,60.825199127197266,1.4566810245593316,1.8330092140445904,-99.77738251396491,-21.976818,0.474639,22.40542,33.123257,-15.848986,4.280097,-6.2313924,-4.9443426,-0.010430051,70.884735,10.863129,5.7172008,6.9991236,17.736115,24.660185,-33.091305,58.947105,-9.447125,-30.166718,37.605022,38.66825
532,-12.242151260375977,-417.61676025390625,60.9881477355957,1.7373910671221733,1.9195082818818965,-99.9459869558694,-21.078865,-0.0495331,22.640543,32.494225,-16.143993,4.300205,-7.4869003,-5.943955,-0.9383996,72.070496,8.871947,4.6261177,6.551149,16.934158,24.704447,-33.19354,58.39455,-8.801777,-29.9055,38.48289,39.741848
533,-12.204306602478027,-418.4248046875,61.15841293334961,1.9650981248747514,1.986370504582368,-99.96909696430387,-20.162834,-0.57737595,22.719671,31.780575,-16.340427,4.302728,-8.724964,-6.6975527,-1.7318531,72.95247,6.909396,3.3952792,6.143917,15.971525,24.740131,-33.342716,57.93056,-7.6259265,-29.87154,38.804527,40.43195
534,-12.184983253479004,-419.2201232910156,61.3372688293457,2.1811156956018998,2.0419033008386482,-99.9043702568675,-19.204208,-1.1387308,22.714943,30.918154,-16.424917,4.251437,-9.956417,-7.297864,-2.4259825,73.57148,4.6577964,1.9905732,5.2803726,14.953165,24.82894,-33.21933,57.506817,-7.307225,-29.477589,40.126095,41.800205
535,-12.180922508239746,-420.01519775390625,61.516510009765625,2.34760514907884,2.0669404679242587,-99.7967803266825,-18.199467,-1.6699283,22.641983,29.98057,-16.461304,4.168756,-11.133794,-7.7380753,-3.029783,73.92492,2.4235165,0.6723193,4.7785697,13.786314,24.871346,-33.31742,57.148632,-6.140114,-29.4388,40.451534,42.584797
536,-12.178465843200684,-420.8067321777344,61.70147705078125,2.480587347217221,2.0817343967042086,-99.63625559727235,-17.161503,-2.1901135,22.48266,28.95401,-16.453827,4.0797997,-12.234387,-8.105814,-3.6425505,74.01518,0.50016963,-0.33962622,3.7318888,12.745056,24.975868,-32.870773,56.76264,-5.874324,-29.040676,41.90661,43.996082
537,-12.177605628967285,-421.5987243652344,61.88801956176758,2.5717451088352385,2.055082061633163,-99.44782463103357,-16.056383,-2.6813247,22.246649,27.84589,-16.412489,3.977559,-13.230339,-8.425129,-4.301587,73.831245,-1.0252701,-0.99035776,2.8724859,11.651502,25.048315,-32.467346,56.415016,-5.255155,-28.793798,42.924145,45.21983
538,-12.172799110412598,-422.3970947265625,62.07047653198242,2.6309247103429745,1.9854202425799747,-99.23196568540808,-14.8786545,-3.152624,21.946106,26.644258,-16.3219,3.8497677,-14.143177,-8.677052,-4.9745607,73.37955,-2.3086016,-1.4170785,2.4073207,10.346818,25.09195,-32.44162,56.14724,-4.1187363,-28.765747,43.233875,46.188156
539,-12.182845115661621,-423.1964111328125,62.253273010253906,2.651090861422216,1.9263168367302699,-98.95604281787406,-13.697458,-3.5911288,21.565092,25.38795,-16.197897,3.7104058,-15.006753,-8.839487,-5.658411,72.67186,-3.4079373,-1.6946373,1.0995703,9.367723,25.211252,-31.454065,55.78188,-3.855756,-28.467365,44.891502,47.557343
540,-12.194334983825684,-423.9912414550781,62.42764663696289,2.6682889997447434,1.8357798355804809,-98.73042364863575,-12.465043,-4.0041986,21.234056,24.094362,-16.063784,3.5716975,-15.822016,-8.902562,-6.1840405,71.777084,-4.3947487,-1.8937111,0.66351557,8.059855,25.25528,-31.364418,55.460545,-2.729446,-28.437386,45.175934,48.509956
541,-12.210402488708496,-424.7893371582031,62.59278106689453,2.647700388912733,1.7645956564178682,-98.48384709801246,-11.235269,-4.372446,20.882565,22.75959,-15.924478,3.4420109,-16.607712,-8.841559,-6.634193,70.65382,-5.2349286,-2.0299392,-0.6418848,7.1948304,25.394766,-30.164757,54.969555,-2.3876774,-28.156801,46.784782,49.7488
542,-12.226101875305176,-425.585693359375,62.744319915771484,2.6241883219852697,1.6538665709984486,-98.27661156305226,-9.936576,-4.727816,20.56584,21.358307,-15.767183,3.3137982,-17.338945,-8.695524,-6.9651237,69.326965,-5.918675,-2.075558,-1.007178,5.9014387,25.43864,-30.006926,54.55742,-1.2097572,-28.126373,47.01876,50.643944
543,-12.248824119567871,-426.3730163574219,62.88033676147461,2.5701806015579676,1.5726762599454112,-98.02900398782532,-8.680185,-5.0346847,20.202982,19.985697,-15.611018,3.1861224,-18.042007,-8.468849,-7.2651157,67.774,-6.5008287,-2.0459397,-2.2988417,5.1191807,25.60721,-28.677525,53.949398,-0.7721622,-27.879425,48.5074,51.766624
544,-12.270386695861816,-427.1614685058594,63.00186538696289,2.5420050669278744,1.4890504402663411,-97.79773970821077,-7.4467826,-5.33635,19.855936,18.677555,-15.452378,3.0587654,-18.715351,-8.214475,-7.4538183,66.05796,-7.0671816,-1.9517102,-2.7189102,3.858609,25.654158,-28.514313,53.448925,0.34119016,-27.85179,48.686295,52.572536
545,-12.295525550842285,-427.9482727050781,63.10993576049805,2.5025832513851523,1.436326196945176,-97.5331217307796,-6.280377,-5.597978,19.469357,17.452286,-15.285337,2.9400377,-19.37026,-7.8950734,-7.560467,64.13794,-7.624919,-1.7914461,-3.2971458,2.6109452,25.72316,-28.258718,52.930973,1.3846213,-27.814053,48.940727,53.28942
546,-12.317560195922852,-428.727294921875,63.20298385620117,2.459701267559672,1.4073385741586135,-97.2509662569978,-5.1616726,-5.830098,19.061577,16.285103,-15.112955,2.8304129,-20.007103,-7.52152,-7.583252,62.01951,-8.143825,-1.572864,-3.959816,1.4268198,25.80934,-27.93078,52.331627,2.3577852,-27.767794,49.23178,53.96252
547,-12.347468376159668,-429.50506591796875,63.27411651611328,2.4230392360111606,1.3949009594950943,-96.95434658109428,-4.087334,-6.04234,18.644136,15.189399,-14.964788,2.719468,-20.606476,-7.1478453,-7.582867,59.723404,-8.60932,-1.3135602,-4.692551,0.29144964,25.912163,-27.563189,51.6741,3.2583725,-27.714695,49.530853,54.60787
548,-12.380657196044922,-430.27752685546875,63.32221221923828,2.4025390766067622,1.3925805121993127,-96.64488668131678,-3.049997,-6.242486,18.227089,14.164172,-14.865006,2.5969875,-21.15153,-6.819788,-7.621846,57.265686,-9.002266,-1.025724,-5.4818697,-0.82457644,26.033182,-27.195677,50.99283,4.0760794,-27.656822,49.816845,55.2452
549,-12.414796829223633,-431.0513000488281,63.34696960449219,2.3888379797016004,1.4040730994405894,-96.31466687717794,-2.0625863,-6.419096,17.803875,13.225557,-14.817789,2.4662366,-21.637753,-6.5284257,-7.7146916,54.62234,-9.321676,-0.6897259,-6.3233023,-1.9501954,26.175417,-26.865953,50.29744,4.8186045,-27.595684,50.07017,55.864964
550,-12.448762893676758,-431.82257080078125,63.354610443115234,2.377774263398514,1.4292641642895072,-95.96469246421888,-1.116873,-6.5722046,17.371004,12.354686,-14.804972,2.334011,-22.072966,-6.2514706,-7.831276,51.79283,-9.575081,-0.30408543,-7.1934505,-3.0885844,26.340097,-26.59339,49.580585,5.509593,-27.532106,50.267998,56.45614
551,-12.475813865661621,-432.5863952636719,63.33951950073242,2.38740821017049,1.4564714110235404,-95.61065114657386,-0.20029563,-6.720638,16.946978,11.56188,-14.842567,2.192645,-22.457525,-6.0069785,-7.9661818,48.824104,-9.75554,0.09851311,-8.054001,-4.2263675,26.52518,-26.382408,48.850178,6.156841,-27.467245,50.38845,57.037697
552,-12.510787010192871,-433.35198974609375,63.30483627319336,2.4309124145183336,1.4736006479940569,-95.27213222391231,0.7011749,-6.886488,16.553534,10.850856,-14.942099,2.0334294,-22.795435,-5.811301,-8.108354,45.76308,-9.85845,0.48734698,-8.868599,-5.3433037,26.726692,-26.225035,48.109894,6.7643,-27.402054,50.413254,57.629787
553,-12.535713195800781,-434.11212158203125,63.24639892578125,2.512491232509869,1.4803986193545333,-94.94735788139829,1.583348,-7.0743437,16.198025,10.227366,-15.110623,1.8440752,-23.08074,-5.672791,-8.284876,42.58096,-9.870474,0.84546304,-9.64261,-6.4289103,26.941036,-26.111193,47.346954,7.3372707,-27.33703,50.31807,58.226757
554,-12.5607328414917,-434.88006591796875,63.16136169433594,2.6223006960010866,1.4819480521849662,-94.63115868647463,2.441925,-7.2733803,15.872996,9.68431,-15.341338,1.6326755,-23.31718,-5.5676017,-8.4869795,39.267574,-9.800052,1.2015479,-10.378629,-7.493558,27.167767,-26.048115,46.559525,7.881011,-27.273008,50.097126,58.815037
555,-12.583640098571777,-435.6557312011719,63.055782318115234,2.750340218513123,1.4743683321251781,-94.33377032181629,3.2739022,-7.475643,15.576179,9.244306,-15.640586,1.4184164,-23.520739,-5.469258,-8.652993,35.894356,-9.668116,1.5883427,-11.046692,-8.548834,27.406836,-26.048485,45.771954,8.396957,-27.211388,49.77036,59.399338
556,-12.601861000061035,-436.4402160644531,62.92197799682617,2.8906812352018663,1.4543862288385183,-94.06703265157364,4.086279,-7.6773577,15.305917,8.906978,-16.004993,1.2190384,-23.709993,-5.3613424,-8.718279,32.535038,-9.498726,2.029566,-11.620858,-9.610082,27.657951,-26.124321,45.01269,8.879187,-27.15375,49.372112,59.988525
557,-12.61754322052002,-437.2245178222656,62.76237487792969,3.052762508752399,1.419958637663963,-93.83188300836231,4.8276615,-7.872369,15.070446,8.807175,-16.513468,1.0412326,-23.88073,-5.2523985,-8.654058,29.136833,-9.256638,2.4970534,-12.110692,-10.691875,27.920847,-26.281073,44.292194,9.29787,-27.101479,48.920067,60.606327
558,-12.634933471679688,-438.01275634765625,62.58982467651367,3.2356251824966074,1.374388373590142,-93.62648864103087,5.495525,-8.059104,14.876916,8.938263,-17.1637,0.8695347,-24.023624,-5.151977,-8.491377,25.672033,-8.942476,2.9777904,-12.529744,-11.801865,28.194296,-26.515203,43.611897,9.6511135,-27.054935,48.41488,61.244938
559,-12.64830493927002,-438.7955322265625,62.405975341796875,3.3775260112963705,1.3377777014486074,-93.45848699900064,6.1137533,-8.189565,14.731169,9.196353,-17.894005,0.6845665,-24.116932,-5.0069757,-8.275277,22.141722,-8.569556,3.5136924,-12.732328,-12.977967,28.590214,-26.969242,42.903355,10.112176,-26.996496,47.661728,61.785088
560,-12.658141136169434,-439.5877685546875,62.20718765258789,3.4999704249259547,1.3133622939318703,-93.34038126705637,6.711312,-8.292628,14.636736,9.506098,-18.659893,0.47209,-24.181839,-4.8387847,-8.011594,18.674116,-8.221734,4.1580443,-12.734584,-14.110859,29.054844,-27.55575,42.10873,10.643566,-26.937887,46.760403,62.242355
561,-12.670537948608398,-440.38812255859375,61.99678039550781,3.6134265089747912,1.2800851451928321,-93.26401703574581,7.3317995,-8.388802,14.582243,9.805682,-19.435785,0.22636932,-24.172857,-4.6577973,-7.6478853,15.136072,-7.8668594,4.9308386,-12.739191,-15.224096,29.463276,-28.07165,41.414177,11.119582,-26.895844,45.96708,62.665028
562,-12.688907623291016,-441.1917724609375,61.779380798339844,3.7330646320742913,1.2456172148404214,-93.21294165283669,7.958195,-8.486428,14.552581,10.121045,-20.23338,-0.043131858,-24.049103,-4.4764953,-7.2038307,11.389269,-7.4117136,5.803282,-12.740546,-16.33131,29.837711,-28.550833,40.795326,11.531546,-26.866144,45.2433,63.07131
563,-12.710419654846191,-442.0043029785156,61.54257583618164,3.915955110180644,1.2346668653237436,-93.12796710857624,8.557624,-8.634098,14.475931,10.470116,-21.027859,-0.3221392,-23.922346,-4.387348,-6.8317156,7.8178825,-6.9826417,6.7726235,-12.758379,-17.376692,30.182941,-28.963488,40.151287,11.845094,-26.846733,44.55705,63.512615
564,-12.736882209777832,-442.8343811035156,61.270992279052734,4.256971085637125,1.2744918845353805,-92.94387272395285,9.100287,-8.913542,14.266237,10.862969,-21.791868,-0.5949893,-23.507538,-4.4581842,-6.710588,3.8052955,-6.104489,7.8414087,-12.821392,-18.263891,30.496475,-29.225992,39.344048,11.978824,-26.838085,43.886116,64.08482
565,-12.767074584960938,-443.6670227050781,60.976070404052734,4.704347250567387,1.2948587215398657,-92.76969442434894,9.664333,-9.295945,14.036471,11.275982,-22.536657,-0.8565024,-22.510565,-4.549729,-6.8608747,-1.2974305,-4.4122005,9.151643,-12.999156,-19.038357,30.651917,-29.24939,38.644634,11.904357,-26.840141,43.490734,64.79527
566,-12.804630279541016,-444.49725341796875,60.69469451904297,5.042759431288677,1.2905363396194542,-92.69163179718491,10.237881,-9.565647,13.911955,11.744662,-23.29446,-1.1315145,-23.05432,-4.6816583,-7.0434756,-2.2456403,-5.055581,10.672871,-13.056364,-19.809017,30.816711,-29.265022,38.068897,11.916373,-26.843386,43.066067,65.38069
567,-12.84227180480957,-445.32757568359375,60.424625396728516,5.320662951851046,1.310906274648316,-92.65937352554171,10.770974,-9.763796,13.820436,12.261462,-24.00755,-1.420917,-23.790056,-4.7579665,-7.288782,-2.3698223,-5.9352965,12.0979185,-12.936221,-20.487288,31.061745,-29.299318,37.41677,12.064697,-26.849073,42.47884,65.82636
568,-12.880071640014648,-446.1501159667969,60.17474365234375,5.532462105330647,1.3394870673993888,-92.65897816592901,11.299481,-9.88655,13.727439,12.756362,-24.578577,-1.7322443,-24.29015,-4.7534266,-7.5458627,-2.5366204,-6.4377294,13.11101,-12.890019,-21.246796,31.226736,-29.292313,37.063557,12.125826,-26.853981,42.13398,66.26111
569,-12.92314338684082,-446.9695129394531,59.94701385498047,5.702266129596044,1.4058823633069275,-92.66812492810121,11.779024,-9.951575,13.6094,13.266237,-25.041946,-2.06625,-24.600956,-4.711526,-7.8745914,-2.6055496,-6.7237463,13.738328,-12.768746,-21.973286,31.39068,-29.243912,36.76277,12.193937,-26.85717,41.810383,66.651215
570,-12.97015380859375,-447.793212890625,59.74066925048828,5.848433656225577,1.504004579714207,-92.68867907240714,12.222411,-9.981758,13.47389,13.780591,-25.410446,-2.418665,-24.737345,-4.6369295,-8.291867,-2.6174645,-6.800744,14.10767,-12.600912,-22.656948,31.550322,-29.13802,36.51263,12.247902,-26.858688,41.52416,67.01027
571,-13.012313842773438,-448.6233215332031,59.54829406738281,5.848083050640596,1.6226504208673014,-92.74339592117916,12.497577,-9.824781,13.396783,14.656587,-25.856625,-2.8028464,-24.696295,-4.3986998,-8.675679,-2.6798925,-6.443311,14.055142,-12.341645,-23.159388,31.848787,-28.957819,36.183987,12.444941,-26.85347,41.141285,67.18162
572,-13.080912590026855,-449.4368896484375,59.41792678833008,5.577810573920877,1.7044546919572523,-92.92312112983367,12.743219,-9.399586,13.476172,15.703404,-26.235445,-3.226616,-24.919258,-3.926,-8.809938,-1.6954765,-6.1308584,13.418775,-12.113918,-23.63604,32.311565,-28.806807,36.09332,12.746708,-26.828596,40.936413,67.13873
573,-13.161473274230957,-450.241943359375,59.35683822631836,4.9544192813922185,1.735596073629456,-93.31480962118165,13.02885,-8.662739,13.793342,16.796387,-26.522736,-3.698219,-25.57206,-3.1437604,-8.660415,0.8890154,-5.927843,11.88173,-11.853897,-23.816137,33.133057,-28.52197,36.012527,13.113744,-26.739044,41.01848,66.91947
574,-13.229190826416016,-451.0762634277344,59.30614471435547,4.084555858878357,1.715408928584585,-93.8733539749553,13.336766,-7.7073917,14.290027,17.965433,-26.728735,-4.206246,-27.44202,-2.271408,-8.320511,6.9901443,-7.0892305,9.669549,-11.534465,-24.287088,33.882156,-28.427471,36.48473,13.535658,-26.615837,41.304424,66.567215
575,-13.294678688049316,-451.9311828613281,59.2381706237793,3.3247225756290484,1.7015153612230065,-94.34881970953457,13.595646,-6.8251796,14.674006,19.251432,-26.774027,-4.7239413,-28.304333,-1.3574228,-7.936768,10.62453,-6.505513,7.376627,-11.205225,-24.784172,34.416885,-28.366837,37.074497,13.860049,-26.501553,41.475,66.29689
576,-13.38951587677002,-452.8059997558594,59.17669677734375,2.795534622756319,1.7460418021529132,-94.54250914954706,13.712982,-6.061962,14.757382,20.731955,-26.595266,-5.2433705,-29.28412,-0.7572324,-7.5033183,14.2725525,-6.144271,5.584884,-11.096045,-25.030672,34.80219,-28.091852,37.4877,13.972257,-26.408918,41.485188,66.16701
577,-13.507535934448242,-453.6962890625,59.14598083496094,2.2272909895529294,1.7973095919907887,-94.6044612360659,13.750233,-5.1831293,14.7708025,22.4107,-26.259497,-5.771883,-29.85499,-0.061965007,-6.776556,16.69178,-5.2244806,4.321124,-11.091825,-25.198767,35.139538,-27.816492,37.955284,14.097378,-26.30686,41.35372,65.95626
578,-13.623767852783203,-454.6145935058594,59.1291618347168,1.583551194939783,1.8475957848905096,-94.60949136967625,13.7304125,-4.182164,14.774367,24.253998,-25.777187,-6.3200035,-30.194302,0.7511335,-5.8052015,18.508799,-3.9252975,3.3039603,-11.142751,-25.308187,35.467213,-27.550114,38.51745,14.253765,-26.18984,41.144547,65.650856
579,-13.732819557189941,-455.5483703613281,59.124202728271484,0.9467185831615941,1.880384130081177,-94.5906125513359,13.621647,-3.1601207,14.736846,26.30839,-25.035667,-6.89598,-30.352276,1.5539917,-4.919971,19.99938,-2.6757014,2.558502,-11.198074,-25.223562,35.74419,-27.209366,39.077423,14.412754,-26.072386,40.85068,65.296555
580,-13.848368644714355,-456.4974365234375,59.13045883178711,0.40028276369421434,1.8906106839520045,-94.57934065419929,13.376015,-2.209968,14.622307,28.622293,-23.921717,-7.502575,-30.383701,2.211337,-4.44181,21.407505,-1.888347,2.0905535,-11.267744,-24.920603,35.93325,-26.73965,39.643467,14.502627,-25.969069,40.52868,64.94227
581,-13.962342262268066,-457.44647216796875,59.14173126220703,-0.03953739049548777,1.8712848062941723,-94.56412527547877,12.995869,-1.3373779,14.391594,31.223682,-22.329496,-8.29371,-30.286177,2.621562,-4.566486,22.815105,-1.7848785,2.107031,-11.370705,-24.395044,36.00496,-26.113281,40.231358,14.510827,-25.88127,40.14176,64.60227
582,-14.05516242980957,-458.3787536621094,59.1633186340332,-0.41814176058524105,1.818488893067926,-94.54395911789067,12.4970875,-0.4936899,14.065283,34.095592,-20.354319,-9.198413,-30.067974,2.8321834,-5.0594172,24.2049,-2.1744633,2.501739,-11.464149,-23.648026,35.969604,-25.367199,40.81909,14.490145,-25.798912,39.651638,64.24867
583,-14.145684242248535,-459.3040466308594,59.205989837646484,-0.7500839844913156,1.739151832351168,-94.56285628442797,11.848544,0.3136236,13.708215,37.216526,-18.172304,-9.8941765,-29.787413,2.9571457,-5.5979767,25.58793,-2.8215132,2.8253434,-11.508936,-22.815472,35.8296,-24.620743,41.49539,14.440659,-25.723993,39.153152,63.858604
584,-14.230339050292969,-460.2230224609375,59.2698974609375,-1.0490642156719303,1.6403742865997597,-94.65785910307527,11.037225,1.0722989,13.405791,40.534584,-15.939885,-10.083544,-29.480707,3.1492505,-5.856033,26.902441,-3.4740906,2.6523974,-11.4628725,-22.033854,35.584724,-24.0014,42.346447,14.36959,-25.658775,38.73132,63.40536
585,-14.314033508300781,-461.1336669921875,59.34688949584961,-1.3000588061338245,1.5000221264832871,-94.8919843403094,10.052946,1.7439905,13.207266,44.178474,-13.663711,-9.530797,-29.161367,3.506566,-5.662457,28.152967,-4.0972795,1.7666872,-11.265139,-21.268225,35.21712,-23.480974,43.392548,14.29641,-25.603071,38.369846,62.8952
586,-14.405157089233398,-462.03729248046875,59.436161041259766,-1.5011365175305607,1.3232682516543184,-95.22290740353226,8.924695,2.3517566,13.106314,48.084324,-11.225582,-8.471015,-28.803074,3.9720664,-5.2128925,29.322824,-4.7841654,0.45701045,-10.958757,-20.519487,34.726448,-23.045689,44.625904,14.215162,-25.55563,38.0384,62.32785
587,-14.499394416809082,-462.93487548828125,59.539669036865234,-1.6854270461446637,1.1549701098938896,-95.52799892481156,7.69667,2.9786358,13.093313,51.93278,-8.606106,-7.305266,-28.385288,4.470786,-4.732711,30.3251,-5.4832025,-0.9435256,-10.630423,-19.843786,34.15413,-22.77261,45.97718,14.107725,-25.516674,37.76344,61.67575
588,-14.602216720581055,-463.81903076171875,59.66044616699219,-1.8849946832815572,1.0431577436531245,-95.68621751428677,6.3943925,3.7099788,13.118312,55.449608,-5.825975,-6.4151387,-27.889336,4.8999386,-4.44984,31.083963,-6.1743617,-2.1092525,-10.376279,-19.272718,33.552944,-22.717636,47.36045,13.948216,-25.48739,37.580902,60.91534
589,-14.7229642868042,-464.7017517089844,59.800235748291016,-2.1079637946794505,1.0119888956433576,-95.64648632852214,4.9496655,4.604674,13.125846,58.691875,-2.516289,-5.876571,-27.30723,5.219802,-4.445687,31.568367,-6.903556,-2.9949284,-10.247521,-18.750788,32.949734,-22.841446,48.715893,13.719689,-25.4704,37.528095,60.028603
590,-14.841477394104004,-465.57122802734375,59.95376205444336,-2.3392069611465107,1.0372825213217431,-95.48170586262735,3.358205,5.6206923,13.126195,61.801167,1.1878506,-5.4687886,-26.652166,5.4811225,-4.58973,31.821007,-7.6741166,-3.7585638,-10.195933,-18.191555,32.351624,-23.069008,50.026466,13.428579,-25.466293,37.58841,59.035835
591,-14.959806442260742,-466.4187316894531,60.112815856933594,-2.5776518173526224,1.0939263021033943,-95.25331091898641,1.7339963,6.6829247,13.134807,64.660126,4.4739523,-5.1324115,-25.940117,5.7074704,-4.8029556,31.889194,-8.421589,-4.380448,-10.171309,-17.57765,31.779573,-23.403402,51.27007,13.086622,-25.472586,37.710922,57.967083
592,-15.063187599182129,-467.2470703125,60.274784088134766,-2.818405302104147,1.1554680906073467,-95.02613955656487,0.19867596,7.7026577,13.186058,67.13305,6.533277,-4.812189,-25.186884,5.921909,-5.0051107,31.81937,-9.073221,-4.8476205,-10.116986,-16.8869,31.24714,-23.844908,52.418476,12.703676,-25.486774,37.84123,56.856037
593,-15.161986351013184,-468.0691223144531,60.44725036621094,-3.069227646986153,1.2283305915525988,-94.77039011408112,-1.2173682,8.688075,13.304489,69.18528,6.9503818,-4.559561,-24.394562,6.122798,-5.235527,31.601942,-9.613362,-5.125065,-10.056997,-16.103497,30.75542,-24.411068,53.445293,12.279849,-25.508654,37.972965,55.68589
594,-15.243879318237305,-468.8741760253906,60.625064849853516,-3.32324646697521,1.322270158795058,-94.46555782629744,-2.5823462,9.660218,13.459759,70.90427,6.2145257,-4.385701,-23.558235,6.3020687,-5.5257773,31.22119,-10.074244,-5.2340374,-10.008958,-15.2360735,30.300714,-25.09507,54.36287,11.806488,-25.539574,38.126266,54.452053
595,-15.313185691833496,-469.6726379394531,60.80891418457031,-3.5560014270709863,1.413501303780098,-94.18819000050274,-3.909349,10.542313,13.617647,72.31335,4.8868756,-4.1818686,-22.6797,6.469854,-5.7850766,30.717142,-10.45803,-5.2500005,-9.903506,-14.295277,29.882816,-25.864557,55.19629,11.273343,-25.580324,38.288864,53.217407
596,-15.380133628845215,-470.47467041015625,61.00128936767578,-3.744817834466252,1.4766093459347964,-94.01597592031129,-5.20973,11.2593775,13.742933,73.4317,3.5322287,-3.8405955,-21.760468,6.6347394,-5.9195065,30.132294,-10.768189,-5.2471423,-9.670924,-13.286195,29.500528,-26.686937,55.96645,10.672211,-25.63151,38.450695,52.04193
597,-15.429878234863281,-471.2616882324219,61.198951721191406,-3.8821275114056695,1.4991411531308036,-93.97458726030685,-6.5064306,11.728484,13.738811,74.23551,2.110954,-3.2658577,-20.787085,6.7936683,-5.9018116,29.450716,-10.985059,-5.216837,-9.27891,-12.191061,29.14857,-27.606176,56.6609,9.984434,-25.695759,38.640114,50.944557
598,-15.474189758300781,-472.0503845214844,61.40106964111328,-3.979463015654062,1.4919378448668938,-94.01838011186369,-7.790829,11.993809,13.634065,74.72359,0.3962517,-2.5569718,-19.761833,6.940358,-5.7871547,28.664608,-11.117318,-5.134348,-8.766219,-11.018393,28.823133,-28.639458,57.27653,9.214802,-25.772692,38.851524,49.89974
599,-15.50774097442627,-472.8331604003906,61.60175704956055,-4.0424428627434175,1.4642969638881138,-94.1156149878364,-9.020289,12.185043,13.596726,74.93725,-1.323985,-1.8820592,-18.701063,7.072243,-5.60289,27.81331,-11.203346,-5.043336,-8.174437,-9.803678,28.524445,-29.71014,57.83976,8.396581,-25.857458,39.026615,48.890728
600,-15.537495613098145,-473.61151123046875,61.80058288574219,-4.07745629567146,1.4262066455758708,-94.2365875693696,-10.150814,12.443193,13.812223,74.92044,-2.7689672,-1.4050184,-17.626041,7.1857624,-5.3736353,26.9432,-11.282097,-4.9815335,-7.5452437,-8.582923,28.253414,-30.738916,58.379543,7.5656676,-25.94571,39.109917,47.900932
601,-15.57176685333252,-474.39398193359375,61.996097564697266,-4.07192105012637,1.373904960271729,-94.38748841353463,-11.146758,12.821686,14.413664,74.64949,-3.8489788,-1.243203,-16.534899,7.264848,-5.082964,26.060406,-11.359518,-4.948131,-6.8761096,-7.358953,28.006884,-31.748487,58.90844,6.719995,-26.038303,39.086555,46.93773
602,-15.603509902954102,-475.17401123046875,62.1843147277832,-4.024423792966473,1.3024177925705231,-94.57977210882567,-12.033475,13.243011,15.2903595,74.1102,-4.714907,-1.2878858,-15.4180155,7.308407,-4.723124,25.146347,-11.416954,-4.917441,-6.1463933,-6.124739,27.780731,-32.784313,59.41889,5.850431,-26.137665,38.98963,46.00522
603,-15.637622833251953,-475.9631652832031,62.366031646728516,-3.966928429939333,1.219973136947772,-94.79296690664421,-12.857836,13.652788,16.266157,73.356636,-5.4501553,-1.3636445,-14.285436,7.3367333,-4.332043,24.206026,-11.452777,-4.8871117,-5.376716,-4.8958316,27.573437,-33.785797,59.909492,4.9896793,-26.241095,38.835396,45.073647
604,-15.67548656463623,-476.7446594238281,62.537330627441406,-3.9315623798776875,1.1358089966881888,-95.00614256231106,-13.671593,14.0020075,17.157557,72.44513,-6.1455636,-1.2910525,-13.143612,7.3744173,-3.948381,23.237299,-11.466214,-4.858177,-4.5925922,-3.6852381,27.384346,-34.680466,60.37899,4.1646767,-26.346138,38.644245,44.114773
605,-15.70920467376709,-477.53118896484375,62.695186614990234,-3.925177842936947,1.0456488316935524,-95.21747398224277,-14.487001,14.296578,17.94916,71.39331,-6.811388,-0.9623895,-11.982937,7.432589,-3.5769994,22.231525,-11.449692,-4.8351064,-3.8000226,-2.5000918,27.21181,-35.473186,60.847187,3.386902,-26.451923,38.41415,43.116356
606,-15.74540901184082,-478.3182067871094,62.837493896484375,-3.9332358513095906,0.9469573468988067,-95.43686667652933,-15.280232,14.557806,18.726751,70.17382,-7.4097986,-0.4939384,-10.803921,7.4965525,-3.2004898,21.19636,-11.408433,-4.81042,-2.9902868,-1.3326565,27.052425,-36.188538,61.31483,2.6410625,-26.560545,38.143147,42.09216
607,-15.769874572753906,-479.099609375,62.962074279785156,-3.9543196430505696,0.8525159146411361,-95.65949571393134,-16.049847,14.766394,19.455315,68.771904,-7.9599113,-0.036273956,-9.631101,7.5576143,-2.8261726,20.158752,-11.359559,-4.775153,-2.1716182,-0.17360483,26.902964,-36.774513,61.753296,1.9110273,-26.673855,37.855236,41.049656
608,-15.78996467590332,-479.8761901855469,63.071258544921875,-3.9862040592866106,0.7754613391216747,-95.88126961480066,-16.795254,14.904846,20.10163,67.171715,-8.47838,0.26151165,-8.488162,7.609479,-2.4607732,19.141916,-11.319545,-4.727036,-1.3569826,0.98771816,26.760866,-37.17196,62.133995,1.1775178,-26.793898,37.5787,39.997433
609,-15.809833526611328,-480.64874267578125,63.16597366333008,-4.0311727671822375,0.7223915946006214,-96.10558152920831,-17.526367,14.965461,20.652376,65.36378,-8.980115,0.38450652,-7.384304,7.655099,-2.1027007,18.142418,-11.284654,-4.684603,-0.564471,2.1812363,26.634802,-37.305027,62.43068,0.4107415,-26.90779,37.350983,38.948555
610,-15.827571868896484,-481.42401123046875,63.241512298583984,-4.094016878906913,0.6852833117919205,-96.33319730767435,-18.241457,14.969192,21.128983,63.361126,-9.454565,0.41056848,-6.301812,7.7041693,-1.7503756,17.143644,-11.250432,-4.6527877,0.22634032,3.3893223,26.53029,-37.235027,62.661026,-0.38868022,-27.000252,37.150066,37.91923
611,-15.839128494262695,-482.19537353515625,63.30390548706055,-4.174719301747158,0.655803822984444,-96.55636149878714,-18.922375,14.93382,21.55489,61.17606,-9.875379,0.33154538,-5.2426176,7.7543817,-1.4104348,16.180082,-11.237123,-4.6112237,1.0248828,4.556621,26.414618,-37.062016,62.883705,-1.1717975,-27.110239,36.933903,36.871243
612,-15.845787048339844,-482.9609375,63.34938430786133,-4.270098862377996,0.6261884847061161,-96.76685933123734,-19.550714,14.876458,21.952318,58.81731,-10.21422,0.1363488,-4.2024975,7.80559,-1.0894812,15.27231,-11.260766,-4.5373955,1.81213,5.695973,26.3001,-36.825714,63.09034,-1.9823486,-27.228975,36.737865,35.855404
613,-15.848459243774414,-483.7298889160156,63.36983871459961,-4.3848166633298415,0.5993848562547793,-96.96412717759658,-20.12223,14.798468,22.327623,56.26049,-10.475705,-0.21253248,-3.1701546,7.8600073,-0.7868595,14.383935,-11.302125,-4.4200416,2.5906372,6.811629,26.192717,-36.49524,63.28082,-2.7955046,-27.347708,36.5555,34.836464
614,-15.859993934631348,-484.4989318847656,63.37199401855469,-4.517072786297096,0.5771748475534464,-97.15142049086614,-20.64416,14.687779,22.671957,53.505005,-10.667753,-0.6960188,-2.1552238,7.916128,-0.50056183,13.528511,-11.366132,-4.277261,3.3561935,7.9099846,26.077248,-36.03375,63.45006,-3.6293774,-27.48723,36.39055,33.829525
615,-15.87102222442627,-485.2786865234375,63.347137451171875,-4.666205956493778,0.5523939567749815,-97.32819353625626,-21.124111,14.55174,22.978659,50.604465,-10.775628,-1.2424175,-1.1681663,7.98042,-0.23139876,12.754489,-11.486491,-4.128583,4.0750923,8.980118,25.96214,-35.497562,63.623795,-4.4738965,-27.642326,36.25868,32.823856
616,-15.880857467651367,-486.0520324707031,63.30221939086914,-4.8350507138253525,0.5158897422559283,-97.49263263282178,-21.567644,14.399012,23.23853,47.60963,-10.7884655,-1.7779077,-0.2187182,8.059065,0.017332722,12.115948,-11.700447,-3.9923542,4.761104,9.978914,25.867512,-35.0169,63.826866,-5.350655,-27.781113,36.148018,31.875387
617,-15.886484146118164,-486.8262634277344,63.23942565917969,-5.0275233786609,0.4681446561210509,-97.6463429872502,-21.979452,14.241879,23.46656,44.51216,-10.686933,-2.2284665,0.6871795,8.1596,0.24471675,11.626008,-12.019456,-3.8808975,5.384331,10.918935,25.77593,-34.526123,64.073944,-6.2189555,-27.934198,36.052986,30.915955
618,-15.900754928588867,-487.6156921386719,63.15577697753906,-5.2406437733048845,0.41119883458862094,-97.7867307697686,-22.355938,14.073419,23.65574,41.29872,-10.492174,-2.6481936,1.5587701,8.278281,0.4495656,11.252275,-12.423298,-3.7844625,5.974121,11.776841,25.689196,-34.036522,64.3679,-7.099738,-28.097418,35.96801,29.979744
619,-15.916532516479492,-488.3990783691406,63.0462760925293,-5.449125689760506,0.35137618909305873,-97.91049866767888,-22.709332,13.87227,23.768448,38.03084,-10.25793,-3.1516523,2.375577,8.392976,0.6295444,11.028457,-12.921708,-3.6866956,6.5398707,12.584001,25.622503,-33.61764,64.64868,-8.005424,-28.234425,35.88463,29.107342
620,-15.94075870513916,-489.1846618652344,62.912940979003906,-5.629032299214271,0.2929244054214294,-98.01645666701118,-23.03525,13.613401,23.77494,34.73562,-10.0215435,-3.8478222,3.0964894,8.477908,0.7799231,11.044323,-13.561333,-3.567559,7.036665,13.376228,25.557884,-33.208492,64.897514,-8.936615,-28.385489,35.8089,28.297832
621,-15.964111328125,-489.96270751953125,62.763641357421875,-5.794532312213574,0.2355951230036366,-98.09787209091861,-23.311783,13.296855,23.637806,31.289204,-9.70438,-4.8132887,3.7133064,8.549594,0.89130634,11.3252535,-14.361556,-3.4123938,7.466039,14.080099,25.499182,-32.86618,65.17462,-9.882134,-28.545956,35.737743,27.528511
622,-15.988487243652344,-490.7397155761719,62.600284576416016,-5.973949820398758,0.17866881425085424,-98.16031238770393,-23.544514,12.967181,23.372087,27.712967,-9.323508,-5.959097,4.3259926,8.633965,0.98216426,11.6265545,-15.178194,-3.2331421,7.853662,14.703506,25.461933,-32.626293,65.45792,-10.834591,-28.664906,35.66231,26.804087
623,-16.01304054260254,-491.5277099609375,62.42954635620117,-6.1270872472702225,0.12691170134456214,-98.20119903429182,-23.720318,12.59875,23.043364,24.115644,-8.977922,-7.1384964,4.923742,8.689556,1.0494499,11.960936,-16.011194,-3.0440552,8.185467,15.32866,25.426498,-32.39333,65.70282,-11.799491,-28.794308,35.575665,26.14792
624,-16.03440284729004,-492.3138122558594,62.25186538696289,-6.262609514457261,0.09542037456954927,-98.22887709436921,-23.870493,12.222317,22.706797,20.682484,-8.807996,-8.220052,5.5057683,8.721391,1.1061709,12.293454,-16.831152,-2.8601625,8.482858,15.941223,25.39313,-32.182205,65.910835,-12.796178,-28.933523,35.494785,25.577175
625,-16.053760528564453,-493.0987854003906,62.07284927368164,-6.3146563089157395,0.08583155919971532,-98.2127877088844,-23.94044,11.714279,22.304579,17.185238,-8.792896,-9.032452,6.059695,8.665867,1.1111181,12.659324,-17.683538,-2.6735282,8.69223,16.674486,25.349983,-31.937164,65.95366,-13.81898,-29.145075,35.42812,25.076876
626,-16.064226150512695,-493.88037109375,61.887203216552734,-6.369450877300761,0.09775733733897268,-98.18825048060685,-23.979958,11.203648,21.826244,13.711542,-8.936542,-9.696768,6.6114206,8.609488,1.1104864,12.99239,-18.520369,-2.4790485,8.851704,17.320047,25.312714,-31.749352,66.02046,-14.82384,-29.354464,35.36457,24.596249
627,-16.070213317871094,-494.6669616699219,61.70458984375,-6.376692120156448,0.13813580385356428,-98.17829769022859,-23.710451,10.545326,21.539307,9.746648,-8.72027,-10.477128,7.1163883,8.495718,1.1208506,13.376605,-19.346165,-2.2823572,8.979534,17.992186,25.266914,-31.552439,66.015785,-15.747051,-29.674248,35.289,24.06415
628,-16.06988525390625,-495.4769592285156,61.47043228149414,-6.742825094610504,0.2650626861613912,-98.43831822650651,-22.086315,9.775732,21.868158,2.5823972,-6.3206935,-11.67657,7.5200934,8.704594,1.4486734,13.791355,-20.086004,-2.1069138,9.246525,18.21401,25.244457,-31.308256,66.44219,-16.338837,-29.944128,34.995842,23.109415
629,-16.06278419494629,-496.2941589355469,61.20241165161133,-7.329460188685934,0.39435171827371385,-98.75811371415662,-21.30618,9.628024,22.456503,-1.96297,-5.1845818,-13.931297,7.8977175,9.120661,1.8779132,14.253327,-20.771683,-1.9665239,9.508557,18.15234,25.245623,-31.10727,67.178406,-16.891966,-30.037613,34.676548,22.189386
630,-15.993918418884277,-497.1127014160156,60.93008041381836,-7.926620047111072,0.5489115661206786,-98.97134657020483,-20.91792,9.214901,22.895779,-5.4539013,-4.5275817,-14.323944,8.196679,9.496258,2.202998,14.849752,-21.485516,-1.7830569,9.630023,18.030987,25.252447,-30.850784,67.95453,-17.321262,-30.124367,34.22666,21.24536
631,-15.928001403808594,-497.9070739746094,60.679264068603516,-8.386002258905565,0.6823599878323574,-98.99475755413837,-21.423887,9.024772,23.02747,-6.0852838,-5.162269,-14.323944,8.515917,9.746888,2.3479252,15.479366,-22.136694,-1.5777582,9.5848255,18.01407,25.258488,-30.620146,68.618034,-17.670767,-30.212578,33.749096,20.467657
632,-15.910911560058594,-498.6991882324219,60.46323013305664,-8.647981887946317,0.7450287078735252,-99.00405417334278,-21.682947,8.850011,23.216257,-6.403932,-5.388296,-14.323944,8.798039,9.83157,2.4788785,16.351147,-22.778412,-1.3596691,9.556526,18.131977,25.259123,-30.516582,69.128235,-18.07517,-30.262053,33.495644,20.049093
633,-15.925823211669922,-499.4894104003906,60.284912109375,-8.620197845899554,0.7978493811004048,-98.956570966893,-21.969812,8.772102,23.467724,-5.589202,-5.5376678,-14.323944,9.045388,9.667512,2.5523396,17.317106,-23.34525,-1.1182193,9.595314,18.43029,25.25118,-30.423239,69.39811,-18.603815,-30.374153,33.15128,20.001959
634,-15.95054817199707,-500.2843322753906,60.150421142578125,-8.366962919422749,0.7575486527463595,-98.82533948326105,-22.469902,8.830716,23.730316,-3.1291156,-6.0333443,-14.323944,9.365432,9.300292,2.5515368,18.314537,-23.814213,-0.8564925,9.600179,18.909313,25.232422,-30.473228,69.50041,-19.156643,-30.50394,33.013405,20.296995
635,-15.955779075622559,-501.0581359863281,60.099609375,-7.878554558406367,0.6839038938152102,-98.61857199175354,-23.853918,9.193827,23.792927,2.1751287,-7.788804,-14.323944,9.634023,8.720291,2.4452178,19.524715,-24.25258,-0.5897669,9.641797,19.45368,25.172132,-30.784702,69.45984,-19.710958,-30.865477,33.026264,20.784233
636,-15.978879928588867,-501.8793640136719,60.02805709838867,-7.374220543547763,0.6528338973319954,-98.41641203843191,-25.47438,9.658475,23.670555,7.969177,-9.655508,-14.323944,9.844929,8.129883,2.331583,20.794634,-24.521542,-0.342075,9.621486,19.857407,25.096533,-31.101477,69.46494,-20.115925,-31.24643,33.070488,21.210964
637,-16.03257179260254,-502.74609375,59.926300048828125,-7.054097235644324,0.7192151171772386,-98.38781259393558,-26.86777,10.300733,23.500828,12.920265,-10.802879,-14.323944,9.956688,7.7117314,2.4058752,22.11062,-24.65988,-0.1406635,9.651196,20.024557,25.042437,-31.31576,69.624725,-20.337667,-31.505396,33.019802,21.472013
638,-16.024898529052734,-503.59686279296875,59.85755920410156,-6.6431916164978775,0.8234476875096325,-98.13404820181091,-27.9818,10.212434,22.975622,16.834713,-11.08512,-11.400685,10.018123,7.1941175,2.2428463,23.531197,-24.740133,0.09480479,9.480371,20.177423,24.988241,-31.571693,69.720894,-20.473454,-31.746656,32.95474,21.834532
639,-15.993147850036621,-504.4385986328125,59.8266487121582,-6.1862406408052655,0.9396822326231813,-97.91716946595744,-28.837303,9.947916,22.51447,20.080124,-10.9142685,-8.46285,9.987617,6.619272,2.1011994,25.117792,-24.636837,0.3395691,9.330326,20.294542,24.930246,-31.835926,69.75172,-20.48961,-31.98883,32.889008,22.214005
640,-15.944138526916504,-505.29302978515625,59.812164306640625,-5.725421504346712,1.0473076119579936,-97.79758914938255,-29.373667,9.584232,22.144032,22.516504,-10.450055,-6.257849,9.834212,6.0158277,2.0398033,26.941538,-24.257698,0.61618406,9.246398,20.386192,24.876184,-32.051083,69.70293,-20.378965,-32.19085,32.82157,22.594578
641,-15.89467716217041,-506.1720275878906,59.80591583251953,-5.248275822677575,1.1484136781273504,-97.80901855140316,-29.593678,9.158647,21.791677,24.172518,-9.653692,-5.1213818,9.565495,5.3640156,2.0863426,29.02474,-23.620493,0.97276944,9.252261,20.465128,24.81947,-32.19515,69.56765,-20.096476,-32.364292,32.727676,22.934288
642,-15.843646049499512,-507.06793212890625,59.80580520629883,-4.733778688349194,1.2504431139128453,-97.90117930053488,-29.607172,8.695851,21.418358,25.395868,-8.646432,-4.6114063,9.194733,4.6561937,2.1925557,31.33062,-22.76318,1.3800672,9.309045,20.54,24.761173,-32.29573,69.34313,-19.712845,-32.493595,32.643276,23.31775
643,-15.786297798156738,-507.9789123535156,59.81041717529297,-4.2123157511653,1.3352912598641913,-98.01247389139876,-29.493828,8.227789,21.07298,26.457468,-7.7830267,-4.2794204,8.709298,3.9396124,2.3072217,33.83977,-21.618647,1.7520164,9.360844,20.60025,24.705362,-32.37368,69.04627,-19.21604,-32.58168,32.5707,23.743479
644,-15.732601165771484,-508.8905334472656,59.823883056640625,-3.711978189423953,1.3806807585489917,-98.08100571967839,-29.326883,7.7655497,20.812578,27.579931,-7.4030232,-3.6998441,8.102938,3.2613647,2.3743465,36.53576,-20.112133,2.0113866,9.338852,20.644897,24.658283,-32.4343,68.686455,-18.58471,-32.622967,32.515385,24.202301
645,-15.678540229797363,-509.7957763671875,59.839134216308594,-3.235558507832412,1.3818719152825427,-98.0916210184734,-29.153215,7.2990026,20.631462,28.874193,-7.7141585,-2.7725434,7.3856435,2.6386888,2.3712077,39.445427,-18.128729,2.2066991,9.271574,20.657036,24.626839,-32.51233,68.259,-17.946493,-32.578045,32.527607,24.834465
646,-15.624013900756836,-510.700927734375,59.87559127807617,-2.7685418785321843,1.3408870696069497,-98.0749453451703,-28.931416,6.8132896,20.477272,30.212023,-8.495346,-1.7458688,6.5763993,2.0514598,2.3195248,42.55518,-15.727323,2.3797948,9.137677,20.667519,24.601494,-32.550304,67.75495,-17.189383,-32.464603,32.566406,25.52721
647,-15.569320678710938,-511.5972595214844,59.932308197021484,-2.31299299889746,1.276378618668546,-98.03890701465738,-28.630558,6.2972465,20.347206,31.432646,-9.445762,-0.72331804,5.6665606,1.483065,2.2225463,45.763733,-13.08186,2.4493122,8.947236,20.656746,24.581547,-32.572376,67.18325,-16.374527,-32.302803,32.655544,26.29255
648,-15.5028657913208,-512.4891357421875,60.010135650634766,-1.8680689910740877,1.2122741417305651,-97.9917317398072,-28.216385,5.7458873,20.257076,32.363575,-10.258035,0.19779445,4.6367536,0.9101342,2.0794878,48.977795,-10.363913,2.3260903,8.726315,20.595871,24.56888,-32.619778,66.55346,-15.660955,-32.100327,32.877033,27.220865
649,-15.438246726989746,-513.373779296875,60.09984588623047,-1.4314074470099292,1.1327103727951644,-97.8964357676938,-27.649672,5.1318426,20.201908,32.92967,-10.861882,1.0135498,3.4397135,0.34920895,1.9152707,52.329437,-7.430364,1.8261901,8.433912,20.512262,24.563227,-32.69408,65.847336,-14.95895,-31.857712,33.18707,28.277964
650,-15.366430282592773,-514.2523803710938,60.19806671142578,-1.0045425467956142,1.0329001214616083,-97.76381965320378,-26.965206,4.46138,20.180239,33.235214,-11.41495,1.7647688,2.10661,-0.20294136,1.6957259,55.800446,-4.222106,1.0757844,8.078916,20.410135,24.564232,-32.78176,65.061295,-14.222896,-31.581232,33.560196,29.429613
651,-15.28607177734375,-515.1085205078125,60.30320358276367,-0.5890451949361621,0.946557880042996,-97.67268012057623,-26.22454,3.7908585,20.224272,33.371037,-11.951488,2.4257433,0.7290624,-0.809378,1.3602182,59.107525,-1.0709498,0.4034379,7.714368,20.252428,24.568935,-32.850163,64.228966,-13.524412,-31.292128,34.044407,30.641863
652,-15.206281661987305,-515.949462890625,60.41547775268555,-0.1957868059266072,0.9068662143902438,-97.69884728709727,-25.481346,3.1795347,20.362566,33.4183,-12.503543,2.9713376,-0.60528237,-1.5345818,0.88154703,61.987213,1.6550428,0.09595658,7.384117,20.00105,24.57404,-32.857117,63.39256,-12.895581,-31.010983,34.666256,31.849037
653,-15.106062889099121,-516.77001953125,60.53467559814453,0.17212760712162728,0.9364590589828126,-97.89960694922381,-24.753975,2.652463,20.650404,33.389595,-13.105974,3.3828204,-1.9092655,-2.4557538,0.2639913,64.41514,4.054972,0.3763723,7.1308517,19.647924,24.578335,-32.7992,62.545193,-12.345111,-30.745121,35.454746,33.02626
654,-14.995412826538086,-517.5702514648438,60.65771484375,0.5209307976024552,1.0150330674562862,-98.22047925116085,-24.007027,2.1708877,21.058226,33.231804,-13.727223,3.6746135,-3.2294478,-3.5327404,-0.4419003,66.56238,6.228,0.9938315,6.920785,19.212378,24.583954,-32.694893,61.67571,-11.833965,-30.490107,36.37844,34.194237
655,-14.88070011138916,-518.3587646484375,60.78771209716797,0.8504476994062042,1.1124062428171488,-98.56673152724699,-23.22996,1.698394,21.48832,32.944324,-14.300352,3.8747888,-4.5475035,-4.6636477,-1.2086053,68.49081,7.783159,1.509274,6.6913314,18.693872,24.593178,-32.54459,60.819492,-11.350688,-30.246378,37.38667,35.377712
656,-14.784256935119629,-519.1277465820312,60.92395782470703,1.1662822329933111,1.1966248071791548,-98.8434469754577,-22.4159,1.1987134,21.84283,32.53442,-14.761698,4.0155473,-5.8372397,-5.754482,-2.0384593,70.240845,8.331407,1.4868097,6.3767977,18.092434,24.608107,-32.34658,60.01044,-10.87706,-30.015467,38.42608,36.59349
657,-14.700939178466797,-519.8851928710938,61.06931686401367,1.4820658919073844,1.26526450008099,-99.04998820959773,-21.559845,0.6541454,22.129938,31.981335,-15.083755,4.0885305,-7.1027255,-6.825723,-2.9764335,71.834206,7.420626,0.68740857,5.974137,17.396883,24.629778,-32.112095,59.25112,-10.42745,-29.800732,39.52922,37.850414
658,-14.618061065673828,-520.6421508789062,61.2314567565918,1.7889990394994377,1.330919709271558,-99.23193253601563,-20.667982,0.087104216,22.395584,31.291294,-15.304249,4.08641,-8.348334,-7.879859,-3.9693224,73.23866,5.368468,-0.56463486,5.5173373,16.606665,24.657673,-31.83732,58.533665,-9.998095,-29.599478,40.707073,39.13092
659,-14.546394348144531,-521.385498046875,61.39467239379883,2.0610190538913264,1.3815945335280058,-99.36571506120025,-19.746498,-0.47258568,22.599453,30.510303,-15.45699,4.044152,-9.5500965,-8.802222,-4.895637,74.399185,2.9562588,-1.8694735,4.99682,15.739689,24.691912,-31.50034,57.87089,-9.548291,-29.40581,41.881477,40.416313
660,-14.489375114440918,-522.1417236328125,61.57275390625,2.268727098416861,1.4044543644898164,-99.4258221455252,-18.798878,-1.0003474,22.698826,29.684298,-15.575066,3.9939775,-10.686253,-9.527105,-5.7036304,75.26632,0.97130525,-2.8972921,4.401497,14.813769,24.732971,-31.084042,57.275116,-9.045242,-29.216337,42.98056,41.69434
661,-14.440558433532715,-522.8851928710938,61.744808197021484,2.396677931099088,1.374274999101569,-99.39939819058958,-17.806084,-1.4738543,22.67161,28.823975,-15.65753,3.931145,-11.74603,-10.043527,-6.432213,75.81528,-0.43097666,-3.6504674,4.1234264,13.621038,24.770935,-31.054144,56.84583,-8.014893,-29.194767,43.31064,42.74977
662,-14.398797035217285,-523.6220703125,61.92029571533203,2.4695927133513824,1.3446616775446592,-99.28610829977279,-16.803963,-1.9246844,22.53135,27.889706,-15.681111,3.8423855,-12.780883,-10.39851,-7.126877,76.07222,-1.6451236,-4.286454,2.9427657,12.680359,24.848627,-30.064615,56.394566,-7.877163,-28.901937,45.030922,44.209286
663,-14.358705520629883,-524.3675537109375,62.09883117675781,2.5070201704760713,1.2737626911175355,-99.13744718135115,-15.751682,-2.3512332,22.334703,26.903532,-15.670916,3.7448,-13.74997,-10.614453,-7.7347336,76.07749,-2.6984887,-4.7567344,2.086965,11.555239,24.916645,-29.415594,56.02762,-7.330389,-28.692858,46.074837,45.553383
664,-14.324432373046875,-525.1094970703125,62.275779724121094,2.553304827081514,1.1730368352133775,-98.9982070051494,-14.646519,-2.7865415,22.139324,25.853218,-15.633732,3.653389,-14.659015,-10.739254,-8.205435,75.87206,-3.6238754,-5.015447,1.7123501,10.239626,24.958914,-29.283457,55.67635,-6.286426,-28.666483,46.289024,46.699436
665,-14.292585372924805,-525.8504638671875,62.44525909423828,2.572112610831065,1.0804700131281184,-98.80301914069683,-13.535622,-3.2090552,21.87211,24.751518,-15.584401,3.5792644,-15.508958,-10.758064,-8.632933,75.41361,-4.3750067,-5.01346,0.508705,9.327829,25.073921,-28.075203,55.17705,-5.8708706,-28.390085,47.531555,48.08883
666,-14.270538330078125,-526.5902099609375,62.60468292236328,2.5897148267400376,0.9486563752534267,-98.60074764720889,-12.359508,-3.6343184,21.582977,23.573439,-15.501236,3.504666,-16.295052,-10.685299,-8.960668,74.72026,-4.9563994,-4.7979236,-0.3084847,8.244357,25.160177,-27.283083,54.707497,-5.1058655,-28.209045,48.11162,49.420918
667,-14.249078750610352,-527.3272094726562,62.752811431884766,2.6188157945139765,0.7999915137792627,-98.41258606823972,-11.146898,-4.0620728,21.30026,22.346092,-15.383771,3.4094331,-17.0503,-10.530776,-9.153209,73.82701,-5.449622,-4.4765344,-0.72710615,6.931308,25.200874,-27.024868,54.286587,-4.05016,-28.177124,48.132477,50.640785
668,-14.230304718017578,-528.06640625,62.894290924072266,2.635726792474965,0.6632314944342088,-98.20826776826183,-9.9546585,-4.453855,20.997662,21.138554,-15.251586,3.2809598,-17.78794,-10.278947,-9.2386465,72.739716,-5.926079,-4.157533,-1.2619499,5.6526213,25.25771,-26.626465,53.83504,-2.9968333,-28.12898,48.162346,51.78564
669,-14.212603569030762,-528.8045043945312,63.01776885986328,2.6433020455690706,0.5449420751144514,-97.9885137612042,-8.782458,-4.8130875,20.679174,19.938383,-15.096143,3.1150908,-18.526144,-9.911896,-9.17575,71.4649,-6.4002023,-3.875992,-1.958049,4.517266,25.348139,-25.96183,53.26243,-1.9685231,-28.042833,48.232903,52.875175
670,-14.203929901123047,-529.5385131835938,63.12885284423828,2.6641091682521574,0.43570755445284876,-97.78851462092813,-7.606639,-5.167821,20.379568,18.71619,-14.916508,2.9253647,-19.266338,-9.458029,-8.94233,70.01034,-6.845347,-3.586408,-2.626395,3.5203707,25.445742,-25.25936,52.51373,-1.000117,-27.944054,48.27,54.005863
671,-14.205995559692383,-530.2666015625,63.23000717163086,2.6907609466598252,0.3399511443521473,-97.58671582613545,-6.450469,-5.5119805,20.077028,17.513039,-14.737852,2.7319956,-19.977911,-8.974233,-8.639642,68.368095,-7.262671,-3.269437,-3.3045912,2.5853894,25.552673,-24.543634,51.677197,-0.06749147,-27.835648,48.25367,55.125267
672,-14.201325416564941,-530.9950561523438,63.309295654296875,2.7323138298933167,0.26136300788501926,-97.39811423635638,-5.3328595,-5.848147,19.788187,16.368195,-14.586405,2.5509303,-20.648798,-8.515361,-8.327189,66.548355,-7.658514,-2.900873,-3.9013376,1.6124803,25.640013,-24.020508,50.82253,0.8016718,-27.754318,48.167465,56.228943
673,-14.199909210205078,-531.716552734375,63.381256103515625,2.7722534451673626,0.2129445338646902,-97.18863723860726,-4.270313,-6.165423,19.477568,15.278958,-14.45222,2.395755,-21.276735,-8.069429,-8.022029,64.52291,-8.046149,-2.4436498,-4.559998,0.659647,25.744078,-23.469992,49.923817,1.637049,-27.66547,48.010715,57.270645
674,-14.211591720581055,-532.4376831054688,63.433353424072266,2.8157234764002856,0.19123506236458213,-96.97146209195618,-3.249042,-6.4693832,19.15863,14.22549,-14.32991,2.2577143,-21.873112,-7.6183267,-7.684619,62.301914,-8.421288,-1.9255576,-5.231516,-0.23493633,25.864592,-22.923952,48.929302,2.422429,-27.571892,47.78546,58.2842
675,-14.211484909057617,-533.154052734375,63.473297119140625,2.8678554141253856,0.17929197740877553,-96.7522536528653,-2.2514622,-6.76412,18.838564,13.215186,-14.229138,2.1199942,-22.412794,-7.201328,-7.376937,59.903187,-8.7452965,-1.4074318,-5.892437,-1.0781907,26.00257,-22.4143,47.874237,3.165306,-27.476374,47.508335,59.272472
676,-14.211421966552734,-533.873779296875,63.48686981201172,2.9308167405175642,0.1594838668898026,-96.53818959564386,-1.2590392,-7.0535836,18.52679,12.253981,-14.16403,1.9643813,-22.87058,-6.8486657,-7.1568437,57.341633,-8.97719,-0.9405664,-6.521714,-1.8868979,26.159115,-21.971128,46.8055,3.8681288,-27.382036,47.20662,60.24247
677,-14.21971607208252,-534.5931396484375,63.481624603271484,2.995927562257006,0.12814108052412057,-96.32685785657999,-0.26832795,-7.32872,18.220755,11.339658,-14.135885,1.7860574,-23.234793,-6.552356,-7.045133,54.588505,-9.111469,-0.5167588,-7.1307044,-2.6836855,26.335419,-21.614792,45.74423,4.5313206,-27.291067,46.890015,61.18806
678,-14.219498634338379,-535.32080078125,63.46123123168945,3.0619123001586748,0.09236102674572129,-96.11688437505617,0.712752,-7.5884585,17.918898,10.473093,-14.141005,1.5953919,-23.51757,-6.287821,-7.0081387,51.642452,-9.164648,-0.10345124,-7.7189536,-3.477547,26.53188,-21.348822,44.683414,5.1532493,-27.20423,46.549442,62.10893
679,-14.211959838867188,-536.0441284179688,63.41837692260742,3.1432557042777964,0.051153477403727096,-95.91528867510459,1.6743997,-7.847251,17.630863,9.679708,-14.189839,1.3945316,-23.734808,-6.0584064,-7.0227675,48.556595,-9.127291,0.28651926,-8.257742,-4.2646117,26.746342,-21.167654,43.629955,5.7376175,-27.122427,46.184963,63.00994
680,-14.210006713867188,-536.7731323242188,63.35729217529297,3.2497090552951793,0.003072281958828435,-95.7301327854054,2.6069922,-8.113561,17.36834,8.991334,-14.301373,1.1845521,-23.90471,-5.8643904,-7.0657454,45.385456,-8.99432,0.6376968,-8.723794,-5.0439844,26.974463,-21.059504,42.599243,6.2872953,-27.046911,45.804695,63.892845
681,-14.194957733154297,-537.4992065429688,63.266361236572266,3.3809689043756395,-0.05537450330608639,-95.56692160500232,3.5060813,-8.391991,17.146477,8.421601,-14.477692,0.9520142,-24.03822,-5.709629,-7.1388354,42.127556,-8.736103,0.89391196,-9.121809,-5.822488,27.214361,-21.02334,41.600292,6.8016934,-26.978642,45.418915,64.75799
682,-14.190528869628906,-538.233642578125,63.156044006347656,3.5317709702258817,-0.12241418936575607,-95.42315294936031,4.297882,-8.647757,16.972956,8.152746,-14.830011,0.6944305,-24.126812,-5.5810957,-7.2471404,38.761475,-8.37018,1.0883608,-9.465333,-6.608881,27.465258,-21.057995,40.63724,7.277517,-26.91807,45.029984,65.60182
683,-14.17965316772461,-538.9541625976562,63.031131744384766,3.6971876715232277,-0.1891530972889163,-95.29219200985028,4.9967513,-8.880295,16.827467,8.129324,-15.32761,0.43562958,-24.168137,-5.459582,-7.372872,35.323124,-7.961473,1.3354136,-9.751949,-7.4037614,27.723389,-21.14351,39.717896,7.7202983,-26.865023,44.633892,66.40957
684,-14.172011375427246,-539.6956176757812,62.88800048828125,3.8671129068706787,-0.24509870833516614,-95.16842569361602,5.652753,-9.101416,16.683062,8.203071,-15.88588,0.20180762,-24.162132,-5.330586,-7.4972696,31.843925,-7.573164,1.7466934,-9.981546,-8.198544,27.983826,-21.24964,38.84274,8.136792,-26.818846,44.226357,67.16127
685,-14.169279098510742,-540.4374389648438,62.737091064453125,4.054289559802002,-0.2868766399336152,-95.05015716341047,6.268451,-9.322132,16.536226,8.361893,-16.50284,-0.0034603323,-24.091421,-5.204064,-7.600641,28.213942,-7.160664,2.361603,-10.15704,-8.977936,28.241783,-21.354448,37.995445,8.512154,-26.780252,43.814114,67.866
686,-14.166465759277344,-541.1810913085938,62.57243728637695,4.258752964386694,-0.3177382353887607,-94.94182072363928,6.8541017,-9.547682,16.397911,8.585148,-17.1633,-0.19349812,-23.951786,-5.082806,-7.692804,24.411661,-6.687789,3.1152956,-10.286993,-9.733463,28.495354,-21.450405,37.171333,8.843283,-26.749739,43.405724,68.52883
687,-14.163186073303223,-541.9191284179688,62.39486312866211,4.458620762263825,-0.3368826582434911,-94.84379323863223,7.416276,-9.759383,16.267696,8.849334,-17.84095,-0.37082028,-23.749025,-4.939798,-7.8082166,20.57314,-6.2121487,3.9613626,-10.385038,-10.468938,28.74434,-21.531485,36.39269,9.158589,-26.725864,42.999565,69.12
688,-14.169157028198242,-542.667236328125,62.207645416259766,4.634880224763636,-0.3420603087899345,-94.75246766160834,7.954041,-9.935878,16.140503,9.152013,-18.523563,-0.5379496,-23.48919,-4.751276,-7.9879518,16.83182,-5.788785,4.856585,-10.463919,-11.187633,28.989452,-21.594357,35.676067,9.4849615,-26.70628,42.586704,69.61466
689,-14.181333541870117,-543.4082641601562,62.020755767822266,4.751456750723684,-0.31951390120752377,-94.66603370305103,8.449145,-10.036066,16.0185,9.504408,-19.221165,-0.6956416,-23.043852,-4.443025,-8.298901,12.7917,-5.2698197,5.8030596,-10.451727,-11.869715,29.334576,-21.68936,34.929558,9.953006,-26.683407,42.006977,69.90725
690,-14.194602012634277,-544.157958984375,61.82032775878906,4.94004169561825,-0.26378254070396673,-94.53591295445338,8.912476,-10.194282,15.833397,9.876664,-19.917469,-0.83765596,-22.549278,-4.188302,-8.698335,8.715922,-4.794527,6.836512,-10.467224,-12.447126,29.645933,-21.704973,34.124687,10.316658,-26.669052,41.458088,70.20779
691,-14.210031509399414,-544.9217529296875,61.59794235229492,5.24390095340122,-0.1605778209733561,-94.30508044703107,9.332667,-10.44289,15.526402,10.263473,-20.592686,-0.9698993,-22.487022,-4.1508317,-9.134606,5.9089274,-4.9609222,7.949076,-10.552845,-12.890692,29.923012,-21.60548,33.214275,10.535992,-26.66417,40.918034,70.56994
692,-14.24285888671875,-545.6920776367188,61.35996627807617,5.620380777317769,-0.051665109614334126,-94.04743031958627,9.757618,-10.7547655,15.1764555,10.638548,-21.223124,-1.1000346,-22.0274,-4.1382895,-9.560229,2.5261807,-4.4797945,9.090894,-10.690921,-13.275377,30.091257,-21.419819,32.3871,10.587257,-26.666222,40.517487,71.025505
693,-14.282187461853027,-546.4623413085938,61.12443923950195,5.997087103869261,0.08511658069486795,-93.730669632263,10.150637,-11.043579,14.780992,11.030778,-21.855186,-1.225515,-21.735666,-4.1868434,-10.057683,-0.042232614,-4.3199863,10.576786,-10.854725,-13.574253,30.247644,-21.146177,31.552443,10.600778,-26.67268,40.084373,71.43678
694,-14.324320793151855,-547.2301635742188,60.903202056884766,6.321473022448965,0.22724181301172605,-93.42338236448346,10.528403,-11.263816,14.409573,11.448823,-22.492533,-1.3486488,-22.30635,-4.356398,-10.547568,-0.07932636,-5.521834,12.324712,-10.98942,-13.79449,30.396252,-20.813873,30.763054,10.642732,-26.681452,39.64227,71.745415
695,-14.366067886352539,-548.0005493164062,60.70222091674805,6.546600806313438,0.36201185532441155,-93.17441980251489,10.904559,-11.377123,14.095041,11.884179,-23.060163,-1.4912387,-22.744085,-4.418229,-10.916935,0.012068716,-6.3551097,13.667555,-11.066448,-13.96572,30.541609,-20.45391,30.094833,10.755856,-26.689249,39.212276,71.92783
696,-14.40420913696289,-548.764892578125,60.53437423706055,6.528132805489913,0.4543484055981002,-93.06988314851257,11.131539,-11.201407,13.962547,12.778062,-23.750635,-1.6867017,-22.870693,-4.190663,-10.981992,-0.06978268,-6.3471823,13.940435,-11.069714,-14.225756,30.696716,-20.140959,29.784763,11.061179,-26.689678,38.842064,71.869606
697,-14.459891319274902,-549.491943359375,60.44806671142578,6.196658983599366,0.5015962175962947,-93.18380415005512,11.364813,-10.731955,14.060562,13.749703,-24.361828,-1.9268304,-22.593485,-3.5775836,-10.6154585,-0.36362186,-5.1984434,12.682224,-10.90191,-14.559545,30.95183,-19.884611,29.81106,11.705776,-26.67286,38.453625,71.46085
698,-14.525908470153809,-550.2068481445312,60.40812683105469,5.584357293538402,0.5278922052997953,-93.49016400858909,11.569024,-9.997256,14.380403,14.847743,-24.954943,-2.2073963,-22.27551,-2.6535084,-9.916343,-0.13077722,-3.5275152,10.377885,-10.499547,-14.725547,31.563454,-19.702814,29.800875,12.603515,-26.604465,38.015884,70.782555
699,-14.580869674682617,-550.9620361328125,60.36167907714844,4.724855003747372,0.4986334114264865,-93.9532293987278,11.744511,-9.008399,14.8997345,16.172243,-25.525593,-2.5513213,-23.171015,-1.6477877,-9.001406,3.4431033,-3.408413,7.7836123,-10.102288,-14.880154,32.352737,-19.543911,30.05285,13.469721,-26.467873,37.9185,70.01709
700,-14.62425422668457,-551.751953125,60.30144119262695,3.9021065080453545,0.44697982828686783,-94.394537288587,11.909582,-8.0344925,15.390316,17.599167,-25.92557,-2.9545083,-24.292229,-0.67427266,-8.106992,7.443981,-3.593878,5.577417,-9.783149,-15.092639,32.964874,-19.41518,30.553852,14.158171,-26.334265,38.015335,69.33852
701,-14.687110900878906,-552.55029296875,60.25499725341797,3.1639675665611744,0.407562475235647,-94.77127432531819,12.063054,-7.1102443,15.804852,19.082588,-26.19923,-3.4284272,-24.865044,0.32917726,-7.143475,9.818798,-2.860953,3.6731095,-9.493945,-15.29929,33.44464,-19.341722,31.144886,14.711439,-26.21674,38.168674,68.73405
702,-14.771254539489746,-553.33447265625,60.23523712158203,2.45728815426002,0.37912182803757677,-95.1014622949365,12.192048,-6.184914,16.16661,20.641645,-26.36479,-3.9617336,-25.538284,1.3023571,-6.110204,12.399347,-2.1057274,1.7869521,-9.225863,-15.4760685,33.848026,-19.296253,31.815548,15.17601,-26.108765,38.366043,68.15175
703,-14.86666488647461,-554.130859375,60.22576141357422,1.805332052415921,0.3530783853472513,-95.34332742256997,12.222241,-5.2613235,16.429525,22.416956,-26.333897,-4.523669,-26.055387,2.2007976,-5.2671742,14.651928,-1.2727553,0.20927769,-9.020354,-15.57942,34.162277,-19.257643,32.542706,15.534382,-26.013796,38.585205,67.596306
704,-14.9502592086792,-554.9545288085938,60.21208190917969,1.2646113297753658,0.32663044737753405,-95.44586747600844,12.088642,-4.37979,16.52609,24.515242,-26.005766,-5.080909,-26.357649,2.8897681,-4.8240113,16.524195,-0.6069958,-0.7745362,-8.929765,-15.455504,34.381737,-19.122896,33.203236,15.740953,-25.934664,38.802967,67.11096
705,-15.031954765319824,-555.7877197265625,60.19385528564453,0.8492425187163674,0.30282912300842013,-95.36483907061006,11.777423,-3.54171,16.413607,26.988583,-25.37111,-5.642636,-26.43206,3.2592413,-4.9091954,18.042965,-0.21708575,-0.8382496,-8.9929905,-15.14195,34.468616,-18.90357,33.833786,15.77537,-25.874084,39.029743,66.72999
706,-15.112813949584961,-556.6177978515625,60.18222427368164,0.4913303813415722,0.2755699775259692,-95.16977155519069,11.328269,-2.696446,16.164225,29.762192,-24.475945,-6.2106247,-26.34867,3.3928185,-5.337807,19.370071,-0.039911266,-0.26800457,-9.155836,-14.776104,34.444885,-18.697409,34.56656,15.698163,-25.823246,39.281654,66.391
707,-15.202178001403809,-557.4408569335938,60.19194030761719,0.16084071895792648,0.22630524673254068,-94.9597839075612,10.762078,-1.8379722,15.857445,32.752594,-23.29117,-6.7448115,-26.193867,3.4240162,-5.84235,20.679188,-0.09773349,0.33622628,-9.315843,-14.397032,34.326073,-18.569204,35.44791,15.583358,-25.778107,39.50834,66.01691
708,-15.273862838745117,-558.2537841796875,60.22235107421875,-0.1702858218391756,0.14149236717848665,-94.82653754717171,10.093362,-0.9675685,15.570139,35.89037,-21.784702,-7.2176533,-26.031185,3.5208962,-6.152039,22.054213,-0.39804912,0.4170879,-9.39158,-14.097443,34.123173,-18.602636,36.568874,15.4857645,-25.7371,39.677036,65.53644
709,-15.342551231384277,-559.0613403320312,60.265357971191406,-0.49922284696583763,0.005873562652963682,-94.80568573676052,9.345068,-0.09451533,15.343802,39.2061,-19.856697,-7.7589383,-25.888493,3.7721012,-6.1492405,23.548409,-1.0173943,-0.22864684,-9.358489,-13.867852,33.82568,-18.775537,37.97578,15.429578,-25.698214,39.75578,64.93366
710,-15.411657333374023,-559.8560791015625,60.32094192504883,-0.8109599100457257,-0.16800730707453637,-94.84147872795751,8.504295,0.7711582,15.121481,42.72235,-17.553608,-8.351917,-25.728174,4.120934,-5.9793596,25.065456,-1.8948134,-1.2455577,-9.262434,-13.668223,33.4321,-19.051687,39.609306,15.377738,-25.662746,39.768173,64.247826
711,-15.489133834838867,-560.6597900390625,60.388214111328125,-1.1049661562366706,-0.35238817062815164,-94.88481389880168,7.5440035,1.6206936,14.844102,46.33619,-15.048413,-8.769385,-25.494911,4.5221276,-5.7681017,26.427052,-2.836014,-2.3429615,-9.130973,-13.48696,32.972027,-19.457668,41.356777,15.306513,-25.633242,39.759247,63.480026
712,-15.568964004516602,-561.4694213867188,60.46503829956055,-1.3815881188592152,-0.5175462571265206,-94.8870482606597,6.4382877,2.450185,14.469494,49.934986,-12.498898,-8.789447,-25.134712,4.895451,-5.6525183,27.47304,-3.6839297,-3.2428696,-8.9953165,-13.304372,32.480797,-20.015562,43.099598,15.189463,-25.612877,39.7792,62.632027
713,-15.652349472045898,-562.2766723632812,60.552734375,-1.6317706997439647,-0.6649052053498824,-94.85528957058742,5.112397,3.2370925,13.920325,53.66145,-9.768798,-8.123404,-24.613235,5.196832,-5.663326,28.160084,-4.4478292,-3.8957634,-8.860543,-13.05898,31.965744,-20.682907,44.811043,15.0175085,-25.604568,39.858967,61.70687
714,-15.742647171020508,-563.0704956054688,60.65234375,-1.8575449845936145,-0.8046297862123515,-94.80888822650667,3.6120672,3.9822853,13.281962,57.482567,-6.7772202,-7.0023117,-23.969786,5.464471,-5.731764,28.583706,-5.2086663,-4.445703,-8.71995,-12.700838,31.434868,-21.412071,46.487514,14.804731,-25.606695,39.975372,60.7004
715,-15.84473991394043,-563.8462524414062,60.7595329284668,-2.0835516405317986,-0.9191621083487765,-94.71829424778355,2.0809853,4.737323,12.727495,61.05671,-3.8116047,-5.9433236,-23.263899,5.71632,-5.8531733,28.82047,-5.9449906,-4.9082613,-8.587549,-12.236404,30.922901,-22.22536,48.049767,14.554157,-25.615732,40.098328,59.606647
716,-15.946176528930664,-564.6119384765625,60.87144088745117,-2.3331983326647485,-0.9908687872939077,-94.55165108946018,0.6422191,5.569613,12.377008,64.10502,-1.2256879,-5.4267807,-22.555874,5.9714613,-6.025213,28.946743,-6.632793,-5.298271,-8.478677,-11.6806555,30.462406,-23.150513,49.42659,14.266782,-25.628372,40.193977,58.422512
717,-16.050580978393555,-565.3719482421875,60.981388092041016,-2.6250840599628926,-0.9991263788673235,-94.25137710957512,-0.6983547,6.576675,12.266915,66.60332,1.0606422,-5.725268,-21.853823,6.2300134,-6.3002343,28.944506,-7.2742696,-5.603053,-8.441518,-11.048922,30.063162,-24.237343,50.599205,13.955866,-25.64185,40.24438,57.108597
718,-16.15677261352539,-566.1149291992188,61.102325439453125,-2.9360406766920453,-0.956501893811637,-93.85254781471629,-2.0150952,7.7065535,12.284972,68.74281,3.135343,-6.493739,-21.124817,6.4766793,-6.6603646,28.780602,-7.8770485,-5.813153,-8.4509115,-10.339742,29.711359,-25.464283,51.61215,13.612456,-25.659142,40.26569,55.686024
719,-16.25881004333496,-566.8427734375,61.23549270629883,-3.235360202143843,-0.8977352491882744,-93.45917211559721,-3.3049026,8.805583,12.328371,70.57073,4.6394935,-7.2841043,-20.370937,6.7104487,-7.0039797,28.51075,-8.422655,-5.9525337,-8.418191,-9.560199,29.397518,-26.762901,52.5053,13.201295,-25.685053,40.275906,54.24389
720,-16.339372634887695,-567.55615234375,61.371761322021484,-3.491454283725373,-0.8602749752361665,-93.17297500261216,-4.552626,9.727548,12.326304,72.1096,5.219445,-7.6520886,-19.600067,6.9322677,-7.233424,28.200226,-8.896427,-6.052568,-8.256596,-8.707625,29.114096,-28.063519,53.30863,12.688936,-25.723999,40.294872,52.867065
721,-16.409400939941406,-568.265625,61.505950927734375,-3.7013175530863824,-0.8524393259731903,-93.01467618819511,-5.7603035,10.407012,12.223623,73.33839,4.484795,-7.4321084,-18.823341,7.146402,-7.3367214,27.871843,-9.289945,-6.115189,-7.9442344,-7.780571,28.859604,-29.412704,54.01255,12.044551,-25.78156,40.349434,51.56201
722,-16.463003158569336,-568.9639282226562,61.641456604003906,-3.876677332225714,-0.8601729964487906,-92.92589991743793,-6.9302707,10.917536,12.0684395,74.24454,2.7349536,-6.889272,-18.03001,7.3504853,-7.3698635,27.488535,-9.611392,-6.131676,-7.534011,-6.8066764,28.6326,-30.845856,54.628498,11.288202,-25.854681,40.42222,50.294373
723,-16.503602981567383,-569.666015625,61.78279495239258,-4.015923649256535,-0.8904531500651783,-92.89650093535633,-8.045451,11.335044,11.961939,74.86561,0.6446318,-6.2229266,-17.205145,7.5379996,-7.3335676,27.049253,-9.882971,-6.1214595,-7.041637,-5.8124576,28.426283,-32.2771,55.204292,10.458879,-25.9357,40.46781,49.095573
724,-16.534931182861328,-570.3558959960938,61.927433013916016,-4.114288718023745,-0.9492082894361528,-92.91777307108056,-9.088538,11.756719,12.032867,75.240906,-1.1136193,-5.6138506,-16.336462,7.701257,-7.2266054,26.551865,-10.123795,-6.1013103,-6.4790297,-4.8131695,28.234596,-33.617954,55.776264,9.597062,-26.01652,40.44246,47.99514
725,-16.56539535522461,-571.0416870117188,62.07206726074219,-4.159499071428343,-1.049789452315794,-93.00837700161304,-10.0411415,12.190168,12.335669,75.34916,-2.437787,-5.0687947,-15.41157,7.8256702,-7.0255184,26.00013,-10.338677,-6.0606766,-5.819371,-3.7994304,28.054808,-34.89852,56.338627,8.679456,-26.097834,40.355663,47.041214
726,-16.594514846801758,-571.7300415039062,62.21614456176758,-4.154926453996436,-1.1884715122684697,-93.16590621645616,-10.915288,12.592229,12.797391,75.17988,-3.6583874,-4.5100446,-14.438582,7.916194,-6.74008,25.397373,-10.518676,-5.9962883,-5.0614743,-2.772851,27.886982,-36.167603,56.87965,7.69022,-26.183878,40.228256,46.21391
727,-16.626401901245117,-572.4200439453125,62.3624382019043,-4.133093228780314,-1.3443129131105274,-93.35057604884909,-11.726517,12.998155,13.381869,74.77999,-4.763207,-3.9773483,-13.434549,7.994622,-6.4166527,24.74412,-10.666952,-5.930563,-4.2568426,-1.7567302,27.729847,-37.35676,57.42277,6.685495,-26.272348,40.03276,45.43913
728,-16.655752182006836,-573.1094360351562,62.506919860839844,-4.128270039088586,-1.4935928590261427,-93.52313973862346,-12.494529,13.44263,14.05412,74.19453,-5.736186,-3.5095215,-12.41436,8.0840025,-6.1003585,24.027418,-10.781426,-5.883751,-3.4598439,-0.7701878,27.58216,-38.386253,57.98795,5.7221646,-26.36031,39.74359,44.63719
729,-16.682668685913086,-573.7926635742188,62.650543212890625,-4.1470918265621135,-1.6406626137855636,-93.67270712951351,-13.20671,13.975611,14.886335,73.432335,-6.5420423,-3.14671,-11.368333,8.193509,-5.7995944,23.236872,-10.85687,-5.862615,-2.6873298,0.17631714,27.44156,-39.250164,58.60679,4.796554,-26.448559,39.370777,43.80218
730,-16.713869094848633,-574.46826171875,62.784671783447266,-4.174545839117824,-1.793094190580692,-93.82052229314249,-13.8585415,14.55726,15.879214,72.4713,-7.196385,-2.8675535,-10.294108,8.307669,-5.491415,22.383326,-10.896415,-5.8485365,-1.9112236,1.1021931,27.306454,-39.980755,59.256046,3.88916,-26.538258,38.925755,42.964725
731,-16.740217208862305,-575.140625,62.907745361328125,-4.206706570858239,-1.9311212281702317,-93.97413178667061,-14.478843,15.090811,16.887945,71.305725,-7.7705383,-2.6144648,-9.219846,8.416632,-5.1756253,21.492285,-10.912131,-5.825368,-1.1250074,2.0351663,27.176563,-40.543037,59.875988,3.040261,-26.62708,38.385956,42.09184
732,-16.76592254638672,-575.8084106445312,63.025390625,-4.2414236637110205,-2.034951839552519,-94.14120792944674,-15.101279,15.488575,17.76234,69.93113,-8.337057,-2.3233795,-8.17654,8.512613,-4.8533964,20.592749,-10.918004,-5.782977,-0.32604733,3.0001376,27.052078,-40.89645,60.40993,2.2916586,-26.712337,37.730938,41.147556
733,-16.7828426361084,-576.4886474609375,63.134498596191406,-4.273106871565108,-2.0881515510677784,-94.32998848561019,-15.752138,15.72701,18.468615,68.34573,-8.932617,-1.9046124,-7.1758604,8.593195,-4.5230436,19.678322,-10.912007,-5.727069,0.48052156,4.026215,26.935045,-40.971752,60.82408,1.7330773,-26.779207,36.88038,40.05981
734,-16.79615020751953,-577.1629638671875,63.22924041748047,-4.309153559974121,-2.104510410916182,-94.53389964337646,-16.41294,15.86048,19.082672,66.55695,-9.518187,-1.4116818,-6.2031326,8.66642,-4.188124,18.743156,-10.892071,-5.665041,1.238711,5.140658,26.834797,-40.73034,61.130463,1.2663903,-26.81387,35.965378,38.88789
735,-16.80051040649414,-577.8295288085938,63.31547546386719,-4.363514517996291,-2.108807547578338,-94.73820396198957,-17.047417,15.925048,19.61776,64.57071,-10.053945,-0.98939776,-5.241296,8.744685,-3.8549109,17.802744,-10.868324,-5.594165,2.0291352,6.218832,26.729733,-40.40047,61.418354,0.7972828,-26.858007,35.03826,37.7229
736,-16.808334350585938,-578.494140625,63.39451599121094,-4.446666254964491,-2.1268294919804376,-94.92824592915176,-17.618149,15.952162,20.091724,62.387196,-10.493971,-0.783282,-4.27381,8.837879,-3.5277941,16.871983,-10.84667,-5.511456,2.8242328,7.247175,26.632423,-40.045082,61.714027,0.09162813,-26.921238,34.320427,36.7459
737,-16.807861328125,-579.1589965820312,63.45167922973633,-4.57207114446609,-2.170804552146001,-95.09729962191336,-18.112709,15.949878,20.494217,59.983067,-10.835812,-0.86339504,-3.273473,8.959234,-3.201394,15.906393,-10.801816,-5.428756,3.649389,8.199059,26.54819,-39.678364,62.0384,-1.0047612,-27.00625,33.89636,36.093685
738,-16.801393508911133,-579.8248291015625,63.49628448486328,-4.73179492531731,-2.2277071949742036,-95.25141188330811,-18.551632,15.904894,20.821867,57.366764,-11.097657,-1.135932,-2.2537003,9.102407,-2.8748677,14.912162,-10.738252,-5.348487,4.4981465,9.085098,26.467539,-39.250515,62.38638,-2.3360307,-27.110012,33.628624,35.64366
739,-16.798938751220703,-580.4895629882812,63.52317810058594,-4.900553843557799,-2.281802888117987,-95.4057607104708,-18.94271,15.807843,21.11631,54.57288,-11.25906,-1.5044241,-1.2592899,9.2402725,-2.549542,13.973079,-10.70745,-5.2521462,5.297211,9.984436,26.376102,-38.702785,62.709587,-3.7131157,-27.244104,33.422947,35.212013
740,-16.792619705200195,-581.14501953125,63.52647399902344,-5.056569270951007,-2.3193184314259416,-95.56498229936257,-19.297304,15.653281,21.404245,51.639572,-11.30525,-1.8724649,-0.32942215,9.352391,-2.2391763,13.166821,-10.758728,-5.1197286,5.9541655,10.935978,26.25875,-37.989685,62.993935,-4.93285,-27.427874,33.209995,34.598675
741,-16.781600952148438,-581.8238525390625,63.517581939697266,-5.19982890076925,-2.326593418238332,-95.74131762805112,-19.619505,15.462345,21.715555,48.548813,-11.233183,-2.1872196,0.528733,9.441809,-1.9395546,12.478054,-10.878951,-4.930254,6.5237956,11.930234,26.145485,-37.21285,63.20392,-5.871732,-27.604162,32.900913,33.70481
742,-16.771190643310547,-582.50244140625,63.48796081542969,-5.33890904345411,-2.3218182869510007,-95.92278190627455,-19.897854,15.225729,22.0219,45.29118,-11.052057,-2.5079436,1.3414524,9.515671,-1.6535585,11.878863,-11.052734,-4.7014995,7.0935326,12.921955,26.037123,-36.41864,63.35982,-6.670314,-27.773302,32.49309,32.7212
743,-16.770557403564453,-583.1759033203125,63.440589904785156,-5.479487051309831,-2.3160009305082743,-96.0902605569127,-20.146393,14.930711,22.260052,41.928177,-10.785181,-2.9022393,2.1135786,9.585429,-1.3930337,11.383417,-11.300806,-4.471446,7.6356215,13.8631,25.936546,-35.667885,63.504562,-7.3914347,-27.941183,32.044495,31.696356
744,-16.769529342651367,-583.8363647460938,63.36772918701172,-5.605694715994171,-2.3292873867800035,-96.2248281561626,-20.372938,14.556704,22.373552,38.534336,-10.464825,-3.4270916,2.7982469,9.639198,-1.1806797,11.152299,-11.722407,-4.277497,8.165654,14.696914,25.861294,-35.109863,63.66328,-8.214573,-28.077303,31.666595,30.833757
745,-16.775850296020508,-584.5059204101562,63.28377151489258,-5.737390114716587,-2.357432609464864,-96.33019042444619,-20.576683,14.126336,22.317104,35.034363,-10.045466,-4.016174,3.3291945,9.694116,-1.0237409,11.335146,-12.415653,-4.136055,8.63054,15.493561,25.793316,-34.615856,63.813683,-9.049171,-28.228725,31.317335,29.995962
746,-16.784910202026367,-585.1647338867188,63.18325424194336,-5.90034061529893,-2.3957630414777844,-96.4027852556223,-20.758919,13.694081,22.10311,31.442558,-9.553406,-4.641728,3.857427,9.782348,-0.90264136,11.55461,-13.150455,-4.025667,9.039038,16.124184,25.748903,-34.284042,64.05567,-9.916004,-28.342173,31.050114,29.208189
747,-16.796907424926758,-585.8327026367188,63.06849670410156,-6.047655974791864,-2.432328907554048,-96.44859978118544,-20.87894,13.220907,21.835098,27.787636,-9.032406,-5.4111657,4.3714256,9.853183,-0.8122633,11.816724,-13.916928,-3.9167478,9.398721,16.782341,25.7064,-33.959957,64.22933,-10.7854,-28.469395,30.777449,28.457226
748,-16.808061599731445,-586.5120239257812,62.944637298583984,-6.178515973962848,-2.4591919365683514,-96.45756138208503,-20.919224,12.704402,21.582037,24.129343,-8.537278,-6.4434476,4.8879547,9.906799,-0.7555685,12.071063,-14.673629,-3.7818742,9.692499,17.438627,25.666595,-33.653248,64.35845,-11.631688,-28.610556,30.518042,27.72753
749,-16.823762893676758,-587.1942138671875,62.811649322509766,-6.287114937372882,-2.4685424644919434,-96.41596376678487,-20.830194,12.090097,21.362743,20.256107,-7.991029,-7.810711,5.420431,9.941649,-0.74278545,12.278976,-15.403767,-3.6060221,9.91423,18.089148,25.63114,-33.380596,64.42925,-12.496625,-28.764626,30.291983,27.04134
750,-16.8361873626709,-587.8814697265625,62.67053985595703,-6.389907629688396,-2.463832406899568,-96.33444124484491,-20.589529,11.397277,21.146456,16.066454,-7.321677,-9.421894,5.945279,9.971258,-0.7679639,12.501492,-16.14846,-3.4062827,10.053397,18.720879,25.600586,-33.14016,64.46383,-13.344879,-28.931364,30.098412,26.357676
751,-16.844663619995117,-588.57177734375,62.52695846557617,-6.469924193990398,-2.4340691341450813,-96.23677396553701,-20.06195,10.5919,20.977997,11.331492,-6.332404,-11.153808,6.4509797,9.975382,-0.811086,12.728046,-16.888277,-3.1998498,10.13199,19.411827,25.567667,-32.851192,64.405945,-14.119553,-29.184921,29.891655,25.615576
752,-16.842456817626953,-589.27734375,62.35411071777344,-6.726496844130396,-2.373147685496102,-96.27226497688582,-19.574907,10.103833,20.859377,7.035322,-5.5183864,-12.954087,6.906788,10.141135,-0.70548964,12.994665,-17.6163,-3.0118258,10.251008,19.86499,25.544804,-32.54064,64.57942,-14.679994,-29.424406,29.628525,24.645111
753,-16.81698989868164,-589.9889526367188,62.13861846923828,-7.201952209595195,-2.288083080296945,-96.39257164909114,-19.881744,10.131823,20.5177,4.9757648,-6.032092,-14.323944,7.3016477,10.493049,-0.49511346,13.351243,-18.367926,-2.816699,10.419696,20.047066,25.53419,-32.2322,65.01884,-15.167728,-29.574024,29.314491,23.60264
754,-16.754745483398438,-590.6979370117188,61.897735595703125,-7.76970583687182,-2.1746640020322845,-96.45468608772792,-18.7717,9.428641,20.149511,-0.73944294,-4.426254,-14.323944,7.642218,10.89909,-0.3364578,13.795005,-19.163385,-2.5824635,10.479705,20.15086,25.527256,-31.82887,65.528496,-15.494463,-29.715279,28.878359,22.436956
755,-16.699487686157227,-591.3931274414062,61.672061920166016,-8.177229277376018,-2.0839069578571046,-96.4388787995314,-19.373732,9.336192,19.489023,-1.4733831,-5.5383096,-14.323944,8.0156975,11.154161,-0.26533118,14.20848,-19.91943,-2.3635013,10.469502,20.383772,25.51976,-31.435438,65.8902,-15.779971,-29.85844,28.428951,21.439735
756,-16.663070678710938,-592.083740234375,61.46384048461914,-8.487767972225402,-2.0040364748126627,-96.4078045117857,-19.824492,9.26809,19.13766,-1.883377,-6.3819203,-14.323944,8.412113,11.3432865,-0.2080057,14.585364,-20.618149,-2.2045844,10.423635,20.681213,25.51361,-31.114157,66.186615,-16.034615,-30.006102,28.025043,20.585815
757,-16.656879425048828,-592.7665405273438,61.27554702758789,-8.724952856422124,-1.965968961477345,-96.39891900905722,-19.916693,9.229866,19.36031,-2.2818294,-6.7174163,-14.323944,8.844688,11.485968,-0.12014295,14.944991,-21.280397,-2.1322117,10.371267,20.933186,25.510445,-30.98442,66.53407,-16.367802,-30.08465,27.822939,20.020435
758,-16.66271209716797,-593.43994140625,61.107147216796875,-8.913114019555948,-1.919522573096401,-96.38986676040348,-19.916924,9.23557,19.96001,-2.2654128,-6.893479,-14.323944,9.273574,11.5953455,-0.024434447,15.2784395,-21.90512,-2.120442,10.294432,21.19768,25.50765,-30.882305,66.868774,-16.740765,-30.166546,27.626911,19.579784
759,-16.670692443847656,-594.1189575195312,60.957115173339844,-8.924173492042843,-1.8920222772225554,-96.34227327316827,-20.361532,9.328198,20.637543,-0.56211704,-7.6622014,-14.323944,9.6104355,11.53498,-0.0042707566,15.876858,-22.628096,-2.1209526,10.191057,21.548492,25.501974,-30.845665,67.09095,-17.124147,-30.274485,27.477964,19.348131
760,-16.680456161499023,-594.8173828125,60.80495834350586,-8.735363644345101,-1.8953401590696335,-96.24419639564968,-20.916273,9.3381,21.22857,1.7695601,-8.403029,-14.323944,9.861746,11.282849,-0.08207005,16.79379,-23.44958,-2.0946064,10.108681,22.093615,25.49142,-30.929892,67.09303,-17.491798,-30.45823,27.363016,19.30303
761,-16.6905460357666,-595.5287475585938,60.66053009033203,-8.39822747968609,-1.9544784445600232,-96.1078939158017,-21.411484,9.306696,21.78436,4.482139,-8.815756,-14.323944,10.171634,10.89105,-0.20518024,17.739895,-24.242027,-2.047345,10.031237,22.625763,25.47479,-31.260542,67.1017,-17.760386,-30.728846,27.38393,19.3943
762,-16.696197509765625,-596.234130859375,60.561771392822266,-7.914891286112495,-2.040789260533295,-95.94696071093924,-20.896223,8.828814,22.526386,5.085107,-7.4982376,-14.323944,10.474027,10.356441,-0.37084723,18.793438,-25.055002,-2.000898,10.033583,22.997044,25.439568,-31.968378,67.20076,-17.924417,-31.189177,27.45059,19.56943
763,-16.73053741455078,-596.968505859375,60.476539611816406,-7.415188152195491,-2.1037714497204036,-95.84281350410768,-20.966146,8.697936,23.040798,7.311865,-6.975464,-14.323944,10.731112,9.785222,-0.496829,19.881418,-25.721848,-1.9337447,10.094195,23.249285,25.39646,-32.717922,67.34309,-17.880604,-31.65817,27.411448,19.670496
764,-16.762575149536133,-597.6983642578125,60.420310974121094,-6.9828339516380655,-2.0988842576661098,-95.88785380114331,-21.721792,8.991852,23.209448,11.010723,-7.4726596,-14.323944,10.864585,9.2408905,-0.5064041,21.057568,-26.152195,-1.8267897,10.215339,23.394943,25.357996,-33.29808,67.483604,-17.745872,-32.02169,27.351574,19.714602
765,-16.758642196655273,-598.4140625,60.408912658691406,-6.54203484257461,-1.9986521917957965,-96.00258228647097,-22.516827,9.121471,22.978094,14.190242,-7.8497424,-13.4850235,10.857783,8.657998,-0.534335,22.33175,-26.373777,-1.6558697,10.353677,23.431902,25.306988,-33.77098,67.58818,-17.526829,-32.38043,27.294043,19.70306
766,-16.7176456451416,-599.1304931640625,60.4151611328125,-6.026520283397535,-1.842867069067374,-96.04456286964356,-23.22567,8.798158,22.45499,16.656023,-7.8319607,-10.949628,10.75381,7.977986,-0.7114628,23.726948,-26.459814,-1.4101268,10.381545,23.4568,25.238472,-34.17552,67.61014,-17.290497,-32.740704,27.320522,19.756351
767,-16.677722930908203,-599.8695678710938,60.42009735107422,-5.497002829156558,-1.672891516387458,-96.14593008662425,-23.832935,8.398185,21.952074,18.778269,-7.6753974,-8.457132,10.545035,7.2613683,-0.8317548,25.315306,-26.370821,-1.1231493,10.410079,23.470682,25.165188,-34.479862,67.56331,-16.999407,-33.052334,27.396431,19.85503
768,-16.632366180419922,-600.6273803710938,60.41963195800781,-4.972102967123806,-1.5428405496170257,-96.31023553916602,-24.187376,7.9629083,21.652067,20.45968,-7.4101205,-6.4611197,10.229662,6.5131707,-0.82476795,27.19008,-26.093359,-0.8013137,10.458176,23.504799,25.09733,-34.69694,67.43431,-16.659245,-33.271194,27.514952,20.06131
769,-16.57586669921875,-601.3937377929688,60.432010650634766,-4.43156523985511,-1.4635612183755944,-96.57227228218194,-24.23317,7.5145073,21.58258,21.675451,-7.0154357,-5.1527977,9.814603,5.7067394,-0.64724445,29.394787,-25.679348,-0.41872415,10.564616,23.581549,25.028694,-34.802,67.20396,-16.232342,-33.403587,27.646566,20.355803
770,-16.50016975402832,-602.1603393554688,60.455501556396484,-3.860848606734655,-1.4102655277337577,-96.91018288994711,-24.074688,7.0436273,21.621767,22.574331,-6.5567107,-4.2556562,9.306991,4.846783,-0.35960752,31.868137,-25.117735,0.029954523,10.706398,23.693085,24.957989,-34.810898,66.874306,-15.8124075,-33.43334,27.853697,20.811468
771,-16.42179298400879,-602.9220581054688,60.486392974853516,-3.283603781608187,-1.3804226403452267,-97.24619214641486,-23.805008,6.5498495,21.708858,23.331434,-6.2138863,-3.5209394,8.701116,3.9806614,-0.04166075,34.5459,-24.291628,0.5065318,10.81165,23.808332,24.89147,-34.798687,66.473816,-15.398626,-33.382877,28.149197,21.428127
772,-16.3360538482666,-603.6876831054688,60.525177001953125,-2.7226333625788066,-1.3780383871749322,-97.50294166326451,-23.50915,6.027166,21.78604,24.099264,-6.156445,-2.7063873,8.00065,3.1538272,0.23012501,37.359,-23.080574,0.9731972,10.788986,23.90527,24.835932,-34.81754,66.02714,-14.927388,-33.275784,28.519497,22.149931
773,-16.251373291015625,-604.4437255859375,60.566139221191406,-2.1685210137471107,-1.394045587028214,-97.65411045531295,-23.225311,5.450998,21.826656,24.940336,-6.517231,-1.754916,7.201856,2.3627598,0.43661693,40.32491,-21.35369,1.5150721,10.696619,23.935255,24.80197,-34.963177,65.53183,-14.685237,-33.09022,29.092278,23.250465
774,-16.179012298583984,-605.189697265625,60.611732482910156,-1.6167277477466035,-1.4504134049809598,-97.74247369963268,-22.885494,4.839928,21.84448,25.77561,-7.185019,-0.8033866,6.329493,1.599991,0.6220843,43.46317,-19.203163,2.141772,10.472341,23.978209,24.77414,-35.08968,64.96012,-14.290855,-32.852028,29.691736,24.393623
775,-16.11675453186035,-605.9434204101562,60.667789459228516,-1.0827317984257037,-1.516717118315454,-97.79310979073915,-22.49573,4.2253637,21.850595,26.53178,-7.9566755,0.09714754,5.3614154,0.88293654,0.79605794,46.693424,-16.834959,2.7029061,10.20952,23.951687,24.759027,-35.276375,64.35432,-14.000523,-32.56138,30.398401,25.74417
776,-16.05707359313965,-606.6924438476562,60.73026657104492,-0.5886154190877425,-1.5872963378796725,-97.83259563017265,-22.044184,3.635912,21.868345,27.130487,-8.617986,0.90021527,4.2930317,0.22564535,0.96099776,49.938644,-14.444854,3.0413465,9.890219,23.851557,24.751646,-35.483604,63.740334,-13.683521,-32.230347,31.134476,27.142279
777,-15.992365837097168,-607.4296264648438,60.794647216796875,-0.14225873683040222,-1.6774967913813992,-97.8303006441733,-21.514307,3.0506625,21.888374,27.531662,-9.106257,1.5963404,3.093285,-0.3503616,1.1371208,53.30824,-11.94878,2.9868686,9.502308,23.682484,24.754349,-35.740234,63.124844,-13.287612,-31.861055,31.854671,28.585922
778,-15.922358512878418,-608.1531372070312,60.8553466796875,0.2726542377510301,-1.7879480912807044,-97.78642117467545,-20.92802,2.450984,21.90877,27.78842,-9.530122,2.207668,1.778199,-0.86283654,1.2991859,56.793213,-9.261673,2.691342,9.052381,23.45295,24.767746,-36.05026,62.486687,-12.832059,-31.465826,32.583107,30.09619
779,-15.856324195861816,-608.8512573242188,60.921138763427734,0.6642490297391511,-1.8793810183876827,-97.76995906039842,-20.33299,1.8671329,21.968212,27.949003,-9.927617,2.7392406,0.409754,-1.3690482,1.3934356,60.13615,-6.5949755,2.4424014,8.581992,23.137499,24.787807,-36.368454,61.82663,-12.361141,-31.072134,33.362995,31.608824
780,-15.784041404724121,-609.5473022460938,60.99672317504883,1.0390374049136637,-1.9107652053305726,-97.8505777971962,-19.77462,1.332699,22.10618,28.059446,-10.337511,3.1958315,-0.966129,-1.935388,1.3919698,63.116524,-4.1933255,2.4910018,8.140969,22.705765,24.811016,-36.654358,61.14878,-11.93942,-30.706484,34.24708,33.076435
781,-15.706181526184082,-610.224365234375,61.07281494140625,1.399379886732445,-1.848066988233413,-98.08574240792684,-19.293728,0.8728986,22.374712,28.136791,-10.775078,3.5696685,-2.402325,-2.6055574,1.3420918,65.73307,-1.927274,3.0221426,7.767756,22.127502,24.837074,-36.92421,60.45207,-11.594622,-30.373676,35.26997,34.48193
782,-15.60861873626709,-610.890380859375,61.152320861816406,1.740209005262437,-1.7194587273748936,-98.4227197466762,-18.857143,0.46078712,22.739937,28.148256,-11.212186,3.862177,-3.9193459,-3.3478222,1.2704073,68.131065,0.23847012,3.8201032,7.4302893,21.42092,24.868176,-37.193386,59.743942,-11.284422,-30.06524,36.39622,35.84933
783,-15.511600494384766,-611.4503784179688,61.22072219848633,2.0613339208806174,-1.579649716429219,-98.76885126296143,-18.396149,0.054954622,23.114277,28.068262,-11.627567,4.0902386,-5.4224854,-4.135717,1.1036912,70.30973,1.9111745,4.505067,7.07104,20.636486,24.903976,-37.413788,59.037994,-10.943409,-29.78323,37.557423,37.17798
784,-15.428500175476074,-612.005126953125,61.288028717041016,2.3636613024783237,-1.484848946533105,-99.02998584189434,-17.847296,-0.38642988,23.407795,27.880297,-12.002147,4.27196,-6.815346,-4.9596834,0.7397646,72.25561,2.7054288,4.6924424,6.631067,19.827984,24.944069,-37.538345,58.342045,-10.520108,-29.532757,38.694572,38.475933
785,-15.353679656982422,-612.5792846679688,61.3576545715332,2.6583550843850103,-1.4566865966177966,-99.18988544475246,-17.174139,-0.8814012,23.613379,27.568344,-12.3399725,4.401086,-8.053262,-5.8833733,0.08068713,73.96115,2.2394712,4.1449733,6.094695,19.022861,24.99132,-37.58146,57.635517,-10.020434,-29.317383,39.839375,39.75635
786,-15.281947135925293,-613.1812744140625,61.43621063232422,2.9416091242345677,-1.466356253297699,-99.29753361304331,-16.415642,-1.4069455,23.774515,27.144405,-12.646765,4.473196,-9.186586,-6.894595,-0.7831998,75.42937,0.81282884,3.1191368,5.496473,18.189697,25.045818,-37.562042,56.922974,-9.47558,-29.12988,41.013523,41.020157
787,-15.200789451599121,-613.9784545898438,61.555511474609375,3.1677539214028574,-1.4957045155419795,-99.34803337906921,-15.640342,-1.9009027,23.860683,26.692545,-12.939131,4.50704,-10.249645,-7.8455653,-1.7059324,76.63255,-0.92073494,1.9643399,5.1489663,17.139309,25.0824,-37.703793,56.34649,-8.360813,-29.11241,41.444675,41.940334
788,-15.13482666015625,-614.6443481445312,61.664398193359375,3.4136993813716474,-1.5191777757245872,-99.3731744659788,-14.8526125,-2.4368162,23.907553,26.124252,-13.138308,4.5225005,-11.31524,-8.727888,-2.514413,77.60104,-2.3345094,0.9998423,4.1958203,16.296915,25.160841,-37.203125,55.646004,-8.14488,-28.837248,43.104446,43.395184
789,-15.062962532043457,-615.235107421875,61.768550872802734,3.5880725104503024,-1.537620650840553,-99.33813580233094,-14.107109,-2.9155161,23.85215,25.553127,-13.292583,4.5070887,-12.389651,-9.459591,-3.2764323,78.29065,-3.2873862,0.23067066,3.438328,15.19263,25.214624,-36.761517,55.152405,-7.447105,-28.64251,44.029587,44.583744
790,-15.009490013122559,-615.8292236328125,61.878047943115234,3.7244509285223026,-1.5635405798224793,-99.2545897614879,-13.356913,-3.3758054,23.722443,24.922615,-13.388061,4.454453,-13.451469,-10.104437,-4.029594,78.72312,-4.11141,-0.48270434,2.646043,13.9592495,25.2732,-36.223747,54.763733,-6.659748,-28.48465,44.826004,45.709633
791,-14.97045612335205,-616.4401245117188,61.994285583496094,3.8271539632279885,-1.6063322364821429,-99.13821871106519,-12.589597,-3.8035345,23.541773,24.261349,-13.453574,4.3864236,-14.464011,-10.641879,-4.743949,78.906,-4.8114576,-1.0923824,1.8329461,12.679044,25.333632,-35.553318,54.426624,-5.8987927,-28.344357,45.605736,46.874317
792,-14.93359375,-617.0458374023438,62.10615158081055,3.895011771725079,-1.67360134909585,-99.00480501846077,-11.795963,-4.1845503,23.334007,23.599194,-13.518996,4.3256106,-15.391677,-11.0541935,-5.391068,78.8445,-5.38962,-1.5515693,1.0275064,11.42338,25.393015,-34.732,54.089397,-5.2364364,-28.216156,46.448963,48.145546
793,-14.903979301452637,-617.65234375,62.21671676635742,3.915748555318071,-1.7835788648580362,-98.84716394921388,-10.963569,-4.504259,23.092863,22.954073,-13.597073,4.2825704,-16.211071,-11.34069,-6.0098357,78.526695,-5.7971764,-1.8348597,0.2208708,10.185492,25.450672,-33.727493,53.77898,-4.718159,-28.096428,47.457413,49.580753
794,-14.876379013061523,-618.2491455078125,62.321781158447266,3.896488474049372,-1.9267181827643476,-98.66078484262816,-10.101725,-4.77264,22.811867,22.310503,-13.672013,4.2414865,-16.949396,-11.512686,-6.6084447,77.95272,-6.0436077,-1.9749013,-0.60398936,8.921558,25.50973,-32.56096,53.523403,-4.281804,-27.981087,48.576183,51.122555
795,-14.858344078063965,-618.84033203125,62.422733306884766,3.864103941242657,-2.0684444182270543,-98.4654431063793,-9.234785,-5.0182424,22.515072,21.649359,-13.733224,4.188083,-17.64544,-11.566778,-7.1086793,77.14279,-6.2179856,-2.0118246,-1.4186244,7.654848,25.572868,-31.301317,53.254555,-3.8169942,-27.868084,49.623825,52.65292
796,-14.8405122756958,-619.4345703125,62.523555755615234,3.8445855841688297,-2.173126619038303,-98.28109199053087,-8.387419,-5.270733,22.226307,20.951378,-13.771252,4.111521,-18.342321,-11.500151,-7.4306555,76.11882,-6.4091096,-1.9886944,-2.1878402,6.4189134,25.642061,-30.01883,52.891983,-3.2320051,-27.758118,50.410664,54.07052
797,-14.828775405883789,-620.0208740234375,62.621559143066406,3.846036735619191,-2.2249604078199283,-98.11251969245339,-7.567671,-5.5408964,21.946648,20.199463,-13.774152,4.0155544,-19.067135,-11.295344,-7.5194187,74.88171,-6.634721,-1.9288464,-2.8895206,5.2273927,25.71366,-28.686947,52.403877,-2.4766579,-27.647896,50.834183,55.354145
798,-14.820344924926758,-620.6121215820312,62.72300338745117,3.8567957968834277,-2.2443207178519637,-97.94905146650959,-6.761098,-5.8190346,21.665127,19.40389,-13.749147,3.9090307,-19.795288,-10.968512,-7.4291534,73.426346,-6.8509655,-1.8176428,-3.534856,4.06204,25.787518,-27.295238,51.824978,-1.6088388,-27.539349,50.992256,56.560165
799,-14.817041397094727,-621.2042846679688,62.8216552734375,3.8668031635960727,-2.25909337042077,-97.78997763685885,-5.9484324,-6.088957,21.387808,18.586,-13.7160845,3.789691,-20.4729,-10.570408,-7.247065,71.7499,-7.060097,-1.641015,-3.9328773,2.6752918,25.830805,-26.28271,51.313835,-0.5493254,-27.478374,50.732075,57.650578
800,-14.819272994995117,-621.7958984375,62.90473175048828,3.876590960476297,-2.2784064989935913,-97.63077889128276,-5.119827,-6.3525023,21.119152,17.74555,-13.683159,3.6538672,-21.065563,-10.160367,-7.056026,69.852974,-7.2686663,-1.3781662,-4.351042,1.3799008,25.886152,-25.32487,50.685364,0.40961218,-27.420929,50.51876,58.721012
801,-14.821063041687012,-622.3792724609375,62.9771728515625,3.863094619456168,-2.300040148494795,-97.46834053339335,-4.2985287,-6.5773115,20.851585,16.93305,-13.665109,3.5495903,-21.565823,-9.706864,-6.854862,67.705215,-7.478986,-1.005128,-4.838106,0.22282635,25.96397,-24.290728,49.914112,1.2717563,-27.35736,50.353897,59.75789
802,-14.817706108093262,-622.9620971679688,63.04077911376953,3.8450656882130834,-2.3152997558336885,-97.29879870340055,-3.480926,-6.790811,20.579468,16.117102,-13.643968,3.4660187,-21.99378,-9.216246,-6.6103344,65.32028,-7.6948495,-0.5464517,-5.2873845,-0.83100563,26.042416,-23.365438,48.968544,2.056663,-27.301836,50.162323,60.784683
803,-14.812822341918945,-623.5491943359375,63.094215393066406,3.8331756555913956,-2.3325893647914198,-97.13672672757727,-2.6339571,-7.0059237,20.327785,15.2485485,-13.6290655,3.303582,-22.340279,-8.734776,-6.3655653,62.72469,-7.8935356,-0.053286623,-5.772972,-1.7959049,26.14023,-22.414787,47.945137,2.8129265,-27.243319,49.95039,61.750034
804,-14.814024925231934,-624.1452026367188,63.13612365722656,3.861280508086644,-2.3680621852602886,-97.00114076385904,-1.7105048,-7.2634096,20.126554,14.25712,-13.617256,2.9625678,-22.601894,-8.324361,-6.147398,59.9657,-8.064274,0.4291913,-6.1645226,-2.706091,26.2267,-21.722235,46.849598,3.5134525,-27.20016,49.73698,62.693256
805,-14.824824333190918,-624.7437744140625,63.16050338745117,3.916656488889326,-2.4127642945815784,-96.87268885466735,-0.659526,-7.5668726,19.987675,12.995531,-13.576419,2.286108,-22.778059,-7.969484,-5.949733,57.010117,-8.231795,0.90656346,-6.604566,-3.5312858,26.335972,-21.034088,45.701103,4.2330155,-27.154905,49.4651,63.532257
806,-14.820335388183594,-625.3339233398438,63.16770935058594,3.9882604507192436,-2.466507293553535,-96.7566420580625,0.49307767,-7.897544,19.902933,11.520974,-13.503159,1.3674468,-22.868818,-7.6416945,-5.7572746,53.850098,-8.394134,1.3964847,-7.0396175,-4.2304025,26.468437,-20.403322,44.432007,4.9411955,-27.110552,49.144516,64.29874
807,-14.810052871704102,-625.9218139648438,63.1660041809082,4.065144634123431,-2.5266321968537,-96.6438415446762,1.6383629,-8.229878,19.807236,10.088115,-13.44957,0.4844236,-22.871466,-7.362476,-5.6535563,50.51974,-8.47988,1.8928838,-7.4462743,-4.8467927,26.624786,-19.859152,43.10162,5.629593,-27.069386,48.79361,65.004364
808,-14.806203842163086,-626.521728515625,63.14411163330078,4.1415137814422796,-2.587196107505024,-96.52238936068962,2.6439502,-8.529272,19.632282,9.003556,-13.496341,-0.0796593,-22.794018,-7.1458297,-5.721553,47.063786,-8.424977,2.40202,-7.81475,-5.4387116,26.805511,-19.419659,41.785606,6.2832727,-27.033592,48.444145,65.66204
809,-14.80085277557373,-627.1253662109375,63.10079574584961,4.23489875310385,-2.6444181628846932,-96.3899640440031,3.3767781,-8.772782,19.338497,8.595996,-13.795309,-0.17214042,-22.602777,-7.012685,-6.0329285,43.381405,-8.14691,2.9585905,-8.152654,-6.0287175,27.010702,-19.09786,40.497368,6.8737507,-27.005102,48.11659,66.294174
810,-14.792267799377441,-627.7318725585938,63.04012680053711,4.351542365176734,-2.698446241293453,-96.25263096791944,3.936683,-8.99301,18.967485,8.618044,-14.256058,0.036235295,-22.300243,-6.923563,-6.523482,39.45638,-7.681962,3.5791998,-8.465303,-6.6192384,27.239086,-18.893078,39.226738,7.4022284,-26.98443,47.80722,66.89652
811,-14.790087699890137,-628.3319702148438,62.94377517700195,4.49792790202426,-2.747803910180971,-96.11648759069129,4.4452195,-9.22626,18.590405,8.762017,-14.752909,0.33390832,-21.937908,-6.835246,-7.0566897,35.418438,-7.1209526,4.2337437,-8.732174,-7.2071595,27.485403,-18.784216,37.97377,7.8776975,-26.971613,47.510956,67.47402
812,-14.77702522277832,-628.9425659179688,62.83732223510742,4.673107195879445,-2.7920256078550376,-95.98658950359315,4.9590654,-9.474383,18.288645,8.893445,-15.267713,0.5011028,-21.571281,-6.724518,-7.4969954,31.406172,-6.5658684,4.8718143,-8.940466,-7.7799306,27.741875,-18.739025,36.736576,8.313378,-26.966274,47.22537,68.023605
813,-14.762126922607422,-629.5572509765625,62.724220275878906,4.886995263083024,-2.8324105164377595,-95.87450023037749,5.5019364,-9.751968,18.107605,8.962842,-15.801697,0.46280777,-21.205494,-6.6046076,-7.8437924,27.387007,-5.994885,5.434394,-9.084378,-8.323785,28.002777,-18.742336,35.510826,8.695211,-26.969566,46.96774,68.55431
814,-14.7459077835083,-630.1737060546875,62.603843688964844,5.136074778449914,-2.8683647894870856,-95.77871876253424,6.0530586,-10.060174,18.001005,9.012803,-16.34456,0.33734095,-20.810247,-6.492258,-8.148916,23.285185,-5.363162,5.950047,-9.182299,-8.845381,28.2659,-18.78871,34.305103,9.016196,-26.982182,46.74906,69.06382
815,-14.739933967590332,-630.7930908203125,62.47416305541992,5.403063832103091,-2.8963692862046853,-95.67657293855798,6.584976,-10.371889,17.907122,9.095648,-16.892324,0.19303358,-20.377205,-6.388424,-8.365914,19.16182,-4.7375817,6.48835,-9.26336,-9.350884,28.528543,-18.85719,33.12699,9.302556,-27.002281,46.551495,69.53242
816,-14.737343788146973,-631.4098510742188,62.3357048034668,5.67498117155352,-2.9100196507761136,-95.53796783555234,7.0678205,-10.668198,17.754354,9.259932,-17.437408,0.10036094,-19.889637,-6.2997537,-8.456293,15.047117,-4.1637425,7.123141,-9.355937,-9.830764,28.78772,-18.921385,31.961548,9.579888,-27.026865,46.34229,69.94564
817,-14.740127563476562,-632.02978515625,62.1845588684082,5.978248298167049,-2.8968525997315666,-95.33506463736646,7.478235,-10.972284,17.499372,9.531355,-17.97729,0.08446794,-19.32385,-6.262992,-8.322764,10.779958,-3.6558065,7.838498,-9.475965,-10.2564945,29.040594,-18.962791,30.74702,9.850522,-27.054451,46.100792,70.29699
818,-14.747062683105469,-632.6533813476562,62.01817321777344,6.359514582484728,-2.8518746091583878,-95.05551161532098,7.8323464,-11.334285,17.145033,9.867195,-18.50719,0.106593214,-18.704233,-6.3391266,-8.034844,6.3868775,-3.1884844,8.607622,-9.620629,-10.581073,29.28274,-18.963934,29.42349,10.068097,-27.086145,45.82313,70.64139
819,-14.760210037231445,-633.2898559570312,61.833648681640625,6.834583204638211,-2.7874842899325634,-94.69893916726832,8.1571455,-11.772162,16.695395,10.235286,-19.026619,0.14092712,-19.563883,-6.776737,-7.6368937,5.852316,-4.9153476,9.512976,-9.769532,-10.709138,29.506092,-18.883497,27.934776,10.196749,-27.122179,45.489044,71.05073
820,-14.780179977416992,-633.9297485351562,61.63951110839844,7.293835903224596,-2.7381808023239627,-94.47759137597592,8.484586,-12.188529,16.387733,10.686639,-19.619183,0.1499385,-19.511833,-7.008749,-7.4554396,3.471726,-5.2144213,10.560917,-9.894099,-10.963376,29.62168,-18.802546,26.81707,10.22796,-27.145353,45.30002,71.49323
821,-14.810832977294922,-634.5711669921875,61.457908630371094,7.7413657155439015,-2.6898970427045295,-93.99635061880643,8.82635,-12.561003,15.8266535,11.056732,-20.117517,0.15754266,-19.90902,-7.414013,-7.8156543,2.6986396,-6.238115,12.092141,-10.132119,-10.964909,29.826597,-18.591105,25.37936,10.241938,-27.190706,44.87233,71.95418
822,-14.84412670135498,-635.2134399414062,61.263221740722656,8.170051028976264,-2.6603456082500814,-93.75425199171733,9.1745205,-12.916002,15.511801,11.5261545,-20.705435,0.1533573,-20.318733,-7.693284,-8.174905,2.2602403,-7.2402706,13.935417,-10.243331,-11.098014,29.92511,-18.448336,24.357607,10.2071295,-27.21605,44.63603,72.40106
823,-14.898782730102539,-635.85400390625,61.0802116394043,8.511358565242535,-2.6162059447597703,-93.3295519047311,9.445245,-13.107215,15.032376,12.097705,-21.30197,0.100444086,-20.767113,-7.8407817,-8.673097,2.3080287,-8.207975,14.323944,-10.429106,-11.004249,30.113455,-18.153772,23.100746,10.223771,-27.265411,44.16598,72.76603
824,-14.938773155212402,-636.49365234375,60.91139221191406,8.69088339610399,-2.600892413005795,-93.2356956712925,9.831473,-13.198694,14.862132,12.495792,-21.839048,0.0033676939,-20.86839,-7.7370424,-8.897913,1.9947395,-8.399805,14.323944,-10.403214,-11.119659,30.211035,-18.008015,22.431923,10.320635,-27.288132,43.944958,72.99951
825,-14.947549819946289,-637.1262817382812,60.76256561279297,8.671073282662155,-2.605896737309415,-93.1951423833905,10.154179,-13.095367,14.76505,13.065172,-22.494339,-0.1261533,-20.850973,-7.6121054,-9.17627,2.1192553,-8.194765,14.323944,-10.32249,-11.317071,30.318604,-17.890078,22.03914,10.552193,-27.306429,43.741753,73.078636
826,-14.956334114074707,-637.742431640625,60.6461296081543,8.48608952251495,-2.6303124134366276,-93.22226965474822,10.475607,-12.843428,14.748523,13.665963,-23.180641,-0.27990952,-20.61452,-7.3928742,-9.518799,2.3040369,-7.4705114,14.323944,-10.187318,-11.599931,30.439604,-17.823467,21.936068,10.912405,-27.31915,43.571957,73.00297
827,-14.98372745513916,-638.3365478515625,60.58308410644531,8.114140946376075,-2.6897753798272968,-93.34748891843431,10.755747,-12.400665,14.862417,14.473205,-23.97803,-0.46719837,-20.149944,-6.96632,-9.798642,2.2543402,-6.2266827,14.323944,-9.949898,-11.976053,30.693283,-17.842318,22.092653,11.559707,-27.333504,43.299587,72.635544
828,-15.027366638183594,-638.9590454101562,60.5046501159668,7.612739808395764,-2.7166332682776533,-93.61517686830908,11.009923,-11.813384,15.138885,15.315616,-24.74688,-0.72196156,-19.791914,-6.166658,-9.728972,2.2662783,-4.8373756,12.834293,-9.510182,-12.325705,31.157866,-18.04171,22.283909,12.307072,-27.338352,42.880253,72.09058
829,-15.061502456665039,-639.59765625,60.42978286743164,6.88197415803185,-2.7306243392586436,-94.00677473594281,11.28087,-11.008136,15.553147,16.133842,-25.515305,-1.0364705,-19.926397,-5.147854,-9.453318,3.4236157,-3.9167802,10.764276,-8.904433,-12.599247,31.924128,-18.35522,22.48818,13.225486,-27.289614,42.273205,71.30141
830,-15.097464561462402,-640.2223510742188,60.384517669677734,5.9842348718156755,-2.7666945440135224,-94.54007318736276,11.614582,-10.052888,16.111723,16.874102,-26.242954,-1.4034729,-20.492722,-3.9739597,-9.014679,5.772037,-3.4097517,8.139203,-8.309185,-12.736242,32.72279,-18.51317,22.837166,14.10379,-27.162153,41.82684,70.44422
831,-15.162176132202148,-640.8331298828125,60.372074127197266,5.098988806801873,-2.834466603418259,-95.04285598872637,11.934507,-9.078184,16.657713,17.70639,-26.871862,-1.780039,-20.541012,-2.7417853,-8.59096,6.8986173,-2.022593,5.4986916,-7.846334,-12.899128,33.31451,-18.586832,23.450161,14.752688,-27.011833,41.572517,69.714264
832,-15.238184928894043,-641.4456787109375,60.34846878051758,4.394993187603171,-2.8943224477130585,-95.31415931860705,12.103879,-8.191059,17.009668,18.86126,-27.383568,-2.125648,-21.218306,-1.9109321,-8.220514,9.535639,-1.524352,3.428792,-7.5790095,-13.009517,33.646442,-18.600567,24.104753,15.08405,-26.887793,41.379375,69.22286
833,-15.328377723693848,-642.0889892578125,60.32289123535156,3.8665497562755173,-2.914878958924881,-95.26691699080186,12.088687,-7.379254,17.125622,20.38089,-27.820206,-2.4275014,-21.787682,-1.3936336,-7.910809,11.774575,-0.6702829,2.1398497,-7.5705166,-12.893604,33.789913,-18.451223,24.607918,15.062388,-26.790102,41.255238,68.99958
834,-15.429811477661133,-642.7506713867188,60.29913330078125,3.3891266324526277,-2.908091125105661,-95.02466956448627,11.94487,-6.5487576,17.115128,22.166916,-28.186813,-2.7123032,-22.197985,-1.0062828,-7.621882,13.57282,0.58202183,1.2851012,-7.740542,-12.696971,33.82724,-18.239805,25.137983,14.82897,-26.702126,41.187965,68.897964
835,-15.528268814086914,-643.412353515625,60.280025482177734,2.935115870540244,-2.913667213759005,-94.68610659013312,11.701254,-5.676674,17.005268,24.20054,-28.400837,-3.0003893,-22.486126,-0.6867276,-7.438236,15.159831,1.8106279,0.588382,-7.9683895,-12.337417,33.793346,-17.985353,25.661802,14.536792,-26.616064,41.053062,68.80056
836,-15.626837730407715,-644.0770263671875,60.26862335205078,2.494321136866625,-2.9506591109416327,-94.33648528476178,11.365315,-4.75549,16.809534,26.47025,-28.375025,-3.3148894,-22.709772,-0.39687297,-7.454353,16.764774,2.5806036,-0.2148856,-8.232859,-12.111919,33.680477,-17.856789,26.479738,14.251488,-26.533821,40.829178,68.61974
837,-15.721030235290527,-644.7364501953125,60.25902557373047,2.0615923848405164,-3.0408830965523093,-93.9663427153171,10.948986,-3.78634,16.520445,29.020023,-28.119595,-3.6593356,-22.904526,-0.15773897,-7.7292457,18.543623,2.7179084,-1.216832,-8.489901,-11.88249,33.479782,-17.80528,27.481565,14.029202,-26.44904,40.41929,68.33861
838,-15.827798843383789,-645.3923950195312,60.26085662841797,1.631079952915389,-3.1761715231218255,-93.54820905043232,10.4660635,-2.7837815,16.150126,31.814114,-27.656803,-4.045058,-23.027475,0.031341646,-8.174043,20.342133,2.473604,-2.2598357,-8.725271,-11.466111,33.207962,-17.738106,28.487192,13.851993,-26.358973,39.83142,67.99376
839,-15.9528226852417,-646.058837890625,60.27128219604492,1.1994996712135024,-3.3318694354805496,-93.13561907225669,9.920865,-1.7643938,15.73233,34.733585,-26.921108,-4.5052295,-23.043842,0.22884943,-8.666541,21.987032,2.0168664,-3.227615,-8.967991,-11.180662,32.883953,-17.815523,29.762281,13.675192,-26.270851,39.197247,67.57439
840,-16.080718994140625,-646.718017578125,60.287498474121094,0.7744273484204924,-3.5032004160475236,-92.78121313153665,9.332311,-0.74554235,15.290954,37.666706,-25.853937,-5.065169,-22.908531,0.48174006,-9.0915365,23.323347,1.5099709,-4.005675,-9.142908,-10.974102,32.529728,-18.053436,31.234959,13.51773,-26.185646,38.533833,67.06739
841,-16.204694747924805,-647.3687133789062,60.310447692871094,0.35286291465050335,-3.705238605849687,-92.50386703082874,8.717804,0.28489304,14.825828,40.617542,-24.356745,-5.863929,-22.594252,0.80672795,-9.418129,24.33232,0.89965963,-4.526525,-9.246138,-10.814516,32.14917,-18.42118,32.92531,13.388868,-26.100494,37.811584,66.472084
842,-16.329593658447266,-648.0174560546875,60.34205627441406,-0.06513783985762236,-3.938444849385004,-92.27574636745048,8.067721,1.31173,14.3136215,43.633392,-22.495674,-6.868806,-22.146101,1.1717983,-9.696857,25.13662,0.10800817,-4.853775,-9.298832,-10.637915,31.741905,-18.86864,34.77494,13.282773,-26.0141,37.020344,65.79518
843,-16.45292091369629,-648.6544799804688,60.382301330566406,-0.4724103084015778,-4.16899516814635,-92.078265014804,7.345933,2.2926428,13.74384,46.676804,-20.453169,-7.8351083,-21.628475,1.551375,-9.945778,25.784222,-0.7370773,-5.0723443,-9.310737,-10.439775,31.326422,-19.407145,36.687534,13.181427,-25.931879,36.248333,65.018906
844,-16.580286026000977,-649.2957763671875,60.434810638427734,-0.8611847234511978,-4.36315390802552,-91.8917734068426,6.5133996,3.201583,13.117882,49.711685,-18.39782,-8.505013,-21.102766,1.923702,-10.188241,26.313492,-1.5044324,-5.2707596,-9.291467,-10.202458,30.923267,-20.0432,38.552876,13.0696125,-25.860376,35.581768,64.1237
845,-16.7020320892334,-649.9224243164062,60.49382019042969,-1.2335984502649462,-4.516278847523883,-91.7166597030015,5.519473,4.0489864,12.395697,52.832176,-16.339737,-8.675719,-20.559063,2.3014908,-10.438929,26.683651,-2.157816,-5.459869,-9.247592,-9.913226,30.540356,-20.776701,40.363224,12.957195,-25.801409,35.0475,63.08354
846,-16.820636749267578,-650.5401611328125,60.55537414550781,-1.5898067762802892,-4.644938213999437,-91.56136051950288,4.3964868,4.8467345,11.602261,56.017258,-14.175221,-8.535038,-19.972006,2.6914039,-10.685144,26.887663,-2.7643197,-5.592208,-9.177419,-9.549587,30.174849,-21.583206,42.138836,12.853591,-25.752417,34.602165,61.906536
847,-16.92684555053711,-651.1357421875,60.620277404785156,-1.9277684211296866,-4.745827378734661,-91.41789342822092,3.2234526,5.5908694,10.832854,59.07165,-11.914182,-8.38175,-19.373753,3.0696082,-10.912303,26.988724,-3.3311248,-5.6734176,-9.081277,-9.100226,29.828665,-22.443483,43.829548,12.742572,-25.714508,34.22984,60.616634
848,-17.027280807495117,-651.7284545898438,60.692893981933594,-2.240632981786004,-4.815915236609616,-91.27882274617065,2.0704122,6.283839,10.162808,61.82411,-9.586868,-8.49813,-18.799479,3.4137738,-11.106434,27.053972,-3.8689873,-5.7123437,-8.959031,-8.55387,29.50396,-23.338663,45.383953,12.60554,-25.688526,33.913727,59.23975
849,-17.11536407470703,-652.2998046875,60.7722053527832,-2.532516374289966,-4.835730727552319,-91.11596386151628,0.89106125,6.9292912,9.51589,64.29405,-6.9366293,-8.991603,-18.269632,3.7216818,-11.290852,27.083244,-4.387057,-5.696952,-8.835367,-7.90941,29.19963,-24.278093,46.77907,12.485624,-25.670738,33.597794,57.70927
850,-17.197980880737305,-652.8486938476562,60.85031509399414,-2.802216382830626,-4.814023004100737,-90.94076687948476,-0.34491113,7.5315995,8.852182,66.58454,-4.05203,-9.678097,-17.762535,4.0107093,-11.470289,27.03935,-4.870562,-5.6292305,-8.703204,-7.190561,28.914925,-25.278517,48.05809,12.381306,-25.662544,33.310886,56.0301
851,-17.269935607910156,-653.392333984375,60.931922912597656,-3.0462677233578437,-4.790020488569379,-90.80589381365927,-1.5371319,8.112833,8.311445,68.64826,-1.494561,-10.379505,-17.253426,4.288952,-11.6021185,26.94541,-5.304348,-5.542263,-8.511169,-6.419672,28.65073,-26.33456,49.265736,12.180661,-25.675507,33.15907,54.35953
852,-17.324443817138672,-653.93359375,61.01445007324219,-3.268412407418126,-4.804881554922692,-90.76172535607674,-2.5821726,8.7267275,8.062838,70.43905,0.17378747,-10.8935175,-16.720308,4.566558,-11.645619,26.827707,-5.674052,-5.4694343,-8.208845,-5.6144366,28.408848,-27.443642,50.445244,11.758124,-25.721783,33.24245,52.864426
853,-17.364665985107422,-654.445068359375,61.09743881225586,-3.4796160972204366,-4.883936286206035,-90.81397051793152,-3.4205575,9.459268,8.236885,71.94039,0.71808064,-11.208701,-16.141485,4.8571563,-11.595033,26.684572,-5.9603233,-5.4148326,-7.7807975,-4.7760057,28.189348,-28.665203,51.614437,10.982233,-25.81843,33.714157,51.64939
854,-17.399757385253906,-654.9542236328125,61.17985916137695,-3.6738746599132797,-5.007860565657775,-90.93799609322977,-4.1069856,10.293372,8.738481,73.184166,0.4706167,-11.381664,-15.530168,5.1540885,-11.470206,26.506893,-6.176993,-5.3651834,-7.266461,-3.8882823,27.988127,-29.972355,52.753788,9.905884,-25.956469,34.490593,50.638668
855,-17.4298038482666,-655.4567260742188,61.25895309448242,-3.816237882677246,-5.1278972961867035,-91.13120946489767,-4.724543,11.116792,9.402236,74.17492,-0.27070287,-11.318575,-14.945061,5.419098,-11.272815,26.34048,-6.3753896,-5.3231506,-6.7400203,-2.4246757,27.958054,-30.790224,53.367443,8.754612,-26.04098,35.166813,49.69399
856,-17.45295524597168,-655.9527587890625,61.3436393737793,-3.921685534129218,-5.281028219803944,-91.41624959277632,-5.287011,11.861033,10.077391,74.94881,-1.2289461,-10.937546,-14.345087,5.6733975,-10.988288,26.159985,-6.5505137,-5.295129,-6.069235,-1.9081932,27.645622,-32.352448,54.837585,7.5653176,-26.244026,35.886005,48.73957
857,-17.469539642333984,-656.4310913085938,61.431331634521484,-3.940722045374539,-5.396428179920778,-91.79108374356115,-5.8741107,12.426817,10.699244,75.47712,-2.5107777,-10.076714,-13.812899,5.8586326,-10.6171255,26.02268,-6.7503424,-5.2782803,-5.338508,-0.91563815,27.462725,-33.433037,55.836147,6.587163,-26.36739,36.110855,47.665024
858,-17.472270965576172,-656.89697265625,61.52206802368164,-3.898574048511413,-5.50906309881543,-92.25336323628436,-6.432336,12.867489,11.333987,75.76161,-4.2128534,-8.866253,-13.304872,6.001431,-10.161888,25.897074,-6.9422846,-5.270405,-4.5251575,0.13073714,27.307266,-34.46379,56.759743,5.647467,-26.486525,36.16928,46.568844
859,-17.47661590576172,-657.350830078125,61.61261749267578,-3.8243145330699986,-5.615437530091107,-92.76821093435322,-6.9491096,13.23807,11.995363,75.81357,-6.0055513,-7.633373,-12.8157625,6.116682,-9.653677,25.771978,-7.121141,-5.2675076,-3.6665657,1.2040157,27.15961,-35.400955,57.64026,4.750229,-26.602997,36.09019,45.454697
860,-17.477548599243164,-657.79931640625,61.7078971862793,-3.7463171813958818,-5.711009556764515,-93.30140122058835,-7.406146,13.615645,12.728289,75.639824,-7.559204,-6.6829653,-12.340592,6.2224784,-9.122552,25.635653,-7.282437,-5.26615,-2.806836,2.299085,27.01414,-36.175304,58.489162,3.887898,-26.71592,35.909615,44.330574
861,-17.47000503540039,-658.242431640625,61.8016471862793,-3.664890956640404,-5.795145061739588,-93.86305477767618,-7.7805448,14.06881,13.671573,75.234344,-8.773253,-6.09165,-11.884093,6.3197722,-8.556013,25.49205,-7.424251,-5.271252,-1.9352629,3.4121675,26.866901,-36.752476,59.32581,3.0499566,-26.825508,35.631645,43.210587
862,-17.465635299682617,-658.6741333007812,61.892921447753906,-3.5668730884553055,-5.869358741725208,-94.46495487527949,-8.083365,14.542188,14.777694,74.59603,-9.823753,-5.698938,-11.445467,6.4015055,-7.945298,25.343649,-7.547438,-5.2820735,-1.0372921,4.539686,26.719957,-37.177498,60.14876,2.2441607,-26.932835,35.24644,42.084084
863,-17.458635330200195,-659.0877075195312,61.98218536376953,-3.4697960300559063,-5.93306902687253,-95.07554034804699,-8.350104,14.942613,15.828225,73.73765,-10.794319,-5.4343753,-11.01289,6.4750915,-7.32692,25.171392,-7.6525445,-5.2891626,-0.15149415,5.6776476,26.578287,-37.492302,60.934082,1.4868877,-27.038338,34.76465,40.924942
864,-17.438974380493164,-659.5026245117188,62.0706672668457,-3.3925665808926704,-5.984683699152357,-95.66355185256533,-8.625198,15.185041,16.597738,72.67408,-11.770187,-5.2188935,-10.578345,6.547209,-6.737103,24.964544,-7.7406955,-5.2831316,0.663248,6.846993,26.453552,-37.70313,61.640263,0.76762086,-27.132301,34.22575,39.726055
865,-17.405744552612305,-659.9137573242188,62.15702438354492,-3.338123485603562,-6.016547418086628,-96.22974750597263,-8.940964,15.232805,16.989643,71.39463,-12.825602,-4.9590616,-10.145989,6.6208034,-6.176903,24.716507,-7.80847,-5.2634654,1.3978703,8.048724,26.341059,-37.76605,62.272293,0.08704313,-27.209793,33.60034,38.478046
866,-17.386390686035156,-660.3135375976562,62.24494552612305,-3.2982509941873364,-6.030805321442602,-96.78856320622201,-9.272809,15.151717,17.13847,69.90022,-13.899465,-4.6992807,-9.7198715,6.6927886,-5.6297817,24.433979,-7.855656,-5.2356105,2.0903018,9.257929,26.231085,-37.707867,62.855667,-0.5395072,-27.278482,32.86647,37.180954
867,-17.358596801757812,-660.7080688476562,62.32917785644531,-3.273335799643322,-6.039326287046409,-97.32781356929351,-9.573759,15.015912,17.165518,68.21501,-14.876873,-4.563441,-9.28758,6.763342,-5.1061587,24.119768,-7.8890276,-5.1990085,2.7500222,10.444794,26.122133,-37.63405,63.3931,-1.0694141,-27.349335,32.056072,35.808445
868,-17.335901260375977,-661.109130859375,62.41117858886719,-3.260314979960234,-6.054205976777252,-97.83613483194499,-9.797701,14.892547,17.196152,66.35723,-15.638281,-4.684869,-8.838771,6.8314333,-4.61675,23.779022,-7.9157577,-5.153012,3.356608,11.611345,26.023497,-37.6092,63.866734,-1.5090756,-27.420475,31.258099,34.367878
869,-17.304426193237305,-661.4910888671875,62.49207305908203,-3.2665908323559525,-6.083111451868148,-98.27956419219986,-9.926603,14.773538,17.192585,64.28101,-16.108406,-5.2258234,-8.343274,6.897804,-4.199022,23.381437,-7.937039,-5.100204,3.8758695,12.775094,25.93549,-37.62657,64.276184,-1.8401384,-27.490751,30.478222,32.835323
870,-17.279211044311523,-661.873291015625,62.57331848144531,-3.2933159118817974,-6.116738240558674,-98.67542291583818,-9.9838295,14.638138,17.118465,61.985188,-16.362507,-6.0654435,-7.8171177,6.964579,-3.8359835,22.932682,-7.948259,-5.0411754,4.347468,13.910863,25.85327,-37.67544,64.64282,-2.0155728,-27.56322,29.628294,31.177845
871,-17.255149841308594,-662.25,62.64780044555664,-3.3177895531685597,-6.14215453224269,-99.08704068462261,-9.98676,14.516247,17.099983,59.549248,-16.502832,-6.9277205,-7.3230815,7.0253243,-3.4572077,22.506721,-7.9583898,-4.970886,4.784343,15.029352,25.783724,-37.73455,64.926,-2.1834972,-27.627586,28.840237,29.515196
872,-17.211318969726562,-662.6357421875,62.71426773071289,-3.3277114172701654,-6.14540225378699,-99.578300202248,-9.957512,14.4402075,17.260214,57.061348,-16.637423,-7.544612,-6.9193935,7.07999,-2.9918194,22.166296,-7.970159,-4.8830996,5.28488,16.076164,25.719154,-37.865906,65.1299,-2.3090932,-27.699606,28.043762,27.841179
873,-17.16793441772461,-662.8640747070312,62.7418327331543,-3.300993251871528,-6.114304953423093,-100.2238929828663,-9.900888,14.412677,17.705807,54.50591,-16.76807,-7.8617635,-6.6632237,7.123138,-2.3673496,21.965136,-7.9819756,-4.7699227,5.854047,17.08051,25.66635,-38.03393,65.217255,-2.5498586,-27.762533,27.38489,26.241133
874,-17.11720085144043,-663.1077270507812,62.7724723815918,-3.2548862016768623,-6.056969583809441,-100.97529708218617,-9.808569,14.413141,18.34748,51.85392,-16.85147,-8.027629,-6.5081463,7.1610217,-1.6347651,21.848764,-7.987229,-4.6356273,6.50288,18.019545,25.616188,-38.272976,65.22209,-2.7596638,-27.831104,26.720879,24.613518
875,-17.0803165435791,-663.4100952148438,62.81846618652344,-3.2113222332407,-5.991191078163936,-101.69490167608687,-9.685717,14.412009,19.003603,49.15611,-16.91355,-8.079101,-6.3611035,7.188568,-0.9223154,21.733894,-7.9931035,-4.4911685,7.11274,18.906406,25.571888,-38.560307,65.15673,-2.901905,-27.90275,26.06273,22.979239
876,-17.04775619506836,-663.7825317382812,62.874019622802734,-3.1945808873450288,-5.936438232170287,-102.2228984441859,-9.544051,14.378768,19.471743,46.47032,-16.980526,-8.049701,-6.137576,7.19739,-0.38276744,21.56399,-8.027966,-4.348325,7.4838805,19.807459,25.539557,-38.7923,65.00126,-3.031,-27.95587,25.53167,21.419144
877,-17.02289581298828,-664.1715087890625,62.931175231933594,-3.2214397579881187,-5.899644400913746,-102.52978051009823,-9.355781,14.319555,19.7243,43.74429,-17.087488,-7.9062076,-5.785156,7.1967864,-0.03639375,21.26833,-8.06515,-4.207889,7.6571736,20.699562,25.514307,-39.04203,64.76836,-2.9632432,-28.008688,24.959772,19.810522
878,-16.999069213867188,-664.5466918945312,62.98591613769531,-3.2817887939753274,-5.869449672550603,-102.6478493041713,-9.142814,14.230353,19.809729,40.97343,-17.212667,-7.6527033,-5.35859,7.18542,0.1422935,20.90353,-8.114044,-4.0641623,7.5739613,21.592306,25.499058,-39.23696,64.45397,-2.9031377,-28.041866,24.537485,18.266977
879,-16.97832679748535,-664.902587890625,63.0340690612793,-3.342093137768209,-5.83827512465841,-102.74191247738752,-8.90984,14.109632,19.87159,38.250927,-17.294428,-7.388247,-4.9339037,7.1656656,0.29926977,20.545803,-8.179068,-3.9230773,7.488531,22.452148,25.488934,-39.44309,64.06829,-2.740648,-28.076223,24.078186,16.737164
880,-16.96019744873047,-665.2264404296875,63.069488525390625,-3.3909828584691706,-5.798706677089895,-102.89399451041324,-8.696333,13.968313,19.965473,35.694363,-17.274506,-7.197688,-4.5714455,7.144279,0.50113285,20.250175,-8.264701,-3.7903078,7.4833393,23.219105,25.483477,-39.645626,63.66646,-2.571113,-28.114462,23.610653,15.305253
881,-16.924955368041992,-665.5174560546875,63.08717727661133,-3.429020318813918,-5.743226494672415,-103.1495306686432,-8.48375,13.827186,20.18238,33.20037,-17.212938,-7.1396527,-4.3061357,7.1331587,0.78516364,20.049376,-8.372379,-3.6751864,7.5908337,23.888382,25.481195,-39.826813,63.24108,-2.4398866,-28.157053,23.155262,13.995236
882,-16.883743286132812,-665.8037719726562,63.10253143310547,-3.4601214193117937,-5.674148444776533,-103.4667639640044,-8.259196,13.679969,20.477592,30.746857,-17.116354,-7.155669,-4.1004314,7.128209,1.1194918,19.905615,-8.498722,-3.5718431,7.7572656,24.482533,25.481634,-39.981583,62.775658,-2.3374097,-28.203363,22.728716,12.789847
883,-16.841590881347656,-666.0178833007812,63.099002838134766,-3.476359606403835,-5.601223057605923,-103.80983309037313,-8.07562,13.512373,20.713959,28.588036,-16.846834,-7.1340375,-3.9156516,7.1065006,1.4796335,19.773703,-8.635175,-3.464415,7.94318,25.016068,25.48408,-40.108833,62.28623,-2.2491102,-28.253677,22.344507,11.692137
884,-16.809345245361328,-666.3505249023438,63.122825622558594,-3.5031538617857794,-5.561420098273315,-104.00490427015121,-8.041104,13.34587,20.600296,27.099045,-16.32412,-6.9462533,-3.6829877,7.0604677,1.7046176,19.633627,-8.809878,-3.3369615,7.9417305,25.444365,25.482903,-40.17109,61.90245,-2.307855,-28.280779,22.164118,10.86435
885,-16.766847610473633,-666.6404418945312,63.173980712890625,-3.394005843117359,-5.481551975115309,-104.43502405126793,-8.069999,13.081819,20.407923,26.188711,-15.140409,-6.449784,-3.4611044,6.901553,2.1819687,19.39018,-8.927185,-3.1763363,8.217596,25.986004,25.48434,-40.251564,61.25041,-2.2406642,-28.347067,21.867409,9.992011
886,-16.71053695678711,-666.9088134765625,63.20780563354492,-3.3097791787579376,-5.445721912852366,-104.63713366712138,-8.31493,12.828928,19.73345,26.0283,-13.584577,-5.742829,-3.1706893,6.717241,2.445863,19.129461,-9.090361,-2.9944756,8.264852,26.345766,25.482252,-40.286316,60.78672,-2.3103366,-28.38602,21.74917,9.428401
887,-16.675125122070312,-667.1747436523438,63.22641372680664,-3.2172348198189615,-5.403545142521589,-104.8798293699591,-8.52786,12.602799,19.156378,26.102522,-12.088103,-5.1153526,-2.8969898,6.5280967,2.7500255,18.8761,-9.25769,-2.8155897,8.327091,26.702547,25.479794,-40.313164,60.261383,-2.3646047,-28.429981,21.662598,8.915532
888,-16.637039184570312,-667.4474487304688,63.227821350097656,-3.198010918064836,-5.3662909474874265,-105.11819828914759,-8.608615,12.50421,18.877108,26.197111,-11.2398205,-4.8073053,-2.6551533,6.417708,3.0378003,18.689323,-9.446769,-2.6614482,8.337642,26.959675,25.480566,-40.342285,59.815372,-2.3613653,-28.475737,21.611383,8.409773
889,-16.578697204589844,-667.7147827148438,63.210044860839844,-3.3199253164840448,-5.336813991589922,-105.32783495803075,-8.511093,12.619797,18.976742,26.348177,-11.388345,-4.9813523,-2.4459145,6.451218,3.279547,18.578356,-9.66851,-2.5456262,8.255235,27.063524,25.487396,-40.379005,59.51867,-2.2563171,-28.517754,21.592335,7.8383927
890,-16.529998779296875,-667.9889526367188,63.175987243652344,-3.5500649889281437,-5.308868629715187,-105.50663897130428,-8.327659,12.903849,19.297855,26.69752,-12.190802,-5.469328,-2.2520466,6.5930376,3.47959,18.493647,-9.904634,-2.4533105,8.09508,27.006985,25.501032,-40.422165,59.35541,-2.0533798,-28.553299,21.599207,7.2187667
891,-16.47239112854004,-668.2365112304688,63.14350891113281,-3.800211430393684,-5.2769476243932685,-105.6558706686504,-8.137018,13.224417,19.68765,27.123693,-13.173072,-5.9908724,-2.0619736,6.751771,3.6479104,18.395058,-10.116872,-2.3618147,7.8832307,26.81543,25.520733,-40.47621,59.27171,-1.7952039,-28.582829,21.629385,6.6417685
892,-16.41242027282715,-668.4229736328125,63.12112045288086,-3.9672023535611705,-5.238452460123318,-105.7810697426763,-7.9864964,13.41234,19.98948,27.432852,-13.820167,-6.258127,-1.8549794,6.818532,3.8021412,18.224298,-10.257271,-2.2470603,7.653413,26.52965,25.544586,-40.550495,59.193607,-1.5426887,-28.609306,21.685621,6.222133
893,-16.350095748901367,-668.6055908203125,63.12428283691406,-3.9987869269217877,-5.193844910141781,-105.87935715830004,-7.8790975,13.382355,20.162481,27.538485,-13.962223,-6.1419625,-1.636495,6.740076,3.947201,17.981739,-10.312641,-2.094136,7.4183073,26.195877,25.57059,-40.66842,59.065746,-1.3717695,-28.637388,21.781996,6.051675
894,-16.286882400512695,-668.7910766601562,63.15296936035156,-3.9296762507542518,-5.152000456834498,-105.94616272847769,-7.766763,13.195533,20.294014,27.499893,-13.850107,-5.8075624,-1.417749,6.553315,4.071757,17.718555,-10.322934,-1.9166925,7.1715198,25.810215,25.598207,-40.84153,58.90496,-1.2873514,-28.668573,21.929678,6.1245046
895,-16.22963523864746,-669.0010986328125,63.200401306152344,-3.802410861128481,-5.122747313213999,-105.98815660605011,-7.6265454,12.919231,20.40746,27.376398,-13.635678,-5.4109735,-1.1950568,6.3012643,4.170609,17.476189,-10.33472,-1.7355992,6.9325395,25.319525,25.628445,-41.05718,58.767967,-1.2609948,-28.70187,22.125618,6.413531
896,-16.179452896118164,-669.243896484375,63.24933624267578,-3.6652089745421854,-5.11433632903587,-106.01578021327838,-7.436573,12.627531,20.524359,27.227978,-13.471687,-5.1090226,-0.9594139,6.0340576,4.242413,17.28108,-10.385676,-1.5720507,6.7254677,24.665478,25.663237,-41.29055,58.720856,-1.2543265,-28.734488,22.356844,6.8790245
897,-16.121139526367188,-669.4999389648438,63.29368209838867,-3.533167437423473,-5.138326758763768,-106.03230833001834,-7.184218,12.3435755,20.648207,27.084385,-13.394404,-4.9412713,-0.6935969,5.7651277,4.2869153,17.129913,-10.478987,-1.4311014,6.52713,23.810747,25.705633,-41.533363,58.79796,-1.2054665,-28.762762,22.612389,7.474499
898,-16.0593204498291,-669.7493286132812,63.325836181640625,-3.394643595977698,-5.190112545301144,-106.03782895321167,-6.8870583,12.049962,20.767904,26.932722,-13.340449,-4.828132,-0.39861944,5.4848266,4.3106833,16.999302,-10.589036,-1.3030456,6.340519,22.775366,25.7568,-41.788876,58.979664,-1.1178179,-28.78568,22.8867,8.198482
899,-15.984387397766113,-669.9815673828125,63.360965728759766,-3.251442626007666,-5.253296478071346,-106.03891691811259,-6.5567794,11.743063,20.885344,26.739918,-13.290209,-4.74675,-0.09461282,5.1978087,4.324076,16.879362,-10.7031555,-1.185944,6.206537,21.614944,25.813778,-42.03279,59.227737,-1.0050354,-28.802374,23.166904,9.044837
900,-15.911996841430664,-670.2142944335938,63.39938735961914,-3.1028708350134857,-5.3009156663094315,-106.04815402329488,-6.2176604,11.421286,21.00799,26.47336,-13.223632,-4.67417,0.18840095,4.9120336,4.3428955,16.753572,-10.803887,-1.0788248,6.168909,20.39301,25.870783,-42.21955,59.50182,-0.8902943,-28.81235,23.437586,10.002986
901,-15.851065635681152,-670.4290161132812,63.444339752197266,-2.9429783875739925,-5.312900511080665,-106.07808033640188,-5.872618,11.071986,21.149729,26.094067,-13.127413,-4.611481,0.43747506,4.6225004,4.379269,16.608776,-10.87799,-0.98383224,6.239689,19.137281,25.92205,-42.298138,59.80327,-0.77915496,-28.814816,23.684372,11.083895
902,-15.780231475830078,-670.6441650390625,63.491661071777344,-2.7706028757995096,-5.290967838356476,-106.12961093741613,-5.5220847,10.699994,21.313915,25.622719,-13.012657,-4.5685897,0.6594878,4.328005,4.4328465,16.43981,-10.927224,-0.90133166,6.3862853,17.838459,25.965525,-42.248394,60.13143,-0.6585579,-28.809582,23.90871,12.267168
903,-15.722314834594727,-670.8391723632812,63.53453826904297,-2.580919859827915,-5.204166132442703,-106.28856073390804,-5.1793475,10.316773,21.588102,25.072113,-12.883571,-4.5412097,0.79837954,4.024719,4.588525,16.280289,-10.964632,-0.8251251,5.7655606,17.00718,26.11069,-40.89178,60.145126,-2.1182058,-28.519617,25.88883,14.500118
904,-15.688793182373047,-671.09912109375,63.583709716796875,-2.4394330311243464,-5.137055031842538,-106.35766036392347,-4.896809,9.989939,21.756882,24.645882,-12.817002,-4.511488,0.9491971,3.7644038,4.6581044,16.140242,-11.021504,-0.7525362,5.5438833,15.969758,26.11452,-39.96851,60.286545,-2.3950474,-28.391825,26.741932,15.906372
905,-15.613897323608398,-671.2952270507812,63.61147689819336,-2.317082237510157,-5.073610157117101,-106.41966288280804,-4.6529284,9.697752,21.91362,24.297493,-12.789603,-4.479752,1.0616906,3.5239902,4.719086,16.070532,-11.113397,-0.68403995,5.3869567,14.820537,26.12819,-39.042744,60.423744,-2.5587513,-28.307186,27.552725,17.247639
906,-15.552665710449219,-671.466552734375,63.62936019897461,-2.2069986189693394,-5.006185012253009,-106.48046165227954,-4.435778,9.425413,22.065355,23.98461,-12.787024,-4.449495,1.1414275,3.2966635,4.776897,16.04619,-11.225157,-0.62111783,5.2427254,13.615915,26.148344,-38.015068,60.550182,-2.7009113,-28.227749,28.411585,18.60363
907,-15.489734649658203,-671.6370849609375,63.6458740234375,-2.096262352592914,-4.9373018730528075,-106.51700796417143,-4.227875,9.148139,22.186007,23.663836,-12.788311,-4.4173284,1.2110943,3.0687695,4.812682,16.041878,-11.353801,-0.55620843,5.079476,12.408213,26.172712,-36.91584,60.626293,-2.8466787,-28.154049,29.338837,19.97247
908,-15.426671981811523,-671.8390502929688,63.66769790649414,-1.9731995220777536,-4.869892308788714,-106.5067358046266,-4.008097,8.840652,22.250483,23.28918,-12.7722,-4.3809133,1.2977624,2.8262808,4.808154,16.024231,-11.492181,-0.48161122,4.873392,11.248686,26.19845,-35.78268,60.6099,-3.0139952,-28.093637,30.344711,21.346018
909,-15.363569259643555,-672.0338745117188,63.688350677490234,-1.8285447069700629,-4.812101889499271,-106.4207593283094,-3.7568564,8.482977,22.22948,22.831232,-12.728435,-4.3388157,1.4246589,2.5575647,4.737557,15.98159,-11.64512,-0.39352146,4.604463,10.162239,26.224964,-34.596035,60.46833,-3.1885586,-28.049215,31.436522,22.722218
910,-15.314486503601074,-672.2259521484375,63.7033576965332,-1.6701246068874893,-4.760222533702542,-106.27895595269246,-3.4897687,8.092954,22.144274,22.31873,-12.666615,-4.293863,1.5703248,2.2728064,4.6176653,15.931748,-11.81134,-0.29680794,4.295834,9.123774,26.253159,-33.34629,60.223885,-3.3670557,-28.014654,32.603195,24.107492
911,-15.257969856262207,-672.3994140625,63.72005844116211,-1.5111770012901273,-4.700702968104387,-106.13073883446684,-3.232169,7.7019157,22.045506,21.79725,-12.604513,-4.251392,1.6998109,1.989707,4.49313,15.894806,-11.987661,-0.19590634,3.9785736,8.11826,26.280346,-32.071827,59.914204,-3.545831,-27.98319,33.81172,25.47766
912,-15.203041076660156,-672.5814208984375,63.729061126708984,-1.362475549097195,-4.619174905462592,-106.02558137332163,-3.0121553,7.3411546,21.983446,21.309893,-12.555824,-4.215887,1.777794,1.7263538,4.408483,15.884224,-12.164181,-0.09562291,3.6856463,7.123865,26.304005,-30.816992,59.582912,-3.7278311,-27.949741,35.031666,26.813654
913,-15.157048225402832,-672.7219848632812,63.728797912597656,-1.231465068483809,-4.496795189595471,-106.01772577217504,-2.850089,7.0298395,22.009108,20.870722,-12.533313,-4.1928673,1.7640072,1.4948481,4.4175506,15.913653,-12.33727,0.013393914,3.446734,6.1217775,26.315369,-29.535269,59.245434,-3.9493117,-27.91719,36.299576,28.102184
914,-15.107200622558594,-672.8451538085938,63.72422409057617,-1.1119855822160174,-4.346627112169124,-106.06720339557147,-2.7249966,6.746546,22.08347,20.45314,-12.523988,-4.1797934,1.6897175,1.2835307,4.4820147,15.967654,-12.509102,0.1302078,3.2374938,5.1209702,26.31741,-28.228403,58.884636,-4.200821,-27.88636,37.620953,29.360315
915,-15.052154541015625,-672.9744873046875,63.725013732910156,-0.9927272534023382,-4.205561139941745,-106.08089452830772,-2.6033359,6.4641414,22.12076,20.044743,-12.50719,-4.1675124,1.6270801,1.0752275,4.5097365,16.025734,-12.685553,0.23436515,3.0094538,4.147703,26.32639,-27.010466,58.48888,-4.4104195,-27.852407,38.911884,30.610636
916,-15.00080394744873,-673.1005859375,63.72854232788086,-0.8640812659458093,-4.107892446356547,-105.96669943913734,-2.4518733,6.15561,22.035982,19.62783,-12.461814,-4.1452107,1.6463649,0.8526611,4.4088607,16.065918,-12.87126,0.30559647,2.7243776,3.2356536,26.359045,-25.998846,58.03131,-4.516799,-27.812443,40.08272,31.886333
917,-14.961166381835938,-673.2220458984375,63.733428955078125,-0.7283748380312756,-4.09278086479222,-105.7088066543303,-2.2315848,5.82477,21.815647,19.217073,-12.3956,-4.109156,1.8045487,0.61633116,4.16417,16.072079,-13.061689,0.31903446,2.8838086,2.1250882,26.386217,-25.856958,57.53636,-4.0750494,-27.815994,40.361214,33.08892
918,-14.904946327209473,-673.49462890625,63.7409553527832,-0.56971193515292,-4.104879985203075,-105.18269587176741,-2.0157988,5.4341574,21.331942,18.76889,-12.270829,-4.0510116,2.0506668,0.34658742,3.6496406,16.06512,-13.287828,0.29123914,1.905518,1.6584319,26.508627,-24.713123,56.8016,-4.36863,-27.749186,41.976925,34.538715
919,-14.840536117553711,-673.7490234375,63.74219512939453,-0.4240952851584778,-4.128121854229341,-104.80650973361794,-1.7774847,5.090853,20.996847,18.36988,-12.178823,-4.002098,2.273915,0.10094655,3.2856162,16.078758,-13.499588,0.26685715,1.901481,0.75495315,26.543283,-24.655645,56.146175,-3.9019985,-27.749544,42.245804,35.781715
920,-14.859941482543945,-673.7939453125,63.752777099609375,-0.29217441468034727,-4.12332181604223,-104.44999058423139,-1.6003028,4.7797837,20.674507,18.015646,-12.091884,-3.9560995,2.4442794,-0.12302221,2.9413993,16.094887,-13.697766,0.28720817,1.8027934,-0.12574722,26.590483,-24.57403,55.538986,-3.4922602,-27.745274,42.623592,37.026714
921,-14.825397491455078,-673.8748779296875,63.75201416015625,-0.17249413279788145,-4.064843972465997,-104.2346010659844,-1.4912274,4.517565,20.48392,17.712887,-12.022823,-3.9226265,2.5092688,-0.32009637,2.7398493,16.124666,-13.874478,0.38474432,1.7433164,-0.9836763,26.64359,-24.463936,54.96924,-3.117062,-27.730581,43.045116,38.2697
922,-14.77838134765625,-673.95751953125,63.75083923339844,-0.05137341205117641,-3.9519490246172824,-104.09967705205123,-1.4404557,4.275185,20.369076,17.426321,-11.95162,-3.8956544,2.4858596,-0.5076842,2.6192343,16.17239,-14.044858,0.5299646,0.97884685,-1.2926654,26.85201,-23.430328,54.217278,-3.507575,-27.508827,44.635822,39.861557
923,-14.766724586486816,-674.0673828125,63.755615234375,0.05803433431187068,-3.847826132896227,-104.05857544022682,-1.3843113,4.065345,20.3463,17.175356,-11.899362,-3.874224,2.4370823,-0.6758787,2.590463,16.244555,-14.202419,0.67530215,1.1192552,-2.0584033,26.881762,-23.430058,53.61169,-3.013668,-27.4924,44.813984,41.05724
924,-14.742316246032715,-674.1705322265625,63.75288391113281,0.14821449316212348,-3.715452331253031,-103.96087867043974,-1.3756337,3.878441,20.268742,16.956308,-11.86166,-3.85129,2.380707,-0.82082057,2.499988,16.293074,-14.339389,0.7703295,0.89545155,-2.7132225,27.017431,-23.180641,53.030094,-2.9420404,-27.3202,45.543858,42.46113
925,-14.720564842224121,-674.2615966796875,63.74640655517578,0.23722001661613767,-3.605249694222937,-103.84019399961093,-1.3473458,3.6920679,20.17551,16.73928,-11.82471,-3.8260348,2.328278,-0.9603605,2.3788018,16.398186,-14.48944,0.7911058,0.9289702,-3.34332,27.04307,-23.212727,52.402794,-2.4450529,-27.30595,45.680103,43.58052
926,-14.695228576660156,-674.3463134765625,63.74213790893555,0.2949582158355068,-3.462839310405069,-103.63597781429348,-1.3889377,3.5424628,20.000595,16.580961,-11.810595,-3.8005223,2.2716782,-1.0654788,2.1689699,16.46475,-14.611402,0.76452506,0.704544,-3.963177,27.166323,-23.1933,51.82657,-2.2367363,-27.157406,46.13754,44.871662
927,-14.675338745117188,-674.4261474609375,63.73761749267578,0.36996412534865614,-3.3389508337867015,-103.49471940070603,-1.390952,3.3774803,19.887848,16.390896,-11.779532,-3.7737134,2.1980634,-1.1844335,2.0206017,16.586935,-14.749704,0.7317663,0.6802787,-4.4865527,27.190222,-23.256573,51.19201,-1.753063,-27.144165,46.25662,45.934525
928,-14.653091430664062,-674.5057983398438,63.73720169067383,0.42606583734174835,-3.1838456413024723,-103.30034768164853,-1.4505847,3.2343202,19.711422,16.239515,-11.759566,-3.7424948,2.1359026,-1.2856357,1.8211843,16.62329,-14.851206,0.7255774,0.5170744,-5.0996704,27.306953,-23.364191,50.643913,-1.5355762,-27.018326,46.667377,47.1335
929,-14.629024505615234,-674.575439453125,63.741214752197266,0.5135176927382324,-3.040550207000894,-103.19138858943559,-1.4633167,3.0556173,19.608616,16.024221,-11.7028265,-3.7047393,2.0563924,-1.4184548,1.7105961,16.690512,-14.96611,0.7660436,0.5484076,-5.5699124,27.330055,-23.45367,50.00109,-1.0866585,-27.00999,46.83096,48.126728
930,-14.608085632324219,-674.6450805664062,63.7459831237793,0.5828860397167647,-2.8541983909014395,-103.04181650593532,-1.5406574,2.8984938,19.454205,15.84318,-11.656066,-3.6627936,1.9725822,-1.5329955,1.5603575,16.678883,-15.043945,0.827266,0.39947227,-6.167083,27.437542,-23.57715,49.498753,-0.9249671,-26.91121,47.37381,49.243385
931,-14.584035873413086,-674.716064453125,63.748722076416016,0.6734340174439811,-2.7020836477509036,-102.94909803267885,-1.5623132,2.7205143,19.357607,15.623761,-11.588519,-3.619883,1.8875921,-1.6666136,1.4675698,16.722254,-15.144706,0.8946642,0.44660428,-6.5601635,27.459545,-23.684887,48.84585,-0.49292848,-26.905703,47.558487,50.140385
932,-14.56407356262207,-674.7789916992188,63.74991989135742,0.7526302196825241,-2.5578127650621933,-102.84267272975373,-1.5905969,2.560607,19.254807,15.430028,-11.533352,-3.5809402,1.8113432,-1.7875866,1.360801,16.760754,-15.242391,0.94700396,0.4436079,-6.980892,27.49297,-23.839136,48.2517,-0.13395365,-26.897139,47.815567,50.972042
933,-14.543621063232422,-674.8466796875,63.74897766113281,0.8202224896703808,-2.443992672066137,-102.73438308242545,-1.6067098,2.4269266,19.162764,15.278064,-11.500386,-3.5466015,1.7566988,-1.8919845,1.2516923,16.8101,-15.342479,0.97869784,0.41413784,-7.3629527,27.533936,-24.018682,47.665924,0.19441772,-26.886578,48.116745,51.719822
934,-14.520965576171875,-674.9004516601562,63.74515914916992,0.8794170102494074,-2.3535411147855063,-102.62898648530361,-1.612453,2.3107638,19.080656,15.1530285,-11.480116,-3.5145824,1.7188036,-1.9857167,1.1451021,16.863522,-15.441556,1.0000328,0.36934087,-7.693697,27.580433,-24.214128,47.076065,0.5092536,-26.875252,48.448875,52.389668
935,-14.50512409210205,-674.9603881835938,63.74091339111328,0.936392792479791,-2.2895224730572847,-102.57042820681141,-1.5874133,2.2026715,19.04499,15.030115,-11.464646,-3.4876761,1.6927574,-2.0749335,1.085757,16.92519,-15.536258,1.016398,0.38360828,-7.902176,27.607998,-24.34053,46.468002,0.8573399,-26.870049,48.659756,52.95161
936,-14.4962158203125,-675.0149536132812,63.7374153137207,1.0089551417114622,-2.1934648554710052,-102.45299330805342,-1.5817245,2.060823,18.944382,14.848528,-11.412803,-3.4605014,1.6504061,-2.182927,0.9671981,16.97805,-15.637884,1.0343862,0.27050126,-8.213838,27.667469,-24.574455,45.940487,1.0960388,-26.86099,49.05189,53.49728
937,-14.47732925415039,-675.07763671875,63.73842239379883,1.0761710203743557,-2.1212905386913423,-102.40447373701716,-1.5346118,1.9189603,18.900215,14.645031,-11.359439,-3.4469633,1.6189437,-2.287975,0.9192076,17.027111,-15.722485,1.0428497,0.238586,-8.408931,27.698887,-24.693062,45.44947,1.360343,-26.85736,49.254307,53.916695
938,-14.452970504760742,-675.1347045898438,63.74097442626953,1.155447988178331,-2.031690872134649,-102.35015113652881,-1.4814088,1.7489017,18.844301,14.375936,-11.273088,-3.439342,1.568421,-2.4083555,0.8660395,17.084513,-15.813045,1.0440912,0.17548007,-8.604533,27.733685,-24.825857,44.980923,1.5908945,-26.856094,49.470417,54.26535
939,-14.436687469482422,-675.1788940429688,63.74335861206055,1.238283523633671,-1.9402027795392112,-102.29947363500418,-1.4252434,1.5742239,18.7914,14.095998,-11.178196,-3.4282725,1.5199413,-2.5323532,0.81592566,17.13039,-15.90039,1.0580902,0.094643414,-8.78954,27.77089,-24.962717,44.556034,1.7818295,-26.857233,49.687347,54.56103
940,-14.416938781738281,-675.2340087890625,63.74517059326172,1.3206708205841864,-1.8587866462286573,-102.25695004972094,-1.3655505,1.4079235,18.751791,13.836064,-11.088959,-3.4031363,1.4878818,-2.655352,0.77191544,17.155733,-15.983675,1.1051449,0.0013878517,-8.948195,27.809498,-25.099348,44.169117,1.9456784,-26.860483,49.898125,54.8275
941,-14.401274681091309,-675.2936401367188,63.74611282348633,1.4057041027042954,-1.7968802712688283,-102.22854450451932,-1.2964303,1.2511789,18.73485,13.607118,-11.009294,-3.353379,1.4824688,-2.781015,0.7379743,17.156004,-16.066582,1.2083911,-0.09889584,-9.064744,27.848677,-25.235445,43.80546,2.0984585,-26.865412,50.099007,55.060665
942,-14.374348640441895,-675.3453979492188,63.74354553222656,1.4930094782807306,-1.7549950149356033,-102.21509167391227,-1.2134086,1.0993444,18.737427,13.397299,-10.935434,-3.2872612,1.5005746,-2.9095037,0.71592695,17.137642,-16.147364,1.3511155,-0.20106407,-9.133241,27.888042,-25.368404,43.463894,2.243132,-26.871872,50.28539,55.24941
943,-14.352543830871582,-675.39697265625,63.74031448364258,1.576762166006487,-1.7274035049110634,-102.21420276395618,-1.1185247,0.9548162,18.752066,13.195007,-10.864141,-3.2223198,1.5294318,-3.032897,0.70607054,17.117455,-16.222654,1.4941655,-0.30669254,-9.16335,27.926964,-25.493612,43.165157,2.366077,-26.879972,50.453354,55.407757
944,-14.334667205810547,-675.4493408203125,63.73828125,1.6513360540173467,-1.7049659351172837,-102.21970160234524,-1.0204418,0.82152027,18.767122,12.993581,-10.79404,-3.1762054,1.5554392,-3.1422749,0.7048897,17.106476,-16.285952,1.5981444,-0.41857636,-9.16804,27.96449,-25.604933,42.93021,2.4479437,-26.889853,50.59988,55.5507
945,-14.321215629577637,-675.49658203125,63.73677062988281,1.7122696231254546,-1.6840759498228899,-102.22621210587879,-0.92488474,0.7017344,18.774014,12.794354,-10.725961,-3.1562953,1.5735964,-3.2332945,0.70919204,17.109549,-16.334555,1.6457107,-0.54171985,-9.15262,27.999784,-25.698217,42.766907,2.4661374,-26.901936,50.72593,55.682858
946,-14.30996322631836,-675.5438842773438,63.73764419555664,1.7639120025342243,-1.6638824193809099,-102.23299916563982,-0.8338434,0.59315836,18.77579,12.601667,-10.6605625,-3.1522067,1.588039,-3.3113768,0.716625,17.116385,-16.371082,1.6601113,-0.6804555,-9.11614,28.032335,-25.773268,42.66546,2.4262183,-26.916313,50.83407,55.79717
947,-14.300958633422852,-675.5853881835938,63.74166488647461,1.8094362047605528,-1.6403582494142923,-102.24265617401971,-0.74696267,0.49246466,18.779633,12.4113,-10.597105,-3.155034,1.5974873,-3.381341,0.7265047,17.123922,-16.40246,1.6627287,-0.83010644,-9.04966,28.061296,-25.826775,42.612373,2.3594427,-26.932285,50.91909,55.88912
948,-14.291003227233887,-675.6268310546875,63.747291564941406,1.8516168649433116,-1.6074965690346652,-102.25931390028941,-0.66718954,0.39643535,18.794872,12.221959,-10.536128,-3.1558402,1.5987626,-3.448741,0.7403377,17.128302,-16.435863,1.6750659,-0.9861619,-8.948653,28.085876,-25.855906,42.595135,2.299865,-26.948671,50.971756,55.950695
949,-14.27340030670166,-675.6686401367188,63.7507438659668,1.8883953699547344,-1.5622852683310902,-102.28824343338302,-0.5906582,0.3033947,18.828983,12.0211735,-10.473032,-3.1554122,1.5889984,-3.514422,0.76091033,17.127748,-16.472618,1.7022712,-1.1425934,-8.807149,28.10515,-25.854813,42.606007,2.2665765,-26.9643,50.978024,55.9678
950,-14.25472354888916,-675.7103271484375,63.75224685668945,1.9209747622568216,-1.5057480766711906,-102.33042365091849,-0.5200784,0.21587405,18.880213,11.813774,-10.408466,-3.1575198,1.5671942,-3.5756912,0.7916588,17.125013,-16.50904,1.732975,-1.2934036,-8.622425,28.11863,-25.822594,42.643486,2.2476535,-26.978848,50.932457,55.943737
951,-14.240588188171387,-675.7587280273438,63.75246047973633,1.9505353924878424,-1.4399209068332892,-102.38169631917701,-0.45939803,0.13344578,18.940987,11.612747,-10.348858,-3.1581917,1.5354048,-3.63312,0.8315055,17.119738,-16.541737,1.7643722,-1.4392802,-8.397112,28.126606,-25.765999,42.70886,2.230082,-26.99253,50.839737,55.89744
952,-14.228123664855957,-675.80078125,63.75121307373047,1.9793849528747922,-1.367922678095867,-102.43446689035183,-0.41280895,0.056600127,19.000828,11.429323,-10.296936,-3.1528158,1.4992473,-3.686182,0.87612945,17.104397,-16.562937,1.7937207,-1.58311,-8.136613,28.129766,-25.696457,42.806293,2.1968558,-27.00583,50.711475,55.852062
953,-14.217470169067383,-675.8370361328125,63.751739501953125,2.0059805626011777,-1.2907358369685384,-102.48228017190102,-0.38591707,-0.0134418495,19.051592,11.273304,-10.257473,-3.1380358,1.4601592,-3.7344143,0.9203064,17.07794,-16.570007,1.8205544,-1.7325284,-7.850772,28.128473,-25.621098,42.950138,2.1374352,-27.018978,50.55535,55.814384
954,-14.208223342895508,-675.8733520507812,63.755069732666016,2.029033300361343,-1.207436205130424,-102.52501755065279,-0.3761607,-0.07579675,19.095146,11.140092,-10.228889,-3.1168675,1.4182352,-3.7768793,0.9620558,17.040745,-16.565804,1.8460801,-1.8909589,-7.544532,28.12258,-25.54169,43.143963,2.055873,-27.03177,50.372276,55.776543
955,-14.199421882629395,-675.90283203125,63.759803771972656,2.057134868280483,-1.0741368799562931,-102.59371889782766,-0.39669505,-0.14574961,19.165852,10.976816,-10.187166,-3.0954525,1.326852,-3.8229804,1.0322955,16.998194,-16.557793,1.8710595,-1.9806005,-7.128008,28.106163,-25.408422,43.257202,1.9942442,-27.056856,50.024204,55.69978
956,-14.19401741027832,-675.9321899414062,63.763004302978516,2.078470407084592,-0.9780157529072688,-102.64166534656474,-0.40637323,-0.19945003,19.215874,10.865556,-10.165841,-3.0764031,1.2746757,-3.8608832,1.0795448,16.954645,-16.553373,1.894529,-2.0914376,-6.73848,28.087004,-25.340906,43.45598,1.9263406,-27.080729,49.71519,55.638695
957,-14.188730239868164,-675.96728515625,63.76763153076172,2.096161446645435,-0.8935127120704592,-102.69115560092226,-0.41220903,-0.2446675,19.269533,10.775331,-10.148021,-3.0603907,1.2374916,-3.8952725,1.1261107,16.90256,-16.548536,1.9179399,-2.2067094,-6.352379,28.063097,-25.322191,43.716866,1.8365859,-27.10253,49.42146,55.593575
958,-14.182947158813477,-676.0018920898438,63.769710540771484,2.1162287054703524,-0.7998099381696994,-102.75834016844257,-0.42423877,-0.28870064,19.342428,10.688676,-10.129393,-3.0459328,1.1883485,-3.930338,1.1901118,16.853256,-16.54686,1.941275,-2.2146811,-5.962839,28.01355,-25.391298,43.984272,1.8132796,-27.140198,48.952473,55.515488
959,-14.175844192504883,-676.0361938476562,63.768310546875,2.120314396891772,-0.726647477353948,-102.8168772407441,-0.43774307,-0.3101342,19.405378,10.648528,-10.135063,-3.0346737,1.1684041,-3.9498897,1.2446136,16.78014,-16.531195,1.9611202,-1.9712132,-5.9670134,27.860579,-25.973137,44.548508,2.0102499,-27.237997,48.131744,55.331905
960,-14.170201301574707,-676.0646362304688,63.76494598388672,2.1216248021008903,-0.6571673486881319,-102.87662509593113,-0.44933954,-0.3270979,19.467224,10.610619,-10.149337,-3.0286584,1.1476709,-3.9644456,1.301968,16.714087,-16.518078,1.9754323,-1.9820666,-5.746341,27.776829,-26.232462,45.054333,1.9250114,-27.25233,47.748417,55.297337
961,-14.166966438293457,-676.0989379882812,63.76474380493164,2.113758134664986,-0.5911885463545806,-102.93748183222453,-0.46292758,-0.33329615,19.526695,10.580561,-10.178361,-3.0291693,1.127876,-3.967847,1.3627797,16.647913,-16.501116,1.9799488,-2.0070784,-5.4993734,27.708525,-26.491491,45.572876,1.8031288,-27.255203,47.409683,55.279217
962,-14.164772987365723,-676.1329345703125,63.76485824584961,2.100220293422659,-0.528405550542536,-103.00038109914583,-0.47891015,-0.32923278,19.5858,10.562794,-10.221259,-3.0350928,1.1098763,-3.9621115,1.4272091,16.580547,-16.48141,1.9771557,-2.0246513,-5.250092,27.643131,-26.78373,46.12308,1.6669445,-27.255005,47.07794,55.26431
963,-14.167235374450684,-676.1483764648438,63.76406478881836,2.0813448321475287,-0.4655813182868382,-103.06653562595173,-0.4981907,-0.3195404,19.647495,10.55335,-10.270412,-3.044673,1.0923597,-3.9522521,1.4947559,16.509295,-16.459944,1.9745377,-2.032321,-4.99294,27.576761,-27.095148,46.690563,1.5167452,-27.254307,46.75717,55.248135
964,-14.1646146774292,-676.170166015625,63.76588821411133,2.063735773639237,-0.3993947794940906,-103.13696352085525,-0.5221415,-0.3086095,19.71509,10.548455,-10.317325,-3.0560827,1.071799,-3.9432523,1.565247,16.433882,-16.437263,1.9791992,-2.0262713,-4.71035,27.507187,-27.402567,47.251125,1.35262,-27.254734,46.451603,55.226784
965,-14.16301155090332,-676.1985473632812,63.766841888427734,2.047416741018077,-0.3304965944216319,-103.21283771868535,-0.54947335,-0.29690394,19.790089,10.547036,-10.360548,-3.0729861,1.0483373,-3.9356244,1.6389309,16.355888,-16.416824,1.9919592,-2.008637,-4.4049826,27.433666,-27.70635,47.816067,1.1679865,-27.25713,46.173676,55.202946
966,-14.168291091918945,-676.233642578125,63.76692199707031,2.0279504933854016,-0.26008573888086833,-103.29345324636283,-0.58015275,-0.28201926,19.870596,10.552261,-10.405496,-3.095036,1.0229412,-3.927318,1.7158805,16.276592,-16.398195,2.0094995,-1.978872,-4.0810604,27.357716,-28.015062,48.389957,0.9648204,-27.26058,45.917484,55.17803
967,-14.163962364196777,-676.2493896484375,63.76534652709961,2.0093523213005597,-0.1861773033160895,-103.37650146531685,-0.61747515,-0.2652675,19.954285,10.563043,-10.449325,-3.1142282,0.9948933,-3.9187179,1.7953632,16.190292,-16.373512,2.0321906,-1.9364377,-3.737314,27.281559,-28.324257,48.950806,0.75614274,-27.26423,45.661327,55.14307
968,-14.162858009338379,-676.2660522460938,63.763038635253906,1.9914423872897626,-0.10645170140846752,-103.45986170471623,-0.66291445,-0.24765067,20.038727,10.580331,-10.493385,-3.1229193,0.9648541,-3.9105816,1.8765986,16.092537,-16.3376,2.0609605,-1.8797241,-3.3692064,27.207132,-28.627531,49.47446,0.55596507,-27.267147,45.382877,55.089333
969,-14.160346984863281,-676.2891235351562,63.762046813964844,1.9754685176233637,-0.015077650763024735,-103.54776569547482,-0.72369665,-0.23047987,20.128784,10.605259,-10.535509,-3.1132984,0.9277742,-3.905417,1.9642502,15.976865,-16.284523,2.1021864,-1.8013726,-2.9742377,27.13493,-28.929358,49.94958,0.36644328,-27.268768,45.070656,55.013794
970,-14.154401779174805,-676.300537109375,63.764034271240234,1.962497061915266,0.08471781957914193,-103.63948594477758,-0.79516363,-0.21315862,20.223736,10.637563,-10.577108,-3.0914075,0.88657135,-3.9021914,2.0570474,15.847387,-16.219206,2.1535401,-1.7047482,-2.5544817,27.064016,-29.230204,50.39121,0.18273331,-27.270037,44.735493,54.922035
971,-14.151729583740234,-676.3115234375,63.7677116394043,1.945869791264164,0.18234678654284278,-103.72654884591434,-0.8691236,-0.19230352,20.313303,10.675975,-10.619869,-3.070099,0.8476918,-3.896263,2.1455128,15.71553,-16.15016,2.2024045,-1.6023047,-2.1211176,26.99438,-29.526049,50.817547,-0.00028061657,-27.271406,44.39818,54.81791
972,-14.157062530517578,-676.3348388671875,63.771087646484375,1.925720156899655,0.2675563192707466,-103.79991319333902,-0.9331691,-0.16589634,20.38702,10.712676,-10.661978,-3.062244,0.8213041,-3.8829582,2.2199116,15.589266,-16.08477,2.2361734,-1.5084853,-1.6855072,26.926125,-29.811127,51.248333,-0.1870996,-27.273724,44.07899,54.705654
973,-14.1635160446167,-676.3509521484375,63.774131774902344,1.9004672455432914,0.3346320730720478,-103.85469044067109,-0.9828565,-0.13281283,20.435709,10.749312,-10.70624,-3.0718331,0.812138,-3.860132,2.274913,15.473038,-16.025852,2.2503138,-1.4293686,-1.2468072,26.858715,-30.084034,51.69441,-0.38689756,-27.27634,43.78226,54.5961
974,-14.171208381652832,-676.3728637695312,63.7744255065918,1.8705308949583637,0.38979281286635,-103.89660872803834,-1.0250089,-0.09439608,20.467049,10.786822,-10.750405,-3.0917788,0.8153161,-3.8306346,2.3165214,15.36041,-15.968517,2.2521183,-1.3582826,-0.8026776,26.792387,-30.34792,52.146027,-0.59475774,-27.279182,43.49766,54.484364
975,-14.17870044708252,-676.3882446289062,63.775108337402344,1.838030933778721,0.4410007661921069,-103.93252855684102,-1.0640498,-0.053079218,20.496077,10.823503,-10.793297,-3.118359,0.8215014,-3.797483,2.352676,15.25005,-15.9120245,2.2461965,-1.2839243,-0.3546354,26.728235,-30.602856,52.58446,-0.79087615,-27.282927,43.220932,54.347763
976,-14.185221672058105,-676.40380859375,63.77570724487305,1.8059505207720892,0.4957165353539424,-103.96942169872675,-1.1072841,-0.009862151,20.53791,10.863039,-10.835838,-3.1475668,0.82193846,-3.763968,2.3913805,15.144354,-15.859683,2.2377887,-1.1969064,0.09939661,26.666988,-30.844456,52.989292,-0.95259607,-27.288366,42.945858,54.16189
977,-14.19211483001709,-676.4193115234375,63.77510452270508,1.7737140357844798,0.5530846370295034,-104.01003326642692,-1.1472925,0.033268977,20.598171,10.892319,-10.875166,-3.1788335,0.8176513,-3.7307763,2.4355855,15.041764,-15.812418,2.2258096,-1.0942591,0.5652871,26.608217,-31.07213,53.354923,-1.0742024,-27.296593,42.675304,53.91918
978,-14.198758125305176,-676.4349365234375,63.777435302734375,1.7403862675859552,0.6095958232962627,-104.05036977165821,-1.1837304,0.07788845,20.66823,10.916716,-10.91375,-3.2141826,0.8137799,-3.6961875,2.480752,14.940405,-15.76855,2.2085855,-0.98233867,1.0408179,26.551529,-31.286446,53.692394,-1.1645236,-27.306767,42.41008,53.629013
979,-14.20545768737793,-676.4443969726562,63.78237533569336,1.7063695181325496,0.6700096270010965,-104.08746031102936,-1.2296685,0.12598525,20.741938,10.951262,-10.949637,-3.2531092,0.8031329,-3.6595986,2.5235178,14.844112,-15.72459,2.189263,-0.8671722,1.5138751,26.49801,-31.48675,54.00888,-1.2367213,-27.317913,42.15236,53.305706
980,-14.213645935058594,-676.4545288085938,63.787452697753906,1.6739233163466272,0.7388007489515132,-104.11800630015183,-1.2974805,0.17909491,20.812809,11.009445,-10.980403,-3.2953763,0.7796578,-3.6208777,2.560571,14.754079,-15.676087,2.171583,-0.7484913,1.964901,26.447378,-31.682743,54.314903,-1.3002512,-27.329918,41.898163,52.96015
981,-14.222184181213379,-676.4649658203125,63.79255676269531,1.646026325223355,0.8145000047534741,-104.14089342103432,-1.3843389,0.22891048,20.880943,11.087623,-11.000594,-3.3391504,0.74649364,-3.5871754,2.5904508,14.668949,-15.62574,2.1610394,-0.6248443,2.403162,26.400229,-31.87234,54.599834,-1.3548105,-27.341986,41.655174,52.59909
982,-14.232163429260254,-676.4691162109375,63.79737854003906,1.621610662078848,0.8962324126950802,-104.15789338250246,-1.4840794,0.2771131,20.94899,11.176781,-11.010956,-3.3854136,0.70558196,-3.5562618,2.615104,14.586406,-15.572964,2.154202,-0.49905905,2.8338935,26.356398,-32.05119,54.86305,-1.3985679,-27.353941,41.427055,52.214794
983,-14.244434356689453,-676.4614868164062,63.79744338989258,1.5912388739331276,0.9866276224510754,-104.1703509081413,-1.6093408,0.34258115,21.014812,11.298585,-11.0268135,-3.4382823,0.648393,-3.512635,2.6361523,14.5152,-15.515035,2.140675,-0.3806859,3.2417436,26.315083,-32.214138,55.12545,-1.437583,-27.367485,41.20016,51.801388
984,-14.257033348083496,-676.4486694335938,63.80121612548828,1.5423752148193464,1.0888356408600208,-104.17993194744886,-1.7741992,0.4450638,21.076118,11.475926,-11.063813,-3.5019457,0.56409705,-3.4405472,2.655283,14.465385,-15.448917,2.1097188,-0.28944337,3.6165078,26.27794,-32.343777,55.40551,-1.484384,-27.381832,40.975403,51.35241
985,-14.275675773620605,-676.4310913085938,63.805694580078125,1.4707418025874481,1.2024017318229911,-104.18370582701391,-1.981775,0.5934918,21.130869,11.719041,-11.12872,-3.5789986,0.4581159,-3.3334196,2.673989,14.425722,-15.368659,2.0615573,-0.23678146,3.960855,26.246275,-32.421333,55.70689,-1.5520698,-27.396124,40.76793,50.864845
986,-14.303037643432617,-676.4017333984375,63.81132507324219,1.3789413150703729,1.3256683124011943,-104.1823072613665,-2.2254415,0.7767687,21.180546,12.016703,-11.213775,-3.6675878,0.33240318,-3.199833,2.6911123,14.398434,-15.2794075,2.0000677,-0.21386208,4.2790585,26.219137,-32.456284,56.021027,-1.6314491,-27.409367,40.575615,50.341988
987,-14.332649230957031,-676.3607177734375,63.814186096191406,1.2805444630517313,1.4624623465807314,-104.18118326493102,-2.5019104,0.9832347,21.227486,12.352473,-11.308335,-3.7649243,0.17155825,-3.047522,2.7042055,14.411949,-15.193859,1.9198085,-0.21212435,4.571426,26.195017,-32.466652,56.342155,-1.7155746,-27.421194,40.38201,49.798492
988,-14.359651565551758,-676.3140869140625,63.81814956665039,1.180753678889063,1.6156105738141202,-104.186233916273,-2.8078606,1.2020423,21.27387,12.707375,-11.399203,-3.8680146,-0.041247346,-2.88366,2.7108107,14.496241,-15.124707,1.8155022,-0.22027586,4.8369894,26.171873,-32.47062,56.66607,-1.7909724,-27.432817,40.164303,49.24581
989,-14.39529800415039,-676.2554931640625,63.82585906982422,1.084314809479257,1.7864651143839239,-104.1969470382134,-3.1488543,1.4310203,21.312502,13.090621,-11.485012,-3.9791822,-0.3186424,-2.7118132,2.7015276,14.682532,-15.095676,1.6736565,-0.23652974,5.078684,26.15084,-32.463806,56.986813,-1.8588747,-27.441956,39.92211,48.68642
990,-14.439846992492676,-676.1787109375,63.83246612548828,0.985551756832476,1.9726280208449882,-104.21082354719984,-3.5255046,1.6775153,21.343927,13.512174,-11.575729,-4.0993795,-0.6540319,-2.526468,2.680355,14.959022,-15.100212,1.5003766,-0.2645257,5.2915754,26.131386,-32.444542,57.312523,-1.9223412,-27.449913,39.66153,48.113033
991,-14.495929718017578,-676.1029663085938,63.8382568359375,0.8778933713182118,2.172585502810032,-104.23025058943823,-3.924215,1.9424958,21.382309,13.942643,-11.665182,-4.22164,-1.0297517,-2.3230467,2.664752,15.282414,-15.1021,1.3209366,-0.3062593,5.4788947,26.11473,-32.420605,57.64619,-1.9782795,-27.456188,39.385715,47.52537
992,-14.548604011535645,-676.01611328125,63.84756088256836,0.7542418245580303,2.3870950579606025,-104.25786051547928,-4.337531,2.2305834,21.441555,14.367224,-11.75622,-4.339406,-1.4331743,-2.095222,2.67176,15.615849,-15.067452,1.1607344,-0.38342163,5.6456823,26.100983,-32.389202,57.993774,-2.0438495,-27.461554,39.12851,46.92847
993,-14.606569290161133,-675.918212890625,63.8597412109375,0.6105187304495724,2.609117146327904,-104.29166304118823,-4.754904,2.5421455,21.525843,14.770304,-11.85088,-4.4493165,-1.8662552,-1.8383423,2.7014434,15.978217,-14.998326,1.0258005,-0.5011607,5.798021,26.090158,-32.349316,58.361332,-2.1390536,-27.465904,38.905888,46.340504
994,-14.68371295928955,-675.8151245117188,63.869266510009766,0.44521360361835816,2.8547187557827844,-104.33098803835124,-5.2008686,2.8844788,21.625767,15.177507,-11.954545,-4.556068,-2.3475764,-1.5497572,2.7448323,16.381842,-14.909418,0.9028375,-0.6455751,5.9122787,26.080503,-32.29559,58.75228,-2.2311373,-27.471579,38.66501,45.725193
995,-14.773477554321289,-675.7002563476562,63.87440490722656,0.27198255239314156,3.1130699745338575,-104.38021705868545,-5.6609135,3.2429602,21.736885,15.583721,-12.050623,-4.660659,-2.8549504,-1.2464877,2.8052554,16.799349,-14.8014765,0.79065955,-0.81211126,6.0156727,26.07218,-32.233864,59.140636,-2.3184104,-27.47841,38.41342,45.09863
996,-14.850613594055176,-675.5731811523438,63.884830474853516,0.10761500097198026,3.3619311398504106,-104.44120359667416,-6.103535,3.5959659,21.852476,15.96385,-12.108985,-4.7629585,-3.3474257,-0.94921523,2.8839743,17.187054,-14.67052,0.68839633,-0.99908787,6.143392,26.064295,-32.167156,59.501846,-2.3998046,-27.484938,38.15424,44.489395
997,-14.940513610839844,-675.4462890625,63.90264129638672,-0.054690370839150675,3.663177248488563,-104.5372054065814,-6.5903983,3.9618733,21.991358,16.332516,-12.1250925,-4.864772,-3.8590817,-0.6471096,3.0121343,17.464886,-14.460273,0.6064115,-1.2107246,6.2614813,26.05662,-32.089638,59.807915,-2.456069,-27.490677,37.854183,43.84017
